

================================================================
== Synthesis Summary Report of 'mmult_accel'
================================================================
+ General Information: 
    * Date:           Thu Jul 23 14:59:35 2026
    * Version:        2022.2 (Build 3670227 on Oct 13 2022)
    * Project:        mmult_accel_hls
    * Solution:       solution1 (Vivado IP Flow Target)
    * Product family: zynquplus
    * Target device:  xck26-sfvc784-2LV-c
    

+ Performance & Resource Estimates: 
    
    PS: '+' for module; 'o' for loop; '*' for dataflow
    +---------------------------------------------------+------+------+---------+-----------+----------+---------+------+----------+-----------+------------+--------------+-------------+-----+
    |                      Modules                      | Issue|      | Latency |  Latency  | Iteration|         | Trip |          |           |            |              |             |     |
    |                      & Loops                      | Type | Slack| (cycles)|    (ns)   |  Latency | Interval| Count| Pipelined|   BRAM    |     DSP    |      FF      |     LUT     | URAM|
    +---------------------------------------------------+------+------+---------+-----------+----------+---------+------+----------+-----------+------------+--------------+-------------+-----+
    |+ mmult_accel                                      |     -|  0.00|        -|          -|         -|        -|     -|        no|  120 (41%)|  1046 (83%)|  103939 (44%)|  88440 (75%)|    -|
    | + mmult_accel_Pipeline_copy_A_VITIS_LOOP_97_1     |     -|  0.00|        -|          -|         -|        -|     -|        no|          -|           -|     142 (~0%)|    329 (~0%)|    -|
    |  o copy_A_VITIS_LOOP_97_1                         |     -|  7.30|        -|          -|         3|        1|     -|       yes|          -|           -|             -|            -|    -|
    | o outer_j_block                                   |     -|  7.30|        -|          -|         -|        -|     -|        no|          -|           -|             -|            -|    -|
    |  + mmult_accel_Pipeline_VITIS_LOOP_120_2          |     -|  0.00|        -|          -|         -|        -|     -|        no|          -|     3 (~0%)|     417 (~0%)|    561 (~0%)|    -|
    |   o copy_B_block_VITIS_LOOP_120_2                 |     -|  7.30|        -|          -|        10|        1|     -|       yes|          -|           -|             -|            -|    -|
    |  o tile_i_tile_j                                  |     -|  7.30|        -|          -|         -|        -|     -|        no|          -|           -|             -|            -|    -|
    |   + mmult_accel_Pipeline_writeC_VITIS_LOOP_220_8  |     -|  0.00|     1033|  1.033e+04|         -|     1033|     -|        no|          -|     7 (~0%)|     332 (~0%)|    5816 (4%)|    -|
    |    o writeC_VITIS_LOOP_220_8                      |     -|  7.30|     1031|  1.031e+04|         9|        1|  1024|       yes|          -|           -|             -|            -|    -|
    |   o k_loop                                        |     -|  7.30|        -|          -|      1067|        -|     -|        no|          -|           -|             -|            -|    -|
    |    + mmult_accel_Pipeline_loadA_VITIS_LOOP_171_4  |     -|  3.09|     1026|  1.026e+04|         -|     1026|     -|        no|          -|           -|     8229 (3%)|  18984 (16%)|    -|
    |     o loadA_VITIS_LOOP_171_4                      |     -|  7.30|     1024|  1.024e+04|         2|        1|  1024|       yes|          -|           -|             -|            -|    -|
    |    + mmult_accel_Pipeline_loadB_VITIS_LOOP_186_5  |     -|  2.94|     1026|  1.026e+04|         -|     1026|     -|        no|          -|           -|     8229 (3%)|  18923 (16%)|    -|
    |     o loadB_VITIS_LOOP_186_5                      |     -|  7.30|     1024|  1.024e+04|         2|        1|  1024|       yes|          -|           -|             -|            -|    -|
    |    + mmult_accel_Pipeline_compute                 |     -|  5.51|       36|    360.000|         -|       36|     -|        no|          -|  1024 (82%)|   32783 (13%)|  27965 (23%)|    -|
    |     o compute                                     |     -|  7.30|       34|    340.000|         4|        1|    32|       yes|          -|           -|             -|            -|    -|
    +---------------------------------------------------+------+------+---------+-----------+----------+---------+------+----------+-----------+------------+--------------+-------------+-----+


================================================================
== HW Interfaces
================================================================
* M_AXI
+-------------+------------+---------------+---------+--------+----------+-----------+--------------+--------------+-------------+-------------+
| Interface   | Data Width | Address Width | Latency | Offset | Register | Max Widen | Max Read     | Max Write    | Num Read    | Num Write   |
|             | (SW->HW)   |               |         |        |          | Bitwidth  | Burst Length | Burst Length | Outstanding | Outstanding |
+-------------+------------+---------------+---------+--------+----------+-----------+--------------+--------------+-------------+-------------+
| m_axi_gmemA | 8 -> 8     | 64            | 0       | slave  | 0        | 0         | 16           | 16           | 16          | 16          |
| m_axi_gmemB | 8 -> 8     | 64            | 0       | slave  | 0        | 0         | 16           | 16           | 16          | 16          |
| m_axi_gmemC | 32 -> 32   | 64            | 0       | slave  | 0        | 0         | 16           | 16           | 16          | 16          |
+-------------+------------+---------------+---------+--------+----------+-----------+--------------+--------------+-------------+-------------+

* S_AXILITE Interfaces
+---------------+------------+---------------+--------+----------+
| Interface     | Data Width | Address Width | Offset | Register |
+---------------+------------+---------------+--------+----------+
| s_axi_control | 32         | 7             | 16     | 0        |
+---------------+------------+---------------+--------+----------+

* S_AXILITE Registers
+---------------+----------+--------+-------+--------+----------------------------------+----------------------------------------------------------------------+
| Interface     | Register | Offset | Width | Access | Description                      | Bit Fields                                                           |
+---------------+----------+--------+-------+--------+----------------------------------+----------------------------------------------------------------------+
| s_axi_control | CTRL     | 0x00   | 32    | RW     | Control signals                  | 0=AP_START 1=AP_DONE 2=AP_IDLE 3=AP_READY 7=AUTO_RESTART 9=INTERRUPT |
| s_axi_control | GIER     | 0x04   | 32    | RW     | Global Interrupt Enable Register | 0=Enable                                                             |
| s_axi_control | IP_IER   | 0x08   | 32    | RW     | IP Interrupt Enable Register     | 0=CHAN0_INT_EN 1=CHAN1_INT_EN                                        |
| s_axi_control | IP_ISR   | 0x0c   | 32    | RW     | IP Interrupt Status Register     | 0=CHAN0_INT_ST 1=CHAN1_INT_ST                                        |
| s_axi_control | A_1      | 0x10   | 32    | W      | Data signal of A                 |                                                                      |
| s_axi_control | A_2      | 0x14   | 32    | W      | Data signal of A                 |                                                                      |
| s_axi_control | B_1      | 0x1c   | 32    | W      | Data signal of B                 |                                                                      |
| s_axi_control | B_2      | 0x20   | 32    | W      | Data signal of B                 |                                                                      |
| s_axi_control | C_1      | 0x28   | 32    | W      | Data signal of C                 |                                                                      |
| s_axi_control | C_2      | 0x2c   | 32    | W      | Data signal of C                 |                                                                      |
| s_axi_control | N        | 0x34   | 32    | W      | Data signal of N                 |                                                                      |
| s_axi_control | K        | 0x3c   | 32    | W      | Data signal of K                 |                                                                      |
| s_axi_control | M        | 0x44   | 32    | W      | Data signal of M                 |                                                                      |
| s_axi_control | update_A | 0x4c   | 32    | W      | Data signal of update_A          |                                                                      |
+---------------+----------+--------+-------+--------+----------------------------------+----------------------------------------------------------------------+

* TOP LEVEL CONTROL
+-----------+------------+-----------+
| Interface | Type       | Ports     |
+-----------+------------+-----------+
| ap_clk    | clock      | ap_clk    |
| ap_rst_n  | reset      | ap_rst_n  |
| interrupt | interrupt  | interrupt |
| ap_ctrl   | ap_ctrl_hs |           |
+-----------+------------+-----------+


================================================================
== SW I/O Information
================================================================
* Top Function Arguments
+----------+-----------+---------------------+
| Argument | Direction | Datatype            |
+----------+-----------+---------------------+
| A        | in        | signed char const * |
| B        | in        | signed char const * |
| C        | out       | int*                |
| N        | in        | int                 |
| K        | in        | int                 |
| M        | in        | int                 |
| update_A | in        | int                 |
+----------+-----------+---------------------+

* SW-to-HW Mapping
+----------+---------------+-----------+----------+------------------------------------+
| Argument | HW Interface  | HW Type   | HW Usage | HW Info                            |
+----------+---------------+-----------+----------+------------------------------------+
| A        | m_axi_gmemA   | interface |          |                                    |
| A        | s_axi_control | register  | offset   | name=A_1 offset=0x10 range=32      |
| A        | s_axi_control | register  | offset   | name=A_2 offset=0x14 range=32      |
| B        | m_axi_gmemB   | interface |          |                                    |
| B        | s_axi_control | register  | offset   | name=B_1 offset=0x1c range=32      |
| B        | s_axi_control | register  | offset   | name=B_2 offset=0x20 range=32      |
| C        | m_axi_gmemC   | interface |          |                                    |
| C        | s_axi_control | register  | offset   | name=C_1 offset=0x28 range=32      |
| C        | s_axi_control | register  | offset   | name=C_2 offset=0x2c range=32      |
| N        | s_axi_control | register  |          | name=N offset=0x34 range=32        |
| K        | s_axi_control | register  |          | name=K offset=0x3c range=32        |
| M        | s_axi_control | register  |          | name=M offset=0x44 range=32        |
| update_A | s_axi_control | register  |          | name=update_A offset=0x4c range=32 |
+----------+---------------+-----------+----------+------------------------------------+


================================================================
== M_AXI Burst Information
================================================================
 Note: All burst requests might be further partitioned into multiple requests during RTL generation based on max_read_burst_length or max_write_burst_length settings.

* Inferred Burst Summary
+--------------+------------------+-----------+----------+-------+------------------------+
| HW Interface | Loop             | Direction | Length   | Width | Location               |
+--------------+------------------+-----------+----------+-------+------------------------+
| m_axi_gmemA  | copy_A           | read      | variable | 8     | mmult_accel.cpp:96:13  |
| m_axi_gmemB  | VITIS_LOOP_120_2 | read      | variable | 8     | mmult_accel.cpp:120:35 |
+--------------+------------------+-----------+----------+-------+------------------------+

* Inferred Bursts and Widening Missed
+--------------+----------+------------------+------------------------------------------------------------------------------------------------------+------------+------------------------+
| HW Interface | Variable | Loop             | Problem                                                                                              | Resolution | Location               |
+--------------+----------+------------------+------------------------------------------------------------------------------------------------------+------------+------------------------+
| m_axi_gmemB  | B        | copy_B_block     | Stride is incompatible                                                                               | 214-230    | mmult_accel.cpp:119:13 |
| m_axi_gmemC  | C        | VITIS_LOOP_220_8 | Access store is in the conditional branch                                                            | 214-232    | mmult_accel.cpp:220:43 |
| m_axi_gmemB  | B        | VITIS_LOOP_120_2 | Could not widen since type i8 size is greater than or equal to the max_widen_bitwidth threshold of 0 | 214-353    | mmult_accel.cpp:120:35 |
| m_axi_gmemA  | A        | VITIS_LOOP_97_1  | Could not widen since type i8 size is greater than or equal to the max_widen_bitwidth threshold of 0 | 214-353    | mmult_accel.cpp:97:34  |
+--------------+----------+------------------+------------------------------------------------------------------------------------------------------+------------+------------------------+

    * Resolution URL: www.xilinx.com/cgi-bin/docs/rdoc?v=2022.2;t=hls+guidance;d=XXX-YYY.html (replace XXX-YYY with column value)

================================================================
== Bind Op Report
================================================================
+-------------------------------------------------+------+--------+----------------+-----+--------+---------+
| Name                                            | DSP  | Pragma | Variable       | Op  | Impl   | Latency |
+-------------------------------------------------+------+--------+----------------+-----+--------+---------+
| + mmult_accel                                   | 1046 |        |                |     |        |         |
|   mul_32s_32s_32_1_1_U10378                     | 3    |        | mul_ln96       | mul | auto   | 0       |
|   mul_32ns_32ns_64_1_1_U10379                   | 3    |        | mul_ln96_1     | mul | auto   | 0       |
|   add_ln110_fu_44432_p2                         | -    |        | add_ln110      | add | fabric | 0       |
|   add_ln110_1_fu_44474_p2                       | -    |        | add_ln110_1    | add | fabric | 0       |
|   sub_ln110_fu_44488_p2                         | -    |        | sub_ln110      | sub | fabric | 0       |
|   sub_ln110_1_fu_44504_p2                       | -    |        | sub_ln110_1    | sub | fabric | 0       |
|   add_ln111_fu_44561_p2                         | -    |        | add_ln111      | add | fabric | 0       |
|   sub_ln111_fu_44582_p2                         | -    |        | sub_ln111      | sub | fabric | 0       |
|   mul_32ns_32ns_64_1_1_U10380                   | 3    |        | mul_ln110      | mul | auto   | 0       |
|   add_ln132_1_fu_44627_p2                       | -    |        | add_ln132_1    | add | fabric | 0       |
|   mul_28ns_28ns_118_1_1_U10381                  | 3    |        | mul_ln119      | mul | auto   | 0       |
|   add_ln132_2_fu_44672_p2                       | -    |        | add_ln132_2    | add | fabric | 0       |
|   add_ln132_fu_44678_p2                         | -    |        | add_ln132      | add | fabric | 0       |
|   add_ln166_1_fu_44716_p2                       | -    |        | add_ln166_1    | add | fabric | 0       |
|   sub_ln166_fu_44729_p2                         | -    |        | sub_ln166      | sub | fabric | 0       |
|   sub_ln166_1_fu_44744_p2                       | -    |        | sub_ln166_1    | sub | fabric | 0       |
|   add_ln166_fu_52989_p2                         | -    |        | add_ln166      | add | fabric | 0       |
|   add_ln134_fu_52999_p2                         | -    |        | add_ln134      | add | fabric | 0       |
|  + mmult_accel_Pipeline_copy_A_VITIS_LOOP_97_1  | 0    |        |                |     |        |         |
|    add_ln96_1_fu_154_p2                         | -    |        | add_ln96_1     | add | fabric | 0       |
|    add_ln96_fu_180_p2                           | -    |        | add_ln96       | add | fabric | 0       |
|    add_ln97_fu_238_p2                           | -    |        | add_ln97       | add | fabric | 0       |
|  + mmult_accel_Pipeline_VITIS_LOOP_120_2        | 3    |        |                |     |        |         |
|    add_ln119_3_fu_214_p2                        | -    |        | add_ln119_3    | add | fabric | 0       |
|    add_ln119_fu_223_p2                          | -    |        | add_ln119      | add | fabric | 0       |
|    mul_31ns_32ns_63_1_1_U6                      | 3    |        | mul_ln119      | mul | auto   | 0       |
|    add_ln122_fu_292_p2                          | -    |        | add_ln122      | add | fabric | 0       |
|    add_ln120_fu_315_p2                          | -    |        | add_ln120      | add | fabric | 0       |
|  + mmult_accel_Pipeline_loadA_VITIS_LOOP_171_4  | 0    |        |                |     |        |         |
|    empty_fu_26834_p2                            | -    |        | empty          | add | fabric | 0       |
|    add_ln170_1_fu_26852_p2                      | -    |        | add_ln170_1    | add | fabric | 0       |
|    add_ln170_fu_26861_p2                        | -    |        | add_ln170      | add | fabric | 0       |
|    p_mid125_fu_26885_p2                         | -    |        | p_mid125       | add | fabric | 0       |
|    add_ln174_fu_26959_p2                        | -    |        | add_ln174      | add | fabric | 0       |
|    add_ln171_fu_32116_p2                        | -    |        | add_ln171      | add | fabric | 0       |
|  + mmult_accel_Pipeline_loadB_VITIS_LOOP_186_5  | 0    |        |                |     |        |         |
|    empty_fu_26830_p2                            | -    |        | empty          | add | fabric | 0       |
|    add_ln185_1_fu_26848_p2                      | -    |        | add_ln185_1    | add | fabric | 0       |
|    add_ln185_fu_26857_p2                        | -    |        | add_ln185      | add | fabric | 0       |
|    p_mid135_fu_26881_p2                         | -    |        | p_mid135       | add | fabric | 0       |
|    add_ln189_fu_26941_p2                        | -    |        | add_ln189      | add | fabric | 0       |
|    add_ln191_fu_26951_p2                        | -    |        | add_ln191      | add | fabric | 0       |
|    add_ln186_fu_32098_p2                        | -    |        | add_ln186      | add | fabric | 0       |
|  + mmult_accel_Pipeline_writeC_VITIS_LOOP_220_8 | 7    |        |                |     |        |         |
|    empty_fu_8403_p2                             | -    |        | empty          | add | fabric | 0       |
|    add_ln219_4_fu_8421_p2                       | -    |        | add_ln219_4    | add | fabric | 0       |
|    add_ln219_fu_8430_p2                         | -    |        | add_ln219      | add | fabric | 0       |
|    p_mid149_fu_8454_p2                          | -    |        | p_mid149       | add | fabric | 0       |
|    mul_ln219_fu_8496_p0                         | -    |        | add_ln219_1    | add | fabric | 0       |
|    mul_62s_32s_62_1_1_U9308                     | 7    |        | mul_ln219      | mul | auto   | 0       |
|    add_ln223_fu_8510_p2                         | -    |        | add_ln223      | add | fabric | 0       |
|    add_ln225_fu_10871_p2                        | -    |        | add_ln225      | add | fabric | 0       |
|    add_ln225_1_fu_10885_p2                      | -    |        | add_ln225_1    | add | fabric | 0       |
|    add_ln220_fu_10838_p2                        | -    |        | add_ln220      | add | fabric | 0       |
|  + mmult_accel_Pipeline_compute                 | 1024 |        |                |     |        |         |
|    add_ln200_fu_43056_p2                        | -    |        | add_ln200      | add | fabric | 0       |
|    mac_muladd_8s_8s_32s_32_4_1_U4186            | 1    |        | mul_ln210      | mul | dsp48  | 3       |
|    mac_muladd_8s_8s_32s_32_4_1_U4186            | 1    |        | add_ln210      | add | dsp48  | 3       |
|    mac_muladd_8s_8s_32s_32_4_1_U4187            | 1    |        | mul_ln210_1    | mul | dsp48  | 3       |
|    mac_muladd_8s_8s_32s_32_4_1_U4187            | 1    |        | add_ln210_1    | add | dsp48  | 3       |
|    mac_muladd_8s_8s_32s_32_4_1_U4188            | 1    |        | mul_ln210_2    | mul | dsp48  | 3       |
|    mac_muladd_8s_8s_32s_32_4_1_U4188            | 1    |        | add_ln210_2    | add | dsp48  | 3       |
|    mac_muladd_8s_8s_32s_32_4_1_U4189            | 1    |        | mul_ln210_3    | mul | dsp48  | 3       |
|    mac_muladd_8s_8s_32s_32_4_1_U4189            | 1    |        | add_ln210_3    | add | dsp48  | 3       |
|    mac_muladd_8s_8s_32s_32_4_1_U4190            | 1    |        | mul_ln210_4    | mul | dsp48  | 3       |
|    mac_muladd_8s_8s_32s_32_4_1_U4190            | 1    |        | add_ln210_4    | add | dsp48  | 3       |
|    mac_muladd_8s_8s_32s_32_4_1_U4191            | 1    |        | mul_ln210_5    | mul | dsp48  | 3       |
|    mac_muladd_8s_8s_32s_32_4_1_U4191            | 1    |        | add_ln210_5    | add | dsp48  | 3       |
|    mac_muladd_8s_8s_32s_32_4_1_U4192            | 1    |        | mul_ln210_6    | mul | dsp48  | 3       |
|    mac_muladd_8s_8s_32s_32_4_1_U4192            | 1    |        | add_ln210_6    | add | dsp48  | 3       |
|    mac_muladd_8s_8s_32s_32_4_1_U4193            | 1    |        | mul_ln210_7    | mul | dsp48  | 3       |
|    mac_muladd_8s_8s_32s_32_4_1_U4193            | 1    |        | add_ln210_7    | add | dsp48  | 3       |
|    mac_muladd_8s_8s_32s_32_4_1_U4194            | 1    |        | mul_ln210_8    | mul | dsp48  | 3       |
|    mac_muladd_8s_8s_32s_32_4_1_U4194            | 1    |        | add_ln210_8    | add | dsp48  | 3       |
|    mac_muladd_8s_8s_32s_32_4_1_U4195            | 1    |        | mul_ln210_9    | mul | dsp48  | 3       |
|    mac_muladd_8s_8s_32s_32_4_1_U4195            | 1    |        | add_ln210_9    | add | dsp48  | 3       |
|    mac_muladd_8s_8s_32s_32_4_1_U4196            | 1    |        | mul_ln210_10   | mul | dsp48  | 3       |
|    mac_muladd_8s_8s_32s_32_4_1_U4196            | 1    |        | add_ln210_10   | add | dsp48  | 3       |
|    mac_muladd_8s_8s_32s_32_4_1_U4197            | 1    |        | mul_ln210_11   | mul | dsp48  | 3       |
|    mac_muladd_8s_8s_32s_32_4_1_U4197            | 1    |        | add_ln210_11   | add | dsp48  | 3       |
|    mac_muladd_8s_8s_32s_32_4_1_U4198            | 1    |        | mul_ln210_12   | mul | dsp48  | 3       |
|    mac_muladd_8s_8s_32s_32_4_1_U4198            | 1    |        | add_ln210_12   | add | dsp48  | 3       |
|    mac_muladd_8s_8s_32s_32_4_1_U4199            | 1    |        | mul_ln210_13   | mul | dsp48  | 3       |
|    mac_muladd_8s_8s_32s_32_4_1_U4199            | 1    |        | add_ln210_13   | add | dsp48  | 3       |
|    mac_muladd_8s_8s_32s_32_4_1_U4200            | 1    |        | mul_ln210_14   | mul | dsp48  | 3       |
|    mac_muladd_8s_8s_32s_32_4_1_U4200            | 1    |        | add_ln210_14   | add | dsp48  | 3       |
|    mac_muladd_8s_8s_32s_32_4_1_U4201            | 1    |        | mul_ln210_15   | mul | dsp48  | 3       |
|    mac_muladd_8s_8s_32s_32_4_1_U4201            | 1    |        | add_ln210_15   | add | dsp48  | 3       |
|    mac_muladd_8s_8s_32s_32_4_1_U4202            | 1    |        | mul_ln210_16   | mul | dsp48  | 3       |
|    mac_muladd_8s_8s_32s_32_4_1_U4202            | 1    |        | add_ln210_16   | add | dsp48  | 3       |
|    mac_muladd_8s_8s_32s_32_4_1_U4203            | 1    |        | mul_ln210_17   | mul | dsp48  | 3       |
|    mac_muladd_8s_8s_32s_32_4_1_U4203            | 1    |        | add_ln210_17   | add | dsp48  | 3       |
|    mac_muladd_8s_8s_32s_32_4_1_U4204            | 1    |        | mul_ln210_18   | mul | dsp48  | 3       |
|    mac_muladd_8s_8s_32s_32_4_1_U4204            | 1    |        | add_ln210_18   | add | dsp48  | 3       |
|    mac_muladd_8s_8s_32s_32_4_1_U4205            | 1    |        | mul_ln210_19   | mul | dsp48  | 3       |
|    mac_muladd_8s_8s_32s_32_4_1_U4205            | 1    |        | add_ln210_19   | add | dsp48  | 3       |
|    mac_muladd_8s_8s_32s_32_4_1_U4206            | 1    |        | mul_ln210_20   | mul | dsp48  | 3       |
|    mac_muladd_8s_8s_32s_32_4_1_U4206            | 1    |        | add_ln210_20   | add | dsp48  | 3       |
|    mac_muladd_8s_8s_32s_32_4_1_U4207            | 1    |        | mul_ln210_21   | mul | dsp48  | 3       |
|    mac_muladd_8s_8s_32s_32_4_1_U4207            | 1    |        | add_ln210_21   | add | dsp48  | 3       |
|    mac_muladd_8s_8s_32s_32_4_1_U4208            | 1    |        | mul_ln210_22   | mul | dsp48  | 3       |
|    mac_muladd_8s_8s_32s_32_4_1_U4208            | 1    |        | add_ln210_22   | add | dsp48  | 3       |
|    mac_muladd_8s_8s_32s_32_4_1_U4209            | 1    |        | mul_ln210_23   | mul | dsp48  | 3       |
|    mac_muladd_8s_8s_32s_32_4_1_U4209            | 1    |        | add_ln210_23   | add | dsp48  | 3       |
|    mac_muladd_8s_8s_32s_32_4_1_U4210            | 1    |        | mul_ln210_24   | mul | dsp48  | 3       |
|    mac_muladd_8s_8s_32s_32_4_1_U4210            | 1    |        | add_ln210_24   | add | dsp48  | 3       |
|    mac_muladd_8s_8s_32s_32_4_1_U4211            | 1    |        | mul_ln210_25   | mul | dsp48  | 3       |
|    mac_muladd_8s_8s_32s_32_4_1_U4211            | 1    |        | add_ln210_25   | add | dsp48  | 3       |
|    mac_muladd_8s_8s_32s_32_4_1_U4212            | 1    |        | mul_ln210_26   | mul | dsp48  | 3       |
|    mac_muladd_8s_8s_32s_32_4_1_U4212            | 1    |        | add_ln210_26   | add | dsp48  | 3       |
|    mac_muladd_8s_8s_32s_32_4_1_U4213            | 1    |        | mul_ln210_27   | mul | dsp48  | 3       |
|    mac_muladd_8s_8s_32s_32_4_1_U4213            | 1    |        | add_ln210_27   | add | dsp48  | 3       |
|    mac_muladd_8s_8s_32s_32_4_1_U4214            | 1    |        | mul_ln210_28   | mul | dsp48  | 3       |
|    mac_muladd_8s_8s_32s_32_4_1_U4214            | 1    |        | add_ln210_28   | add | dsp48  | 3       |
|    mac_muladd_8s_8s_32s_32_4_1_U4215            | 1    |        | mul_ln210_29   | mul | dsp48  | 3       |
|    mac_muladd_8s_8s_32s_32_4_1_U4215            | 1    |        | add_ln210_29   | add | dsp48  | 3       |
|    mac_muladd_8s_8s_32s_32_4_1_U4216            | 1    |        | mul_ln210_30   | mul | dsp48  | 3       |
|    mac_muladd_8s_8s_32s_32_4_1_U4216            | 1    |        | add_ln210_30   | add | dsp48  | 3       |
|    mac_muladd_8s_8s_32s_32_4_1_U4217            | 1    |        | mul_ln210_31   | mul | dsp48  | 3       |
|    mac_muladd_8s_8s_32s_32_4_1_U4217            | 1    |        | add_ln210_31   | add | dsp48  | 3       |
|    mac_muladd_8s_8s_32s_32_4_1_U4218            | 1    |        | mul_ln210_32   | mul | dsp48  | 3       |
|    mac_muladd_8s_8s_32s_32_4_1_U4218            | 1    |        | add_ln210_32   | add | dsp48  | 3       |
|    mac_muladd_8s_8s_32s_32_4_1_U4219            | 1    |        | mul_ln210_33   | mul | dsp48  | 3       |
|    mac_muladd_8s_8s_32s_32_4_1_U4219            | 1    |        | add_ln210_33   | add | dsp48  | 3       |
|    mac_muladd_8s_8s_32s_32_4_1_U4220            | 1    |        | mul_ln210_34   | mul | dsp48  | 3       |
|    mac_muladd_8s_8s_32s_32_4_1_U4220            | 1    |        | add_ln210_34   | add | dsp48  | 3       |
|    mac_muladd_8s_8s_32s_32_4_1_U4221            | 1    |        | mul_ln210_35   | mul | dsp48  | 3       |
|    mac_muladd_8s_8s_32s_32_4_1_U4221            | 1    |        | add_ln210_35   | add | dsp48  | 3       |
|    mac_muladd_8s_8s_32s_32_4_1_U4222            | 1    |        | mul_ln210_36   | mul | dsp48  | 3       |
|    mac_muladd_8s_8s_32s_32_4_1_U4222            | 1    |        | add_ln210_36   | add | dsp48  | 3       |
|    mac_muladd_8s_8s_32s_32_4_1_U4223            | 1    |        | mul_ln210_37   | mul | dsp48  | 3       |
|    mac_muladd_8s_8s_32s_32_4_1_U4223            | 1    |        | add_ln210_37   | add | dsp48  | 3       |
|    mac_muladd_8s_8s_32s_32_4_1_U4224            | 1    |        | mul_ln210_38   | mul | dsp48  | 3       |
|    mac_muladd_8s_8s_32s_32_4_1_U4224            | 1    |        | add_ln210_38   | add | dsp48  | 3       |
|    mac_muladd_8s_8s_32s_32_4_1_U4225            | 1    |        | mul_ln210_39   | mul | dsp48  | 3       |
|    mac_muladd_8s_8s_32s_32_4_1_U4225            | 1    |        | add_ln210_39   | add | dsp48  | 3       |
|    mac_muladd_8s_8s_32s_32_4_1_U4226            | 1    |        | mul_ln210_40   | mul | dsp48  | 3       |
|    mac_muladd_8s_8s_32s_32_4_1_U4226            | 1    |        | add_ln210_40   | add | dsp48  | 3       |
|    mac_muladd_8s_8s_32s_32_4_1_U4227            | 1    |        | mul_ln210_41   | mul | dsp48  | 3       |
|    mac_muladd_8s_8s_32s_32_4_1_U4227            | 1    |        | add_ln210_41   | add | dsp48  | 3       |
|    mac_muladd_8s_8s_32s_32_4_1_U4228            | 1    |        | mul_ln210_42   | mul | dsp48  | 3       |
|    mac_muladd_8s_8s_32s_32_4_1_U4228            | 1    |        | add_ln210_42   | add | dsp48  | 3       |
|    mac_muladd_8s_8s_32s_32_4_1_U4229            | 1    |        | mul_ln210_43   | mul | dsp48  | 3       |
|    mac_muladd_8s_8s_32s_32_4_1_U4229            | 1    |        | add_ln210_43   | add | dsp48  | 3       |
|    mac_muladd_8s_8s_32s_32_4_1_U4230            | 1    |        | mul_ln210_44   | mul | dsp48  | 3       |
|    mac_muladd_8s_8s_32s_32_4_1_U4230            | 1    |        | add_ln210_44   | add | dsp48  | 3       |
|    mac_muladd_8s_8s_32s_32_4_1_U4231            | 1    |        | mul_ln210_45   | mul | dsp48  | 3       |
|    mac_muladd_8s_8s_32s_32_4_1_U4231            | 1    |        | add_ln210_45   | add | dsp48  | 3       |
|    mac_muladd_8s_8s_32s_32_4_1_U4232            | 1    |        | mul_ln210_46   | mul | dsp48  | 3       |
|    mac_muladd_8s_8s_32s_32_4_1_U4232            | 1    |        | add_ln210_46   | add | dsp48  | 3       |
|    mac_muladd_8s_8s_32s_32_4_1_U4233            | 1    |        | mul_ln210_47   | mul | dsp48  | 3       |
|    mac_muladd_8s_8s_32s_32_4_1_U4233            | 1    |        | add_ln210_47   | add | dsp48  | 3       |
|    mac_muladd_8s_8s_32s_32_4_1_U4234            | 1    |        | mul_ln210_48   | mul | dsp48  | 3       |
|    mac_muladd_8s_8s_32s_32_4_1_U4234            | 1    |        | add_ln210_48   | add | dsp48  | 3       |
|    mac_muladd_8s_8s_32s_32_4_1_U4235            | 1    |        | mul_ln210_49   | mul | dsp48  | 3       |
|    mac_muladd_8s_8s_32s_32_4_1_U4235            | 1    |        | add_ln210_49   | add | dsp48  | 3       |
|    mac_muladd_8s_8s_32s_32_4_1_U4236            | 1    |        | mul_ln210_50   | mul | dsp48  | 3       |
|    mac_muladd_8s_8s_32s_32_4_1_U4236            | 1    |        | add_ln210_50   | add | dsp48  | 3       |
|    mac_muladd_8s_8s_32s_32_4_1_U4237            | 1    |        | mul_ln210_51   | mul | dsp48  | 3       |
|    mac_muladd_8s_8s_32s_32_4_1_U4237            | 1    |        | add_ln210_51   | add | dsp48  | 3       |
|    mac_muladd_8s_8s_32s_32_4_1_U4238            | 1    |        | mul_ln210_52   | mul | dsp48  | 3       |
|    mac_muladd_8s_8s_32s_32_4_1_U4238            | 1    |        | add_ln210_52   | add | dsp48  | 3       |
|    mac_muladd_8s_8s_32s_32_4_1_U4239            | 1    |        | mul_ln210_53   | mul | dsp48  | 3       |
|    mac_muladd_8s_8s_32s_32_4_1_U4239            | 1    |        | add_ln210_53   | add | dsp48  | 3       |
|    mac_muladd_8s_8s_32s_32_4_1_U4240            | 1    |        | mul_ln210_54   | mul | dsp48  | 3       |
|    mac_muladd_8s_8s_32s_32_4_1_U4240            | 1    |        | add_ln210_54   | add | dsp48  | 3       |
|    mac_muladd_8s_8s_32s_32_4_1_U4241            | 1    |        | mul_ln210_55   | mul | dsp48  | 3       |
|    mac_muladd_8s_8s_32s_32_4_1_U4241            | 1    |        | add_ln210_55   | add | dsp48  | 3       |
|    mac_muladd_8s_8s_32s_32_4_1_U4242            | 1    |        | mul_ln210_56   | mul | dsp48  | 3       |
|    mac_muladd_8s_8s_32s_32_4_1_U4242            | 1    |        | add_ln210_56   | add | dsp48  | 3       |
|    mac_muladd_8s_8s_32s_32_4_1_U4243            | 1    |        | mul_ln210_57   | mul | dsp48  | 3       |
|    mac_muladd_8s_8s_32s_32_4_1_U4243            | 1    |        | add_ln210_57   | add | dsp48  | 3       |
|    mac_muladd_8s_8s_32s_32_4_1_U4244            | 1    |        | mul_ln210_58   | mul | dsp48  | 3       |
|    mac_muladd_8s_8s_32s_32_4_1_U4244            | 1    |        | add_ln210_58   | add | dsp48  | 3       |
|    mac_muladd_8s_8s_32s_32_4_1_U4245            | 1    |        | mul_ln210_59   | mul | dsp48  | 3       |
|    mac_muladd_8s_8s_32s_32_4_1_U4245            | 1    |        | add_ln210_59   | add | dsp48  | 3       |
|    mac_muladd_8s_8s_32s_32_4_1_U4246            | 1    |        | mul_ln210_60   | mul | dsp48  | 3       |
|    mac_muladd_8s_8s_32s_32_4_1_U4246            | 1    |        | add_ln210_60   | add | dsp48  | 3       |
|    mac_muladd_8s_8s_32s_32_4_1_U4247            | 1    |        | mul_ln210_61   | mul | dsp48  | 3       |
|    mac_muladd_8s_8s_32s_32_4_1_U4247            | 1    |        | add_ln210_61   | add | dsp48  | 3       |
|    mac_muladd_8s_8s_32s_32_4_1_U4248            | 1    |        | mul_ln210_62   | mul | dsp48  | 3       |
|    mac_muladd_8s_8s_32s_32_4_1_U4248            | 1    |        | add_ln210_62   | add | dsp48  | 3       |
|    mac_muladd_8s_8s_32s_32_4_1_U4249            | 1    |        | mul_ln210_63   | mul | dsp48  | 3       |
|    mac_muladd_8s_8s_32s_32_4_1_U4249            | 1    |        | add_ln210_63   | add | dsp48  | 3       |
|    mac_muladd_8s_8s_32s_32_4_1_U4250            | 1    |        | mul_ln210_64   | mul | dsp48  | 3       |
|    mac_muladd_8s_8s_32s_32_4_1_U4250            | 1    |        | add_ln210_64   | add | dsp48  | 3       |
|    mac_muladd_8s_8s_32s_32_4_1_U4251            | 1    |        | mul_ln210_65   | mul | dsp48  | 3       |
|    mac_muladd_8s_8s_32s_32_4_1_U4251            | 1    |        | add_ln210_65   | add | dsp48  | 3       |
|    mac_muladd_8s_8s_32s_32_4_1_U4252            | 1    |        | mul_ln210_66   | mul | dsp48  | 3       |
|    mac_muladd_8s_8s_32s_32_4_1_U4252            | 1    |        | add_ln210_66   | add | dsp48  | 3       |
|    mac_muladd_8s_8s_32s_32_4_1_U4253            | 1    |        | mul_ln210_67   | mul | dsp48  | 3       |
|    mac_muladd_8s_8s_32s_32_4_1_U4253            | 1    |        | add_ln210_67   | add | dsp48  | 3       |
|    mac_muladd_8s_8s_32s_32_4_1_U4254            | 1    |        | mul_ln210_68   | mul | dsp48  | 3       |
|    mac_muladd_8s_8s_32s_32_4_1_U4254            | 1    |        | add_ln210_68   | add | dsp48  | 3       |
|    mac_muladd_8s_8s_32s_32_4_1_U4255            | 1    |        | mul_ln210_69   | mul | dsp48  | 3       |
|    mac_muladd_8s_8s_32s_32_4_1_U4255            | 1    |        | add_ln210_69   | add | dsp48  | 3       |
|    mac_muladd_8s_8s_32s_32_4_1_U4256            | 1    |        | mul_ln210_70   | mul | dsp48  | 3       |
|    mac_muladd_8s_8s_32s_32_4_1_U4256            | 1    |        | add_ln210_70   | add | dsp48  | 3       |
|    mac_muladd_8s_8s_32s_32_4_1_U4257            | 1    |        | mul_ln210_71   | mul | dsp48  | 3       |
|    mac_muladd_8s_8s_32s_32_4_1_U4257            | 1    |        | add_ln210_71   | add | dsp48  | 3       |
|    mac_muladd_8s_8s_32s_32_4_1_U4258            | 1    |        | mul_ln210_72   | mul | dsp48  | 3       |
|    mac_muladd_8s_8s_32s_32_4_1_U4258            | 1    |        | add_ln210_72   | add | dsp48  | 3       |
|    mac_muladd_8s_8s_32s_32_4_1_U4259            | 1    |        | mul_ln210_73   | mul | dsp48  | 3       |
|    mac_muladd_8s_8s_32s_32_4_1_U4259            | 1    |        | add_ln210_73   | add | dsp48  | 3       |
|    mac_muladd_8s_8s_32s_32_4_1_U4260            | 1    |        | mul_ln210_74   | mul | dsp48  | 3       |
|    mac_muladd_8s_8s_32s_32_4_1_U4260            | 1    |        | add_ln210_74   | add | dsp48  | 3       |
|    mac_muladd_8s_8s_32s_32_4_1_U4261            | 1    |        | mul_ln210_75   | mul | dsp48  | 3       |
|    mac_muladd_8s_8s_32s_32_4_1_U4261            | 1    |        | add_ln210_75   | add | dsp48  | 3       |
|    mac_muladd_8s_8s_32s_32_4_1_U4262            | 1    |        | mul_ln210_76   | mul | dsp48  | 3       |
|    mac_muladd_8s_8s_32s_32_4_1_U4262            | 1    |        | add_ln210_76   | add | dsp48  | 3       |
|    mac_muladd_8s_8s_32s_32_4_1_U4263            | 1    |        | mul_ln210_77   | mul | dsp48  | 3       |
|    mac_muladd_8s_8s_32s_32_4_1_U4263            | 1    |        | add_ln210_77   | add | dsp48  | 3       |
|    mac_muladd_8s_8s_32s_32_4_1_U4264            | 1    |        | mul_ln210_78   | mul | dsp48  | 3       |
|    mac_muladd_8s_8s_32s_32_4_1_U4264            | 1    |        | add_ln210_78   | add | dsp48  | 3       |
|    mac_muladd_8s_8s_32s_32_4_1_U4265            | 1    |        | mul_ln210_79   | mul | dsp48  | 3       |
|    mac_muladd_8s_8s_32s_32_4_1_U4265            | 1    |        | add_ln210_79   | add | dsp48  | 3       |
|    mac_muladd_8s_8s_32s_32_4_1_U4266            | 1    |        | mul_ln210_80   | mul | dsp48  | 3       |
|    mac_muladd_8s_8s_32s_32_4_1_U4266            | 1    |        | add_ln210_80   | add | dsp48  | 3       |
|    mac_muladd_8s_8s_32s_32_4_1_U4267            | 1    |        | mul_ln210_81   | mul | dsp48  | 3       |
|    mac_muladd_8s_8s_32s_32_4_1_U4267            | 1    |        | add_ln210_81   | add | dsp48  | 3       |
|    mac_muladd_8s_8s_32s_32_4_1_U4268            | 1    |        | mul_ln210_82   | mul | dsp48  | 3       |
|    mac_muladd_8s_8s_32s_32_4_1_U4268            | 1    |        | add_ln210_82   | add | dsp48  | 3       |
|    mac_muladd_8s_8s_32s_32_4_1_U4269            | 1    |        | mul_ln210_83   | mul | dsp48  | 3       |
|    mac_muladd_8s_8s_32s_32_4_1_U4269            | 1    |        | add_ln210_83   | add | dsp48  | 3       |
|    mac_muladd_8s_8s_32s_32_4_1_U4270            | 1    |        | mul_ln210_84   | mul | dsp48  | 3       |
|    mac_muladd_8s_8s_32s_32_4_1_U4270            | 1    |        | add_ln210_84   | add | dsp48  | 3       |
|    mac_muladd_8s_8s_32s_32_4_1_U4271            | 1    |        | mul_ln210_85   | mul | dsp48  | 3       |
|    mac_muladd_8s_8s_32s_32_4_1_U4271            | 1    |        | add_ln210_85   | add | dsp48  | 3       |
|    mac_muladd_8s_8s_32s_32_4_1_U4272            | 1    |        | mul_ln210_86   | mul | dsp48  | 3       |
|    mac_muladd_8s_8s_32s_32_4_1_U4272            | 1    |        | add_ln210_86   | add | dsp48  | 3       |
|    mac_muladd_8s_8s_32s_32_4_1_U4273            | 1    |        | mul_ln210_87   | mul | dsp48  | 3       |
|    mac_muladd_8s_8s_32s_32_4_1_U4273            | 1    |        | add_ln210_87   | add | dsp48  | 3       |
|    mac_muladd_8s_8s_32s_32_4_1_U4274            | 1    |        | mul_ln210_88   | mul | dsp48  | 3       |
|    mac_muladd_8s_8s_32s_32_4_1_U4274            | 1    |        | add_ln210_88   | add | dsp48  | 3       |
|    mac_muladd_8s_8s_32s_32_4_1_U4275            | 1    |        | mul_ln210_89   | mul | dsp48  | 3       |
|    mac_muladd_8s_8s_32s_32_4_1_U4275            | 1    |        | add_ln210_89   | add | dsp48  | 3       |
|    mac_muladd_8s_8s_32s_32_4_1_U4276            | 1    |        | mul_ln210_90   | mul | dsp48  | 3       |
|    mac_muladd_8s_8s_32s_32_4_1_U4276            | 1    |        | add_ln210_90   | add | dsp48  | 3       |
|    mac_muladd_8s_8s_32s_32_4_1_U4277            | 1    |        | mul_ln210_91   | mul | dsp48  | 3       |
|    mac_muladd_8s_8s_32s_32_4_1_U4277            | 1    |        | add_ln210_91   | add | dsp48  | 3       |
|    mac_muladd_8s_8s_32s_32_4_1_U4278            | 1    |        | mul_ln210_92   | mul | dsp48  | 3       |
|    mac_muladd_8s_8s_32s_32_4_1_U4278            | 1    |        | add_ln210_92   | add | dsp48  | 3       |
|    mac_muladd_8s_8s_32s_32_4_1_U4279            | 1    |        | mul_ln210_93   | mul | dsp48  | 3       |
|    mac_muladd_8s_8s_32s_32_4_1_U4279            | 1    |        | add_ln210_93   | add | dsp48  | 3       |
|    mac_muladd_8s_8s_32s_32_4_1_U4280            | 1    |        | mul_ln210_94   | mul | dsp48  | 3       |
|    mac_muladd_8s_8s_32s_32_4_1_U4280            | 1    |        | add_ln210_94   | add | dsp48  | 3       |
|    mac_muladd_8s_8s_32s_32_4_1_U4281            | 1    |        | mul_ln210_95   | mul | dsp48  | 3       |
|    mac_muladd_8s_8s_32s_32_4_1_U4281            | 1    |        | add_ln210_95   | add | dsp48  | 3       |
|    mac_muladd_8s_8s_32s_32_4_1_U4282            | 1    |        | mul_ln210_96   | mul | dsp48  | 3       |
|    mac_muladd_8s_8s_32s_32_4_1_U4282            | 1    |        | add_ln210_96   | add | dsp48  | 3       |
|    mac_muladd_8s_8s_32s_32_4_1_U4283            | 1    |        | mul_ln210_97   | mul | dsp48  | 3       |
|    mac_muladd_8s_8s_32s_32_4_1_U4283            | 1    |        | add_ln210_97   | add | dsp48  | 3       |
|    mac_muladd_8s_8s_32s_32_4_1_U4284            | 1    |        | mul_ln210_98   | mul | dsp48  | 3       |
|    mac_muladd_8s_8s_32s_32_4_1_U4284            | 1    |        | add_ln210_98   | add | dsp48  | 3       |
|    mac_muladd_8s_8s_32s_32_4_1_U4285            | 1    |        | mul_ln210_99   | mul | dsp48  | 3       |
|    mac_muladd_8s_8s_32s_32_4_1_U4285            | 1    |        | add_ln210_99   | add | dsp48  | 3       |
|    mac_muladd_8s_8s_32s_32_4_1_U4286            | 1    |        | mul_ln210_100  | mul | dsp48  | 3       |
|    mac_muladd_8s_8s_32s_32_4_1_U4286            | 1    |        | add_ln210_100  | add | dsp48  | 3       |
|    mac_muladd_8s_8s_32s_32_4_1_U4287            | 1    |        | mul_ln210_101  | mul | dsp48  | 3       |
|    mac_muladd_8s_8s_32s_32_4_1_U4287            | 1    |        | add_ln210_101  | add | dsp48  | 3       |
|    mac_muladd_8s_8s_32s_32_4_1_U4288            | 1    |        | mul_ln210_102  | mul | dsp48  | 3       |
|    mac_muladd_8s_8s_32s_32_4_1_U4288            | 1    |        | add_ln210_102  | add | dsp48  | 3       |
|    mac_muladd_8s_8s_32s_32_4_1_U4289            | 1    |        | mul_ln210_103  | mul | dsp48  | 3       |
|    mac_muladd_8s_8s_32s_32_4_1_U4289            | 1    |        | add_ln210_103  | add | dsp48  | 3       |
|    mac_muladd_8s_8s_32s_32_4_1_U4290            | 1    |        | mul_ln210_104  | mul | dsp48  | 3       |
|    mac_muladd_8s_8s_32s_32_4_1_U4290            | 1    |        | add_ln210_104  | add | dsp48  | 3       |
|    mac_muladd_8s_8s_32s_32_4_1_U4291            | 1    |        | mul_ln210_105  | mul | dsp48  | 3       |
|    mac_muladd_8s_8s_32s_32_4_1_U4291            | 1    |        | add_ln210_105  | add | dsp48  | 3       |
|    mac_muladd_8s_8s_32s_32_4_1_U4292            | 1    |        | mul_ln210_106  | mul | dsp48  | 3       |
|    mac_muladd_8s_8s_32s_32_4_1_U4292            | 1    |        | add_ln210_106  | add | dsp48  | 3       |
|    mac_muladd_8s_8s_32s_32_4_1_U4293            | 1    |        | mul_ln210_107  | mul | dsp48  | 3       |
|    mac_muladd_8s_8s_32s_32_4_1_U4293            | 1    |        | add_ln210_107  | add | dsp48  | 3       |
|    mac_muladd_8s_8s_32s_32_4_1_U4294            | 1    |        | mul_ln210_108  | mul | dsp48  | 3       |
|    mac_muladd_8s_8s_32s_32_4_1_U4294            | 1    |        | add_ln210_108  | add | dsp48  | 3       |
|    mac_muladd_8s_8s_32s_32_4_1_U4295            | 1    |        | mul_ln210_109  | mul | dsp48  | 3       |
|    mac_muladd_8s_8s_32s_32_4_1_U4295            | 1    |        | add_ln210_109  | add | dsp48  | 3       |
|    mac_muladd_8s_8s_32s_32_4_1_U4296            | 1    |        | mul_ln210_110  | mul | dsp48  | 3       |
|    mac_muladd_8s_8s_32s_32_4_1_U4296            | 1    |        | add_ln210_110  | add | dsp48  | 3       |
|    mac_muladd_8s_8s_32s_32_4_1_U4297            | 1    |        | mul_ln210_111  | mul | dsp48  | 3       |
|    mac_muladd_8s_8s_32s_32_4_1_U4297            | 1    |        | add_ln210_111  | add | dsp48  | 3       |
|    mac_muladd_8s_8s_32s_32_4_1_U4298            | 1    |        | mul_ln210_112  | mul | dsp48  | 3       |
|    mac_muladd_8s_8s_32s_32_4_1_U4298            | 1    |        | add_ln210_112  | add | dsp48  | 3       |
|    mac_muladd_8s_8s_32s_32_4_1_U4299            | 1    |        | mul_ln210_113  | mul | dsp48  | 3       |
|    mac_muladd_8s_8s_32s_32_4_1_U4299            | 1    |        | add_ln210_113  | add | dsp48  | 3       |
|    mac_muladd_8s_8s_32s_32_4_1_U4300            | 1    |        | mul_ln210_114  | mul | dsp48  | 3       |
|    mac_muladd_8s_8s_32s_32_4_1_U4300            | 1    |        | add_ln210_114  | add | dsp48  | 3       |
|    mac_muladd_8s_8s_32s_32_4_1_U4301            | 1    |        | mul_ln210_115  | mul | dsp48  | 3       |
|    mac_muladd_8s_8s_32s_32_4_1_U4301            | 1    |        | add_ln210_115  | add | dsp48  | 3       |
|    mac_muladd_8s_8s_32s_32_4_1_U4302            | 1    |        | mul_ln210_116  | mul | dsp48  | 3       |
|    mac_muladd_8s_8s_32s_32_4_1_U4302            | 1    |        | add_ln210_116  | add | dsp48  | 3       |
|    mac_muladd_8s_8s_32s_32_4_1_U4303            | 1    |        | mul_ln210_117  | mul | dsp48  | 3       |
|    mac_muladd_8s_8s_32s_32_4_1_U4303            | 1    |        | add_ln210_117  | add | dsp48  | 3       |
|    mac_muladd_8s_8s_32s_32_4_1_U4304            | 1    |        | mul_ln210_118  | mul | dsp48  | 3       |
|    mac_muladd_8s_8s_32s_32_4_1_U4304            | 1    |        | add_ln210_118  | add | dsp48  | 3       |
|    mac_muladd_8s_8s_32s_32_4_1_U4305            | 1    |        | mul_ln210_119  | mul | dsp48  | 3       |
|    mac_muladd_8s_8s_32s_32_4_1_U4305            | 1    |        | add_ln210_119  | add | dsp48  | 3       |
|    mac_muladd_8s_8s_32s_32_4_1_U4306            | 1    |        | mul_ln210_120  | mul | dsp48  | 3       |
|    mac_muladd_8s_8s_32s_32_4_1_U4306            | 1    |        | add_ln210_120  | add | dsp48  | 3       |
|    mac_muladd_8s_8s_32s_32_4_1_U4307            | 1    |        | mul_ln210_121  | mul | dsp48  | 3       |
|    mac_muladd_8s_8s_32s_32_4_1_U4307            | 1    |        | add_ln210_121  | add | dsp48  | 3       |
|    mac_muladd_8s_8s_32s_32_4_1_U4308            | 1    |        | mul_ln210_122  | mul | dsp48  | 3       |
|    mac_muladd_8s_8s_32s_32_4_1_U4308            | 1    |        | add_ln210_122  | add | dsp48  | 3       |
|    mac_muladd_8s_8s_32s_32_4_1_U4309            | 1    |        | mul_ln210_123  | mul | dsp48  | 3       |
|    mac_muladd_8s_8s_32s_32_4_1_U4309            | 1    |        | add_ln210_123  | add | dsp48  | 3       |
|    mac_muladd_8s_8s_32s_32_4_1_U4310            | 1    |        | mul_ln210_124  | mul | dsp48  | 3       |
|    mac_muladd_8s_8s_32s_32_4_1_U4310            | 1    |        | add_ln210_124  | add | dsp48  | 3       |
|    mac_muladd_8s_8s_32s_32_4_1_U4311            | 1    |        | mul_ln210_125  | mul | dsp48  | 3       |
|    mac_muladd_8s_8s_32s_32_4_1_U4311            | 1    |        | add_ln210_125  | add | dsp48  | 3       |
|    mac_muladd_8s_8s_32s_32_4_1_U4312            | 1    |        | mul_ln210_126  | mul | dsp48  | 3       |
|    mac_muladd_8s_8s_32s_32_4_1_U4312            | 1    |        | add_ln210_126  | add | dsp48  | 3       |
|    mac_muladd_8s_8s_32s_32_4_1_U4313            | 1    |        | mul_ln210_127  | mul | dsp48  | 3       |
|    mac_muladd_8s_8s_32s_32_4_1_U4313            | 1    |        | add_ln210_127  | add | dsp48  | 3       |
|    mac_muladd_8s_8s_32s_32_4_1_U4314            | 1    |        | mul_ln210_128  | mul | dsp48  | 3       |
|    mac_muladd_8s_8s_32s_32_4_1_U4314            | 1    |        | add_ln210_128  | add | dsp48  | 3       |
|    mac_muladd_8s_8s_32s_32_4_1_U4315            | 1    |        | mul_ln210_129  | mul | dsp48  | 3       |
|    mac_muladd_8s_8s_32s_32_4_1_U4315            | 1    |        | add_ln210_129  | add | dsp48  | 3       |
|    mac_muladd_8s_8s_32s_32_4_1_U4316            | 1    |        | mul_ln210_130  | mul | dsp48  | 3       |
|    mac_muladd_8s_8s_32s_32_4_1_U4316            | 1    |        | add_ln210_130  | add | dsp48  | 3       |
|    mac_muladd_8s_8s_32s_32_4_1_U4317            | 1    |        | mul_ln210_131  | mul | dsp48  | 3       |
|    mac_muladd_8s_8s_32s_32_4_1_U4317            | 1    |        | add_ln210_131  | add | dsp48  | 3       |
|    mac_muladd_8s_8s_32s_32_4_1_U4318            | 1    |        | mul_ln210_132  | mul | dsp48  | 3       |
|    mac_muladd_8s_8s_32s_32_4_1_U4318            | 1    |        | add_ln210_132  | add | dsp48  | 3       |
|    mac_muladd_8s_8s_32s_32_4_1_U4319            | 1    |        | mul_ln210_133  | mul | dsp48  | 3       |
|    mac_muladd_8s_8s_32s_32_4_1_U4319            | 1    |        | add_ln210_133  | add | dsp48  | 3       |
|    mac_muladd_8s_8s_32s_32_4_1_U4320            | 1    |        | mul_ln210_134  | mul | dsp48  | 3       |
|    mac_muladd_8s_8s_32s_32_4_1_U4320            | 1    |        | add_ln210_134  | add | dsp48  | 3       |
|    mac_muladd_8s_8s_32s_32_4_1_U4321            | 1    |        | mul_ln210_135  | mul | dsp48  | 3       |
|    mac_muladd_8s_8s_32s_32_4_1_U4321            | 1    |        | add_ln210_135  | add | dsp48  | 3       |
|    mac_muladd_8s_8s_32s_32_4_1_U4322            | 1    |        | mul_ln210_136  | mul | dsp48  | 3       |
|    mac_muladd_8s_8s_32s_32_4_1_U4322            | 1    |        | add_ln210_136  | add | dsp48  | 3       |
|    mac_muladd_8s_8s_32s_32_4_1_U4323            | 1    |        | mul_ln210_137  | mul | dsp48  | 3       |
|    mac_muladd_8s_8s_32s_32_4_1_U4323            | 1    |        | add_ln210_137  | add | dsp48  | 3       |
|    mac_muladd_8s_8s_32s_32_4_1_U4324            | 1    |        | mul_ln210_138  | mul | dsp48  | 3       |
|    mac_muladd_8s_8s_32s_32_4_1_U4324            | 1    |        | add_ln210_138  | add | dsp48  | 3       |
|    mac_muladd_8s_8s_32s_32_4_1_U4325            | 1    |        | mul_ln210_139  | mul | dsp48  | 3       |
|    mac_muladd_8s_8s_32s_32_4_1_U4325            | 1    |        | add_ln210_139  | add | dsp48  | 3       |
|    mac_muladd_8s_8s_32s_32_4_1_U4326            | 1    |        | mul_ln210_140  | mul | dsp48  | 3       |
|    mac_muladd_8s_8s_32s_32_4_1_U4326            | 1    |        | add_ln210_140  | add | dsp48  | 3       |
|    mac_muladd_8s_8s_32s_32_4_1_U4327            | 1    |        | mul_ln210_141  | mul | dsp48  | 3       |
|    mac_muladd_8s_8s_32s_32_4_1_U4327            | 1    |        | add_ln210_141  | add | dsp48  | 3       |
|    mac_muladd_8s_8s_32s_32_4_1_U4328            | 1    |        | mul_ln210_142  | mul | dsp48  | 3       |
|    mac_muladd_8s_8s_32s_32_4_1_U4328            | 1    |        | add_ln210_142  | add | dsp48  | 3       |
|    mac_muladd_8s_8s_32s_32_4_1_U4329            | 1    |        | mul_ln210_143  | mul | dsp48  | 3       |
|    mac_muladd_8s_8s_32s_32_4_1_U4329            | 1    |        | add_ln210_143  | add | dsp48  | 3       |
|    mac_muladd_8s_8s_32s_32_4_1_U4330            | 1    |        | mul_ln210_144  | mul | dsp48  | 3       |
|    mac_muladd_8s_8s_32s_32_4_1_U4330            | 1    |        | add_ln210_144  | add | dsp48  | 3       |
|    mac_muladd_8s_8s_32s_32_4_1_U4331            | 1    |        | mul_ln210_145  | mul | dsp48  | 3       |
|    mac_muladd_8s_8s_32s_32_4_1_U4331            | 1    |        | add_ln210_145  | add | dsp48  | 3       |
|    mac_muladd_8s_8s_32s_32_4_1_U4332            | 1    |        | mul_ln210_146  | mul | dsp48  | 3       |
|    mac_muladd_8s_8s_32s_32_4_1_U4332            | 1    |        | add_ln210_146  | add | dsp48  | 3       |
|    mac_muladd_8s_8s_32s_32_4_1_U4333            | 1    |        | mul_ln210_147  | mul | dsp48  | 3       |
|    mac_muladd_8s_8s_32s_32_4_1_U4333            | 1    |        | add_ln210_147  | add | dsp48  | 3       |
|    mac_muladd_8s_8s_32s_32_4_1_U4334            | 1    |        | mul_ln210_148  | mul | dsp48  | 3       |
|    mac_muladd_8s_8s_32s_32_4_1_U4334            | 1    |        | add_ln210_148  | add | dsp48  | 3       |
|    mac_muladd_8s_8s_32s_32_4_1_U4335            | 1    |        | mul_ln210_149  | mul | dsp48  | 3       |
|    mac_muladd_8s_8s_32s_32_4_1_U4335            | 1    |        | add_ln210_149  | add | dsp48  | 3       |
|    mac_muladd_8s_8s_32s_32_4_1_U4336            | 1    |        | mul_ln210_150  | mul | dsp48  | 3       |
|    mac_muladd_8s_8s_32s_32_4_1_U4336            | 1    |        | add_ln210_150  | add | dsp48  | 3       |
|    mac_muladd_8s_8s_32s_32_4_1_U4337            | 1    |        | mul_ln210_151  | mul | dsp48  | 3       |
|    mac_muladd_8s_8s_32s_32_4_1_U4337            | 1    |        | add_ln210_151  | add | dsp48  | 3       |
|    mac_muladd_8s_8s_32s_32_4_1_U4338            | 1    |        | mul_ln210_152  | mul | dsp48  | 3       |
|    mac_muladd_8s_8s_32s_32_4_1_U4338            | 1    |        | add_ln210_152  | add | dsp48  | 3       |
|    mac_muladd_8s_8s_32s_32_4_1_U4339            | 1    |        | mul_ln210_153  | mul | dsp48  | 3       |
|    mac_muladd_8s_8s_32s_32_4_1_U4339            | 1    |        | add_ln210_153  | add | dsp48  | 3       |
|    mac_muladd_8s_8s_32s_32_4_1_U4340            | 1    |        | mul_ln210_154  | mul | dsp48  | 3       |
|    mac_muladd_8s_8s_32s_32_4_1_U4340            | 1    |        | add_ln210_154  | add | dsp48  | 3       |
|    mac_muladd_8s_8s_32s_32_4_1_U4341            | 1    |        | mul_ln210_155  | mul | dsp48  | 3       |
|    mac_muladd_8s_8s_32s_32_4_1_U4341            | 1    |        | add_ln210_155  | add | dsp48  | 3       |
|    mac_muladd_8s_8s_32s_32_4_1_U4342            | 1    |        | mul_ln210_156  | mul | dsp48  | 3       |
|    mac_muladd_8s_8s_32s_32_4_1_U4342            | 1    |        | add_ln210_156  | add | dsp48  | 3       |
|    mac_muladd_8s_8s_32s_32_4_1_U4343            | 1    |        | mul_ln210_157  | mul | dsp48  | 3       |
|    mac_muladd_8s_8s_32s_32_4_1_U4343            | 1    |        | add_ln210_157  | add | dsp48  | 3       |
|    mac_muladd_8s_8s_32s_32_4_1_U4344            | 1    |        | mul_ln210_158  | mul | dsp48  | 3       |
|    mac_muladd_8s_8s_32s_32_4_1_U4344            | 1    |        | add_ln210_158  | add | dsp48  | 3       |
|    mac_muladd_8s_8s_32s_32_4_1_U4345            | 1    |        | mul_ln210_159  | mul | dsp48  | 3       |
|    mac_muladd_8s_8s_32s_32_4_1_U4345            | 1    |        | add_ln210_159  | add | dsp48  | 3       |
|    mac_muladd_8s_8s_32s_32_4_1_U4346            | 1    |        | mul_ln210_160  | mul | dsp48  | 3       |
|    mac_muladd_8s_8s_32s_32_4_1_U4346            | 1    |        | add_ln210_160  | add | dsp48  | 3       |
|    mac_muladd_8s_8s_32s_32_4_1_U4347            | 1    |        | mul_ln210_161  | mul | dsp48  | 3       |
|    mac_muladd_8s_8s_32s_32_4_1_U4347            | 1    |        | add_ln210_161  | add | dsp48  | 3       |
|    mac_muladd_8s_8s_32s_32_4_1_U4348            | 1    |        | mul_ln210_162  | mul | dsp48  | 3       |
|    mac_muladd_8s_8s_32s_32_4_1_U4348            | 1    |        | add_ln210_162  | add | dsp48  | 3       |
|    mac_muladd_8s_8s_32s_32_4_1_U4349            | 1    |        | mul_ln210_163  | mul | dsp48  | 3       |
|    mac_muladd_8s_8s_32s_32_4_1_U4349            | 1    |        | add_ln210_163  | add | dsp48  | 3       |
|    mac_muladd_8s_8s_32s_32_4_1_U4350            | 1    |        | mul_ln210_164  | mul | dsp48  | 3       |
|    mac_muladd_8s_8s_32s_32_4_1_U4350            | 1    |        | add_ln210_164  | add | dsp48  | 3       |
|    mac_muladd_8s_8s_32s_32_4_1_U4351            | 1    |        | mul_ln210_165  | mul | dsp48  | 3       |
|    mac_muladd_8s_8s_32s_32_4_1_U4351            | 1    |        | add_ln210_165  | add | dsp48  | 3       |
|    mac_muladd_8s_8s_32s_32_4_1_U4352            | 1    |        | mul_ln210_166  | mul | dsp48  | 3       |
|    mac_muladd_8s_8s_32s_32_4_1_U4352            | 1    |        | add_ln210_166  | add | dsp48  | 3       |
|    mac_muladd_8s_8s_32s_32_4_1_U4353            | 1    |        | mul_ln210_167  | mul | dsp48  | 3       |
|    mac_muladd_8s_8s_32s_32_4_1_U4353            | 1    |        | add_ln210_167  | add | dsp48  | 3       |
|    mac_muladd_8s_8s_32s_32_4_1_U4354            | 1    |        | mul_ln210_168  | mul | dsp48  | 3       |
|    mac_muladd_8s_8s_32s_32_4_1_U4354            | 1    |        | add_ln210_168  | add | dsp48  | 3       |
|    mac_muladd_8s_8s_32s_32_4_1_U4355            | 1    |        | mul_ln210_169  | mul | dsp48  | 3       |
|    mac_muladd_8s_8s_32s_32_4_1_U4355            | 1    |        | add_ln210_169  | add | dsp48  | 3       |
|    mac_muladd_8s_8s_32s_32_4_1_U4356            | 1    |        | mul_ln210_170  | mul | dsp48  | 3       |
|    mac_muladd_8s_8s_32s_32_4_1_U4356            | 1    |        | add_ln210_170  | add | dsp48  | 3       |
|    mac_muladd_8s_8s_32s_32_4_1_U4357            | 1    |        | mul_ln210_171  | mul | dsp48  | 3       |
|    mac_muladd_8s_8s_32s_32_4_1_U4357            | 1    |        | add_ln210_171  | add | dsp48  | 3       |
|    mac_muladd_8s_8s_32s_32_4_1_U4358            | 1    |        | mul_ln210_172  | mul | dsp48  | 3       |
|    mac_muladd_8s_8s_32s_32_4_1_U4358            | 1    |        | add_ln210_172  | add | dsp48  | 3       |
|    mac_muladd_8s_8s_32s_32_4_1_U4359            | 1    |        | mul_ln210_173  | mul | dsp48  | 3       |
|    mac_muladd_8s_8s_32s_32_4_1_U4359            | 1    |        | add_ln210_173  | add | dsp48  | 3       |
|    mac_muladd_8s_8s_32s_32_4_1_U4360            | 1    |        | mul_ln210_174  | mul | dsp48  | 3       |
|    mac_muladd_8s_8s_32s_32_4_1_U4360            | 1    |        | add_ln210_174  | add | dsp48  | 3       |
|    mac_muladd_8s_8s_32s_32_4_1_U4361            | 1    |        | mul_ln210_175  | mul | dsp48  | 3       |
|    mac_muladd_8s_8s_32s_32_4_1_U4361            | 1    |        | add_ln210_175  | add | dsp48  | 3       |
|    mac_muladd_8s_8s_32s_32_4_1_U4362            | 1    |        | mul_ln210_176  | mul | dsp48  | 3       |
|    mac_muladd_8s_8s_32s_32_4_1_U4362            | 1    |        | add_ln210_176  | add | dsp48  | 3       |
|    mac_muladd_8s_8s_32s_32_4_1_U4363            | 1    |        | mul_ln210_177  | mul | dsp48  | 3       |
|    mac_muladd_8s_8s_32s_32_4_1_U4363            | 1    |        | add_ln210_177  | add | dsp48  | 3       |
|    mac_muladd_8s_8s_32s_32_4_1_U4364            | 1    |        | mul_ln210_178  | mul | dsp48  | 3       |
|    mac_muladd_8s_8s_32s_32_4_1_U4364            | 1    |        | add_ln210_178  | add | dsp48  | 3       |
|    mac_muladd_8s_8s_32s_32_4_1_U4365            | 1    |        | mul_ln210_179  | mul | dsp48  | 3       |
|    mac_muladd_8s_8s_32s_32_4_1_U4365            | 1    |        | add_ln210_179  | add | dsp48  | 3       |
|    mac_muladd_8s_8s_32s_32_4_1_U4366            | 1    |        | mul_ln210_180  | mul | dsp48  | 3       |
|    mac_muladd_8s_8s_32s_32_4_1_U4366            | 1    |        | add_ln210_180  | add | dsp48  | 3       |
|    mac_muladd_8s_8s_32s_32_4_1_U4367            | 1    |        | mul_ln210_181  | mul | dsp48  | 3       |
|    mac_muladd_8s_8s_32s_32_4_1_U4367            | 1    |        | add_ln210_181  | add | dsp48  | 3       |
|    mac_muladd_8s_8s_32s_32_4_1_U4368            | 1    |        | mul_ln210_182  | mul | dsp48  | 3       |
|    mac_muladd_8s_8s_32s_32_4_1_U4368            | 1    |        | add_ln210_182  | add | dsp48  | 3       |
|    mac_muladd_8s_8s_32s_32_4_1_U4369            | 1    |        | mul_ln210_183  | mul | dsp48  | 3       |
|    mac_muladd_8s_8s_32s_32_4_1_U4369            | 1    |        | add_ln210_183  | add | dsp48  | 3       |
|    mac_muladd_8s_8s_32s_32_4_1_U4370            | 1    |        | mul_ln210_184  | mul | dsp48  | 3       |
|    mac_muladd_8s_8s_32s_32_4_1_U4370            | 1    |        | add_ln210_184  | add | dsp48  | 3       |
|    mac_muladd_8s_8s_32s_32_4_1_U4371            | 1    |        | mul_ln210_185  | mul | dsp48  | 3       |
|    mac_muladd_8s_8s_32s_32_4_1_U4371            | 1    |        | add_ln210_185  | add | dsp48  | 3       |
|    mac_muladd_8s_8s_32s_32_4_1_U4372            | 1    |        | mul_ln210_186  | mul | dsp48  | 3       |
|    mac_muladd_8s_8s_32s_32_4_1_U4372            | 1    |        | add_ln210_186  | add | dsp48  | 3       |
|    mac_muladd_8s_8s_32s_32_4_1_U4373            | 1    |        | mul_ln210_187  | mul | dsp48  | 3       |
|    mac_muladd_8s_8s_32s_32_4_1_U4373            | 1    |        | add_ln210_187  | add | dsp48  | 3       |
|    mac_muladd_8s_8s_32s_32_4_1_U4374            | 1    |        | mul_ln210_188  | mul | dsp48  | 3       |
|    mac_muladd_8s_8s_32s_32_4_1_U4374            | 1    |        | add_ln210_188  | add | dsp48  | 3       |
|    mac_muladd_8s_8s_32s_32_4_1_U4375            | 1    |        | mul_ln210_189  | mul | dsp48  | 3       |
|    mac_muladd_8s_8s_32s_32_4_1_U4375            | 1    |        | add_ln210_189  | add | dsp48  | 3       |
|    mac_muladd_8s_8s_32s_32_4_1_U4376            | 1    |        | mul_ln210_190  | mul | dsp48  | 3       |
|    mac_muladd_8s_8s_32s_32_4_1_U4376            | 1    |        | add_ln210_190  | add | dsp48  | 3       |
|    mac_muladd_8s_8s_32s_32_4_1_U4377            | 1    |        | mul_ln210_191  | mul | dsp48  | 3       |
|    mac_muladd_8s_8s_32s_32_4_1_U4377            | 1    |        | add_ln210_191  | add | dsp48  | 3       |
|    mac_muladd_8s_8s_32s_32_4_1_U4378            | 1    |        | mul_ln210_192  | mul | dsp48  | 3       |
|    mac_muladd_8s_8s_32s_32_4_1_U4378            | 1    |        | add_ln210_192  | add | dsp48  | 3       |
|    mac_muladd_8s_8s_32s_32_4_1_U4379            | 1    |        | mul_ln210_193  | mul | dsp48  | 3       |
|    mac_muladd_8s_8s_32s_32_4_1_U4379            | 1    |        | add_ln210_193  | add | dsp48  | 3       |
|    mac_muladd_8s_8s_32s_32_4_1_U4380            | 1    |        | mul_ln210_194  | mul | dsp48  | 3       |
|    mac_muladd_8s_8s_32s_32_4_1_U4380            | 1    |        | add_ln210_194  | add | dsp48  | 3       |
|    mac_muladd_8s_8s_32s_32_4_1_U4381            | 1    |        | mul_ln210_195  | mul | dsp48  | 3       |
|    mac_muladd_8s_8s_32s_32_4_1_U4381            | 1    |        | add_ln210_195  | add | dsp48  | 3       |
|    mac_muladd_8s_8s_32s_32_4_1_U4382            | 1    |        | mul_ln210_196  | mul | dsp48  | 3       |
|    mac_muladd_8s_8s_32s_32_4_1_U4382            | 1    |        | add_ln210_196  | add | dsp48  | 3       |
|    mac_muladd_8s_8s_32s_32_4_1_U4383            | 1    |        | mul_ln210_197  | mul | dsp48  | 3       |
|    mac_muladd_8s_8s_32s_32_4_1_U4383            | 1    |        | add_ln210_197  | add | dsp48  | 3       |
|    mac_muladd_8s_8s_32s_32_4_1_U4384            | 1    |        | mul_ln210_198  | mul | dsp48  | 3       |
|    mac_muladd_8s_8s_32s_32_4_1_U4384            | 1    |        | add_ln210_198  | add | dsp48  | 3       |
|    mac_muladd_8s_8s_32s_32_4_1_U4385            | 1    |        | mul_ln210_199  | mul | dsp48  | 3       |
|    mac_muladd_8s_8s_32s_32_4_1_U4385            | 1    |        | add_ln210_199  | add | dsp48  | 3       |
|    mac_muladd_8s_8s_32s_32_4_1_U4386            | 1    |        | mul_ln210_200  | mul | dsp48  | 3       |
|    mac_muladd_8s_8s_32s_32_4_1_U4386            | 1    |        | add_ln210_200  | add | dsp48  | 3       |
|    mac_muladd_8s_8s_32s_32_4_1_U4387            | 1    |        | mul_ln210_201  | mul | dsp48  | 3       |
|    mac_muladd_8s_8s_32s_32_4_1_U4387            | 1    |        | add_ln210_201  | add | dsp48  | 3       |
|    mac_muladd_8s_8s_32s_32_4_1_U4388            | 1    |        | mul_ln210_202  | mul | dsp48  | 3       |
|    mac_muladd_8s_8s_32s_32_4_1_U4388            | 1    |        | add_ln210_202  | add | dsp48  | 3       |
|    mac_muladd_8s_8s_32s_32_4_1_U4389            | 1    |        | mul_ln210_203  | mul | dsp48  | 3       |
|    mac_muladd_8s_8s_32s_32_4_1_U4389            | 1    |        | add_ln210_203  | add | dsp48  | 3       |
|    mac_muladd_8s_8s_32s_32_4_1_U4390            | 1    |        | mul_ln210_204  | mul | dsp48  | 3       |
|    mac_muladd_8s_8s_32s_32_4_1_U4390            | 1    |        | add_ln210_204  | add | dsp48  | 3       |
|    mac_muladd_8s_8s_32s_32_4_1_U4391            | 1    |        | mul_ln210_205  | mul | dsp48  | 3       |
|    mac_muladd_8s_8s_32s_32_4_1_U4391            | 1    |        | add_ln210_205  | add | dsp48  | 3       |
|    mac_muladd_8s_8s_32s_32_4_1_U4392            | 1    |        | mul_ln210_206  | mul | dsp48  | 3       |
|    mac_muladd_8s_8s_32s_32_4_1_U4392            | 1    |        | add_ln210_206  | add | dsp48  | 3       |
|    mac_muladd_8s_8s_32s_32_4_1_U4393            | 1    |        | mul_ln210_207  | mul | dsp48  | 3       |
|    mac_muladd_8s_8s_32s_32_4_1_U4393            | 1    |        | add_ln210_207  | add | dsp48  | 3       |
|    mac_muladd_8s_8s_32s_32_4_1_U4394            | 1    |        | mul_ln210_208  | mul | dsp48  | 3       |
|    mac_muladd_8s_8s_32s_32_4_1_U4394            | 1    |        | add_ln210_208  | add | dsp48  | 3       |
|    mac_muladd_8s_8s_32s_32_4_1_U4395            | 1    |        | mul_ln210_209  | mul | dsp48  | 3       |
|    mac_muladd_8s_8s_32s_32_4_1_U4395            | 1    |        | add_ln210_209  | add | dsp48  | 3       |
|    mac_muladd_8s_8s_32s_32_4_1_U4396            | 1    |        | mul_ln210_210  | mul | dsp48  | 3       |
|    mac_muladd_8s_8s_32s_32_4_1_U4396            | 1    |        | add_ln210_210  | add | dsp48  | 3       |
|    mac_muladd_8s_8s_32s_32_4_1_U4397            | 1    |        | mul_ln210_211  | mul | dsp48  | 3       |
|    mac_muladd_8s_8s_32s_32_4_1_U4397            | 1    |        | add_ln210_211  | add | dsp48  | 3       |
|    mac_muladd_8s_8s_32s_32_4_1_U4398            | 1    |        | mul_ln210_212  | mul | dsp48  | 3       |
|    mac_muladd_8s_8s_32s_32_4_1_U4398            | 1    |        | add_ln210_212  | add | dsp48  | 3       |
|    mac_muladd_8s_8s_32s_32_4_1_U4399            | 1    |        | mul_ln210_213  | mul | dsp48  | 3       |
|    mac_muladd_8s_8s_32s_32_4_1_U4399            | 1    |        | add_ln210_213  | add | dsp48  | 3       |
|    mac_muladd_8s_8s_32s_32_4_1_U4400            | 1    |        | mul_ln210_214  | mul | dsp48  | 3       |
|    mac_muladd_8s_8s_32s_32_4_1_U4400            | 1    |        | add_ln210_214  | add | dsp48  | 3       |
|    mac_muladd_8s_8s_32s_32_4_1_U4401            | 1    |        | mul_ln210_215  | mul | dsp48  | 3       |
|    mac_muladd_8s_8s_32s_32_4_1_U4401            | 1    |        | add_ln210_215  | add | dsp48  | 3       |
|    mac_muladd_8s_8s_32s_32_4_1_U4402            | 1    |        | mul_ln210_216  | mul | dsp48  | 3       |
|    mac_muladd_8s_8s_32s_32_4_1_U4402            | 1    |        | add_ln210_216  | add | dsp48  | 3       |
|    mac_muladd_8s_8s_32s_32_4_1_U4403            | 1    |        | mul_ln210_217  | mul | dsp48  | 3       |
|    mac_muladd_8s_8s_32s_32_4_1_U4403            | 1    |        | add_ln210_217  | add | dsp48  | 3       |
|    mac_muladd_8s_8s_32s_32_4_1_U4404            | 1    |        | mul_ln210_218  | mul | dsp48  | 3       |
|    mac_muladd_8s_8s_32s_32_4_1_U4404            | 1    |        | add_ln210_218  | add | dsp48  | 3       |
|    mac_muladd_8s_8s_32s_32_4_1_U4405            | 1    |        | mul_ln210_219  | mul | dsp48  | 3       |
|    mac_muladd_8s_8s_32s_32_4_1_U4405            | 1    |        | add_ln210_219  | add | dsp48  | 3       |
|    mac_muladd_8s_8s_32s_32_4_1_U4406            | 1    |        | mul_ln210_220  | mul | dsp48  | 3       |
|    mac_muladd_8s_8s_32s_32_4_1_U4406            | 1    |        | add_ln210_220  | add | dsp48  | 3       |
|    mac_muladd_8s_8s_32s_32_4_1_U4407            | 1    |        | mul_ln210_221  | mul | dsp48  | 3       |
|    mac_muladd_8s_8s_32s_32_4_1_U4407            | 1    |        | add_ln210_221  | add | dsp48  | 3       |
|    mac_muladd_8s_8s_32s_32_4_1_U4408            | 1    |        | mul_ln210_222  | mul | dsp48  | 3       |
|    mac_muladd_8s_8s_32s_32_4_1_U4408            | 1    |        | add_ln210_222  | add | dsp48  | 3       |
|    mac_muladd_8s_8s_32s_32_4_1_U4409            | 1    |        | mul_ln210_223  | mul | dsp48  | 3       |
|    mac_muladd_8s_8s_32s_32_4_1_U4409            | 1    |        | add_ln210_223  | add | dsp48  | 3       |
|    mac_muladd_8s_8s_32s_32_4_1_U4410            | 1    |        | mul_ln210_224  | mul | dsp48  | 3       |
|    mac_muladd_8s_8s_32s_32_4_1_U4410            | 1    |        | add_ln210_224  | add | dsp48  | 3       |
|    mac_muladd_8s_8s_32s_32_4_1_U4411            | 1    |        | mul_ln210_225  | mul | dsp48  | 3       |
|    mac_muladd_8s_8s_32s_32_4_1_U4411            | 1    |        | add_ln210_225  | add | dsp48  | 3       |
|    mac_muladd_8s_8s_32s_32_4_1_U4412            | 1    |        | mul_ln210_226  | mul | dsp48  | 3       |
|    mac_muladd_8s_8s_32s_32_4_1_U4412            | 1    |        | add_ln210_226  | add | dsp48  | 3       |
|    mac_muladd_8s_8s_32s_32_4_1_U4413            | 1    |        | mul_ln210_227  | mul | dsp48  | 3       |
|    mac_muladd_8s_8s_32s_32_4_1_U4413            | 1    |        | add_ln210_227  | add | dsp48  | 3       |
|    mac_muladd_8s_8s_32s_32_4_1_U4414            | 1    |        | mul_ln210_228  | mul | dsp48  | 3       |
|    mac_muladd_8s_8s_32s_32_4_1_U4414            | 1    |        | add_ln210_228  | add | dsp48  | 3       |
|    mac_muladd_8s_8s_32s_32_4_1_U4415            | 1    |        | mul_ln210_229  | mul | dsp48  | 3       |
|    mac_muladd_8s_8s_32s_32_4_1_U4415            | 1    |        | add_ln210_229  | add | dsp48  | 3       |
|    mac_muladd_8s_8s_32s_32_4_1_U4416            | 1    |        | mul_ln210_230  | mul | dsp48  | 3       |
|    mac_muladd_8s_8s_32s_32_4_1_U4416            | 1    |        | add_ln210_230  | add | dsp48  | 3       |
|    mac_muladd_8s_8s_32s_32_4_1_U4417            | 1    |        | mul_ln210_231  | mul | dsp48  | 3       |
|    mac_muladd_8s_8s_32s_32_4_1_U4417            | 1    |        | add_ln210_231  | add | dsp48  | 3       |
|    mac_muladd_8s_8s_32s_32_4_1_U4418            | 1    |        | mul_ln210_232  | mul | dsp48  | 3       |
|    mac_muladd_8s_8s_32s_32_4_1_U4418            | 1    |        | add_ln210_232  | add | dsp48  | 3       |
|    mac_muladd_8s_8s_32s_32_4_1_U4419            | 1    |        | mul_ln210_233  | mul | dsp48  | 3       |
|    mac_muladd_8s_8s_32s_32_4_1_U4419            | 1    |        | add_ln210_233  | add | dsp48  | 3       |
|    mac_muladd_8s_8s_32s_32_4_1_U4420            | 1    |        | mul_ln210_234  | mul | dsp48  | 3       |
|    mac_muladd_8s_8s_32s_32_4_1_U4420            | 1    |        | add_ln210_234  | add | dsp48  | 3       |
|    mac_muladd_8s_8s_32s_32_4_1_U4421            | 1    |        | mul_ln210_235  | mul | dsp48  | 3       |
|    mac_muladd_8s_8s_32s_32_4_1_U4421            | 1    |        | add_ln210_235  | add | dsp48  | 3       |
|    mac_muladd_8s_8s_32s_32_4_1_U4422            | 1    |        | mul_ln210_236  | mul | dsp48  | 3       |
|    mac_muladd_8s_8s_32s_32_4_1_U4422            | 1    |        | add_ln210_236  | add | dsp48  | 3       |
|    mac_muladd_8s_8s_32s_32_4_1_U4423            | 1    |        | mul_ln210_237  | mul | dsp48  | 3       |
|    mac_muladd_8s_8s_32s_32_4_1_U4423            | 1    |        | add_ln210_237  | add | dsp48  | 3       |
|    mac_muladd_8s_8s_32s_32_4_1_U4424            | 1    |        | mul_ln210_238  | mul | dsp48  | 3       |
|    mac_muladd_8s_8s_32s_32_4_1_U4424            | 1    |        | add_ln210_238  | add | dsp48  | 3       |
|    mac_muladd_8s_8s_32s_32_4_1_U4425            | 1    |        | mul_ln210_239  | mul | dsp48  | 3       |
|    mac_muladd_8s_8s_32s_32_4_1_U4425            | 1    |        | add_ln210_239  | add | dsp48  | 3       |
|    mac_muladd_8s_8s_32s_32_4_1_U4426            | 1    |        | mul_ln210_240  | mul | dsp48  | 3       |
|    mac_muladd_8s_8s_32s_32_4_1_U4426            | 1    |        | add_ln210_240  | add | dsp48  | 3       |
|    mac_muladd_8s_8s_32s_32_4_1_U4427            | 1    |        | mul_ln210_241  | mul | dsp48  | 3       |
|    mac_muladd_8s_8s_32s_32_4_1_U4427            | 1    |        | add_ln210_241  | add | dsp48  | 3       |
|    mac_muladd_8s_8s_32s_32_4_1_U4428            | 1    |        | mul_ln210_242  | mul | dsp48  | 3       |
|    mac_muladd_8s_8s_32s_32_4_1_U4428            | 1    |        | add_ln210_242  | add | dsp48  | 3       |
|    mac_muladd_8s_8s_32s_32_4_1_U4429            | 1    |        | mul_ln210_243  | mul | dsp48  | 3       |
|    mac_muladd_8s_8s_32s_32_4_1_U4429            | 1    |        | add_ln210_243  | add | dsp48  | 3       |
|    mac_muladd_8s_8s_32s_32_4_1_U4430            | 1    |        | mul_ln210_244  | mul | dsp48  | 3       |
|    mac_muladd_8s_8s_32s_32_4_1_U4430            | 1    |        | add_ln210_244  | add | dsp48  | 3       |
|    mac_muladd_8s_8s_32s_32_4_1_U4431            | 1    |        | mul_ln210_245  | mul | dsp48  | 3       |
|    mac_muladd_8s_8s_32s_32_4_1_U4431            | 1    |        | add_ln210_245  | add | dsp48  | 3       |
|    mac_muladd_8s_8s_32s_32_4_1_U4432            | 1    |        | mul_ln210_246  | mul | dsp48  | 3       |
|    mac_muladd_8s_8s_32s_32_4_1_U4432            | 1    |        | add_ln210_246  | add | dsp48  | 3       |
|    mac_muladd_8s_8s_32s_32_4_1_U4433            | 1    |        | mul_ln210_247  | mul | dsp48  | 3       |
|    mac_muladd_8s_8s_32s_32_4_1_U4433            | 1    |        | add_ln210_247  | add | dsp48  | 3       |
|    mac_muladd_8s_8s_32s_32_4_1_U4434            | 1    |        | mul_ln210_248  | mul | dsp48  | 3       |
|    mac_muladd_8s_8s_32s_32_4_1_U4434            | 1    |        | add_ln210_248  | add | dsp48  | 3       |
|    mac_muladd_8s_8s_32s_32_4_1_U4435            | 1    |        | mul_ln210_249  | mul | dsp48  | 3       |
|    mac_muladd_8s_8s_32s_32_4_1_U4435            | 1    |        | add_ln210_249  | add | dsp48  | 3       |
|    mac_muladd_8s_8s_32s_32_4_1_U4436            | 1    |        | mul_ln210_250  | mul | dsp48  | 3       |
|    mac_muladd_8s_8s_32s_32_4_1_U4436            | 1    |        | add_ln210_250  | add | dsp48  | 3       |
|    mac_muladd_8s_8s_32s_32_4_1_U4437            | 1    |        | mul_ln210_251  | mul | dsp48  | 3       |
|    mac_muladd_8s_8s_32s_32_4_1_U4437            | 1    |        | add_ln210_251  | add | dsp48  | 3       |
|    mac_muladd_8s_8s_32s_32_4_1_U4438            | 1    |        | mul_ln210_252  | mul | dsp48  | 3       |
|    mac_muladd_8s_8s_32s_32_4_1_U4438            | 1    |        | add_ln210_252  | add | dsp48  | 3       |
|    mac_muladd_8s_8s_32s_32_4_1_U4439            | 1    |        | mul_ln210_253  | mul | dsp48  | 3       |
|    mac_muladd_8s_8s_32s_32_4_1_U4439            | 1    |        | add_ln210_253  | add | dsp48  | 3       |
|    mac_muladd_8s_8s_32s_32_4_1_U4440            | 1    |        | mul_ln210_254  | mul | dsp48  | 3       |
|    mac_muladd_8s_8s_32s_32_4_1_U4440            | 1    |        | add_ln210_254  | add | dsp48  | 3       |
|    mac_muladd_8s_8s_32s_32_4_1_U4441            | 1    |        | mul_ln210_255  | mul | dsp48  | 3       |
|    mac_muladd_8s_8s_32s_32_4_1_U4441            | 1    |        | add_ln210_255  | add | dsp48  | 3       |
|    mac_muladd_8s_8s_32s_32_4_1_U4442            | 1    |        | mul_ln210_256  | mul | dsp48  | 3       |
|    mac_muladd_8s_8s_32s_32_4_1_U4442            | 1    |        | add_ln210_256  | add | dsp48  | 3       |
|    mac_muladd_8s_8s_32s_32_4_1_U4443            | 1    |        | mul_ln210_257  | mul | dsp48  | 3       |
|    mac_muladd_8s_8s_32s_32_4_1_U4443            | 1    |        | add_ln210_257  | add | dsp48  | 3       |
|    mac_muladd_8s_8s_32s_32_4_1_U4444            | 1    |        | mul_ln210_258  | mul | dsp48  | 3       |
|    mac_muladd_8s_8s_32s_32_4_1_U4444            | 1    |        | add_ln210_258  | add | dsp48  | 3       |
|    mac_muladd_8s_8s_32s_32_4_1_U4445            | 1    |        | mul_ln210_259  | mul | dsp48  | 3       |
|    mac_muladd_8s_8s_32s_32_4_1_U4445            | 1    |        | add_ln210_259  | add | dsp48  | 3       |
|    mac_muladd_8s_8s_32s_32_4_1_U4446            | 1    |        | mul_ln210_260  | mul | dsp48  | 3       |
|    mac_muladd_8s_8s_32s_32_4_1_U4446            | 1    |        | add_ln210_260  | add | dsp48  | 3       |
|    mac_muladd_8s_8s_32s_32_4_1_U4447            | 1    |        | mul_ln210_261  | mul | dsp48  | 3       |
|    mac_muladd_8s_8s_32s_32_4_1_U4447            | 1    |        | add_ln210_261  | add | dsp48  | 3       |
|    mac_muladd_8s_8s_32s_32_4_1_U4448            | 1    |        | mul_ln210_262  | mul | dsp48  | 3       |
|    mac_muladd_8s_8s_32s_32_4_1_U4448            | 1    |        | add_ln210_262  | add | dsp48  | 3       |
|    mac_muladd_8s_8s_32s_32_4_1_U4449            | 1    |        | mul_ln210_263  | mul | dsp48  | 3       |
|    mac_muladd_8s_8s_32s_32_4_1_U4449            | 1    |        | add_ln210_263  | add | dsp48  | 3       |
|    mac_muladd_8s_8s_32s_32_4_1_U4450            | 1    |        | mul_ln210_264  | mul | dsp48  | 3       |
|    mac_muladd_8s_8s_32s_32_4_1_U4450            | 1    |        | add_ln210_264  | add | dsp48  | 3       |
|    mac_muladd_8s_8s_32s_32_4_1_U4451            | 1    |        | mul_ln210_265  | mul | dsp48  | 3       |
|    mac_muladd_8s_8s_32s_32_4_1_U4451            | 1    |        | add_ln210_265  | add | dsp48  | 3       |
|    mac_muladd_8s_8s_32s_32_4_1_U4452            | 1    |        | mul_ln210_266  | mul | dsp48  | 3       |
|    mac_muladd_8s_8s_32s_32_4_1_U4452            | 1    |        | add_ln210_266  | add | dsp48  | 3       |
|    mac_muladd_8s_8s_32s_32_4_1_U4453            | 1    |        | mul_ln210_267  | mul | dsp48  | 3       |
|    mac_muladd_8s_8s_32s_32_4_1_U4453            | 1    |        | add_ln210_267  | add | dsp48  | 3       |
|    mac_muladd_8s_8s_32s_32_4_1_U4454            | 1    |        | mul_ln210_268  | mul | dsp48  | 3       |
|    mac_muladd_8s_8s_32s_32_4_1_U4454            | 1    |        | add_ln210_268  | add | dsp48  | 3       |
|    mac_muladd_8s_8s_32s_32_4_1_U4455            | 1    |        | mul_ln210_269  | mul | dsp48  | 3       |
|    mac_muladd_8s_8s_32s_32_4_1_U4455            | 1    |        | add_ln210_269  | add | dsp48  | 3       |
|    mac_muladd_8s_8s_32s_32_4_1_U4456            | 1    |        | mul_ln210_270  | mul | dsp48  | 3       |
|    mac_muladd_8s_8s_32s_32_4_1_U4456            | 1    |        | add_ln210_270  | add | dsp48  | 3       |
|    mac_muladd_8s_8s_32s_32_4_1_U4457            | 1    |        | mul_ln210_271  | mul | dsp48  | 3       |
|    mac_muladd_8s_8s_32s_32_4_1_U4457            | 1    |        | add_ln210_271  | add | dsp48  | 3       |
|    mac_muladd_8s_8s_32s_32_4_1_U4458            | 1    |        | mul_ln210_272  | mul | dsp48  | 3       |
|    mac_muladd_8s_8s_32s_32_4_1_U4458            | 1    |        | add_ln210_272  | add | dsp48  | 3       |
|    mac_muladd_8s_8s_32s_32_4_1_U4459            | 1    |        | mul_ln210_273  | mul | dsp48  | 3       |
|    mac_muladd_8s_8s_32s_32_4_1_U4459            | 1    |        | add_ln210_273  | add | dsp48  | 3       |
|    mac_muladd_8s_8s_32s_32_4_1_U4460            | 1    |        | mul_ln210_274  | mul | dsp48  | 3       |
|    mac_muladd_8s_8s_32s_32_4_1_U4460            | 1    |        | add_ln210_274  | add | dsp48  | 3       |
|    mac_muladd_8s_8s_32s_32_4_1_U4461            | 1    |        | mul_ln210_275  | mul | dsp48  | 3       |
|    mac_muladd_8s_8s_32s_32_4_1_U4461            | 1    |        | add_ln210_275  | add | dsp48  | 3       |
|    mac_muladd_8s_8s_32s_32_4_1_U4462            | 1    |        | mul_ln210_276  | mul | dsp48  | 3       |
|    mac_muladd_8s_8s_32s_32_4_1_U4462            | 1    |        | add_ln210_276  | add | dsp48  | 3       |
|    mac_muladd_8s_8s_32s_32_4_1_U4463            | 1    |        | mul_ln210_277  | mul | dsp48  | 3       |
|    mac_muladd_8s_8s_32s_32_4_1_U4463            | 1    |        | add_ln210_277  | add | dsp48  | 3       |
|    mac_muladd_8s_8s_32s_32_4_1_U4464            | 1    |        | mul_ln210_278  | mul | dsp48  | 3       |
|    mac_muladd_8s_8s_32s_32_4_1_U4464            | 1    |        | add_ln210_278  | add | dsp48  | 3       |
|    mac_muladd_8s_8s_32s_32_4_1_U4465            | 1    |        | mul_ln210_279  | mul | dsp48  | 3       |
|    mac_muladd_8s_8s_32s_32_4_1_U4465            | 1    |        | add_ln210_279  | add | dsp48  | 3       |
|    mac_muladd_8s_8s_32s_32_4_1_U4466            | 1    |        | mul_ln210_280  | mul | dsp48  | 3       |
|    mac_muladd_8s_8s_32s_32_4_1_U4466            | 1    |        | add_ln210_280  | add | dsp48  | 3       |
|    mac_muladd_8s_8s_32s_32_4_1_U4467            | 1    |        | mul_ln210_281  | mul | dsp48  | 3       |
|    mac_muladd_8s_8s_32s_32_4_1_U4467            | 1    |        | add_ln210_281  | add | dsp48  | 3       |
|    mac_muladd_8s_8s_32s_32_4_1_U4468            | 1    |        | mul_ln210_282  | mul | dsp48  | 3       |
|    mac_muladd_8s_8s_32s_32_4_1_U4468            | 1    |        | add_ln210_282  | add | dsp48  | 3       |
|    mac_muladd_8s_8s_32s_32_4_1_U4469            | 1    |        | mul_ln210_283  | mul | dsp48  | 3       |
|    mac_muladd_8s_8s_32s_32_4_1_U4469            | 1    |        | add_ln210_283  | add | dsp48  | 3       |
|    mac_muladd_8s_8s_32s_32_4_1_U4470            | 1    |        | mul_ln210_284  | mul | dsp48  | 3       |
|    mac_muladd_8s_8s_32s_32_4_1_U4470            | 1    |        | add_ln210_284  | add | dsp48  | 3       |
|    mac_muladd_8s_8s_32s_32_4_1_U4471            | 1    |        | mul_ln210_285  | mul | dsp48  | 3       |
|    mac_muladd_8s_8s_32s_32_4_1_U4471            | 1    |        | add_ln210_285  | add | dsp48  | 3       |
|    mac_muladd_8s_8s_32s_32_4_1_U4472            | 1    |        | mul_ln210_286  | mul | dsp48  | 3       |
|    mac_muladd_8s_8s_32s_32_4_1_U4472            | 1    |        | add_ln210_286  | add | dsp48  | 3       |
|    mac_muladd_8s_8s_32s_32_4_1_U4473            | 1    |        | mul_ln210_287  | mul | dsp48  | 3       |
|    mac_muladd_8s_8s_32s_32_4_1_U4473            | 1    |        | add_ln210_287  | add | dsp48  | 3       |
|    mac_muladd_8s_8s_32s_32_4_1_U4474            | 1    |        | mul_ln210_288  | mul | dsp48  | 3       |
|    mac_muladd_8s_8s_32s_32_4_1_U4474            | 1    |        | add_ln210_288  | add | dsp48  | 3       |
|    mac_muladd_8s_8s_32s_32_4_1_U4475            | 1    |        | mul_ln210_289  | mul | dsp48  | 3       |
|    mac_muladd_8s_8s_32s_32_4_1_U4475            | 1    |        | add_ln210_289  | add | dsp48  | 3       |
|    mac_muladd_8s_8s_32s_32_4_1_U4476            | 1    |        | mul_ln210_290  | mul | dsp48  | 3       |
|    mac_muladd_8s_8s_32s_32_4_1_U4476            | 1    |        | add_ln210_290  | add | dsp48  | 3       |
|    mac_muladd_8s_8s_32s_32_4_1_U4477            | 1    |        | mul_ln210_291  | mul | dsp48  | 3       |
|    mac_muladd_8s_8s_32s_32_4_1_U4477            | 1    |        | add_ln210_291  | add | dsp48  | 3       |
|    mac_muladd_8s_8s_32s_32_4_1_U4478            | 1    |        | mul_ln210_292  | mul | dsp48  | 3       |
|    mac_muladd_8s_8s_32s_32_4_1_U4478            | 1    |        | add_ln210_292  | add | dsp48  | 3       |
|    mac_muladd_8s_8s_32s_32_4_1_U4479            | 1    |        | mul_ln210_293  | mul | dsp48  | 3       |
|    mac_muladd_8s_8s_32s_32_4_1_U4479            | 1    |        | add_ln210_293  | add | dsp48  | 3       |
|    mac_muladd_8s_8s_32s_32_4_1_U4480            | 1    |        | mul_ln210_294  | mul | dsp48  | 3       |
|    mac_muladd_8s_8s_32s_32_4_1_U4480            | 1    |        | add_ln210_294  | add | dsp48  | 3       |
|    mac_muladd_8s_8s_32s_32_4_1_U4481            | 1    |        | mul_ln210_295  | mul | dsp48  | 3       |
|    mac_muladd_8s_8s_32s_32_4_1_U4481            | 1    |        | add_ln210_295  | add | dsp48  | 3       |
|    mac_muladd_8s_8s_32s_32_4_1_U4482            | 1    |        | mul_ln210_296  | mul | dsp48  | 3       |
|    mac_muladd_8s_8s_32s_32_4_1_U4482            | 1    |        | add_ln210_296  | add | dsp48  | 3       |
|    mac_muladd_8s_8s_32s_32_4_1_U4483            | 1    |        | mul_ln210_297  | mul | dsp48  | 3       |
|    mac_muladd_8s_8s_32s_32_4_1_U4483            | 1    |        | add_ln210_297  | add | dsp48  | 3       |
|    mac_muladd_8s_8s_32s_32_4_1_U4484            | 1    |        | mul_ln210_298  | mul | dsp48  | 3       |
|    mac_muladd_8s_8s_32s_32_4_1_U4484            | 1    |        | add_ln210_298  | add | dsp48  | 3       |
|    mac_muladd_8s_8s_32s_32_4_1_U4485            | 1    |        | mul_ln210_299  | mul | dsp48  | 3       |
|    mac_muladd_8s_8s_32s_32_4_1_U4485            | 1    |        | add_ln210_299  | add | dsp48  | 3       |
|    mac_muladd_8s_8s_32s_32_4_1_U4486            | 1    |        | mul_ln210_300  | mul | dsp48  | 3       |
|    mac_muladd_8s_8s_32s_32_4_1_U4486            | 1    |        | add_ln210_300  | add | dsp48  | 3       |
|    mac_muladd_8s_8s_32s_32_4_1_U4487            | 1    |        | mul_ln210_301  | mul | dsp48  | 3       |
|    mac_muladd_8s_8s_32s_32_4_1_U4487            | 1    |        | add_ln210_301  | add | dsp48  | 3       |
|    mac_muladd_8s_8s_32s_32_4_1_U4488            | 1    |        | mul_ln210_302  | mul | dsp48  | 3       |
|    mac_muladd_8s_8s_32s_32_4_1_U4488            | 1    |        | add_ln210_302  | add | dsp48  | 3       |
|    mac_muladd_8s_8s_32s_32_4_1_U4489            | 1    |        | mul_ln210_303  | mul | dsp48  | 3       |
|    mac_muladd_8s_8s_32s_32_4_1_U4489            | 1    |        | add_ln210_303  | add | dsp48  | 3       |
|    mac_muladd_8s_8s_32s_32_4_1_U4490            | 1    |        | mul_ln210_304  | mul | dsp48  | 3       |
|    mac_muladd_8s_8s_32s_32_4_1_U4490            | 1    |        | add_ln210_304  | add | dsp48  | 3       |
|    mac_muladd_8s_8s_32s_32_4_1_U4491            | 1    |        | mul_ln210_305  | mul | dsp48  | 3       |
|    mac_muladd_8s_8s_32s_32_4_1_U4491            | 1    |        | add_ln210_305  | add | dsp48  | 3       |
|    mac_muladd_8s_8s_32s_32_4_1_U4492            | 1    |        | mul_ln210_306  | mul | dsp48  | 3       |
|    mac_muladd_8s_8s_32s_32_4_1_U4492            | 1    |        | add_ln210_306  | add | dsp48  | 3       |
|    mac_muladd_8s_8s_32s_32_4_1_U4493            | 1    |        | mul_ln210_307  | mul | dsp48  | 3       |
|    mac_muladd_8s_8s_32s_32_4_1_U4493            | 1    |        | add_ln210_307  | add | dsp48  | 3       |
|    mac_muladd_8s_8s_32s_32_4_1_U4494            | 1    |        | mul_ln210_308  | mul | dsp48  | 3       |
|    mac_muladd_8s_8s_32s_32_4_1_U4494            | 1    |        | add_ln210_308  | add | dsp48  | 3       |
|    mac_muladd_8s_8s_32s_32_4_1_U4495            | 1    |        | mul_ln210_309  | mul | dsp48  | 3       |
|    mac_muladd_8s_8s_32s_32_4_1_U4495            | 1    |        | add_ln210_309  | add | dsp48  | 3       |
|    mac_muladd_8s_8s_32s_32_4_1_U4496            | 1    |        | mul_ln210_310  | mul | dsp48  | 3       |
|    mac_muladd_8s_8s_32s_32_4_1_U4496            | 1    |        | add_ln210_310  | add | dsp48  | 3       |
|    mac_muladd_8s_8s_32s_32_4_1_U4497            | 1    |        | mul_ln210_311  | mul | dsp48  | 3       |
|    mac_muladd_8s_8s_32s_32_4_1_U4497            | 1    |        | add_ln210_311  | add | dsp48  | 3       |
|    mac_muladd_8s_8s_32s_32_4_1_U4498            | 1    |        | mul_ln210_312  | mul | dsp48  | 3       |
|    mac_muladd_8s_8s_32s_32_4_1_U4498            | 1    |        | add_ln210_312  | add | dsp48  | 3       |
|    mac_muladd_8s_8s_32s_32_4_1_U4499            | 1    |        | mul_ln210_313  | mul | dsp48  | 3       |
|    mac_muladd_8s_8s_32s_32_4_1_U4499            | 1    |        | add_ln210_313  | add | dsp48  | 3       |
|    mac_muladd_8s_8s_32s_32_4_1_U4500            | 1    |        | mul_ln210_314  | mul | dsp48  | 3       |
|    mac_muladd_8s_8s_32s_32_4_1_U4500            | 1    |        | add_ln210_314  | add | dsp48  | 3       |
|    mac_muladd_8s_8s_32s_32_4_1_U4501            | 1    |        | mul_ln210_315  | mul | dsp48  | 3       |
|    mac_muladd_8s_8s_32s_32_4_1_U4501            | 1    |        | add_ln210_315  | add | dsp48  | 3       |
|    mac_muladd_8s_8s_32s_32_4_1_U4502            | 1    |        | mul_ln210_316  | mul | dsp48  | 3       |
|    mac_muladd_8s_8s_32s_32_4_1_U4502            | 1    |        | add_ln210_316  | add | dsp48  | 3       |
|    mac_muladd_8s_8s_32s_32_4_1_U4503            | 1    |        | mul_ln210_317  | mul | dsp48  | 3       |
|    mac_muladd_8s_8s_32s_32_4_1_U4503            | 1    |        | add_ln210_317  | add | dsp48  | 3       |
|    mac_muladd_8s_8s_32s_32_4_1_U4504            | 1    |        | mul_ln210_318  | mul | dsp48  | 3       |
|    mac_muladd_8s_8s_32s_32_4_1_U4504            | 1    |        | add_ln210_318  | add | dsp48  | 3       |
|    mac_muladd_8s_8s_32s_32_4_1_U4505            | 1    |        | mul_ln210_319  | mul | dsp48  | 3       |
|    mac_muladd_8s_8s_32s_32_4_1_U4505            | 1    |        | add_ln210_319  | add | dsp48  | 3       |
|    mac_muladd_8s_8s_32s_32_4_1_U4506            | 1    |        | mul_ln210_320  | mul | dsp48  | 3       |
|    mac_muladd_8s_8s_32s_32_4_1_U4506            | 1    |        | add_ln210_320  | add | dsp48  | 3       |
|    mac_muladd_8s_8s_32s_32_4_1_U4507            | 1    |        | mul_ln210_321  | mul | dsp48  | 3       |
|    mac_muladd_8s_8s_32s_32_4_1_U4507            | 1    |        | add_ln210_321  | add | dsp48  | 3       |
|    mac_muladd_8s_8s_32s_32_4_1_U4508            | 1    |        | mul_ln210_322  | mul | dsp48  | 3       |
|    mac_muladd_8s_8s_32s_32_4_1_U4508            | 1    |        | add_ln210_322  | add | dsp48  | 3       |
|    mac_muladd_8s_8s_32s_32_4_1_U4509            | 1    |        | mul_ln210_323  | mul | dsp48  | 3       |
|    mac_muladd_8s_8s_32s_32_4_1_U4509            | 1    |        | add_ln210_323  | add | dsp48  | 3       |
|    mac_muladd_8s_8s_32s_32_4_1_U4510            | 1    |        | mul_ln210_324  | mul | dsp48  | 3       |
|    mac_muladd_8s_8s_32s_32_4_1_U4510            | 1    |        | add_ln210_324  | add | dsp48  | 3       |
|    mac_muladd_8s_8s_32s_32_4_1_U4511            | 1    |        | mul_ln210_325  | mul | dsp48  | 3       |
|    mac_muladd_8s_8s_32s_32_4_1_U4511            | 1    |        | add_ln210_325  | add | dsp48  | 3       |
|    mac_muladd_8s_8s_32s_32_4_1_U4512            | 1    |        | mul_ln210_326  | mul | dsp48  | 3       |
|    mac_muladd_8s_8s_32s_32_4_1_U4512            | 1    |        | add_ln210_326  | add | dsp48  | 3       |
|    mac_muladd_8s_8s_32s_32_4_1_U4513            | 1    |        | mul_ln210_327  | mul | dsp48  | 3       |
|    mac_muladd_8s_8s_32s_32_4_1_U4513            | 1    |        | add_ln210_327  | add | dsp48  | 3       |
|    mac_muladd_8s_8s_32s_32_4_1_U4514            | 1    |        | mul_ln210_328  | mul | dsp48  | 3       |
|    mac_muladd_8s_8s_32s_32_4_1_U4514            | 1    |        | add_ln210_328  | add | dsp48  | 3       |
|    mac_muladd_8s_8s_32s_32_4_1_U4515            | 1    |        | mul_ln210_329  | mul | dsp48  | 3       |
|    mac_muladd_8s_8s_32s_32_4_1_U4515            | 1    |        | add_ln210_329  | add | dsp48  | 3       |
|    mac_muladd_8s_8s_32s_32_4_1_U4516            | 1    |        | mul_ln210_330  | mul | dsp48  | 3       |
|    mac_muladd_8s_8s_32s_32_4_1_U4516            | 1    |        | add_ln210_330  | add | dsp48  | 3       |
|    mac_muladd_8s_8s_32s_32_4_1_U4517            | 1    |        | mul_ln210_331  | mul | dsp48  | 3       |
|    mac_muladd_8s_8s_32s_32_4_1_U4517            | 1    |        | add_ln210_331  | add | dsp48  | 3       |
|    mac_muladd_8s_8s_32s_32_4_1_U4518            | 1    |        | mul_ln210_332  | mul | dsp48  | 3       |
|    mac_muladd_8s_8s_32s_32_4_1_U4518            | 1    |        | add_ln210_332  | add | dsp48  | 3       |
|    mac_muladd_8s_8s_32s_32_4_1_U4519            | 1    |        | mul_ln210_333  | mul | dsp48  | 3       |
|    mac_muladd_8s_8s_32s_32_4_1_U4519            | 1    |        | add_ln210_333  | add | dsp48  | 3       |
|    mac_muladd_8s_8s_32s_32_4_1_U4520            | 1    |        | mul_ln210_334  | mul | dsp48  | 3       |
|    mac_muladd_8s_8s_32s_32_4_1_U4520            | 1    |        | add_ln210_334  | add | dsp48  | 3       |
|    mac_muladd_8s_8s_32s_32_4_1_U4521            | 1    |        | mul_ln210_335  | mul | dsp48  | 3       |
|    mac_muladd_8s_8s_32s_32_4_1_U4521            | 1    |        | add_ln210_335  | add | dsp48  | 3       |
|    mac_muladd_8s_8s_32s_32_4_1_U4522            | 1    |        | mul_ln210_336  | mul | dsp48  | 3       |
|    mac_muladd_8s_8s_32s_32_4_1_U4522            | 1    |        | add_ln210_336  | add | dsp48  | 3       |
|    mac_muladd_8s_8s_32s_32_4_1_U4523            | 1    |        | mul_ln210_337  | mul | dsp48  | 3       |
|    mac_muladd_8s_8s_32s_32_4_1_U4523            | 1    |        | add_ln210_337  | add | dsp48  | 3       |
|    mac_muladd_8s_8s_32s_32_4_1_U4524            | 1    |        | mul_ln210_338  | mul | dsp48  | 3       |
|    mac_muladd_8s_8s_32s_32_4_1_U4524            | 1    |        | add_ln210_338  | add | dsp48  | 3       |
|    mac_muladd_8s_8s_32s_32_4_1_U4525            | 1    |        | mul_ln210_339  | mul | dsp48  | 3       |
|    mac_muladd_8s_8s_32s_32_4_1_U4525            | 1    |        | add_ln210_339  | add | dsp48  | 3       |
|    mac_muladd_8s_8s_32s_32_4_1_U4526            | 1    |        | mul_ln210_340  | mul | dsp48  | 3       |
|    mac_muladd_8s_8s_32s_32_4_1_U4526            | 1    |        | add_ln210_340  | add | dsp48  | 3       |
|    mac_muladd_8s_8s_32s_32_4_1_U4527            | 1    |        | mul_ln210_341  | mul | dsp48  | 3       |
|    mac_muladd_8s_8s_32s_32_4_1_U4527            | 1    |        | add_ln210_341  | add | dsp48  | 3       |
|    mac_muladd_8s_8s_32s_32_4_1_U4528            | 1    |        | mul_ln210_342  | mul | dsp48  | 3       |
|    mac_muladd_8s_8s_32s_32_4_1_U4528            | 1    |        | add_ln210_342  | add | dsp48  | 3       |
|    mac_muladd_8s_8s_32s_32_4_1_U4529            | 1    |        | mul_ln210_343  | mul | dsp48  | 3       |
|    mac_muladd_8s_8s_32s_32_4_1_U4529            | 1    |        | add_ln210_343  | add | dsp48  | 3       |
|    mac_muladd_8s_8s_32s_32_4_1_U4530            | 1    |        | mul_ln210_344  | mul | dsp48  | 3       |
|    mac_muladd_8s_8s_32s_32_4_1_U4530            | 1    |        | add_ln210_344  | add | dsp48  | 3       |
|    mac_muladd_8s_8s_32s_32_4_1_U4531            | 1    |        | mul_ln210_345  | mul | dsp48  | 3       |
|    mac_muladd_8s_8s_32s_32_4_1_U4531            | 1    |        | add_ln210_345  | add | dsp48  | 3       |
|    mac_muladd_8s_8s_32s_32_4_1_U4532            | 1    |        | mul_ln210_346  | mul | dsp48  | 3       |
|    mac_muladd_8s_8s_32s_32_4_1_U4532            | 1    |        | add_ln210_346  | add | dsp48  | 3       |
|    mac_muladd_8s_8s_32s_32_4_1_U4533            | 1    |        | mul_ln210_347  | mul | dsp48  | 3       |
|    mac_muladd_8s_8s_32s_32_4_1_U4533            | 1    |        | add_ln210_347  | add | dsp48  | 3       |
|    mac_muladd_8s_8s_32s_32_4_1_U4534            | 1    |        | mul_ln210_348  | mul | dsp48  | 3       |
|    mac_muladd_8s_8s_32s_32_4_1_U4534            | 1    |        | add_ln210_348  | add | dsp48  | 3       |
|    mac_muladd_8s_8s_32s_32_4_1_U4535            | 1    |        | mul_ln210_349  | mul | dsp48  | 3       |
|    mac_muladd_8s_8s_32s_32_4_1_U4535            | 1    |        | add_ln210_349  | add | dsp48  | 3       |
|    mac_muladd_8s_8s_32s_32_4_1_U4536            | 1    |        | mul_ln210_350  | mul | dsp48  | 3       |
|    mac_muladd_8s_8s_32s_32_4_1_U4536            | 1    |        | add_ln210_350  | add | dsp48  | 3       |
|    mac_muladd_8s_8s_32s_32_4_1_U4537            | 1    |        | mul_ln210_351  | mul | dsp48  | 3       |
|    mac_muladd_8s_8s_32s_32_4_1_U4537            | 1    |        | add_ln210_351  | add | dsp48  | 3       |
|    mac_muladd_8s_8s_32s_32_4_1_U4538            | 1    |        | mul_ln210_352  | mul | dsp48  | 3       |
|    mac_muladd_8s_8s_32s_32_4_1_U4538            | 1    |        | add_ln210_352  | add | dsp48  | 3       |
|    mac_muladd_8s_8s_32s_32_4_1_U4539            | 1    |        | mul_ln210_353  | mul | dsp48  | 3       |
|    mac_muladd_8s_8s_32s_32_4_1_U4539            | 1    |        | add_ln210_353  | add | dsp48  | 3       |
|    mac_muladd_8s_8s_32s_32_4_1_U4540            | 1    |        | mul_ln210_354  | mul | dsp48  | 3       |
|    mac_muladd_8s_8s_32s_32_4_1_U4540            | 1    |        | add_ln210_354  | add | dsp48  | 3       |
|    mac_muladd_8s_8s_32s_32_4_1_U4541            | 1    |        | mul_ln210_355  | mul | dsp48  | 3       |
|    mac_muladd_8s_8s_32s_32_4_1_U4541            | 1    |        | add_ln210_355  | add | dsp48  | 3       |
|    mac_muladd_8s_8s_32s_32_4_1_U4542            | 1    |        | mul_ln210_356  | mul | dsp48  | 3       |
|    mac_muladd_8s_8s_32s_32_4_1_U4542            | 1    |        | add_ln210_356  | add | dsp48  | 3       |
|    mac_muladd_8s_8s_32s_32_4_1_U4543            | 1    |        | mul_ln210_357  | mul | dsp48  | 3       |
|    mac_muladd_8s_8s_32s_32_4_1_U4543            | 1    |        | add_ln210_357  | add | dsp48  | 3       |
|    mac_muladd_8s_8s_32s_32_4_1_U4544            | 1    |        | mul_ln210_358  | mul | dsp48  | 3       |
|    mac_muladd_8s_8s_32s_32_4_1_U4544            | 1    |        | add_ln210_358  | add | dsp48  | 3       |
|    mac_muladd_8s_8s_32s_32_4_1_U4545            | 1    |        | mul_ln210_359  | mul | dsp48  | 3       |
|    mac_muladd_8s_8s_32s_32_4_1_U4545            | 1    |        | add_ln210_359  | add | dsp48  | 3       |
|    mac_muladd_8s_8s_32s_32_4_1_U4546            | 1    |        | mul_ln210_360  | mul | dsp48  | 3       |
|    mac_muladd_8s_8s_32s_32_4_1_U4546            | 1    |        | add_ln210_360  | add | dsp48  | 3       |
|    mac_muladd_8s_8s_32s_32_4_1_U4547            | 1    |        | mul_ln210_361  | mul | dsp48  | 3       |
|    mac_muladd_8s_8s_32s_32_4_1_U4547            | 1    |        | add_ln210_361  | add | dsp48  | 3       |
|    mac_muladd_8s_8s_32s_32_4_1_U4548            | 1    |        | mul_ln210_362  | mul | dsp48  | 3       |
|    mac_muladd_8s_8s_32s_32_4_1_U4548            | 1    |        | add_ln210_362  | add | dsp48  | 3       |
|    mac_muladd_8s_8s_32s_32_4_1_U4549            | 1    |        | mul_ln210_363  | mul | dsp48  | 3       |
|    mac_muladd_8s_8s_32s_32_4_1_U4549            | 1    |        | add_ln210_363  | add | dsp48  | 3       |
|    mac_muladd_8s_8s_32s_32_4_1_U4550            | 1    |        | mul_ln210_364  | mul | dsp48  | 3       |
|    mac_muladd_8s_8s_32s_32_4_1_U4550            | 1    |        | add_ln210_364  | add | dsp48  | 3       |
|    mac_muladd_8s_8s_32s_32_4_1_U4551            | 1    |        | mul_ln210_365  | mul | dsp48  | 3       |
|    mac_muladd_8s_8s_32s_32_4_1_U4551            | 1    |        | add_ln210_365  | add | dsp48  | 3       |
|    mac_muladd_8s_8s_32s_32_4_1_U4552            | 1    |        | mul_ln210_366  | mul | dsp48  | 3       |
|    mac_muladd_8s_8s_32s_32_4_1_U4552            | 1    |        | add_ln210_366  | add | dsp48  | 3       |
|    mac_muladd_8s_8s_32s_32_4_1_U4553            | 1    |        | mul_ln210_367  | mul | dsp48  | 3       |
|    mac_muladd_8s_8s_32s_32_4_1_U4553            | 1    |        | add_ln210_367  | add | dsp48  | 3       |
|    mac_muladd_8s_8s_32s_32_4_1_U4554            | 1    |        | mul_ln210_368  | mul | dsp48  | 3       |
|    mac_muladd_8s_8s_32s_32_4_1_U4554            | 1    |        | add_ln210_368  | add | dsp48  | 3       |
|    mac_muladd_8s_8s_32s_32_4_1_U4555            | 1    |        | mul_ln210_369  | mul | dsp48  | 3       |
|    mac_muladd_8s_8s_32s_32_4_1_U4555            | 1    |        | add_ln210_369  | add | dsp48  | 3       |
|    mac_muladd_8s_8s_32s_32_4_1_U4556            | 1    |        | mul_ln210_370  | mul | dsp48  | 3       |
|    mac_muladd_8s_8s_32s_32_4_1_U4556            | 1    |        | add_ln210_370  | add | dsp48  | 3       |
|    mac_muladd_8s_8s_32s_32_4_1_U4557            | 1    |        | mul_ln210_371  | mul | dsp48  | 3       |
|    mac_muladd_8s_8s_32s_32_4_1_U4557            | 1    |        | add_ln210_371  | add | dsp48  | 3       |
|    mac_muladd_8s_8s_32s_32_4_1_U4558            | 1    |        | mul_ln210_372  | mul | dsp48  | 3       |
|    mac_muladd_8s_8s_32s_32_4_1_U4558            | 1    |        | add_ln210_372  | add | dsp48  | 3       |
|    mac_muladd_8s_8s_32s_32_4_1_U4559            | 1    |        | mul_ln210_373  | mul | dsp48  | 3       |
|    mac_muladd_8s_8s_32s_32_4_1_U4559            | 1    |        | add_ln210_373  | add | dsp48  | 3       |
|    mac_muladd_8s_8s_32s_32_4_1_U4560            | 1    |        | mul_ln210_374  | mul | dsp48  | 3       |
|    mac_muladd_8s_8s_32s_32_4_1_U4560            | 1    |        | add_ln210_374  | add | dsp48  | 3       |
|    mac_muladd_8s_8s_32s_32_4_1_U4561            | 1    |        | mul_ln210_375  | mul | dsp48  | 3       |
|    mac_muladd_8s_8s_32s_32_4_1_U4561            | 1    |        | add_ln210_375  | add | dsp48  | 3       |
|    mac_muladd_8s_8s_32s_32_4_1_U4562            | 1    |        | mul_ln210_376  | mul | dsp48  | 3       |
|    mac_muladd_8s_8s_32s_32_4_1_U4562            | 1    |        | add_ln210_376  | add | dsp48  | 3       |
|    mac_muladd_8s_8s_32s_32_4_1_U4563            | 1    |        | mul_ln210_377  | mul | dsp48  | 3       |
|    mac_muladd_8s_8s_32s_32_4_1_U4563            | 1    |        | add_ln210_377  | add | dsp48  | 3       |
|    mac_muladd_8s_8s_32s_32_4_1_U4564            | 1    |        | mul_ln210_378  | mul | dsp48  | 3       |
|    mac_muladd_8s_8s_32s_32_4_1_U4564            | 1    |        | add_ln210_378  | add | dsp48  | 3       |
|    mac_muladd_8s_8s_32s_32_4_1_U4565            | 1    |        | mul_ln210_379  | mul | dsp48  | 3       |
|    mac_muladd_8s_8s_32s_32_4_1_U4565            | 1    |        | add_ln210_379  | add | dsp48  | 3       |
|    mac_muladd_8s_8s_32s_32_4_1_U4566            | 1    |        | mul_ln210_380  | mul | dsp48  | 3       |
|    mac_muladd_8s_8s_32s_32_4_1_U4566            | 1    |        | add_ln210_380  | add | dsp48  | 3       |
|    mac_muladd_8s_8s_32s_32_4_1_U4567            | 1    |        | mul_ln210_381  | mul | dsp48  | 3       |
|    mac_muladd_8s_8s_32s_32_4_1_U4567            | 1    |        | add_ln210_381  | add | dsp48  | 3       |
|    mac_muladd_8s_8s_32s_32_4_1_U4568            | 1    |        | mul_ln210_382  | mul | dsp48  | 3       |
|    mac_muladd_8s_8s_32s_32_4_1_U4568            | 1    |        | add_ln210_382  | add | dsp48  | 3       |
|    mac_muladd_8s_8s_32s_32_4_1_U4569            | 1    |        | mul_ln210_383  | mul | dsp48  | 3       |
|    mac_muladd_8s_8s_32s_32_4_1_U4569            | 1    |        | add_ln210_383  | add | dsp48  | 3       |
|    mac_muladd_8s_8s_32s_32_4_1_U4570            | 1    |        | mul_ln210_384  | mul | dsp48  | 3       |
|    mac_muladd_8s_8s_32s_32_4_1_U4570            | 1    |        | add_ln210_384  | add | dsp48  | 3       |
|    mac_muladd_8s_8s_32s_32_4_1_U4571            | 1    |        | mul_ln210_385  | mul | dsp48  | 3       |
|    mac_muladd_8s_8s_32s_32_4_1_U4571            | 1    |        | add_ln210_385  | add | dsp48  | 3       |
|    mac_muladd_8s_8s_32s_32_4_1_U4572            | 1    |        | mul_ln210_386  | mul | dsp48  | 3       |
|    mac_muladd_8s_8s_32s_32_4_1_U4572            | 1    |        | add_ln210_386  | add | dsp48  | 3       |
|    mac_muladd_8s_8s_32s_32_4_1_U4573            | 1    |        | mul_ln210_387  | mul | dsp48  | 3       |
|    mac_muladd_8s_8s_32s_32_4_1_U4573            | 1    |        | add_ln210_387  | add | dsp48  | 3       |
|    mac_muladd_8s_8s_32s_32_4_1_U4574            | 1    |        | mul_ln210_388  | mul | dsp48  | 3       |
|    mac_muladd_8s_8s_32s_32_4_1_U4574            | 1    |        | add_ln210_388  | add | dsp48  | 3       |
|    mac_muladd_8s_8s_32s_32_4_1_U4575            | 1    |        | mul_ln210_389  | mul | dsp48  | 3       |
|    mac_muladd_8s_8s_32s_32_4_1_U4575            | 1    |        | add_ln210_389  | add | dsp48  | 3       |
|    mac_muladd_8s_8s_32s_32_4_1_U4576            | 1    |        | mul_ln210_390  | mul | dsp48  | 3       |
|    mac_muladd_8s_8s_32s_32_4_1_U4576            | 1    |        | add_ln210_390  | add | dsp48  | 3       |
|    mac_muladd_8s_8s_32s_32_4_1_U4577            | 1    |        | mul_ln210_391  | mul | dsp48  | 3       |
|    mac_muladd_8s_8s_32s_32_4_1_U4577            | 1    |        | add_ln210_391  | add | dsp48  | 3       |
|    mac_muladd_8s_8s_32s_32_4_1_U4578            | 1    |        | mul_ln210_392  | mul | dsp48  | 3       |
|    mac_muladd_8s_8s_32s_32_4_1_U4578            | 1    |        | add_ln210_392  | add | dsp48  | 3       |
|    mac_muladd_8s_8s_32s_32_4_1_U4579            | 1    |        | mul_ln210_393  | mul | dsp48  | 3       |
|    mac_muladd_8s_8s_32s_32_4_1_U4579            | 1    |        | add_ln210_393  | add | dsp48  | 3       |
|    mac_muladd_8s_8s_32s_32_4_1_U4580            | 1    |        | mul_ln210_394  | mul | dsp48  | 3       |
|    mac_muladd_8s_8s_32s_32_4_1_U4580            | 1    |        | add_ln210_394  | add | dsp48  | 3       |
|    mac_muladd_8s_8s_32s_32_4_1_U4581            | 1    |        | mul_ln210_395  | mul | dsp48  | 3       |
|    mac_muladd_8s_8s_32s_32_4_1_U4581            | 1    |        | add_ln210_395  | add | dsp48  | 3       |
|    mac_muladd_8s_8s_32s_32_4_1_U4582            | 1    |        | mul_ln210_396  | mul | dsp48  | 3       |
|    mac_muladd_8s_8s_32s_32_4_1_U4582            | 1    |        | add_ln210_396  | add | dsp48  | 3       |
|    mac_muladd_8s_8s_32s_32_4_1_U4583            | 1    |        | mul_ln210_397  | mul | dsp48  | 3       |
|    mac_muladd_8s_8s_32s_32_4_1_U4583            | 1    |        | add_ln210_397  | add | dsp48  | 3       |
|    mac_muladd_8s_8s_32s_32_4_1_U4584            | 1    |        | mul_ln210_398  | mul | dsp48  | 3       |
|    mac_muladd_8s_8s_32s_32_4_1_U4584            | 1    |        | add_ln210_398  | add | dsp48  | 3       |
|    mac_muladd_8s_8s_32s_32_4_1_U4585            | 1    |        | mul_ln210_399  | mul | dsp48  | 3       |
|    mac_muladd_8s_8s_32s_32_4_1_U4585            | 1    |        | add_ln210_399  | add | dsp48  | 3       |
|    mac_muladd_8s_8s_32s_32_4_1_U4586            | 1    |        | mul_ln210_400  | mul | dsp48  | 3       |
|    mac_muladd_8s_8s_32s_32_4_1_U4586            | 1    |        | add_ln210_400  | add | dsp48  | 3       |
|    mac_muladd_8s_8s_32s_32_4_1_U4587            | 1    |        | mul_ln210_401  | mul | dsp48  | 3       |
|    mac_muladd_8s_8s_32s_32_4_1_U4587            | 1    |        | add_ln210_401  | add | dsp48  | 3       |
|    mac_muladd_8s_8s_32s_32_4_1_U4588            | 1    |        | mul_ln210_402  | mul | dsp48  | 3       |
|    mac_muladd_8s_8s_32s_32_4_1_U4588            | 1    |        | add_ln210_402  | add | dsp48  | 3       |
|    mac_muladd_8s_8s_32s_32_4_1_U4589            | 1    |        | mul_ln210_403  | mul | dsp48  | 3       |
|    mac_muladd_8s_8s_32s_32_4_1_U4589            | 1    |        | add_ln210_403  | add | dsp48  | 3       |
|    mac_muladd_8s_8s_32s_32_4_1_U4590            | 1    |        | mul_ln210_404  | mul | dsp48  | 3       |
|    mac_muladd_8s_8s_32s_32_4_1_U4590            | 1    |        | add_ln210_404  | add | dsp48  | 3       |
|    mac_muladd_8s_8s_32s_32_4_1_U4591            | 1    |        | mul_ln210_405  | mul | dsp48  | 3       |
|    mac_muladd_8s_8s_32s_32_4_1_U4591            | 1    |        | add_ln210_405  | add | dsp48  | 3       |
|    mac_muladd_8s_8s_32s_32_4_1_U4592            | 1    |        | mul_ln210_406  | mul | dsp48  | 3       |
|    mac_muladd_8s_8s_32s_32_4_1_U4592            | 1    |        | add_ln210_406  | add | dsp48  | 3       |
|    mac_muladd_8s_8s_32s_32_4_1_U4593            | 1    |        | mul_ln210_407  | mul | dsp48  | 3       |
|    mac_muladd_8s_8s_32s_32_4_1_U4593            | 1    |        | add_ln210_407  | add | dsp48  | 3       |
|    mac_muladd_8s_8s_32s_32_4_1_U4594            | 1    |        | mul_ln210_408  | mul | dsp48  | 3       |
|    mac_muladd_8s_8s_32s_32_4_1_U4594            | 1    |        | add_ln210_408  | add | dsp48  | 3       |
|    mac_muladd_8s_8s_32s_32_4_1_U4595            | 1    |        | mul_ln210_409  | mul | dsp48  | 3       |
|    mac_muladd_8s_8s_32s_32_4_1_U4595            | 1    |        | add_ln210_409  | add | dsp48  | 3       |
|    mac_muladd_8s_8s_32s_32_4_1_U4596            | 1    |        | mul_ln210_410  | mul | dsp48  | 3       |
|    mac_muladd_8s_8s_32s_32_4_1_U4596            | 1    |        | add_ln210_410  | add | dsp48  | 3       |
|    mac_muladd_8s_8s_32s_32_4_1_U4597            | 1    |        | mul_ln210_411  | mul | dsp48  | 3       |
|    mac_muladd_8s_8s_32s_32_4_1_U4597            | 1    |        | add_ln210_411  | add | dsp48  | 3       |
|    mac_muladd_8s_8s_32s_32_4_1_U4598            | 1    |        | mul_ln210_412  | mul | dsp48  | 3       |
|    mac_muladd_8s_8s_32s_32_4_1_U4598            | 1    |        | add_ln210_412  | add | dsp48  | 3       |
|    mac_muladd_8s_8s_32s_32_4_1_U4599            | 1    |        | mul_ln210_413  | mul | dsp48  | 3       |
|    mac_muladd_8s_8s_32s_32_4_1_U4599            | 1    |        | add_ln210_413  | add | dsp48  | 3       |
|    mac_muladd_8s_8s_32s_32_4_1_U4600            | 1    |        | mul_ln210_414  | mul | dsp48  | 3       |
|    mac_muladd_8s_8s_32s_32_4_1_U4600            | 1    |        | add_ln210_414  | add | dsp48  | 3       |
|    mac_muladd_8s_8s_32s_32_4_1_U4601            | 1    |        | mul_ln210_415  | mul | dsp48  | 3       |
|    mac_muladd_8s_8s_32s_32_4_1_U4601            | 1    |        | add_ln210_415  | add | dsp48  | 3       |
|    mac_muladd_8s_8s_32s_32_4_1_U4602            | 1    |        | mul_ln210_416  | mul | dsp48  | 3       |
|    mac_muladd_8s_8s_32s_32_4_1_U4602            | 1    |        | add_ln210_416  | add | dsp48  | 3       |
|    mac_muladd_8s_8s_32s_32_4_1_U4603            | 1    |        | mul_ln210_417  | mul | dsp48  | 3       |
|    mac_muladd_8s_8s_32s_32_4_1_U4603            | 1    |        | add_ln210_417  | add | dsp48  | 3       |
|    mac_muladd_8s_8s_32s_32_4_1_U4604            | 1    |        | mul_ln210_418  | mul | dsp48  | 3       |
|    mac_muladd_8s_8s_32s_32_4_1_U4604            | 1    |        | add_ln210_418  | add | dsp48  | 3       |
|    mac_muladd_8s_8s_32s_32_4_1_U4605            | 1    |        | mul_ln210_419  | mul | dsp48  | 3       |
|    mac_muladd_8s_8s_32s_32_4_1_U4605            | 1    |        | add_ln210_419  | add | dsp48  | 3       |
|    mac_muladd_8s_8s_32s_32_4_1_U4606            | 1    |        | mul_ln210_420  | mul | dsp48  | 3       |
|    mac_muladd_8s_8s_32s_32_4_1_U4606            | 1    |        | add_ln210_420  | add | dsp48  | 3       |
|    mac_muladd_8s_8s_32s_32_4_1_U4607            | 1    |        | mul_ln210_421  | mul | dsp48  | 3       |
|    mac_muladd_8s_8s_32s_32_4_1_U4607            | 1    |        | add_ln210_421  | add | dsp48  | 3       |
|    mac_muladd_8s_8s_32s_32_4_1_U4608            | 1    |        | mul_ln210_422  | mul | dsp48  | 3       |
|    mac_muladd_8s_8s_32s_32_4_1_U4608            | 1    |        | add_ln210_422  | add | dsp48  | 3       |
|    mac_muladd_8s_8s_32s_32_4_1_U4609            | 1    |        | mul_ln210_423  | mul | dsp48  | 3       |
|    mac_muladd_8s_8s_32s_32_4_1_U4609            | 1    |        | add_ln210_423  | add | dsp48  | 3       |
|    mac_muladd_8s_8s_32s_32_4_1_U4610            | 1    |        | mul_ln210_424  | mul | dsp48  | 3       |
|    mac_muladd_8s_8s_32s_32_4_1_U4610            | 1    |        | add_ln210_424  | add | dsp48  | 3       |
|    mac_muladd_8s_8s_32s_32_4_1_U4611            | 1    |        | mul_ln210_425  | mul | dsp48  | 3       |
|    mac_muladd_8s_8s_32s_32_4_1_U4611            | 1    |        | add_ln210_425  | add | dsp48  | 3       |
|    mac_muladd_8s_8s_32s_32_4_1_U4612            | 1    |        | mul_ln210_426  | mul | dsp48  | 3       |
|    mac_muladd_8s_8s_32s_32_4_1_U4612            | 1    |        | add_ln210_426  | add | dsp48  | 3       |
|    mac_muladd_8s_8s_32s_32_4_1_U4613            | 1    |        | mul_ln210_427  | mul | dsp48  | 3       |
|    mac_muladd_8s_8s_32s_32_4_1_U4613            | 1    |        | add_ln210_427  | add | dsp48  | 3       |
|    mac_muladd_8s_8s_32s_32_4_1_U4614            | 1    |        | mul_ln210_428  | mul | dsp48  | 3       |
|    mac_muladd_8s_8s_32s_32_4_1_U4614            | 1    |        | add_ln210_428  | add | dsp48  | 3       |
|    mac_muladd_8s_8s_32s_32_4_1_U4615            | 1    |        | mul_ln210_429  | mul | dsp48  | 3       |
|    mac_muladd_8s_8s_32s_32_4_1_U4615            | 1    |        | add_ln210_429  | add | dsp48  | 3       |
|    mac_muladd_8s_8s_32s_32_4_1_U4616            | 1    |        | mul_ln210_430  | mul | dsp48  | 3       |
|    mac_muladd_8s_8s_32s_32_4_1_U4616            | 1    |        | add_ln210_430  | add | dsp48  | 3       |
|    mac_muladd_8s_8s_32s_32_4_1_U4617            | 1    |        | mul_ln210_431  | mul | dsp48  | 3       |
|    mac_muladd_8s_8s_32s_32_4_1_U4617            | 1    |        | add_ln210_431  | add | dsp48  | 3       |
|    mac_muladd_8s_8s_32s_32_4_1_U4618            | 1    |        | mul_ln210_432  | mul | dsp48  | 3       |
|    mac_muladd_8s_8s_32s_32_4_1_U4618            | 1    |        | add_ln210_432  | add | dsp48  | 3       |
|    mac_muladd_8s_8s_32s_32_4_1_U4619            | 1    |        | mul_ln210_433  | mul | dsp48  | 3       |
|    mac_muladd_8s_8s_32s_32_4_1_U4619            | 1    |        | add_ln210_433  | add | dsp48  | 3       |
|    mac_muladd_8s_8s_32s_32_4_1_U4620            | 1    |        | mul_ln210_434  | mul | dsp48  | 3       |
|    mac_muladd_8s_8s_32s_32_4_1_U4620            | 1    |        | add_ln210_434  | add | dsp48  | 3       |
|    mac_muladd_8s_8s_32s_32_4_1_U4621            | 1    |        | mul_ln210_435  | mul | dsp48  | 3       |
|    mac_muladd_8s_8s_32s_32_4_1_U4621            | 1    |        | add_ln210_435  | add | dsp48  | 3       |
|    mac_muladd_8s_8s_32s_32_4_1_U4622            | 1    |        | mul_ln210_436  | mul | dsp48  | 3       |
|    mac_muladd_8s_8s_32s_32_4_1_U4622            | 1    |        | add_ln210_436  | add | dsp48  | 3       |
|    mac_muladd_8s_8s_32s_32_4_1_U4623            | 1    |        | mul_ln210_437  | mul | dsp48  | 3       |
|    mac_muladd_8s_8s_32s_32_4_1_U4623            | 1    |        | add_ln210_437  | add | dsp48  | 3       |
|    mac_muladd_8s_8s_32s_32_4_1_U4624            | 1    |        | mul_ln210_438  | mul | dsp48  | 3       |
|    mac_muladd_8s_8s_32s_32_4_1_U4624            | 1    |        | add_ln210_438  | add | dsp48  | 3       |
|    mac_muladd_8s_8s_32s_32_4_1_U4625            | 1    |        | mul_ln210_439  | mul | dsp48  | 3       |
|    mac_muladd_8s_8s_32s_32_4_1_U4625            | 1    |        | add_ln210_439  | add | dsp48  | 3       |
|    mac_muladd_8s_8s_32s_32_4_1_U4626            | 1    |        | mul_ln210_440  | mul | dsp48  | 3       |
|    mac_muladd_8s_8s_32s_32_4_1_U4626            | 1    |        | add_ln210_440  | add | dsp48  | 3       |
|    mac_muladd_8s_8s_32s_32_4_1_U4627            | 1    |        | mul_ln210_441  | mul | dsp48  | 3       |
|    mac_muladd_8s_8s_32s_32_4_1_U4627            | 1    |        | add_ln210_441  | add | dsp48  | 3       |
|    mac_muladd_8s_8s_32s_32_4_1_U4628            | 1    |        | mul_ln210_442  | mul | dsp48  | 3       |
|    mac_muladd_8s_8s_32s_32_4_1_U4628            | 1    |        | add_ln210_442  | add | dsp48  | 3       |
|    mac_muladd_8s_8s_32s_32_4_1_U4629            | 1    |        | mul_ln210_443  | mul | dsp48  | 3       |
|    mac_muladd_8s_8s_32s_32_4_1_U4629            | 1    |        | add_ln210_443  | add | dsp48  | 3       |
|    mac_muladd_8s_8s_32s_32_4_1_U4630            | 1    |        | mul_ln210_444  | mul | dsp48  | 3       |
|    mac_muladd_8s_8s_32s_32_4_1_U4630            | 1    |        | add_ln210_444  | add | dsp48  | 3       |
|    mac_muladd_8s_8s_32s_32_4_1_U4631            | 1    |        | mul_ln210_445  | mul | dsp48  | 3       |
|    mac_muladd_8s_8s_32s_32_4_1_U4631            | 1    |        | add_ln210_445  | add | dsp48  | 3       |
|    mac_muladd_8s_8s_32s_32_4_1_U4632            | 1    |        | mul_ln210_446  | mul | dsp48  | 3       |
|    mac_muladd_8s_8s_32s_32_4_1_U4632            | 1    |        | add_ln210_446  | add | dsp48  | 3       |
|    mac_muladd_8s_8s_32s_32_4_1_U4633            | 1    |        | mul_ln210_447  | mul | dsp48  | 3       |
|    mac_muladd_8s_8s_32s_32_4_1_U4633            | 1    |        | add_ln210_447  | add | dsp48  | 3       |
|    mac_muladd_8s_8s_32s_32_4_1_U4634            | 1    |        | mul_ln210_448  | mul | dsp48  | 3       |
|    mac_muladd_8s_8s_32s_32_4_1_U4634            | 1    |        | add_ln210_448  | add | dsp48  | 3       |
|    mac_muladd_8s_8s_32s_32_4_1_U4635            | 1    |        | mul_ln210_449  | mul | dsp48  | 3       |
|    mac_muladd_8s_8s_32s_32_4_1_U4635            | 1    |        | add_ln210_449  | add | dsp48  | 3       |
|    mac_muladd_8s_8s_32s_32_4_1_U4636            | 1    |        | mul_ln210_450  | mul | dsp48  | 3       |
|    mac_muladd_8s_8s_32s_32_4_1_U4636            | 1    |        | add_ln210_450  | add | dsp48  | 3       |
|    mac_muladd_8s_8s_32s_32_4_1_U4637            | 1    |        | mul_ln210_451  | mul | dsp48  | 3       |
|    mac_muladd_8s_8s_32s_32_4_1_U4637            | 1    |        | add_ln210_451  | add | dsp48  | 3       |
|    mac_muladd_8s_8s_32s_32_4_1_U4638            | 1    |        | mul_ln210_452  | mul | dsp48  | 3       |
|    mac_muladd_8s_8s_32s_32_4_1_U4638            | 1    |        | add_ln210_452  | add | dsp48  | 3       |
|    mac_muladd_8s_8s_32s_32_4_1_U4639            | 1    |        | mul_ln210_453  | mul | dsp48  | 3       |
|    mac_muladd_8s_8s_32s_32_4_1_U4639            | 1    |        | add_ln210_453  | add | dsp48  | 3       |
|    mac_muladd_8s_8s_32s_32_4_1_U4640            | 1    |        | mul_ln210_454  | mul | dsp48  | 3       |
|    mac_muladd_8s_8s_32s_32_4_1_U4640            | 1    |        | add_ln210_454  | add | dsp48  | 3       |
|    mac_muladd_8s_8s_32s_32_4_1_U4641            | 1    |        | mul_ln210_455  | mul | dsp48  | 3       |
|    mac_muladd_8s_8s_32s_32_4_1_U4641            | 1    |        | add_ln210_455  | add | dsp48  | 3       |
|    mac_muladd_8s_8s_32s_32_4_1_U4642            | 1    |        | mul_ln210_456  | mul | dsp48  | 3       |
|    mac_muladd_8s_8s_32s_32_4_1_U4642            | 1    |        | add_ln210_456  | add | dsp48  | 3       |
|    mac_muladd_8s_8s_32s_32_4_1_U4643            | 1    |        | mul_ln210_457  | mul | dsp48  | 3       |
|    mac_muladd_8s_8s_32s_32_4_1_U4643            | 1    |        | add_ln210_457  | add | dsp48  | 3       |
|    mac_muladd_8s_8s_32s_32_4_1_U4644            | 1    |        | mul_ln210_458  | mul | dsp48  | 3       |
|    mac_muladd_8s_8s_32s_32_4_1_U4644            | 1    |        | add_ln210_458  | add | dsp48  | 3       |
|    mac_muladd_8s_8s_32s_32_4_1_U4645            | 1    |        | mul_ln210_459  | mul | dsp48  | 3       |
|    mac_muladd_8s_8s_32s_32_4_1_U4645            | 1    |        | add_ln210_459  | add | dsp48  | 3       |
|    mac_muladd_8s_8s_32s_32_4_1_U4646            | 1    |        | mul_ln210_460  | mul | dsp48  | 3       |
|    mac_muladd_8s_8s_32s_32_4_1_U4646            | 1    |        | add_ln210_460  | add | dsp48  | 3       |
|    mac_muladd_8s_8s_32s_32_4_1_U4647            | 1    |        | mul_ln210_461  | mul | dsp48  | 3       |
|    mac_muladd_8s_8s_32s_32_4_1_U4647            | 1    |        | add_ln210_461  | add | dsp48  | 3       |
|    mac_muladd_8s_8s_32s_32_4_1_U4648            | 1    |        | mul_ln210_462  | mul | dsp48  | 3       |
|    mac_muladd_8s_8s_32s_32_4_1_U4648            | 1    |        | add_ln210_462  | add | dsp48  | 3       |
|    mac_muladd_8s_8s_32s_32_4_1_U4649            | 1    |        | mul_ln210_463  | mul | dsp48  | 3       |
|    mac_muladd_8s_8s_32s_32_4_1_U4649            | 1    |        | add_ln210_463  | add | dsp48  | 3       |
|    mac_muladd_8s_8s_32s_32_4_1_U4650            | 1    |        | mul_ln210_464  | mul | dsp48  | 3       |
|    mac_muladd_8s_8s_32s_32_4_1_U4650            | 1    |        | add_ln210_464  | add | dsp48  | 3       |
|    mac_muladd_8s_8s_32s_32_4_1_U4651            | 1    |        | mul_ln210_465  | mul | dsp48  | 3       |
|    mac_muladd_8s_8s_32s_32_4_1_U4651            | 1    |        | add_ln210_465  | add | dsp48  | 3       |
|    mac_muladd_8s_8s_32s_32_4_1_U4652            | 1    |        | mul_ln210_466  | mul | dsp48  | 3       |
|    mac_muladd_8s_8s_32s_32_4_1_U4652            | 1    |        | add_ln210_466  | add | dsp48  | 3       |
|    mac_muladd_8s_8s_32s_32_4_1_U4653            | 1    |        | mul_ln210_467  | mul | dsp48  | 3       |
|    mac_muladd_8s_8s_32s_32_4_1_U4653            | 1    |        | add_ln210_467  | add | dsp48  | 3       |
|    mac_muladd_8s_8s_32s_32_4_1_U4654            | 1    |        | mul_ln210_468  | mul | dsp48  | 3       |
|    mac_muladd_8s_8s_32s_32_4_1_U4654            | 1    |        | add_ln210_468  | add | dsp48  | 3       |
|    mac_muladd_8s_8s_32s_32_4_1_U4655            | 1    |        | mul_ln210_469  | mul | dsp48  | 3       |
|    mac_muladd_8s_8s_32s_32_4_1_U4655            | 1    |        | add_ln210_469  | add | dsp48  | 3       |
|    mac_muladd_8s_8s_32s_32_4_1_U4656            | 1    |        | mul_ln210_470  | mul | dsp48  | 3       |
|    mac_muladd_8s_8s_32s_32_4_1_U4656            | 1    |        | add_ln210_470  | add | dsp48  | 3       |
|    mac_muladd_8s_8s_32s_32_4_1_U4657            | 1    |        | mul_ln210_471  | mul | dsp48  | 3       |
|    mac_muladd_8s_8s_32s_32_4_1_U4657            | 1    |        | add_ln210_471  | add | dsp48  | 3       |
|    mac_muladd_8s_8s_32s_32_4_1_U4658            | 1    |        | mul_ln210_472  | mul | dsp48  | 3       |
|    mac_muladd_8s_8s_32s_32_4_1_U4658            | 1    |        | add_ln210_472  | add | dsp48  | 3       |
|    mac_muladd_8s_8s_32s_32_4_1_U4659            | 1    |        | mul_ln210_473  | mul | dsp48  | 3       |
|    mac_muladd_8s_8s_32s_32_4_1_U4659            | 1    |        | add_ln210_473  | add | dsp48  | 3       |
|    mac_muladd_8s_8s_32s_32_4_1_U4660            | 1    |        | mul_ln210_474  | mul | dsp48  | 3       |
|    mac_muladd_8s_8s_32s_32_4_1_U4660            | 1    |        | add_ln210_474  | add | dsp48  | 3       |
|    mac_muladd_8s_8s_32s_32_4_1_U4661            | 1    |        | mul_ln210_475  | mul | dsp48  | 3       |
|    mac_muladd_8s_8s_32s_32_4_1_U4661            | 1    |        | add_ln210_475  | add | dsp48  | 3       |
|    mac_muladd_8s_8s_32s_32_4_1_U4662            | 1    |        | mul_ln210_476  | mul | dsp48  | 3       |
|    mac_muladd_8s_8s_32s_32_4_1_U4662            | 1    |        | add_ln210_476  | add | dsp48  | 3       |
|    mac_muladd_8s_8s_32s_32_4_1_U4663            | 1    |        | mul_ln210_477  | mul | dsp48  | 3       |
|    mac_muladd_8s_8s_32s_32_4_1_U4663            | 1    |        | add_ln210_477  | add | dsp48  | 3       |
|    mac_muladd_8s_8s_32s_32_4_1_U4664            | 1    |        | mul_ln210_478  | mul | dsp48  | 3       |
|    mac_muladd_8s_8s_32s_32_4_1_U4664            | 1    |        | add_ln210_478  | add | dsp48  | 3       |
|    mac_muladd_8s_8s_32s_32_4_1_U4665            | 1    |        | mul_ln210_479  | mul | dsp48  | 3       |
|    mac_muladd_8s_8s_32s_32_4_1_U4665            | 1    |        | add_ln210_479  | add | dsp48  | 3       |
|    mac_muladd_8s_8s_32s_32_4_1_U4666            | 1    |        | mul_ln210_480  | mul | dsp48  | 3       |
|    mac_muladd_8s_8s_32s_32_4_1_U4666            | 1    |        | add_ln210_480  | add | dsp48  | 3       |
|    mac_muladd_8s_8s_32s_32_4_1_U4667            | 1    |        | mul_ln210_481  | mul | dsp48  | 3       |
|    mac_muladd_8s_8s_32s_32_4_1_U4667            | 1    |        | add_ln210_481  | add | dsp48  | 3       |
|    mac_muladd_8s_8s_32s_32_4_1_U4668            | 1    |        | mul_ln210_482  | mul | dsp48  | 3       |
|    mac_muladd_8s_8s_32s_32_4_1_U4668            | 1    |        | add_ln210_482  | add | dsp48  | 3       |
|    mac_muladd_8s_8s_32s_32_4_1_U4669            | 1    |        | mul_ln210_483  | mul | dsp48  | 3       |
|    mac_muladd_8s_8s_32s_32_4_1_U4669            | 1    |        | add_ln210_483  | add | dsp48  | 3       |
|    mac_muladd_8s_8s_32s_32_4_1_U4670            | 1    |        | mul_ln210_484  | mul | dsp48  | 3       |
|    mac_muladd_8s_8s_32s_32_4_1_U4670            | 1    |        | add_ln210_484  | add | dsp48  | 3       |
|    mac_muladd_8s_8s_32s_32_4_1_U4671            | 1    |        | mul_ln210_485  | mul | dsp48  | 3       |
|    mac_muladd_8s_8s_32s_32_4_1_U4671            | 1    |        | add_ln210_485  | add | dsp48  | 3       |
|    mac_muladd_8s_8s_32s_32_4_1_U4672            | 1    |        | mul_ln210_486  | mul | dsp48  | 3       |
|    mac_muladd_8s_8s_32s_32_4_1_U4672            | 1    |        | add_ln210_486  | add | dsp48  | 3       |
|    mac_muladd_8s_8s_32s_32_4_1_U4673            | 1    |        | mul_ln210_487  | mul | dsp48  | 3       |
|    mac_muladd_8s_8s_32s_32_4_1_U4673            | 1    |        | add_ln210_487  | add | dsp48  | 3       |
|    mac_muladd_8s_8s_32s_32_4_1_U4674            | 1    |        | mul_ln210_488  | mul | dsp48  | 3       |
|    mac_muladd_8s_8s_32s_32_4_1_U4674            | 1    |        | add_ln210_488  | add | dsp48  | 3       |
|    mac_muladd_8s_8s_32s_32_4_1_U4675            | 1    |        | mul_ln210_489  | mul | dsp48  | 3       |
|    mac_muladd_8s_8s_32s_32_4_1_U4675            | 1    |        | add_ln210_489  | add | dsp48  | 3       |
|    mac_muladd_8s_8s_32s_32_4_1_U4676            | 1    |        | mul_ln210_490  | mul | dsp48  | 3       |
|    mac_muladd_8s_8s_32s_32_4_1_U4676            | 1    |        | add_ln210_490  | add | dsp48  | 3       |
|    mac_muladd_8s_8s_32s_32_4_1_U4677            | 1    |        | mul_ln210_491  | mul | dsp48  | 3       |
|    mac_muladd_8s_8s_32s_32_4_1_U4677            | 1    |        | add_ln210_491  | add | dsp48  | 3       |
|    mac_muladd_8s_8s_32s_32_4_1_U4678            | 1    |        | mul_ln210_492  | mul | dsp48  | 3       |
|    mac_muladd_8s_8s_32s_32_4_1_U4678            | 1    |        | add_ln210_492  | add | dsp48  | 3       |
|    mac_muladd_8s_8s_32s_32_4_1_U4679            | 1    |        | mul_ln210_493  | mul | dsp48  | 3       |
|    mac_muladd_8s_8s_32s_32_4_1_U4679            | 1    |        | add_ln210_493  | add | dsp48  | 3       |
|    mac_muladd_8s_8s_32s_32_4_1_U4680            | 1    |        | mul_ln210_494  | mul | dsp48  | 3       |
|    mac_muladd_8s_8s_32s_32_4_1_U4680            | 1    |        | add_ln210_494  | add | dsp48  | 3       |
|    mac_muladd_8s_8s_32s_32_4_1_U4681            | 1    |        | mul_ln210_495  | mul | dsp48  | 3       |
|    mac_muladd_8s_8s_32s_32_4_1_U4681            | 1    |        | add_ln210_495  | add | dsp48  | 3       |
|    mac_muladd_8s_8s_32s_32_4_1_U4682            | 1    |        | mul_ln210_496  | mul | dsp48  | 3       |
|    mac_muladd_8s_8s_32s_32_4_1_U4682            | 1    |        | add_ln210_496  | add | dsp48  | 3       |
|    mac_muladd_8s_8s_32s_32_4_1_U4683            | 1    |        | mul_ln210_497  | mul | dsp48  | 3       |
|    mac_muladd_8s_8s_32s_32_4_1_U4683            | 1    |        | add_ln210_497  | add | dsp48  | 3       |
|    mac_muladd_8s_8s_32s_32_4_1_U4684            | 1    |        | mul_ln210_498  | mul | dsp48  | 3       |
|    mac_muladd_8s_8s_32s_32_4_1_U4684            | 1    |        | add_ln210_498  | add | dsp48  | 3       |
|    mac_muladd_8s_8s_32s_32_4_1_U4685            | 1    |        | mul_ln210_499  | mul | dsp48  | 3       |
|    mac_muladd_8s_8s_32s_32_4_1_U4685            | 1    |        | add_ln210_499  | add | dsp48  | 3       |
|    mac_muladd_8s_8s_32s_32_4_1_U4686            | 1    |        | mul_ln210_500  | mul | dsp48  | 3       |
|    mac_muladd_8s_8s_32s_32_4_1_U4686            | 1    |        | add_ln210_500  | add | dsp48  | 3       |
|    mac_muladd_8s_8s_32s_32_4_1_U4687            | 1    |        | mul_ln210_501  | mul | dsp48  | 3       |
|    mac_muladd_8s_8s_32s_32_4_1_U4687            | 1    |        | add_ln210_501  | add | dsp48  | 3       |
|    mac_muladd_8s_8s_32s_32_4_1_U4688            | 1    |        | mul_ln210_502  | mul | dsp48  | 3       |
|    mac_muladd_8s_8s_32s_32_4_1_U4688            | 1    |        | add_ln210_502  | add | dsp48  | 3       |
|    mac_muladd_8s_8s_32s_32_4_1_U4689            | 1    |        | mul_ln210_503  | mul | dsp48  | 3       |
|    mac_muladd_8s_8s_32s_32_4_1_U4689            | 1    |        | add_ln210_503  | add | dsp48  | 3       |
|    mac_muladd_8s_8s_32s_32_4_1_U4690            | 1    |        | mul_ln210_504  | mul | dsp48  | 3       |
|    mac_muladd_8s_8s_32s_32_4_1_U4690            | 1    |        | add_ln210_504  | add | dsp48  | 3       |
|    mac_muladd_8s_8s_32s_32_4_1_U4691            | 1    |        | mul_ln210_505  | mul | dsp48  | 3       |
|    mac_muladd_8s_8s_32s_32_4_1_U4691            | 1    |        | add_ln210_505  | add | dsp48  | 3       |
|    mac_muladd_8s_8s_32s_32_4_1_U4692            | 1    |        | mul_ln210_506  | mul | dsp48  | 3       |
|    mac_muladd_8s_8s_32s_32_4_1_U4692            | 1    |        | add_ln210_506  | add | dsp48  | 3       |
|    mac_muladd_8s_8s_32s_32_4_1_U4693            | 1    |        | mul_ln210_507  | mul | dsp48  | 3       |
|    mac_muladd_8s_8s_32s_32_4_1_U4693            | 1    |        | add_ln210_507  | add | dsp48  | 3       |
|    mac_muladd_8s_8s_32s_32_4_1_U4694            | 1    |        | mul_ln210_508  | mul | dsp48  | 3       |
|    mac_muladd_8s_8s_32s_32_4_1_U4694            | 1    |        | add_ln210_508  | add | dsp48  | 3       |
|    mac_muladd_8s_8s_32s_32_4_1_U4695            | 1    |        | mul_ln210_509  | mul | dsp48  | 3       |
|    mac_muladd_8s_8s_32s_32_4_1_U4695            | 1    |        | add_ln210_509  | add | dsp48  | 3       |
|    mac_muladd_8s_8s_32s_32_4_1_U4696            | 1    |        | mul_ln210_510  | mul | dsp48  | 3       |
|    mac_muladd_8s_8s_32s_32_4_1_U4696            | 1    |        | add_ln210_510  | add | dsp48  | 3       |
|    mac_muladd_8s_8s_32s_32_4_1_U4697            | 1    |        | mul_ln210_511  | mul | dsp48  | 3       |
|    mac_muladd_8s_8s_32s_32_4_1_U4697            | 1    |        | add_ln210_511  | add | dsp48  | 3       |
|    mac_muladd_8s_8s_32s_32_4_1_U4698            | 1    |        | mul_ln210_512  | mul | dsp48  | 3       |
|    mac_muladd_8s_8s_32s_32_4_1_U4698            | 1    |        | add_ln210_512  | add | dsp48  | 3       |
|    mac_muladd_8s_8s_32s_32_4_1_U4699            | 1    |        | mul_ln210_513  | mul | dsp48  | 3       |
|    mac_muladd_8s_8s_32s_32_4_1_U4699            | 1    |        | add_ln210_513  | add | dsp48  | 3       |
|    mac_muladd_8s_8s_32s_32_4_1_U4700            | 1    |        | mul_ln210_514  | mul | dsp48  | 3       |
|    mac_muladd_8s_8s_32s_32_4_1_U4700            | 1    |        | add_ln210_514  | add | dsp48  | 3       |
|    mac_muladd_8s_8s_32s_32_4_1_U4701            | 1    |        | mul_ln210_515  | mul | dsp48  | 3       |
|    mac_muladd_8s_8s_32s_32_4_1_U4701            | 1    |        | add_ln210_515  | add | dsp48  | 3       |
|    mac_muladd_8s_8s_32s_32_4_1_U4702            | 1    |        | mul_ln210_516  | mul | dsp48  | 3       |
|    mac_muladd_8s_8s_32s_32_4_1_U4702            | 1    |        | add_ln210_516  | add | dsp48  | 3       |
|    mac_muladd_8s_8s_32s_32_4_1_U4703            | 1    |        | mul_ln210_517  | mul | dsp48  | 3       |
|    mac_muladd_8s_8s_32s_32_4_1_U4703            | 1    |        | add_ln210_517  | add | dsp48  | 3       |
|    mac_muladd_8s_8s_32s_32_4_1_U4704            | 1    |        | mul_ln210_518  | mul | dsp48  | 3       |
|    mac_muladd_8s_8s_32s_32_4_1_U4704            | 1    |        | add_ln210_518  | add | dsp48  | 3       |
|    mac_muladd_8s_8s_32s_32_4_1_U4705            | 1    |        | mul_ln210_519  | mul | dsp48  | 3       |
|    mac_muladd_8s_8s_32s_32_4_1_U4705            | 1    |        | add_ln210_519  | add | dsp48  | 3       |
|    mac_muladd_8s_8s_32s_32_4_1_U4706            | 1    |        | mul_ln210_520  | mul | dsp48  | 3       |
|    mac_muladd_8s_8s_32s_32_4_1_U4706            | 1    |        | add_ln210_520  | add | dsp48  | 3       |
|    mac_muladd_8s_8s_32s_32_4_1_U4707            | 1    |        | mul_ln210_521  | mul | dsp48  | 3       |
|    mac_muladd_8s_8s_32s_32_4_1_U4707            | 1    |        | add_ln210_521  | add | dsp48  | 3       |
|    mac_muladd_8s_8s_32s_32_4_1_U4708            | 1    |        | mul_ln210_522  | mul | dsp48  | 3       |
|    mac_muladd_8s_8s_32s_32_4_1_U4708            | 1    |        | add_ln210_522  | add | dsp48  | 3       |
|    mac_muladd_8s_8s_32s_32_4_1_U4709            | 1    |        | mul_ln210_523  | mul | dsp48  | 3       |
|    mac_muladd_8s_8s_32s_32_4_1_U4709            | 1    |        | add_ln210_523  | add | dsp48  | 3       |
|    mac_muladd_8s_8s_32s_32_4_1_U4710            | 1    |        | mul_ln210_524  | mul | dsp48  | 3       |
|    mac_muladd_8s_8s_32s_32_4_1_U4710            | 1    |        | add_ln210_524  | add | dsp48  | 3       |
|    mac_muladd_8s_8s_32s_32_4_1_U4711            | 1    |        | mul_ln210_525  | mul | dsp48  | 3       |
|    mac_muladd_8s_8s_32s_32_4_1_U4711            | 1    |        | add_ln210_525  | add | dsp48  | 3       |
|    mac_muladd_8s_8s_32s_32_4_1_U4712            | 1    |        | mul_ln210_526  | mul | dsp48  | 3       |
|    mac_muladd_8s_8s_32s_32_4_1_U4712            | 1    |        | add_ln210_526  | add | dsp48  | 3       |
|    mac_muladd_8s_8s_32s_32_4_1_U4713            | 1    |        | mul_ln210_527  | mul | dsp48  | 3       |
|    mac_muladd_8s_8s_32s_32_4_1_U4713            | 1    |        | add_ln210_527  | add | dsp48  | 3       |
|    mac_muladd_8s_8s_32s_32_4_1_U4714            | 1    |        | mul_ln210_528  | mul | dsp48  | 3       |
|    mac_muladd_8s_8s_32s_32_4_1_U4714            | 1    |        | add_ln210_528  | add | dsp48  | 3       |
|    mac_muladd_8s_8s_32s_32_4_1_U4715            | 1    |        | mul_ln210_529  | mul | dsp48  | 3       |
|    mac_muladd_8s_8s_32s_32_4_1_U4715            | 1    |        | add_ln210_529  | add | dsp48  | 3       |
|    mac_muladd_8s_8s_32s_32_4_1_U4716            | 1    |        | mul_ln210_530  | mul | dsp48  | 3       |
|    mac_muladd_8s_8s_32s_32_4_1_U4716            | 1    |        | add_ln210_530  | add | dsp48  | 3       |
|    mac_muladd_8s_8s_32s_32_4_1_U4717            | 1    |        | mul_ln210_531  | mul | dsp48  | 3       |
|    mac_muladd_8s_8s_32s_32_4_1_U4717            | 1    |        | add_ln210_531  | add | dsp48  | 3       |
|    mac_muladd_8s_8s_32s_32_4_1_U4718            | 1    |        | mul_ln210_532  | mul | dsp48  | 3       |
|    mac_muladd_8s_8s_32s_32_4_1_U4718            | 1    |        | add_ln210_532  | add | dsp48  | 3       |
|    mac_muladd_8s_8s_32s_32_4_1_U4719            | 1    |        | mul_ln210_533  | mul | dsp48  | 3       |
|    mac_muladd_8s_8s_32s_32_4_1_U4719            | 1    |        | add_ln210_533  | add | dsp48  | 3       |
|    mac_muladd_8s_8s_32s_32_4_1_U4720            | 1    |        | mul_ln210_534  | mul | dsp48  | 3       |
|    mac_muladd_8s_8s_32s_32_4_1_U4720            | 1    |        | add_ln210_534  | add | dsp48  | 3       |
|    mac_muladd_8s_8s_32s_32_4_1_U4721            | 1    |        | mul_ln210_535  | mul | dsp48  | 3       |
|    mac_muladd_8s_8s_32s_32_4_1_U4721            | 1    |        | add_ln210_535  | add | dsp48  | 3       |
|    mac_muladd_8s_8s_32s_32_4_1_U4722            | 1    |        | mul_ln210_536  | mul | dsp48  | 3       |
|    mac_muladd_8s_8s_32s_32_4_1_U4722            | 1    |        | add_ln210_536  | add | dsp48  | 3       |
|    mac_muladd_8s_8s_32s_32_4_1_U4723            | 1    |        | mul_ln210_537  | mul | dsp48  | 3       |
|    mac_muladd_8s_8s_32s_32_4_1_U4723            | 1    |        | add_ln210_537  | add | dsp48  | 3       |
|    mac_muladd_8s_8s_32s_32_4_1_U4724            | 1    |        | mul_ln210_538  | mul | dsp48  | 3       |
|    mac_muladd_8s_8s_32s_32_4_1_U4724            | 1    |        | add_ln210_538  | add | dsp48  | 3       |
|    mac_muladd_8s_8s_32s_32_4_1_U4725            | 1    |        | mul_ln210_539  | mul | dsp48  | 3       |
|    mac_muladd_8s_8s_32s_32_4_1_U4725            | 1    |        | add_ln210_539  | add | dsp48  | 3       |
|    mac_muladd_8s_8s_32s_32_4_1_U4726            | 1    |        | mul_ln210_540  | mul | dsp48  | 3       |
|    mac_muladd_8s_8s_32s_32_4_1_U4726            | 1    |        | add_ln210_540  | add | dsp48  | 3       |
|    mac_muladd_8s_8s_32s_32_4_1_U4727            | 1    |        | mul_ln210_541  | mul | dsp48  | 3       |
|    mac_muladd_8s_8s_32s_32_4_1_U4727            | 1    |        | add_ln210_541  | add | dsp48  | 3       |
|    mac_muladd_8s_8s_32s_32_4_1_U4728            | 1    |        | mul_ln210_542  | mul | dsp48  | 3       |
|    mac_muladd_8s_8s_32s_32_4_1_U4728            | 1    |        | add_ln210_542  | add | dsp48  | 3       |
|    mac_muladd_8s_8s_32s_32_4_1_U4729            | 1    |        | mul_ln210_543  | mul | dsp48  | 3       |
|    mac_muladd_8s_8s_32s_32_4_1_U4729            | 1    |        | add_ln210_543  | add | dsp48  | 3       |
|    mac_muladd_8s_8s_32s_32_4_1_U4730            | 1    |        | mul_ln210_544  | mul | dsp48  | 3       |
|    mac_muladd_8s_8s_32s_32_4_1_U4730            | 1    |        | add_ln210_544  | add | dsp48  | 3       |
|    mac_muladd_8s_8s_32s_32_4_1_U4731            | 1    |        | mul_ln210_545  | mul | dsp48  | 3       |
|    mac_muladd_8s_8s_32s_32_4_1_U4731            | 1    |        | add_ln210_545  | add | dsp48  | 3       |
|    mac_muladd_8s_8s_32s_32_4_1_U4732            | 1    |        | mul_ln210_546  | mul | dsp48  | 3       |
|    mac_muladd_8s_8s_32s_32_4_1_U4732            | 1    |        | add_ln210_546  | add | dsp48  | 3       |
|    mac_muladd_8s_8s_32s_32_4_1_U4733            | 1    |        | mul_ln210_547  | mul | dsp48  | 3       |
|    mac_muladd_8s_8s_32s_32_4_1_U4733            | 1    |        | add_ln210_547  | add | dsp48  | 3       |
|    mac_muladd_8s_8s_32s_32_4_1_U4734            | 1    |        | mul_ln210_548  | mul | dsp48  | 3       |
|    mac_muladd_8s_8s_32s_32_4_1_U4734            | 1    |        | add_ln210_548  | add | dsp48  | 3       |
|    mac_muladd_8s_8s_32s_32_4_1_U4735            | 1    |        | mul_ln210_549  | mul | dsp48  | 3       |
|    mac_muladd_8s_8s_32s_32_4_1_U4735            | 1    |        | add_ln210_549  | add | dsp48  | 3       |
|    mac_muladd_8s_8s_32s_32_4_1_U4736            | 1    |        | mul_ln210_550  | mul | dsp48  | 3       |
|    mac_muladd_8s_8s_32s_32_4_1_U4736            | 1    |        | add_ln210_550  | add | dsp48  | 3       |
|    mac_muladd_8s_8s_32s_32_4_1_U4737            | 1    |        | mul_ln210_551  | mul | dsp48  | 3       |
|    mac_muladd_8s_8s_32s_32_4_1_U4737            | 1    |        | add_ln210_551  | add | dsp48  | 3       |
|    mac_muladd_8s_8s_32s_32_4_1_U4738            | 1    |        | mul_ln210_552  | mul | dsp48  | 3       |
|    mac_muladd_8s_8s_32s_32_4_1_U4738            | 1    |        | add_ln210_552  | add | dsp48  | 3       |
|    mac_muladd_8s_8s_32s_32_4_1_U4739            | 1    |        | mul_ln210_553  | mul | dsp48  | 3       |
|    mac_muladd_8s_8s_32s_32_4_1_U4739            | 1    |        | add_ln210_553  | add | dsp48  | 3       |
|    mac_muladd_8s_8s_32s_32_4_1_U4740            | 1    |        | mul_ln210_554  | mul | dsp48  | 3       |
|    mac_muladd_8s_8s_32s_32_4_1_U4740            | 1    |        | add_ln210_554  | add | dsp48  | 3       |
|    mac_muladd_8s_8s_32s_32_4_1_U4741            | 1    |        | mul_ln210_555  | mul | dsp48  | 3       |
|    mac_muladd_8s_8s_32s_32_4_1_U4741            | 1    |        | add_ln210_555  | add | dsp48  | 3       |
|    mac_muladd_8s_8s_32s_32_4_1_U4742            | 1    |        | mul_ln210_556  | mul | dsp48  | 3       |
|    mac_muladd_8s_8s_32s_32_4_1_U4742            | 1    |        | add_ln210_556  | add | dsp48  | 3       |
|    mac_muladd_8s_8s_32s_32_4_1_U4743            | 1    |        | mul_ln210_557  | mul | dsp48  | 3       |
|    mac_muladd_8s_8s_32s_32_4_1_U4743            | 1    |        | add_ln210_557  | add | dsp48  | 3       |
|    mac_muladd_8s_8s_32s_32_4_1_U4744            | 1    |        | mul_ln210_558  | mul | dsp48  | 3       |
|    mac_muladd_8s_8s_32s_32_4_1_U4744            | 1    |        | add_ln210_558  | add | dsp48  | 3       |
|    mac_muladd_8s_8s_32s_32_4_1_U4745            | 1    |        | mul_ln210_559  | mul | dsp48  | 3       |
|    mac_muladd_8s_8s_32s_32_4_1_U4745            | 1    |        | add_ln210_559  | add | dsp48  | 3       |
|    mac_muladd_8s_8s_32s_32_4_1_U4746            | 1    |        | mul_ln210_560  | mul | dsp48  | 3       |
|    mac_muladd_8s_8s_32s_32_4_1_U4746            | 1    |        | add_ln210_560  | add | dsp48  | 3       |
|    mac_muladd_8s_8s_32s_32_4_1_U4747            | 1    |        | mul_ln210_561  | mul | dsp48  | 3       |
|    mac_muladd_8s_8s_32s_32_4_1_U4747            | 1    |        | add_ln210_561  | add | dsp48  | 3       |
|    mac_muladd_8s_8s_32s_32_4_1_U4748            | 1    |        | mul_ln210_562  | mul | dsp48  | 3       |
|    mac_muladd_8s_8s_32s_32_4_1_U4748            | 1    |        | add_ln210_562  | add | dsp48  | 3       |
|    mac_muladd_8s_8s_32s_32_4_1_U4749            | 1    |        | mul_ln210_563  | mul | dsp48  | 3       |
|    mac_muladd_8s_8s_32s_32_4_1_U4749            | 1    |        | add_ln210_563  | add | dsp48  | 3       |
|    mac_muladd_8s_8s_32s_32_4_1_U4750            | 1    |        | mul_ln210_564  | mul | dsp48  | 3       |
|    mac_muladd_8s_8s_32s_32_4_1_U4750            | 1    |        | add_ln210_564  | add | dsp48  | 3       |
|    mac_muladd_8s_8s_32s_32_4_1_U4751            | 1    |        | mul_ln210_565  | mul | dsp48  | 3       |
|    mac_muladd_8s_8s_32s_32_4_1_U4751            | 1    |        | add_ln210_565  | add | dsp48  | 3       |
|    mac_muladd_8s_8s_32s_32_4_1_U4752            | 1    |        | mul_ln210_566  | mul | dsp48  | 3       |
|    mac_muladd_8s_8s_32s_32_4_1_U4752            | 1    |        | add_ln210_566  | add | dsp48  | 3       |
|    mac_muladd_8s_8s_32s_32_4_1_U4753            | 1    |        | mul_ln210_567  | mul | dsp48  | 3       |
|    mac_muladd_8s_8s_32s_32_4_1_U4753            | 1    |        | add_ln210_567  | add | dsp48  | 3       |
|    mac_muladd_8s_8s_32s_32_4_1_U4754            | 1    |        | mul_ln210_568  | mul | dsp48  | 3       |
|    mac_muladd_8s_8s_32s_32_4_1_U4754            | 1    |        | add_ln210_568  | add | dsp48  | 3       |
|    mac_muladd_8s_8s_32s_32_4_1_U4755            | 1    |        | mul_ln210_569  | mul | dsp48  | 3       |
|    mac_muladd_8s_8s_32s_32_4_1_U4755            | 1    |        | add_ln210_569  | add | dsp48  | 3       |
|    mac_muladd_8s_8s_32s_32_4_1_U4756            | 1    |        | mul_ln210_570  | mul | dsp48  | 3       |
|    mac_muladd_8s_8s_32s_32_4_1_U4756            | 1    |        | add_ln210_570  | add | dsp48  | 3       |
|    mac_muladd_8s_8s_32s_32_4_1_U4757            | 1    |        | mul_ln210_571  | mul | dsp48  | 3       |
|    mac_muladd_8s_8s_32s_32_4_1_U4757            | 1    |        | add_ln210_571  | add | dsp48  | 3       |
|    mac_muladd_8s_8s_32s_32_4_1_U4758            | 1    |        | mul_ln210_572  | mul | dsp48  | 3       |
|    mac_muladd_8s_8s_32s_32_4_1_U4758            | 1    |        | add_ln210_572  | add | dsp48  | 3       |
|    mac_muladd_8s_8s_32s_32_4_1_U4759            | 1    |        | mul_ln210_573  | mul | dsp48  | 3       |
|    mac_muladd_8s_8s_32s_32_4_1_U4759            | 1    |        | add_ln210_573  | add | dsp48  | 3       |
|    mac_muladd_8s_8s_32s_32_4_1_U4760            | 1    |        | mul_ln210_574  | mul | dsp48  | 3       |
|    mac_muladd_8s_8s_32s_32_4_1_U4760            | 1    |        | add_ln210_574  | add | dsp48  | 3       |
|    mac_muladd_8s_8s_32s_32_4_1_U4761            | 1    |        | mul_ln210_575  | mul | dsp48  | 3       |
|    mac_muladd_8s_8s_32s_32_4_1_U4761            | 1    |        | add_ln210_575  | add | dsp48  | 3       |
|    mac_muladd_8s_8s_32s_32_4_1_U4762            | 1    |        | mul_ln210_576  | mul | dsp48  | 3       |
|    mac_muladd_8s_8s_32s_32_4_1_U4762            | 1    |        | add_ln210_576  | add | dsp48  | 3       |
|    mac_muladd_8s_8s_32s_32_4_1_U4763            | 1    |        | mul_ln210_577  | mul | dsp48  | 3       |
|    mac_muladd_8s_8s_32s_32_4_1_U4763            | 1    |        | add_ln210_577  | add | dsp48  | 3       |
|    mac_muladd_8s_8s_32s_32_4_1_U4764            | 1    |        | mul_ln210_578  | mul | dsp48  | 3       |
|    mac_muladd_8s_8s_32s_32_4_1_U4764            | 1    |        | add_ln210_578  | add | dsp48  | 3       |
|    mac_muladd_8s_8s_32s_32_4_1_U4765            | 1    |        | mul_ln210_579  | mul | dsp48  | 3       |
|    mac_muladd_8s_8s_32s_32_4_1_U4765            | 1    |        | add_ln210_579  | add | dsp48  | 3       |
|    mac_muladd_8s_8s_32s_32_4_1_U4766            | 1    |        | mul_ln210_580  | mul | dsp48  | 3       |
|    mac_muladd_8s_8s_32s_32_4_1_U4766            | 1    |        | add_ln210_580  | add | dsp48  | 3       |
|    mac_muladd_8s_8s_32s_32_4_1_U4767            | 1    |        | mul_ln210_581  | mul | dsp48  | 3       |
|    mac_muladd_8s_8s_32s_32_4_1_U4767            | 1    |        | add_ln210_581  | add | dsp48  | 3       |
|    mac_muladd_8s_8s_32s_32_4_1_U4768            | 1    |        | mul_ln210_582  | mul | dsp48  | 3       |
|    mac_muladd_8s_8s_32s_32_4_1_U4768            | 1    |        | add_ln210_582  | add | dsp48  | 3       |
|    mac_muladd_8s_8s_32s_32_4_1_U4769            | 1    |        | mul_ln210_583  | mul | dsp48  | 3       |
|    mac_muladd_8s_8s_32s_32_4_1_U4769            | 1    |        | add_ln210_583  | add | dsp48  | 3       |
|    mac_muladd_8s_8s_32s_32_4_1_U4770            | 1    |        | mul_ln210_584  | mul | dsp48  | 3       |
|    mac_muladd_8s_8s_32s_32_4_1_U4770            | 1    |        | add_ln210_584  | add | dsp48  | 3       |
|    mac_muladd_8s_8s_32s_32_4_1_U4771            | 1    |        | mul_ln210_585  | mul | dsp48  | 3       |
|    mac_muladd_8s_8s_32s_32_4_1_U4771            | 1    |        | add_ln210_585  | add | dsp48  | 3       |
|    mac_muladd_8s_8s_32s_32_4_1_U4772            | 1    |        | mul_ln210_586  | mul | dsp48  | 3       |
|    mac_muladd_8s_8s_32s_32_4_1_U4772            | 1    |        | add_ln210_586  | add | dsp48  | 3       |
|    mac_muladd_8s_8s_32s_32_4_1_U4773            | 1    |        | mul_ln210_587  | mul | dsp48  | 3       |
|    mac_muladd_8s_8s_32s_32_4_1_U4773            | 1    |        | add_ln210_587  | add | dsp48  | 3       |
|    mac_muladd_8s_8s_32s_32_4_1_U4774            | 1    |        | mul_ln210_588  | mul | dsp48  | 3       |
|    mac_muladd_8s_8s_32s_32_4_1_U4774            | 1    |        | add_ln210_588  | add | dsp48  | 3       |
|    mac_muladd_8s_8s_32s_32_4_1_U4775            | 1    |        | mul_ln210_589  | mul | dsp48  | 3       |
|    mac_muladd_8s_8s_32s_32_4_1_U4775            | 1    |        | add_ln210_589  | add | dsp48  | 3       |
|    mac_muladd_8s_8s_32s_32_4_1_U4776            | 1    |        | mul_ln210_590  | mul | dsp48  | 3       |
|    mac_muladd_8s_8s_32s_32_4_1_U4776            | 1    |        | add_ln210_590  | add | dsp48  | 3       |
|    mac_muladd_8s_8s_32s_32_4_1_U4777            | 1    |        | mul_ln210_591  | mul | dsp48  | 3       |
|    mac_muladd_8s_8s_32s_32_4_1_U4777            | 1    |        | add_ln210_591  | add | dsp48  | 3       |
|    mac_muladd_8s_8s_32s_32_4_1_U4778            | 1    |        | mul_ln210_592  | mul | dsp48  | 3       |
|    mac_muladd_8s_8s_32s_32_4_1_U4778            | 1    |        | add_ln210_592  | add | dsp48  | 3       |
|    mac_muladd_8s_8s_32s_32_4_1_U4779            | 1    |        | mul_ln210_593  | mul | dsp48  | 3       |
|    mac_muladd_8s_8s_32s_32_4_1_U4779            | 1    |        | add_ln210_593  | add | dsp48  | 3       |
|    mac_muladd_8s_8s_32s_32_4_1_U4780            | 1    |        | mul_ln210_594  | mul | dsp48  | 3       |
|    mac_muladd_8s_8s_32s_32_4_1_U4780            | 1    |        | add_ln210_594  | add | dsp48  | 3       |
|    mac_muladd_8s_8s_32s_32_4_1_U4781            | 1    |        | mul_ln210_595  | mul | dsp48  | 3       |
|    mac_muladd_8s_8s_32s_32_4_1_U4781            | 1    |        | add_ln210_595  | add | dsp48  | 3       |
|    mac_muladd_8s_8s_32s_32_4_1_U4782            | 1    |        | mul_ln210_596  | mul | dsp48  | 3       |
|    mac_muladd_8s_8s_32s_32_4_1_U4782            | 1    |        | add_ln210_596  | add | dsp48  | 3       |
|    mac_muladd_8s_8s_32s_32_4_1_U4783            | 1    |        | mul_ln210_597  | mul | dsp48  | 3       |
|    mac_muladd_8s_8s_32s_32_4_1_U4783            | 1    |        | add_ln210_597  | add | dsp48  | 3       |
|    mac_muladd_8s_8s_32s_32_4_1_U4784            | 1    |        | mul_ln210_598  | mul | dsp48  | 3       |
|    mac_muladd_8s_8s_32s_32_4_1_U4784            | 1    |        | add_ln210_598  | add | dsp48  | 3       |
|    mac_muladd_8s_8s_32s_32_4_1_U4785            | 1    |        | mul_ln210_599  | mul | dsp48  | 3       |
|    mac_muladd_8s_8s_32s_32_4_1_U4785            | 1    |        | add_ln210_599  | add | dsp48  | 3       |
|    mac_muladd_8s_8s_32s_32_4_1_U4786            | 1    |        | mul_ln210_600  | mul | dsp48  | 3       |
|    mac_muladd_8s_8s_32s_32_4_1_U4786            | 1    |        | add_ln210_600  | add | dsp48  | 3       |
|    mac_muladd_8s_8s_32s_32_4_1_U4787            | 1    |        | mul_ln210_601  | mul | dsp48  | 3       |
|    mac_muladd_8s_8s_32s_32_4_1_U4787            | 1    |        | add_ln210_601  | add | dsp48  | 3       |
|    mac_muladd_8s_8s_32s_32_4_1_U4788            | 1    |        | mul_ln210_602  | mul | dsp48  | 3       |
|    mac_muladd_8s_8s_32s_32_4_1_U4788            | 1    |        | add_ln210_602  | add | dsp48  | 3       |
|    mac_muladd_8s_8s_32s_32_4_1_U4789            | 1    |        | mul_ln210_603  | mul | dsp48  | 3       |
|    mac_muladd_8s_8s_32s_32_4_1_U4789            | 1    |        | add_ln210_603  | add | dsp48  | 3       |
|    mac_muladd_8s_8s_32s_32_4_1_U4790            | 1    |        | mul_ln210_604  | mul | dsp48  | 3       |
|    mac_muladd_8s_8s_32s_32_4_1_U4790            | 1    |        | add_ln210_604  | add | dsp48  | 3       |
|    mac_muladd_8s_8s_32s_32_4_1_U4791            | 1    |        | mul_ln210_605  | mul | dsp48  | 3       |
|    mac_muladd_8s_8s_32s_32_4_1_U4791            | 1    |        | add_ln210_605  | add | dsp48  | 3       |
|    mac_muladd_8s_8s_32s_32_4_1_U4792            | 1    |        | mul_ln210_606  | mul | dsp48  | 3       |
|    mac_muladd_8s_8s_32s_32_4_1_U4792            | 1    |        | add_ln210_606  | add | dsp48  | 3       |
|    mac_muladd_8s_8s_32s_32_4_1_U4793            | 1    |        | mul_ln210_607  | mul | dsp48  | 3       |
|    mac_muladd_8s_8s_32s_32_4_1_U4793            | 1    |        | add_ln210_607  | add | dsp48  | 3       |
|    mac_muladd_8s_8s_32s_32_4_1_U4794            | 1    |        | mul_ln210_608  | mul | dsp48  | 3       |
|    mac_muladd_8s_8s_32s_32_4_1_U4794            | 1    |        | add_ln210_608  | add | dsp48  | 3       |
|    mac_muladd_8s_8s_32s_32_4_1_U4795            | 1    |        | mul_ln210_609  | mul | dsp48  | 3       |
|    mac_muladd_8s_8s_32s_32_4_1_U4795            | 1    |        | add_ln210_609  | add | dsp48  | 3       |
|    mac_muladd_8s_8s_32s_32_4_1_U4796            | 1    |        | mul_ln210_610  | mul | dsp48  | 3       |
|    mac_muladd_8s_8s_32s_32_4_1_U4796            | 1    |        | add_ln210_610  | add | dsp48  | 3       |
|    mac_muladd_8s_8s_32s_32_4_1_U4797            | 1    |        | mul_ln210_611  | mul | dsp48  | 3       |
|    mac_muladd_8s_8s_32s_32_4_1_U4797            | 1    |        | add_ln210_611  | add | dsp48  | 3       |
|    mac_muladd_8s_8s_32s_32_4_1_U4798            | 1    |        | mul_ln210_612  | mul | dsp48  | 3       |
|    mac_muladd_8s_8s_32s_32_4_1_U4798            | 1    |        | add_ln210_612  | add | dsp48  | 3       |
|    mac_muladd_8s_8s_32s_32_4_1_U4799            | 1    |        | mul_ln210_613  | mul | dsp48  | 3       |
|    mac_muladd_8s_8s_32s_32_4_1_U4799            | 1    |        | add_ln210_613  | add | dsp48  | 3       |
|    mac_muladd_8s_8s_32s_32_4_1_U4800            | 1    |        | mul_ln210_614  | mul | dsp48  | 3       |
|    mac_muladd_8s_8s_32s_32_4_1_U4800            | 1    |        | add_ln210_614  | add | dsp48  | 3       |
|    mac_muladd_8s_8s_32s_32_4_1_U4801            | 1    |        | mul_ln210_615  | mul | dsp48  | 3       |
|    mac_muladd_8s_8s_32s_32_4_1_U4801            | 1    |        | add_ln210_615  | add | dsp48  | 3       |
|    mac_muladd_8s_8s_32s_32_4_1_U4802            | 1    |        | mul_ln210_616  | mul | dsp48  | 3       |
|    mac_muladd_8s_8s_32s_32_4_1_U4802            | 1    |        | add_ln210_616  | add | dsp48  | 3       |
|    mac_muladd_8s_8s_32s_32_4_1_U4803            | 1    |        | mul_ln210_617  | mul | dsp48  | 3       |
|    mac_muladd_8s_8s_32s_32_4_1_U4803            | 1    |        | add_ln210_617  | add | dsp48  | 3       |
|    mac_muladd_8s_8s_32s_32_4_1_U4804            | 1    |        | mul_ln210_618  | mul | dsp48  | 3       |
|    mac_muladd_8s_8s_32s_32_4_1_U4804            | 1    |        | add_ln210_618  | add | dsp48  | 3       |
|    mac_muladd_8s_8s_32s_32_4_1_U4805            | 1    |        | mul_ln210_619  | mul | dsp48  | 3       |
|    mac_muladd_8s_8s_32s_32_4_1_U4805            | 1    |        | add_ln210_619  | add | dsp48  | 3       |
|    mac_muladd_8s_8s_32s_32_4_1_U4806            | 1    |        | mul_ln210_620  | mul | dsp48  | 3       |
|    mac_muladd_8s_8s_32s_32_4_1_U4806            | 1    |        | add_ln210_620  | add | dsp48  | 3       |
|    mac_muladd_8s_8s_32s_32_4_1_U4807            | 1    |        | mul_ln210_621  | mul | dsp48  | 3       |
|    mac_muladd_8s_8s_32s_32_4_1_U4807            | 1    |        | add_ln210_621  | add | dsp48  | 3       |
|    mac_muladd_8s_8s_32s_32_4_1_U4808            | 1    |        | mul_ln210_622  | mul | dsp48  | 3       |
|    mac_muladd_8s_8s_32s_32_4_1_U4808            | 1    |        | add_ln210_622  | add | dsp48  | 3       |
|    mac_muladd_8s_8s_32s_32_4_1_U4809            | 1    |        | mul_ln210_623  | mul | dsp48  | 3       |
|    mac_muladd_8s_8s_32s_32_4_1_U4809            | 1    |        | add_ln210_623  | add | dsp48  | 3       |
|    mac_muladd_8s_8s_32s_32_4_1_U4810            | 1    |        | mul_ln210_624  | mul | dsp48  | 3       |
|    mac_muladd_8s_8s_32s_32_4_1_U4810            | 1    |        | add_ln210_624  | add | dsp48  | 3       |
|    mac_muladd_8s_8s_32s_32_4_1_U4811            | 1    |        | mul_ln210_625  | mul | dsp48  | 3       |
|    mac_muladd_8s_8s_32s_32_4_1_U4811            | 1    |        | add_ln210_625  | add | dsp48  | 3       |
|    mac_muladd_8s_8s_32s_32_4_1_U4812            | 1    |        | mul_ln210_626  | mul | dsp48  | 3       |
|    mac_muladd_8s_8s_32s_32_4_1_U4812            | 1    |        | add_ln210_626  | add | dsp48  | 3       |
|    mac_muladd_8s_8s_32s_32_4_1_U4813            | 1    |        | mul_ln210_627  | mul | dsp48  | 3       |
|    mac_muladd_8s_8s_32s_32_4_1_U4813            | 1    |        | add_ln210_627  | add | dsp48  | 3       |
|    mac_muladd_8s_8s_32s_32_4_1_U4814            | 1    |        | mul_ln210_628  | mul | dsp48  | 3       |
|    mac_muladd_8s_8s_32s_32_4_1_U4814            | 1    |        | add_ln210_628  | add | dsp48  | 3       |
|    mac_muladd_8s_8s_32s_32_4_1_U4815            | 1    |        | mul_ln210_629  | mul | dsp48  | 3       |
|    mac_muladd_8s_8s_32s_32_4_1_U4815            | 1    |        | add_ln210_629  | add | dsp48  | 3       |
|    mac_muladd_8s_8s_32s_32_4_1_U4816            | 1    |        | mul_ln210_630  | mul | dsp48  | 3       |
|    mac_muladd_8s_8s_32s_32_4_1_U4816            | 1    |        | add_ln210_630  | add | dsp48  | 3       |
|    mac_muladd_8s_8s_32s_32_4_1_U4817            | 1    |        | mul_ln210_631  | mul | dsp48  | 3       |
|    mac_muladd_8s_8s_32s_32_4_1_U4817            | 1    |        | add_ln210_631  | add | dsp48  | 3       |
|    mac_muladd_8s_8s_32s_32_4_1_U4818            | 1    |        | mul_ln210_632  | mul | dsp48  | 3       |
|    mac_muladd_8s_8s_32s_32_4_1_U4818            | 1    |        | add_ln210_632  | add | dsp48  | 3       |
|    mac_muladd_8s_8s_32s_32_4_1_U4819            | 1    |        | mul_ln210_633  | mul | dsp48  | 3       |
|    mac_muladd_8s_8s_32s_32_4_1_U4819            | 1    |        | add_ln210_633  | add | dsp48  | 3       |
|    mac_muladd_8s_8s_32s_32_4_1_U4820            | 1    |        | mul_ln210_634  | mul | dsp48  | 3       |
|    mac_muladd_8s_8s_32s_32_4_1_U4820            | 1    |        | add_ln210_634  | add | dsp48  | 3       |
|    mac_muladd_8s_8s_32s_32_4_1_U4821            | 1    |        | mul_ln210_635  | mul | dsp48  | 3       |
|    mac_muladd_8s_8s_32s_32_4_1_U4821            | 1    |        | add_ln210_635  | add | dsp48  | 3       |
|    mac_muladd_8s_8s_32s_32_4_1_U4822            | 1    |        | mul_ln210_636  | mul | dsp48  | 3       |
|    mac_muladd_8s_8s_32s_32_4_1_U4822            | 1    |        | add_ln210_636  | add | dsp48  | 3       |
|    mac_muladd_8s_8s_32s_32_4_1_U4823            | 1    |        | mul_ln210_637  | mul | dsp48  | 3       |
|    mac_muladd_8s_8s_32s_32_4_1_U4823            | 1    |        | add_ln210_637  | add | dsp48  | 3       |
|    mac_muladd_8s_8s_32s_32_4_1_U4824            | 1    |        | mul_ln210_638  | mul | dsp48  | 3       |
|    mac_muladd_8s_8s_32s_32_4_1_U4824            | 1    |        | add_ln210_638  | add | dsp48  | 3       |
|    mac_muladd_8s_8s_32s_32_4_1_U4825            | 1    |        | mul_ln210_639  | mul | dsp48  | 3       |
|    mac_muladd_8s_8s_32s_32_4_1_U4825            | 1    |        | add_ln210_639  | add | dsp48  | 3       |
|    mac_muladd_8s_8s_32s_32_4_1_U4826            | 1    |        | mul_ln210_640  | mul | dsp48  | 3       |
|    mac_muladd_8s_8s_32s_32_4_1_U4826            | 1    |        | add_ln210_640  | add | dsp48  | 3       |
|    mac_muladd_8s_8s_32s_32_4_1_U4827            | 1    |        | mul_ln210_641  | mul | dsp48  | 3       |
|    mac_muladd_8s_8s_32s_32_4_1_U4827            | 1    |        | add_ln210_641  | add | dsp48  | 3       |
|    mac_muladd_8s_8s_32s_32_4_1_U4828            | 1    |        | mul_ln210_642  | mul | dsp48  | 3       |
|    mac_muladd_8s_8s_32s_32_4_1_U4828            | 1    |        | add_ln210_642  | add | dsp48  | 3       |
|    mac_muladd_8s_8s_32s_32_4_1_U4829            | 1    |        | mul_ln210_643  | mul | dsp48  | 3       |
|    mac_muladd_8s_8s_32s_32_4_1_U4829            | 1    |        | add_ln210_643  | add | dsp48  | 3       |
|    mac_muladd_8s_8s_32s_32_4_1_U4830            | 1    |        | mul_ln210_644  | mul | dsp48  | 3       |
|    mac_muladd_8s_8s_32s_32_4_1_U4830            | 1    |        | add_ln210_644  | add | dsp48  | 3       |
|    mac_muladd_8s_8s_32s_32_4_1_U4831            | 1    |        | mul_ln210_645  | mul | dsp48  | 3       |
|    mac_muladd_8s_8s_32s_32_4_1_U4831            | 1    |        | add_ln210_645  | add | dsp48  | 3       |
|    mac_muladd_8s_8s_32s_32_4_1_U4832            | 1    |        | mul_ln210_646  | mul | dsp48  | 3       |
|    mac_muladd_8s_8s_32s_32_4_1_U4832            | 1    |        | add_ln210_646  | add | dsp48  | 3       |
|    mac_muladd_8s_8s_32s_32_4_1_U4833            | 1    |        | mul_ln210_647  | mul | dsp48  | 3       |
|    mac_muladd_8s_8s_32s_32_4_1_U4833            | 1    |        | add_ln210_647  | add | dsp48  | 3       |
|    mac_muladd_8s_8s_32s_32_4_1_U4834            | 1    |        | mul_ln210_648  | mul | dsp48  | 3       |
|    mac_muladd_8s_8s_32s_32_4_1_U4834            | 1    |        | add_ln210_648  | add | dsp48  | 3       |
|    mac_muladd_8s_8s_32s_32_4_1_U4835            | 1    |        | mul_ln210_649  | mul | dsp48  | 3       |
|    mac_muladd_8s_8s_32s_32_4_1_U4835            | 1    |        | add_ln210_649  | add | dsp48  | 3       |
|    mac_muladd_8s_8s_32s_32_4_1_U4836            | 1    |        | mul_ln210_650  | mul | dsp48  | 3       |
|    mac_muladd_8s_8s_32s_32_4_1_U4836            | 1    |        | add_ln210_650  | add | dsp48  | 3       |
|    mac_muladd_8s_8s_32s_32_4_1_U4837            | 1    |        | mul_ln210_651  | mul | dsp48  | 3       |
|    mac_muladd_8s_8s_32s_32_4_1_U4837            | 1    |        | add_ln210_651  | add | dsp48  | 3       |
|    mac_muladd_8s_8s_32s_32_4_1_U4838            | 1    |        | mul_ln210_652  | mul | dsp48  | 3       |
|    mac_muladd_8s_8s_32s_32_4_1_U4838            | 1    |        | add_ln210_652  | add | dsp48  | 3       |
|    mac_muladd_8s_8s_32s_32_4_1_U4839            | 1    |        | mul_ln210_653  | mul | dsp48  | 3       |
|    mac_muladd_8s_8s_32s_32_4_1_U4839            | 1    |        | add_ln210_653  | add | dsp48  | 3       |
|    mac_muladd_8s_8s_32s_32_4_1_U4840            | 1    |        | mul_ln210_654  | mul | dsp48  | 3       |
|    mac_muladd_8s_8s_32s_32_4_1_U4840            | 1    |        | add_ln210_654  | add | dsp48  | 3       |
|    mac_muladd_8s_8s_32s_32_4_1_U4841            | 1    |        | mul_ln210_655  | mul | dsp48  | 3       |
|    mac_muladd_8s_8s_32s_32_4_1_U4841            | 1    |        | add_ln210_655  | add | dsp48  | 3       |
|    mac_muladd_8s_8s_32s_32_4_1_U4842            | 1    |        | mul_ln210_656  | mul | dsp48  | 3       |
|    mac_muladd_8s_8s_32s_32_4_1_U4842            | 1    |        | add_ln210_656  | add | dsp48  | 3       |
|    mac_muladd_8s_8s_32s_32_4_1_U4843            | 1    |        | mul_ln210_657  | mul | dsp48  | 3       |
|    mac_muladd_8s_8s_32s_32_4_1_U4843            | 1    |        | add_ln210_657  | add | dsp48  | 3       |
|    mac_muladd_8s_8s_32s_32_4_1_U4844            | 1    |        | mul_ln210_658  | mul | dsp48  | 3       |
|    mac_muladd_8s_8s_32s_32_4_1_U4844            | 1    |        | add_ln210_658  | add | dsp48  | 3       |
|    mac_muladd_8s_8s_32s_32_4_1_U4845            | 1    |        | mul_ln210_659  | mul | dsp48  | 3       |
|    mac_muladd_8s_8s_32s_32_4_1_U4845            | 1    |        | add_ln210_659  | add | dsp48  | 3       |
|    mac_muladd_8s_8s_32s_32_4_1_U4846            | 1    |        | mul_ln210_660  | mul | dsp48  | 3       |
|    mac_muladd_8s_8s_32s_32_4_1_U4846            | 1    |        | add_ln210_660  | add | dsp48  | 3       |
|    mac_muladd_8s_8s_32s_32_4_1_U4847            | 1    |        | mul_ln210_661  | mul | dsp48  | 3       |
|    mac_muladd_8s_8s_32s_32_4_1_U4847            | 1    |        | add_ln210_661  | add | dsp48  | 3       |
|    mac_muladd_8s_8s_32s_32_4_1_U4848            | 1    |        | mul_ln210_662  | mul | dsp48  | 3       |
|    mac_muladd_8s_8s_32s_32_4_1_U4848            | 1    |        | add_ln210_662  | add | dsp48  | 3       |
|    mac_muladd_8s_8s_32s_32_4_1_U4849            | 1    |        | mul_ln210_663  | mul | dsp48  | 3       |
|    mac_muladd_8s_8s_32s_32_4_1_U4849            | 1    |        | add_ln210_663  | add | dsp48  | 3       |
|    mac_muladd_8s_8s_32s_32_4_1_U4850            | 1    |        | mul_ln210_664  | mul | dsp48  | 3       |
|    mac_muladd_8s_8s_32s_32_4_1_U4850            | 1    |        | add_ln210_664  | add | dsp48  | 3       |
|    mac_muladd_8s_8s_32s_32_4_1_U4851            | 1    |        | mul_ln210_665  | mul | dsp48  | 3       |
|    mac_muladd_8s_8s_32s_32_4_1_U4851            | 1    |        | add_ln210_665  | add | dsp48  | 3       |
|    mac_muladd_8s_8s_32s_32_4_1_U4852            | 1    |        | mul_ln210_666  | mul | dsp48  | 3       |
|    mac_muladd_8s_8s_32s_32_4_1_U4852            | 1    |        | add_ln210_666  | add | dsp48  | 3       |
|    mac_muladd_8s_8s_32s_32_4_1_U4853            | 1    |        | mul_ln210_667  | mul | dsp48  | 3       |
|    mac_muladd_8s_8s_32s_32_4_1_U4853            | 1    |        | add_ln210_667  | add | dsp48  | 3       |
|    mac_muladd_8s_8s_32s_32_4_1_U4854            | 1    |        | mul_ln210_668  | mul | dsp48  | 3       |
|    mac_muladd_8s_8s_32s_32_4_1_U4854            | 1    |        | add_ln210_668  | add | dsp48  | 3       |
|    mac_muladd_8s_8s_32s_32_4_1_U4855            | 1    |        | mul_ln210_669  | mul | dsp48  | 3       |
|    mac_muladd_8s_8s_32s_32_4_1_U4855            | 1    |        | add_ln210_669  | add | dsp48  | 3       |
|    mac_muladd_8s_8s_32s_32_4_1_U4856            | 1    |        | mul_ln210_670  | mul | dsp48  | 3       |
|    mac_muladd_8s_8s_32s_32_4_1_U4856            | 1    |        | add_ln210_670  | add | dsp48  | 3       |
|    mac_muladd_8s_8s_32s_32_4_1_U4857            | 1    |        | mul_ln210_671  | mul | dsp48  | 3       |
|    mac_muladd_8s_8s_32s_32_4_1_U4857            | 1    |        | add_ln210_671  | add | dsp48  | 3       |
|    mac_muladd_8s_8s_32s_32_4_1_U4858            | 1    |        | mul_ln210_672  | mul | dsp48  | 3       |
|    mac_muladd_8s_8s_32s_32_4_1_U4858            | 1    |        | add_ln210_672  | add | dsp48  | 3       |
|    mac_muladd_8s_8s_32s_32_4_1_U4859            | 1    |        | mul_ln210_673  | mul | dsp48  | 3       |
|    mac_muladd_8s_8s_32s_32_4_1_U4859            | 1    |        | add_ln210_673  | add | dsp48  | 3       |
|    mac_muladd_8s_8s_32s_32_4_1_U4860            | 1    |        | mul_ln210_674  | mul | dsp48  | 3       |
|    mac_muladd_8s_8s_32s_32_4_1_U4860            | 1    |        | add_ln210_674  | add | dsp48  | 3       |
|    mac_muladd_8s_8s_32s_32_4_1_U4861            | 1    |        | mul_ln210_675  | mul | dsp48  | 3       |
|    mac_muladd_8s_8s_32s_32_4_1_U4861            | 1    |        | add_ln210_675  | add | dsp48  | 3       |
|    mac_muladd_8s_8s_32s_32_4_1_U4862            | 1    |        | mul_ln210_676  | mul | dsp48  | 3       |
|    mac_muladd_8s_8s_32s_32_4_1_U4862            | 1    |        | add_ln210_676  | add | dsp48  | 3       |
|    mac_muladd_8s_8s_32s_32_4_1_U4863            | 1    |        | mul_ln210_677  | mul | dsp48  | 3       |
|    mac_muladd_8s_8s_32s_32_4_1_U4863            | 1    |        | add_ln210_677  | add | dsp48  | 3       |
|    mac_muladd_8s_8s_32s_32_4_1_U4864            | 1    |        | mul_ln210_678  | mul | dsp48  | 3       |
|    mac_muladd_8s_8s_32s_32_4_1_U4864            | 1    |        | add_ln210_678  | add | dsp48  | 3       |
|    mac_muladd_8s_8s_32s_32_4_1_U4865            | 1    |        | mul_ln210_679  | mul | dsp48  | 3       |
|    mac_muladd_8s_8s_32s_32_4_1_U4865            | 1    |        | add_ln210_679  | add | dsp48  | 3       |
|    mac_muladd_8s_8s_32s_32_4_1_U4866            | 1    |        | mul_ln210_680  | mul | dsp48  | 3       |
|    mac_muladd_8s_8s_32s_32_4_1_U4866            | 1    |        | add_ln210_680  | add | dsp48  | 3       |
|    mac_muladd_8s_8s_32s_32_4_1_U4867            | 1    |        | mul_ln210_681  | mul | dsp48  | 3       |
|    mac_muladd_8s_8s_32s_32_4_1_U4867            | 1    |        | add_ln210_681  | add | dsp48  | 3       |
|    mac_muladd_8s_8s_32s_32_4_1_U4868            | 1    |        | mul_ln210_682  | mul | dsp48  | 3       |
|    mac_muladd_8s_8s_32s_32_4_1_U4868            | 1    |        | add_ln210_682  | add | dsp48  | 3       |
|    mac_muladd_8s_8s_32s_32_4_1_U4869            | 1    |        | mul_ln210_683  | mul | dsp48  | 3       |
|    mac_muladd_8s_8s_32s_32_4_1_U4869            | 1    |        | add_ln210_683  | add | dsp48  | 3       |
|    mac_muladd_8s_8s_32s_32_4_1_U4870            | 1    |        | mul_ln210_684  | mul | dsp48  | 3       |
|    mac_muladd_8s_8s_32s_32_4_1_U4870            | 1    |        | add_ln210_684  | add | dsp48  | 3       |
|    mac_muladd_8s_8s_32s_32_4_1_U4871            | 1    |        | mul_ln210_685  | mul | dsp48  | 3       |
|    mac_muladd_8s_8s_32s_32_4_1_U4871            | 1    |        | add_ln210_685  | add | dsp48  | 3       |
|    mac_muladd_8s_8s_32s_32_4_1_U4872            | 1    |        | mul_ln210_686  | mul | dsp48  | 3       |
|    mac_muladd_8s_8s_32s_32_4_1_U4872            | 1    |        | add_ln210_686  | add | dsp48  | 3       |
|    mac_muladd_8s_8s_32s_32_4_1_U4873            | 1    |        | mul_ln210_687  | mul | dsp48  | 3       |
|    mac_muladd_8s_8s_32s_32_4_1_U4873            | 1    |        | add_ln210_687  | add | dsp48  | 3       |
|    mac_muladd_8s_8s_32s_32_4_1_U4874            | 1    |        | mul_ln210_688  | mul | dsp48  | 3       |
|    mac_muladd_8s_8s_32s_32_4_1_U4874            | 1    |        | add_ln210_688  | add | dsp48  | 3       |
|    mac_muladd_8s_8s_32s_32_4_1_U4875            | 1    |        | mul_ln210_689  | mul | dsp48  | 3       |
|    mac_muladd_8s_8s_32s_32_4_1_U4875            | 1    |        | add_ln210_689  | add | dsp48  | 3       |
|    mac_muladd_8s_8s_32s_32_4_1_U4876            | 1    |        | mul_ln210_690  | mul | dsp48  | 3       |
|    mac_muladd_8s_8s_32s_32_4_1_U4876            | 1    |        | add_ln210_690  | add | dsp48  | 3       |
|    mac_muladd_8s_8s_32s_32_4_1_U4877            | 1    |        | mul_ln210_691  | mul | dsp48  | 3       |
|    mac_muladd_8s_8s_32s_32_4_1_U4877            | 1    |        | add_ln210_691  | add | dsp48  | 3       |
|    mac_muladd_8s_8s_32s_32_4_1_U4878            | 1    |        | mul_ln210_692  | mul | dsp48  | 3       |
|    mac_muladd_8s_8s_32s_32_4_1_U4878            | 1    |        | add_ln210_692  | add | dsp48  | 3       |
|    mac_muladd_8s_8s_32s_32_4_1_U4879            | 1    |        | mul_ln210_693  | mul | dsp48  | 3       |
|    mac_muladd_8s_8s_32s_32_4_1_U4879            | 1    |        | add_ln210_693  | add | dsp48  | 3       |
|    mac_muladd_8s_8s_32s_32_4_1_U4880            | 1    |        | mul_ln210_694  | mul | dsp48  | 3       |
|    mac_muladd_8s_8s_32s_32_4_1_U4880            | 1    |        | add_ln210_694  | add | dsp48  | 3       |
|    mac_muladd_8s_8s_32s_32_4_1_U4881            | 1    |        | mul_ln210_695  | mul | dsp48  | 3       |
|    mac_muladd_8s_8s_32s_32_4_1_U4881            | 1    |        | add_ln210_695  | add | dsp48  | 3       |
|    mac_muladd_8s_8s_32s_32_4_1_U4882            | 1    |        | mul_ln210_696  | mul | dsp48  | 3       |
|    mac_muladd_8s_8s_32s_32_4_1_U4882            | 1    |        | add_ln210_696  | add | dsp48  | 3       |
|    mac_muladd_8s_8s_32s_32_4_1_U4883            | 1    |        | mul_ln210_697  | mul | dsp48  | 3       |
|    mac_muladd_8s_8s_32s_32_4_1_U4883            | 1    |        | add_ln210_697  | add | dsp48  | 3       |
|    mac_muladd_8s_8s_32s_32_4_1_U4884            | 1    |        | mul_ln210_698  | mul | dsp48  | 3       |
|    mac_muladd_8s_8s_32s_32_4_1_U4884            | 1    |        | add_ln210_698  | add | dsp48  | 3       |
|    mac_muladd_8s_8s_32s_32_4_1_U4885            | 1    |        | mul_ln210_699  | mul | dsp48  | 3       |
|    mac_muladd_8s_8s_32s_32_4_1_U4885            | 1    |        | add_ln210_699  | add | dsp48  | 3       |
|    mac_muladd_8s_8s_32s_32_4_1_U4886            | 1    |        | mul_ln210_700  | mul | dsp48  | 3       |
|    mac_muladd_8s_8s_32s_32_4_1_U4886            | 1    |        | add_ln210_700  | add | dsp48  | 3       |
|    mac_muladd_8s_8s_32s_32_4_1_U4887            | 1    |        | mul_ln210_701  | mul | dsp48  | 3       |
|    mac_muladd_8s_8s_32s_32_4_1_U4887            | 1    |        | add_ln210_701  | add | dsp48  | 3       |
|    mac_muladd_8s_8s_32s_32_4_1_U4888            | 1    |        | mul_ln210_702  | mul | dsp48  | 3       |
|    mac_muladd_8s_8s_32s_32_4_1_U4888            | 1    |        | add_ln210_702  | add | dsp48  | 3       |
|    mac_muladd_8s_8s_32s_32_4_1_U4889            | 1    |        | mul_ln210_703  | mul | dsp48  | 3       |
|    mac_muladd_8s_8s_32s_32_4_1_U4889            | 1    |        | add_ln210_703  | add | dsp48  | 3       |
|    mac_muladd_8s_8s_32s_32_4_1_U4890            | 1    |        | mul_ln210_704  | mul | dsp48  | 3       |
|    mac_muladd_8s_8s_32s_32_4_1_U4890            | 1    |        | add_ln210_704  | add | dsp48  | 3       |
|    mac_muladd_8s_8s_32s_32_4_1_U4891            | 1    |        | mul_ln210_705  | mul | dsp48  | 3       |
|    mac_muladd_8s_8s_32s_32_4_1_U4891            | 1    |        | add_ln210_705  | add | dsp48  | 3       |
|    mac_muladd_8s_8s_32s_32_4_1_U4892            | 1    |        | mul_ln210_706  | mul | dsp48  | 3       |
|    mac_muladd_8s_8s_32s_32_4_1_U4892            | 1    |        | add_ln210_706  | add | dsp48  | 3       |
|    mac_muladd_8s_8s_32s_32_4_1_U4893            | 1    |        | mul_ln210_707  | mul | dsp48  | 3       |
|    mac_muladd_8s_8s_32s_32_4_1_U4893            | 1    |        | add_ln210_707  | add | dsp48  | 3       |
|    mac_muladd_8s_8s_32s_32_4_1_U4894            | 1    |        | mul_ln210_708  | mul | dsp48  | 3       |
|    mac_muladd_8s_8s_32s_32_4_1_U4894            | 1    |        | add_ln210_708  | add | dsp48  | 3       |
|    mac_muladd_8s_8s_32s_32_4_1_U4895            | 1    |        | mul_ln210_709  | mul | dsp48  | 3       |
|    mac_muladd_8s_8s_32s_32_4_1_U4895            | 1    |        | add_ln210_709  | add | dsp48  | 3       |
|    mac_muladd_8s_8s_32s_32_4_1_U4896            | 1    |        | mul_ln210_710  | mul | dsp48  | 3       |
|    mac_muladd_8s_8s_32s_32_4_1_U4896            | 1    |        | add_ln210_710  | add | dsp48  | 3       |
|    mac_muladd_8s_8s_32s_32_4_1_U4897            | 1    |        | mul_ln210_711  | mul | dsp48  | 3       |
|    mac_muladd_8s_8s_32s_32_4_1_U4897            | 1    |        | add_ln210_711  | add | dsp48  | 3       |
|    mac_muladd_8s_8s_32s_32_4_1_U4898            | 1    |        | mul_ln210_712  | mul | dsp48  | 3       |
|    mac_muladd_8s_8s_32s_32_4_1_U4898            | 1    |        | add_ln210_712  | add | dsp48  | 3       |
|    mac_muladd_8s_8s_32s_32_4_1_U4899            | 1    |        | mul_ln210_713  | mul | dsp48  | 3       |
|    mac_muladd_8s_8s_32s_32_4_1_U4899            | 1    |        | add_ln210_713  | add | dsp48  | 3       |
|    mac_muladd_8s_8s_32s_32_4_1_U4900            | 1    |        | mul_ln210_714  | mul | dsp48  | 3       |
|    mac_muladd_8s_8s_32s_32_4_1_U4900            | 1    |        | add_ln210_714  | add | dsp48  | 3       |
|    mac_muladd_8s_8s_32s_32_4_1_U4901            | 1    |        | mul_ln210_715  | mul | dsp48  | 3       |
|    mac_muladd_8s_8s_32s_32_4_1_U4901            | 1    |        | add_ln210_715  | add | dsp48  | 3       |
|    mac_muladd_8s_8s_32s_32_4_1_U4902            | 1    |        | mul_ln210_716  | mul | dsp48  | 3       |
|    mac_muladd_8s_8s_32s_32_4_1_U4902            | 1    |        | add_ln210_716  | add | dsp48  | 3       |
|    mac_muladd_8s_8s_32s_32_4_1_U4903            | 1    |        | mul_ln210_717  | mul | dsp48  | 3       |
|    mac_muladd_8s_8s_32s_32_4_1_U4903            | 1    |        | add_ln210_717  | add | dsp48  | 3       |
|    mac_muladd_8s_8s_32s_32_4_1_U4904            | 1    |        | mul_ln210_718  | mul | dsp48  | 3       |
|    mac_muladd_8s_8s_32s_32_4_1_U4904            | 1    |        | add_ln210_718  | add | dsp48  | 3       |
|    mac_muladd_8s_8s_32s_32_4_1_U4905            | 1    |        | mul_ln210_719  | mul | dsp48  | 3       |
|    mac_muladd_8s_8s_32s_32_4_1_U4905            | 1    |        | add_ln210_719  | add | dsp48  | 3       |
|    mac_muladd_8s_8s_32s_32_4_1_U4906            | 1    |        | mul_ln210_720  | mul | dsp48  | 3       |
|    mac_muladd_8s_8s_32s_32_4_1_U4906            | 1    |        | add_ln210_720  | add | dsp48  | 3       |
|    mac_muladd_8s_8s_32s_32_4_1_U4907            | 1    |        | mul_ln210_721  | mul | dsp48  | 3       |
|    mac_muladd_8s_8s_32s_32_4_1_U4907            | 1    |        | add_ln210_721  | add | dsp48  | 3       |
|    mac_muladd_8s_8s_32s_32_4_1_U4908            | 1    |        | mul_ln210_722  | mul | dsp48  | 3       |
|    mac_muladd_8s_8s_32s_32_4_1_U4908            | 1    |        | add_ln210_722  | add | dsp48  | 3       |
|    mac_muladd_8s_8s_32s_32_4_1_U4909            | 1    |        | mul_ln210_723  | mul | dsp48  | 3       |
|    mac_muladd_8s_8s_32s_32_4_1_U4909            | 1    |        | add_ln210_723  | add | dsp48  | 3       |
|    mac_muladd_8s_8s_32s_32_4_1_U4910            | 1    |        | mul_ln210_724  | mul | dsp48  | 3       |
|    mac_muladd_8s_8s_32s_32_4_1_U4910            | 1    |        | add_ln210_724  | add | dsp48  | 3       |
|    mac_muladd_8s_8s_32s_32_4_1_U4911            | 1    |        | mul_ln210_725  | mul | dsp48  | 3       |
|    mac_muladd_8s_8s_32s_32_4_1_U4911            | 1    |        | add_ln210_725  | add | dsp48  | 3       |
|    mac_muladd_8s_8s_32s_32_4_1_U4912            | 1    |        | mul_ln210_726  | mul | dsp48  | 3       |
|    mac_muladd_8s_8s_32s_32_4_1_U4912            | 1    |        | add_ln210_726  | add | dsp48  | 3       |
|    mac_muladd_8s_8s_32s_32_4_1_U4913            | 1    |        | mul_ln210_727  | mul | dsp48  | 3       |
|    mac_muladd_8s_8s_32s_32_4_1_U4913            | 1    |        | add_ln210_727  | add | dsp48  | 3       |
|    mac_muladd_8s_8s_32s_32_4_1_U4914            | 1    |        | mul_ln210_728  | mul | dsp48  | 3       |
|    mac_muladd_8s_8s_32s_32_4_1_U4914            | 1    |        | add_ln210_728  | add | dsp48  | 3       |
|    mac_muladd_8s_8s_32s_32_4_1_U4915            | 1    |        | mul_ln210_729  | mul | dsp48  | 3       |
|    mac_muladd_8s_8s_32s_32_4_1_U4915            | 1    |        | add_ln210_729  | add | dsp48  | 3       |
|    mac_muladd_8s_8s_32s_32_4_1_U4916            | 1    |        | mul_ln210_730  | mul | dsp48  | 3       |
|    mac_muladd_8s_8s_32s_32_4_1_U4916            | 1    |        | add_ln210_730  | add | dsp48  | 3       |
|    mac_muladd_8s_8s_32s_32_4_1_U4917            | 1    |        | mul_ln210_731  | mul | dsp48  | 3       |
|    mac_muladd_8s_8s_32s_32_4_1_U4917            | 1    |        | add_ln210_731  | add | dsp48  | 3       |
|    mac_muladd_8s_8s_32s_32_4_1_U4918            | 1    |        | mul_ln210_732  | mul | dsp48  | 3       |
|    mac_muladd_8s_8s_32s_32_4_1_U4918            | 1    |        | add_ln210_732  | add | dsp48  | 3       |
|    mac_muladd_8s_8s_32s_32_4_1_U4919            | 1    |        | mul_ln210_733  | mul | dsp48  | 3       |
|    mac_muladd_8s_8s_32s_32_4_1_U4919            | 1    |        | add_ln210_733  | add | dsp48  | 3       |
|    mac_muladd_8s_8s_32s_32_4_1_U4920            | 1    |        | mul_ln210_734  | mul | dsp48  | 3       |
|    mac_muladd_8s_8s_32s_32_4_1_U4920            | 1    |        | add_ln210_734  | add | dsp48  | 3       |
|    mac_muladd_8s_8s_32s_32_4_1_U4921            | 1    |        | mul_ln210_735  | mul | dsp48  | 3       |
|    mac_muladd_8s_8s_32s_32_4_1_U4921            | 1    |        | add_ln210_735  | add | dsp48  | 3       |
|    mac_muladd_8s_8s_32s_32_4_1_U4922            | 1    |        | mul_ln210_736  | mul | dsp48  | 3       |
|    mac_muladd_8s_8s_32s_32_4_1_U4922            | 1    |        | add_ln210_736  | add | dsp48  | 3       |
|    mac_muladd_8s_8s_32s_32_4_1_U4923            | 1    |        | mul_ln210_737  | mul | dsp48  | 3       |
|    mac_muladd_8s_8s_32s_32_4_1_U4923            | 1    |        | add_ln210_737  | add | dsp48  | 3       |
|    mac_muladd_8s_8s_32s_32_4_1_U4924            | 1    |        | mul_ln210_738  | mul | dsp48  | 3       |
|    mac_muladd_8s_8s_32s_32_4_1_U4924            | 1    |        | add_ln210_738  | add | dsp48  | 3       |
|    mac_muladd_8s_8s_32s_32_4_1_U4925            | 1    |        | mul_ln210_739  | mul | dsp48  | 3       |
|    mac_muladd_8s_8s_32s_32_4_1_U4925            | 1    |        | add_ln210_739  | add | dsp48  | 3       |
|    mac_muladd_8s_8s_32s_32_4_1_U4926            | 1    |        | mul_ln210_740  | mul | dsp48  | 3       |
|    mac_muladd_8s_8s_32s_32_4_1_U4926            | 1    |        | add_ln210_740  | add | dsp48  | 3       |
|    mac_muladd_8s_8s_32s_32_4_1_U4927            | 1    |        | mul_ln210_741  | mul | dsp48  | 3       |
|    mac_muladd_8s_8s_32s_32_4_1_U4927            | 1    |        | add_ln210_741  | add | dsp48  | 3       |
|    mac_muladd_8s_8s_32s_32_4_1_U4928            | 1    |        | mul_ln210_742  | mul | dsp48  | 3       |
|    mac_muladd_8s_8s_32s_32_4_1_U4928            | 1    |        | add_ln210_742  | add | dsp48  | 3       |
|    mac_muladd_8s_8s_32s_32_4_1_U4929            | 1    |        | mul_ln210_743  | mul | dsp48  | 3       |
|    mac_muladd_8s_8s_32s_32_4_1_U4929            | 1    |        | add_ln210_743  | add | dsp48  | 3       |
|    mac_muladd_8s_8s_32s_32_4_1_U4930            | 1    |        | mul_ln210_744  | mul | dsp48  | 3       |
|    mac_muladd_8s_8s_32s_32_4_1_U4930            | 1    |        | add_ln210_744  | add | dsp48  | 3       |
|    mac_muladd_8s_8s_32s_32_4_1_U4931            | 1    |        | mul_ln210_745  | mul | dsp48  | 3       |
|    mac_muladd_8s_8s_32s_32_4_1_U4931            | 1    |        | add_ln210_745  | add | dsp48  | 3       |
|    mac_muladd_8s_8s_32s_32_4_1_U4932            | 1    |        | mul_ln210_746  | mul | dsp48  | 3       |
|    mac_muladd_8s_8s_32s_32_4_1_U4932            | 1    |        | add_ln210_746  | add | dsp48  | 3       |
|    mac_muladd_8s_8s_32s_32_4_1_U4933            | 1    |        | mul_ln210_747  | mul | dsp48  | 3       |
|    mac_muladd_8s_8s_32s_32_4_1_U4933            | 1    |        | add_ln210_747  | add | dsp48  | 3       |
|    mac_muladd_8s_8s_32s_32_4_1_U4934            | 1    |        | mul_ln210_748  | mul | dsp48  | 3       |
|    mac_muladd_8s_8s_32s_32_4_1_U4934            | 1    |        | add_ln210_748  | add | dsp48  | 3       |
|    mac_muladd_8s_8s_32s_32_4_1_U4935            | 1    |        | mul_ln210_749  | mul | dsp48  | 3       |
|    mac_muladd_8s_8s_32s_32_4_1_U4935            | 1    |        | add_ln210_749  | add | dsp48  | 3       |
|    mac_muladd_8s_8s_32s_32_4_1_U4936            | 1    |        | mul_ln210_750  | mul | dsp48  | 3       |
|    mac_muladd_8s_8s_32s_32_4_1_U4936            | 1    |        | add_ln210_750  | add | dsp48  | 3       |
|    mac_muladd_8s_8s_32s_32_4_1_U4937            | 1    |        | mul_ln210_751  | mul | dsp48  | 3       |
|    mac_muladd_8s_8s_32s_32_4_1_U4937            | 1    |        | add_ln210_751  | add | dsp48  | 3       |
|    mac_muladd_8s_8s_32s_32_4_1_U4938            | 1    |        | mul_ln210_752  | mul | dsp48  | 3       |
|    mac_muladd_8s_8s_32s_32_4_1_U4938            | 1    |        | add_ln210_752  | add | dsp48  | 3       |
|    mac_muladd_8s_8s_32s_32_4_1_U4939            | 1    |        | mul_ln210_753  | mul | dsp48  | 3       |
|    mac_muladd_8s_8s_32s_32_4_1_U4939            | 1    |        | add_ln210_753  | add | dsp48  | 3       |
|    mac_muladd_8s_8s_32s_32_4_1_U4940            | 1    |        | mul_ln210_754  | mul | dsp48  | 3       |
|    mac_muladd_8s_8s_32s_32_4_1_U4940            | 1    |        | add_ln210_754  | add | dsp48  | 3       |
|    mac_muladd_8s_8s_32s_32_4_1_U4941            | 1    |        | mul_ln210_755  | mul | dsp48  | 3       |
|    mac_muladd_8s_8s_32s_32_4_1_U4941            | 1    |        | add_ln210_755  | add | dsp48  | 3       |
|    mac_muladd_8s_8s_32s_32_4_1_U4942            | 1    |        | mul_ln210_756  | mul | dsp48  | 3       |
|    mac_muladd_8s_8s_32s_32_4_1_U4942            | 1    |        | add_ln210_756  | add | dsp48  | 3       |
|    mac_muladd_8s_8s_32s_32_4_1_U4943            | 1    |        | mul_ln210_757  | mul | dsp48  | 3       |
|    mac_muladd_8s_8s_32s_32_4_1_U4943            | 1    |        | add_ln210_757  | add | dsp48  | 3       |
|    mac_muladd_8s_8s_32s_32_4_1_U4944            | 1    |        | mul_ln210_758  | mul | dsp48  | 3       |
|    mac_muladd_8s_8s_32s_32_4_1_U4944            | 1    |        | add_ln210_758  | add | dsp48  | 3       |
|    mac_muladd_8s_8s_32s_32_4_1_U4945            | 1    |        | mul_ln210_759  | mul | dsp48  | 3       |
|    mac_muladd_8s_8s_32s_32_4_1_U4945            | 1    |        | add_ln210_759  | add | dsp48  | 3       |
|    mac_muladd_8s_8s_32s_32_4_1_U4946            | 1    |        | mul_ln210_760  | mul | dsp48  | 3       |
|    mac_muladd_8s_8s_32s_32_4_1_U4946            | 1    |        | add_ln210_760  | add | dsp48  | 3       |
|    mac_muladd_8s_8s_32s_32_4_1_U4947            | 1    |        | mul_ln210_761  | mul | dsp48  | 3       |
|    mac_muladd_8s_8s_32s_32_4_1_U4947            | 1    |        | add_ln210_761  | add | dsp48  | 3       |
|    mac_muladd_8s_8s_32s_32_4_1_U4948            | 1    |        | mul_ln210_762  | mul | dsp48  | 3       |
|    mac_muladd_8s_8s_32s_32_4_1_U4948            | 1    |        | add_ln210_762  | add | dsp48  | 3       |
|    mac_muladd_8s_8s_32s_32_4_1_U4949            | 1    |        | mul_ln210_763  | mul | dsp48  | 3       |
|    mac_muladd_8s_8s_32s_32_4_1_U4949            | 1    |        | add_ln210_763  | add | dsp48  | 3       |
|    mac_muladd_8s_8s_32s_32_4_1_U4950            | 1    |        | mul_ln210_764  | mul | dsp48  | 3       |
|    mac_muladd_8s_8s_32s_32_4_1_U4950            | 1    |        | add_ln210_764  | add | dsp48  | 3       |
|    mac_muladd_8s_8s_32s_32_4_1_U4951            | 1    |        | mul_ln210_765  | mul | dsp48  | 3       |
|    mac_muladd_8s_8s_32s_32_4_1_U4951            | 1    |        | add_ln210_765  | add | dsp48  | 3       |
|    mac_muladd_8s_8s_32s_32_4_1_U4952            | 1    |        | mul_ln210_766  | mul | dsp48  | 3       |
|    mac_muladd_8s_8s_32s_32_4_1_U4952            | 1    |        | add_ln210_766  | add | dsp48  | 3       |
|    mac_muladd_8s_8s_32s_32_4_1_U4953            | 1    |        | mul_ln210_767  | mul | dsp48  | 3       |
|    mac_muladd_8s_8s_32s_32_4_1_U4953            | 1    |        | add_ln210_767  | add | dsp48  | 3       |
|    mac_muladd_8s_8s_32s_32_4_1_U4954            | 1    |        | mul_ln210_768  | mul | dsp48  | 3       |
|    mac_muladd_8s_8s_32s_32_4_1_U4954            | 1    |        | add_ln210_768  | add | dsp48  | 3       |
|    mac_muladd_8s_8s_32s_32_4_1_U4955            | 1    |        | mul_ln210_769  | mul | dsp48  | 3       |
|    mac_muladd_8s_8s_32s_32_4_1_U4955            | 1    |        | add_ln210_769  | add | dsp48  | 3       |
|    mac_muladd_8s_8s_32s_32_4_1_U4956            | 1    |        | mul_ln210_770  | mul | dsp48  | 3       |
|    mac_muladd_8s_8s_32s_32_4_1_U4956            | 1    |        | add_ln210_770  | add | dsp48  | 3       |
|    mac_muladd_8s_8s_32s_32_4_1_U4957            | 1    |        | mul_ln210_771  | mul | dsp48  | 3       |
|    mac_muladd_8s_8s_32s_32_4_1_U4957            | 1    |        | add_ln210_771  | add | dsp48  | 3       |
|    mac_muladd_8s_8s_32s_32_4_1_U4958            | 1    |        | mul_ln210_772  | mul | dsp48  | 3       |
|    mac_muladd_8s_8s_32s_32_4_1_U4958            | 1    |        | add_ln210_772  | add | dsp48  | 3       |
|    mac_muladd_8s_8s_32s_32_4_1_U4959            | 1    |        | mul_ln210_773  | mul | dsp48  | 3       |
|    mac_muladd_8s_8s_32s_32_4_1_U4959            | 1    |        | add_ln210_773  | add | dsp48  | 3       |
|    mac_muladd_8s_8s_32s_32_4_1_U4960            | 1    |        | mul_ln210_774  | mul | dsp48  | 3       |
|    mac_muladd_8s_8s_32s_32_4_1_U4960            | 1    |        | add_ln210_774  | add | dsp48  | 3       |
|    mac_muladd_8s_8s_32s_32_4_1_U4961            | 1    |        | mul_ln210_775  | mul | dsp48  | 3       |
|    mac_muladd_8s_8s_32s_32_4_1_U4961            | 1    |        | add_ln210_775  | add | dsp48  | 3       |
|    mac_muladd_8s_8s_32s_32_4_1_U4962            | 1    |        | mul_ln210_776  | mul | dsp48  | 3       |
|    mac_muladd_8s_8s_32s_32_4_1_U4962            | 1    |        | add_ln210_776  | add | dsp48  | 3       |
|    mac_muladd_8s_8s_32s_32_4_1_U4963            | 1    |        | mul_ln210_777  | mul | dsp48  | 3       |
|    mac_muladd_8s_8s_32s_32_4_1_U4963            | 1    |        | add_ln210_777  | add | dsp48  | 3       |
|    mac_muladd_8s_8s_32s_32_4_1_U4964            | 1    |        | mul_ln210_778  | mul | dsp48  | 3       |
|    mac_muladd_8s_8s_32s_32_4_1_U4964            | 1    |        | add_ln210_778  | add | dsp48  | 3       |
|    mac_muladd_8s_8s_32s_32_4_1_U4965            | 1    |        | mul_ln210_779  | mul | dsp48  | 3       |
|    mac_muladd_8s_8s_32s_32_4_1_U4965            | 1    |        | add_ln210_779  | add | dsp48  | 3       |
|    mac_muladd_8s_8s_32s_32_4_1_U4966            | 1    |        | mul_ln210_780  | mul | dsp48  | 3       |
|    mac_muladd_8s_8s_32s_32_4_1_U4966            | 1    |        | add_ln210_780  | add | dsp48  | 3       |
|    mac_muladd_8s_8s_32s_32_4_1_U4967            | 1    |        | mul_ln210_781  | mul | dsp48  | 3       |
|    mac_muladd_8s_8s_32s_32_4_1_U4967            | 1    |        | add_ln210_781  | add | dsp48  | 3       |
|    mac_muladd_8s_8s_32s_32_4_1_U4968            | 1    |        | mul_ln210_782  | mul | dsp48  | 3       |
|    mac_muladd_8s_8s_32s_32_4_1_U4968            | 1    |        | add_ln210_782  | add | dsp48  | 3       |
|    mac_muladd_8s_8s_32s_32_4_1_U4969            | 1    |        | mul_ln210_783  | mul | dsp48  | 3       |
|    mac_muladd_8s_8s_32s_32_4_1_U4969            | 1    |        | add_ln210_783  | add | dsp48  | 3       |
|    mac_muladd_8s_8s_32s_32_4_1_U4970            | 1    |        | mul_ln210_784  | mul | dsp48  | 3       |
|    mac_muladd_8s_8s_32s_32_4_1_U4970            | 1    |        | add_ln210_784  | add | dsp48  | 3       |
|    mac_muladd_8s_8s_32s_32_4_1_U4971            | 1    |        | mul_ln210_785  | mul | dsp48  | 3       |
|    mac_muladd_8s_8s_32s_32_4_1_U4971            | 1    |        | add_ln210_785  | add | dsp48  | 3       |
|    mac_muladd_8s_8s_32s_32_4_1_U4972            | 1    |        | mul_ln210_786  | mul | dsp48  | 3       |
|    mac_muladd_8s_8s_32s_32_4_1_U4972            | 1    |        | add_ln210_786  | add | dsp48  | 3       |
|    mac_muladd_8s_8s_32s_32_4_1_U4973            | 1    |        | mul_ln210_787  | mul | dsp48  | 3       |
|    mac_muladd_8s_8s_32s_32_4_1_U4973            | 1    |        | add_ln210_787  | add | dsp48  | 3       |
|    mac_muladd_8s_8s_32s_32_4_1_U4974            | 1    |        | mul_ln210_788  | mul | dsp48  | 3       |
|    mac_muladd_8s_8s_32s_32_4_1_U4974            | 1    |        | add_ln210_788  | add | dsp48  | 3       |
|    mac_muladd_8s_8s_32s_32_4_1_U4975            | 1    |        | mul_ln210_789  | mul | dsp48  | 3       |
|    mac_muladd_8s_8s_32s_32_4_1_U4975            | 1    |        | add_ln210_789  | add | dsp48  | 3       |
|    mac_muladd_8s_8s_32s_32_4_1_U4976            | 1    |        | mul_ln210_790  | mul | dsp48  | 3       |
|    mac_muladd_8s_8s_32s_32_4_1_U4976            | 1    |        | add_ln210_790  | add | dsp48  | 3       |
|    mac_muladd_8s_8s_32s_32_4_1_U4977            | 1    |        | mul_ln210_791  | mul | dsp48  | 3       |
|    mac_muladd_8s_8s_32s_32_4_1_U4977            | 1    |        | add_ln210_791  | add | dsp48  | 3       |
|    mac_muladd_8s_8s_32s_32_4_1_U4978            | 1    |        | mul_ln210_792  | mul | dsp48  | 3       |
|    mac_muladd_8s_8s_32s_32_4_1_U4978            | 1    |        | add_ln210_792  | add | dsp48  | 3       |
|    mac_muladd_8s_8s_32s_32_4_1_U4979            | 1    |        | mul_ln210_793  | mul | dsp48  | 3       |
|    mac_muladd_8s_8s_32s_32_4_1_U4979            | 1    |        | add_ln210_793  | add | dsp48  | 3       |
|    mac_muladd_8s_8s_32s_32_4_1_U4980            | 1    |        | mul_ln210_794  | mul | dsp48  | 3       |
|    mac_muladd_8s_8s_32s_32_4_1_U4980            | 1    |        | add_ln210_794  | add | dsp48  | 3       |
|    mac_muladd_8s_8s_32s_32_4_1_U4981            | 1    |        | mul_ln210_795  | mul | dsp48  | 3       |
|    mac_muladd_8s_8s_32s_32_4_1_U4981            | 1    |        | add_ln210_795  | add | dsp48  | 3       |
|    mac_muladd_8s_8s_32s_32_4_1_U4982            | 1    |        | mul_ln210_796  | mul | dsp48  | 3       |
|    mac_muladd_8s_8s_32s_32_4_1_U4982            | 1    |        | add_ln210_796  | add | dsp48  | 3       |
|    mac_muladd_8s_8s_32s_32_4_1_U4983            | 1    |        | mul_ln210_797  | mul | dsp48  | 3       |
|    mac_muladd_8s_8s_32s_32_4_1_U4983            | 1    |        | add_ln210_797  | add | dsp48  | 3       |
|    mac_muladd_8s_8s_32s_32_4_1_U4984            | 1    |        | mul_ln210_798  | mul | dsp48  | 3       |
|    mac_muladd_8s_8s_32s_32_4_1_U4984            | 1    |        | add_ln210_798  | add | dsp48  | 3       |
|    mac_muladd_8s_8s_32s_32_4_1_U4985            | 1    |        | mul_ln210_799  | mul | dsp48  | 3       |
|    mac_muladd_8s_8s_32s_32_4_1_U4985            | 1    |        | add_ln210_799  | add | dsp48  | 3       |
|    mac_muladd_8s_8s_32s_32_4_1_U4986            | 1    |        | mul_ln210_800  | mul | dsp48  | 3       |
|    mac_muladd_8s_8s_32s_32_4_1_U4986            | 1    |        | add_ln210_800  | add | dsp48  | 3       |
|    mac_muladd_8s_8s_32s_32_4_1_U4987            | 1    |        | mul_ln210_801  | mul | dsp48  | 3       |
|    mac_muladd_8s_8s_32s_32_4_1_U4987            | 1    |        | add_ln210_801  | add | dsp48  | 3       |
|    mac_muladd_8s_8s_32s_32_4_1_U4988            | 1    |        | mul_ln210_802  | mul | dsp48  | 3       |
|    mac_muladd_8s_8s_32s_32_4_1_U4988            | 1    |        | add_ln210_802  | add | dsp48  | 3       |
|    mac_muladd_8s_8s_32s_32_4_1_U4989            | 1    |        | mul_ln210_803  | mul | dsp48  | 3       |
|    mac_muladd_8s_8s_32s_32_4_1_U4989            | 1    |        | add_ln210_803  | add | dsp48  | 3       |
|    mac_muladd_8s_8s_32s_32_4_1_U4990            | 1    |        | mul_ln210_804  | mul | dsp48  | 3       |
|    mac_muladd_8s_8s_32s_32_4_1_U4990            | 1    |        | add_ln210_804  | add | dsp48  | 3       |
|    mac_muladd_8s_8s_32s_32_4_1_U4991            | 1    |        | mul_ln210_805  | mul | dsp48  | 3       |
|    mac_muladd_8s_8s_32s_32_4_1_U4991            | 1    |        | add_ln210_805  | add | dsp48  | 3       |
|    mac_muladd_8s_8s_32s_32_4_1_U4992            | 1    |        | mul_ln210_806  | mul | dsp48  | 3       |
|    mac_muladd_8s_8s_32s_32_4_1_U4992            | 1    |        | add_ln210_806  | add | dsp48  | 3       |
|    mac_muladd_8s_8s_32s_32_4_1_U4993            | 1    |        | mul_ln210_807  | mul | dsp48  | 3       |
|    mac_muladd_8s_8s_32s_32_4_1_U4993            | 1    |        | add_ln210_807  | add | dsp48  | 3       |
|    mac_muladd_8s_8s_32s_32_4_1_U4994            | 1    |        | mul_ln210_808  | mul | dsp48  | 3       |
|    mac_muladd_8s_8s_32s_32_4_1_U4994            | 1    |        | add_ln210_808  | add | dsp48  | 3       |
|    mac_muladd_8s_8s_32s_32_4_1_U4995            | 1    |        | mul_ln210_809  | mul | dsp48  | 3       |
|    mac_muladd_8s_8s_32s_32_4_1_U4995            | 1    |        | add_ln210_809  | add | dsp48  | 3       |
|    mac_muladd_8s_8s_32s_32_4_1_U4996            | 1    |        | mul_ln210_810  | mul | dsp48  | 3       |
|    mac_muladd_8s_8s_32s_32_4_1_U4996            | 1    |        | add_ln210_810  | add | dsp48  | 3       |
|    mac_muladd_8s_8s_32s_32_4_1_U4997            | 1    |        | mul_ln210_811  | mul | dsp48  | 3       |
|    mac_muladd_8s_8s_32s_32_4_1_U4997            | 1    |        | add_ln210_811  | add | dsp48  | 3       |
|    mac_muladd_8s_8s_32s_32_4_1_U4998            | 1    |        | mul_ln210_812  | mul | dsp48  | 3       |
|    mac_muladd_8s_8s_32s_32_4_1_U4998            | 1    |        | add_ln210_812  | add | dsp48  | 3       |
|    mac_muladd_8s_8s_32s_32_4_1_U4999            | 1    |        | mul_ln210_813  | mul | dsp48  | 3       |
|    mac_muladd_8s_8s_32s_32_4_1_U4999            | 1    |        | add_ln210_813  | add | dsp48  | 3       |
|    mac_muladd_8s_8s_32s_32_4_1_U5000            | 1    |        | mul_ln210_814  | mul | dsp48  | 3       |
|    mac_muladd_8s_8s_32s_32_4_1_U5000            | 1    |        | add_ln210_814  | add | dsp48  | 3       |
|    mac_muladd_8s_8s_32s_32_4_1_U5001            | 1    |        | mul_ln210_815  | mul | dsp48  | 3       |
|    mac_muladd_8s_8s_32s_32_4_1_U5001            | 1    |        | add_ln210_815  | add | dsp48  | 3       |
|    mac_muladd_8s_8s_32s_32_4_1_U5002            | 1    |        | mul_ln210_816  | mul | dsp48  | 3       |
|    mac_muladd_8s_8s_32s_32_4_1_U5002            | 1    |        | add_ln210_816  | add | dsp48  | 3       |
|    mac_muladd_8s_8s_32s_32_4_1_U5003            | 1    |        | mul_ln210_817  | mul | dsp48  | 3       |
|    mac_muladd_8s_8s_32s_32_4_1_U5003            | 1    |        | add_ln210_817  | add | dsp48  | 3       |
|    mac_muladd_8s_8s_32s_32_4_1_U5004            | 1    |        | mul_ln210_818  | mul | dsp48  | 3       |
|    mac_muladd_8s_8s_32s_32_4_1_U5004            | 1    |        | add_ln210_818  | add | dsp48  | 3       |
|    mac_muladd_8s_8s_32s_32_4_1_U5005            | 1    |        | mul_ln210_819  | mul | dsp48  | 3       |
|    mac_muladd_8s_8s_32s_32_4_1_U5005            | 1    |        | add_ln210_819  | add | dsp48  | 3       |
|    mac_muladd_8s_8s_32s_32_4_1_U5006            | 1    |        | mul_ln210_820  | mul | dsp48  | 3       |
|    mac_muladd_8s_8s_32s_32_4_1_U5006            | 1    |        | add_ln210_820  | add | dsp48  | 3       |
|    mac_muladd_8s_8s_32s_32_4_1_U5007            | 1    |        | mul_ln210_821  | mul | dsp48  | 3       |
|    mac_muladd_8s_8s_32s_32_4_1_U5007            | 1    |        | add_ln210_821  | add | dsp48  | 3       |
|    mac_muladd_8s_8s_32s_32_4_1_U5008            | 1    |        | mul_ln210_822  | mul | dsp48  | 3       |
|    mac_muladd_8s_8s_32s_32_4_1_U5008            | 1    |        | add_ln210_822  | add | dsp48  | 3       |
|    mac_muladd_8s_8s_32s_32_4_1_U5009            | 1    |        | mul_ln210_823  | mul | dsp48  | 3       |
|    mac_muladd_8s_8s_32s_32_4_1_U5009            | 1    |        | add_ln210_823  | add | dsp48  | 3       |
|    mac_muladd_8s_8s_32s_32_4_1_U5010            | 1    |        | mul_ln210_824  | mul | dsp48  | 3       |
|    mac_muladd_8s_8s_32s_32_4_1_U5010            | 1    |        | add_ln210_824  | add | dsp48  | 3       |
|    mac_muladd_8s_8s_32s_32_4_1_U5011            | 1    |        | mul_ln210_825  | mul | dsp48  | 3       |
|    mac_muladd_8s_8s_32s_32_4_1_U5011            | 1    |        | add_ln210_825  | add | dsp48  | 3       |
|    mac_muladd_8s_8s_32s_32_4_1_U5012            | 1    |        | mul_ln210_826  | mul | dsp48  | 3       |
|    mac_muladd_8s_8s_32s_32_4_1_U5012            | 1    |        | add_ln210_826  | add | dsp48  | 3       |
|    mac_muladd_8s_8s_32s_32_4_1_U5013            | 1    |        | mul_ln210_827  | mul | dsp48  | 3       |
|    mac_muladd_8s_8s_32s_32_4_1_U5013            | 1    |        | add_ln210_827  | add | dsp48  | 3       |
|    mac_muladd_8s_8s_32s_32_4_1_U5014            | 1    |        | mul_ln210_828  | mul | dsp48  | 3       |
|    mac_muladd_8s_8s_32s_32_4_1_U5014            | 1    |        | add_ln210_828  | add | dsp48  | 3       |
|    mac_muladd_8s_8s_32s_32_4_1_U5015            | 1    |        | mul_ln210_829  | mul | dsp48  | 3       |
|    mac_muladd_8s_8s_32s_32_4_1_U5015            | 1    |        | add_ln210_829  | add | dsp48  | 3       |
|    mac_muladd_8s_8s_32s_32_4_1_U5016            | 1    |        | mul_ln210_830  | mul | dsp48  | 3       |
|    mac_muladd_8s_8s_32s_32_4_1_U5016            | 1    |        | add_ln210_830  | add | dsp48  | 3       |
|    mac_muladd_8s_8s_32s_32_4_1_U5017            | 1    |        | mul_ln210_831  | mul | dsp48  | 3       |
|    mac_muladd_8s_8s_32s_32_4_1_U5017            | 1    |        | add_ln210_831  | add | dsp48  | 3       |
|    mac_muladd_8s_8s_32s_32_4_1_U5018            | 1    |        | mul_ln210_832  | mul | dsp48  | 3       |
|    mac_muladd_8s_8s_32s_32_4_1_U5018            | 1    |        | add_ln210_832  | add | dsp48  | 3       |
|    mac_muladd_8s_8s_32s_32_4_1_U5019            | 1    |        | mul_ln210_833  | mul | dsp48  | 3       |
|    mac_muladd_8s_8s_32s_32_4_1_U5019            | 1    |        | add_ln210_833  | add | dsp48  | 3       |
|    mac_muladd_8s_8s_32s_32_4_1_U5020            | 1    |        | mul_ln210_834  | mul | dsp48  | 3       |
|    mac_muladd_8s_8s_32s_32_4_1_U5020            | 1    |        | add_ln210_834  | add | dsp48  | 3       |
|    mac_muladd_8s_8s_32s_32_4_1_U5021            | 1    |        | mul_ln210_835  | mul | dsp48  | 3       |
|    mac_muladd_8s_8s_32s_32_4_1_U5021            | 1    |        | add_ln210_835  | add | dsp48  | 3       |
|    mac_muladd_8s_8s_32s_32_4_1_U5022            | 1    |        | mul_ln210_836  | mul | dsp48  | 3       |
|    mac_muladd_8s_8s_32s_32_4_1_U5022            | 1    |        | add_ln210_836  | add | dsp48  | 3       |
|    mac_muladd_8s_8s_32s_32_4_1_U5023            | 1    |        | mul_ln210_837  | mul | dsp48  | 3       |
|    mac_muladd_8s_8s_32s_32_4_1_U5023            | 1    |        | add_ln210_837  | add | dsp48  | 3       |
|    mac_muladd_8s_8s_32s_32_4_1_U5024            | 1    |        | mul_ln210_838  | mul | dsp48  | 3       |
|    mac_muladd_8s_8s_32s_32_4_1_U5024            | 1    |        | add_ln210_838  | add | dsp48  | 3       |
|    mac_muladd_8s_8s_32s_32_4_1_U5025            | 1    |        | mul_ln210_839  | mul | dsp48  | 3       |
|    mac_muladd_8s_8s_32s_32_4_1_U5025            | 1    |        | add_ln210_839  | add | dsp48  | 3       |
|    mac_muladd_8s_8s_32s_32_4_1_U5026            | 1    |        | mul_ln210_840  | mul | dsp48  | 3       |
|    mac_muladd_8s_8s_32s_32_4_1_U5026            | 1    |        | add_ln210_840  | add | dsp48  | 3       |
|    mac_muladd_8s_8s_32s_32_4_1_U5027            | 1    |        | mul_ln210_841  | mul | dsp48  | 3       |
|    mac_muladd_8s_8s_32s_32_4_1_U5027            | 1    |        | add_ln210_841  | add | dsp48  | 3       |
|    mac_muladd_8s_8s_32s_32_4_1_U5028            | 1    |        | mul_ln210_842  | mul | dsp48  | 3       |
|    mac_muladd_8s_8s_32s_32_4_1_U5028            | 1    |        | add_ln210_842  | add | dsp48  | 3       |
|    mac_muladd_8s_8s_32s_32_4_1_U5029            | 1    |        | mul_ln210_843  | mul | dsp48  | 3       |
|    mac_muladd_8s_8s_32s_32_4_1_U5029            | 1    |        | add_ln210_843  | add | dsp48  | 3       |
|    mac_muladd_8s_8s_32s_32_4_1_U5030            | 1    |        | mul_ln210_844  | mul | dsp48  | 3       |
|    mac_muladd_8s_8s_32s_32_4_1_U5030            | 1    |        | add_ln210_844  | add | dsp48  | 3       |
|    mac_muladd_8s_8s_32s_32_4_1_U5031            | 1    |        | mul_ln210_845  | mul | dsp48  | 3       |
|    mac_muladd_8s_8s_32s_32_4_1_U5031            | 1    |        | add_ln210_845  | add | dsp48  | 3       |
|    mac_muladd_8s_8s_32s_32_4_1_U5032            | 1    |        | mul_ln210_846  | mul | dsp48  | 3       |
|    mac_muladd_8s_8s_32s_32_4_1_U5032            | 1    |        | add_ln210_846  | add | dsp48  | 3       |
|    mac_muladd_8s_8s_32s_32_4_1_U5033            | 1    |        | mul_ln210_847  | mul | dsp48  | 3       |
|    mac_muladd_8s_8s_32s_32_4_1_U5033            | 1    |        | add_ln210_847  | add | dsp48  | 3       |
|    mac_muladd_8s_8s_32s_32_4_1_U5034            | 1    |        | mul_ln210_848  | mul | dsp48  | 3       |
|    mac_muladd_8s_8s_32s_32_4_1_U5034            | 1    |        | add_ln210_848  | add | dsp48  | 3       |
|    mac_muladd_8s_8s_32s_32_4_1_U5035            | 1    |        | mul_ln210_849  | mul | dsp48  | 3       |
|    mac_muladd_8s_8s_32s_32_4_1_U5035            | 1    |        | add_ln210_849  | add | dsp48  | 3       |
|    mac_muladd_8s_8s_32s_32_4_1_U5036            | 1    |        | mul_ln210_850  | mul | dsp48  | 3       |
|    mac_muladd_8s_8s_32s_32_4_1_U5036            | 1    |        | add_ln210_850  | add | dsp48  | 3       |
|    mac_muladd_8s_8s_32s_32_4_1_U5037            | 1    |        | mul_ln210_851  | mul | dsp48  | 3       |
|    mac_muladd_8s_8s_32s_32_4_1_U5037            | 1    |        | add_ln210_851  | add | dsp48  | 3       |
|    mac_muladd_8s_8s_32s_32_4_1_U5038            | 1    |        | mul_ln210_852  | mul | dsp48  | 3       |
|    mac_muladd_8s_8s_32s_32_4_1_U5038            | 1    |        | add_ln210_852  | add | dsp48  | 3       |
|    mac_muladd_8s_8s_32s_32_4_1_U5039            | 1    |        | mul_ln210_853  | mul | dsp48  | 3       |
|    mac_muladd_8s_8s_32s_32_4_1_U5039            | 1    |        | add_ln210_853  | add | dsp48  | 3       |
|    mac_muladd_8s_8s_32s_32_4_1_U5040            | 1    |        | mul_ln210_854  | mul | dsp48  | 3       |
|    mac_muladd_8s_8s_32s_32_4_1_U5040            | 1    |        | add_ln210_854  | add | dsp48  | 3       |
|    mac_muladd_8s_8s_32s_32_4_1_U5041            | 1    |        | mul_ln210_855  | mul | dsp48  | 3       |
|    mac_muladd_8s_8s_32s_32_4_1_U5041            | 1    |        | add_ln210_855  | add | dsp48  | 3       |
|    mac_muladd_8s_8s_32s_32_4_1_U5042            | 1    |        | mul_ln210_856  | mul | dsp48  | 3       |
|    mac_muladd_8s_8s_32s_32_4_1_U5042            | 1    |        | add_ln210_856  | add | dsp48  | 3       |
|    mac_muladd_8s_8s_32s_32_4_1_U5043            | 1    |        | mul_ln210_857  | mul | dsp48  | 3       |
|    mac_muladd_8s_8s_32s_32_4_1_U5043            | 1    |        | add_ln210_857  | add | dsp48  | 3       |
|    mac_muladd_8s_8s_32s_32_4_1_U5044            | 1    |        | mul_ln210_858  | mul | dsp48  | 3       |
|    mac_muladd_8s_8s_32s_32_4_1_U5044            | 1    |        | add_ln210_858  | add | dsp48  | 3       |
|    mac_muladd_8s_8s_32s_32_4_1_U5045            | 1    |        | mul_ln210_859  | mul | dsp48  | 3       |
|    mac_muladd_8s_8s_32s_32_4_1_U5045            | 1    |        | add_ln210_859  | add | dsp48  | 3       |
|    mac_muladd_8s_8s_32s_32_4_1_U5046            | 1    |        | mul_ln210_860  | mul | dsp48  | 3       |
|    mac_muladd_8s_8s_32s_32_4_1_U5046            | 1    |        | add_ln210_860  | add | dsp48  | 3       |
|    mac_muladd_8s_8s_32s_32_4_1_U5047            | 1    |        | mul_ln210_861  | mul | dsp48  | 3       |
|    mac_muladd_8s_8s_32s_32_4_1_U5047            | 1    |        | add_ln210_861  | add | dsp48  | 3       |
|    mac_muladd_8s_8s_32s_32_4_1_U5048            | 1    |        | mul_ln210_862  | mul | dsp48  | 3       |
|    mac_muladd_8s_8s_32s_32_4_1_U5048            | 1    |        | add_ln210_862  | add | dsp48  | 3       |
|    mac_muladd_8s_8s_32s_32_4_1_U5049            | 1    |        | mul_ln210_863  | mul | dsp48  | 3       |
|    mac_muladd_8s_8s_32s_32_4_1_U5049            | 1    |        | add_ln210_863  | add | dsp48  | 3       |
|    mac_muladd_8s_8s_32s_32_4_1_U5050            | 1    |        | mul_ln210_864  | mul | dsp48  | 3       |
|    mac_muladd_8s_8s_32s_32_4_1_U5050            | 1    |        | add_ln210_864  | add | dsp48  | 3       |
|    mac_muladd_8s_8s_32s_32_4_1_U5051            | 1    |        | mul_ln210_865  | mul | dsp48  | 3       |
|    mac_muladd_8s_8s_32s_32_4_1_U5051            | 1    |        | add_ln210_865  | add | dsp48  | 3       |
|    mac_muladd_8s_8s_32s_32_4_1_U5052            | 1    |        | mul_ln210_866  | mul | dsp48  | 3       |
|    mac_muladd_8s_8s_32s_32_4_1_U5052            | 1    |        | add_ln210_866  | add | dsp48  | 3       |
|    mac_muladd_8s_8s_32s_32_4_1_U5053            | 1    |        | mul_ln210_867  | mul | dsp48  | 3       |
|    mac_muladd_8s_8s_32s_32_4_1_U5053            | 1    |        | add_ln210_867  | add | dsp48  | 3       |
|    mac_muladd_8s_8s_32s_32_4_1_U5054            | 1    |        | mul_ln210_868  | mul | dsp48  | 3       |
|    mac_muladd_8s_8s_32s_32_4_1_U5054            | 1    |        | add_ln210_868  | add | dsp48  | 3       |
|    mac_muladd_8s_8s_32s_32_4_1_U5055            | 1    |        | mul_ln210_869  | mul | dsp48  | 3       |
|    mac_muladd_8s_8s_32s_32_4_1_U5055            | 1    |        | add_ln210_869  | add | dsp48  | 3       |
|    mac_muladd_8s_8s_32s_32_4_1_U5056            | 1    |        | mul_ln210_870  | mul | dsp48  | 3       |
|    mac_muladd_8s_8s_32s_32_4_1_U5056            | 1    |        | add_ln210_870  | add | dsp48  | 3       |
|    mac_muladd_8s_8s_32s_32_4_1_U5057            | 1    |        | mul_ln210_871  | mul | dsp48  | 3       |
|    mac_muladd_8s_8s_32s_32_4_1_U5057            | 1    |        | add_ln210_871  | add | dsp48  | 3       |
|    mac_muladd_8s_8s_32s_32_4_1_U5058            | 1    |        | mul_ln210_872  | mul | dsp48  | 3       |
|    mac_muladd_8s_8s_32s_32_4_1_U5058            | 1    |        | add_ln210_872  | add | dsp48  | 3       |
|    mac_muladd_8s_8s_32s_32_4_1_U5059            | 1    |        | mul_ln210_873  | mul | dsp48  | 3       |
|    mac_muladd_8s_8s_32s_32_4_1_U5059            | 1    |        | add_ln210_873  | add | dsp48  | 3       |
|    mac_muladd_8s_8s_32s_32_4_1_U5060            | 1    |        | mul_ln210_874  | mul | dsp48  | 3       |
|    mac_muladd_8s_8s_32s_32_4_1_U5060            | 1    |        | add_ln210_874  | add | dsp48  | 3       |
|    mac_muladd_8s_8s_32s_32_4_1_U5061            | 1    |        | mul_ln210_875  | mul | dsp48  | 3       |
|    mac_muladd_8s_8s_32s_32_4_1_U5061            | 1    |        | add_ln210_875  | add | dsp48  | 3       |
|    mac_muladd_8s_8s_32s_32_4_1_U5062            | 1    |        | mul_ln210_876  | mul | dsp48  | 3       |
|    mac_muladd_8s_8s_32s_32_4_1_U5062            | 1    |        | add_ln210_876  | add | dsp48  | 3       |
|    mac_muladd_8s_8s_32s_32_4_1_U5063            | 1    |        | mul_ln210_877  | mul | dsp48  | 3       |
|    mac_muladd_8s_8s_32s_32_4_1_U5063            | 1    |        | add_ln210_877  | add | dsp48  | 3       |
|    mac_muladd_8s_8s_32s_32_4_1_U5064            | 1    |        | mul_ln210_878  | mul | dsp48  | 3       |
|    mac_muladd_8s_8s_32s_32_4_1_U5064            | 1    |        | add_ln210_878  | add | dsp48  | 3       |
|    mac_muladd_8s_8s_32s_32_4_1_U5065            | 1    |        | mul_ln210_879  | mul | dsp48  | 3       |
|    mac_muladd_8s_8s_32s_32_4_1_U5065            | 1    |        | add_ln210_879  | add | dsp48  | 3       |
|    mac_muladd_8s_8s_32s_32_4_1_U5066            | 1    |        | mul_ln210_880  | mul | dsp48  | 3       |
|    mac_muladd_8s_8s_32s_32_4_1_U5066            | 1    |        | add_ln210_880  | add | dsp48  | 3       |
|    mac_muladd_8s_8s_32s_32_4_1_U5067            | 1    |        | mul_ln210_881  | mul | dsp48  | 3       |
|    mac_muladd_8s_8s_32s_32_4_1_U5067            | 1    |        | add_ln210_881  | add | dsp48  | 3       |
|    mac_muladd_8s_8s_32s_32_4_1_U5068            | 1    |        | mul_ln210_882  | mul | dsp48  | 3       |
|    mac_muladd_8s_8s_32s_32_4_1_U5068            | 1    |        | add_ln210_882  | add | dsp48  | 3       |
|    mac_muladd_8s_8s_32s_32_4_1_U5069            | 1    |        | mul_ln210_883  | mul | dsp48  | 3       |
|    mac_muladd_8s_8s_32s_32_4_1_U5069            | 1    |        | add_ln210_883  | add | dsp48  | 3       |
|    mac_muladd_8s_8s_32s_32_4_1_U5070            | 1    |        | mul_ln210_884  | mul | dsp48  | 3       |
|    mac_muladd_8s_8s_32s_32_4_1_U5070            | 1    |        | add_ln210_884  | add | dsp48  | 3       |
|    mac_muladd_8s_8s_32s_32_4_1_U5071            | 1    |        | mul_ln210_885  | mul | dsp48  | 3       |
|    mac_muladd_8s_8s_32s_32_4_1_U5071            | 1    |        | add_ln210_885  | add | dsp48  | 3       |
|    mac_muladd_8s_8s_32s_32_4_1_U5072            | 1    |        | mul_ln210_886  | mul | dsp48  | 3       |
|    mac_muladd_8s_8s_32s_32_4_1_U5072            | 1    |        | add_ln210_886  | add | dsp48  | 3       |
|    mac_muladd_8s_8s_32s_32_4_1_U5073            | 1    |        | mul_ln210_887  | mul | dsp48  | 3       |
|    mac_muladd_8s_8s_32s_32_4_1_U5073            | 1    |        | add_ln210_887  | add | dsp48  | 3       |
|    mac_muladd_8s_8s_32s_32_4_1_U5074            | 1    |        | mul_ln210_888  | mul | dsp48  | 3       |
|    mac_muladd_8s_8s_32s_32_4_1_U5074            | 1    |        | add_ln210_888  | add | dsp48  | 3       |
|    mac_muladd_8s_8s_32s_32_4_1_U5075            | 1    |        | mul_ln210_889  | mul | dsp48  | 3       |
|    mac_muladd_8s_8s_32s_32_4_1_U5075            | 1    |        | add_ln210_889  | add | dsp48  | 3       |
|    mac_muladd_8s_8s_32s_32_4_1_U5076            | 1    |        | mul_ln210_890  | mul | dsp48  | 3       |
|    mac_muladd_8s_8s_32s_32_4_1_U5076            | 1    |        | add_ln210_890  | add | dsp48  | 3       |
|    mac_muladd_8s_8s_32s_32_4_1_U5077            | 1    |        | mul_ln210_891  | mul | dsp48  | 3       |
|    mac_muladd_8s_8s_32s_32_4_1_U5077            | 1    |        | add_ln210_891  | add | dsp48  | 3       |
|    mac_muladd_8s_8s_32s_32_4_1_U5078            | 1    |        | mul_ln210_892  | mul | dsp48  | 3       |
|    mac_muladd_8s_8s_32s_32_4_1_U5078            | 1    |        | add_ln210_892  | add | dsp48  | 3       |
|    mac_muladd_8s_8s_32s_32_4_1_U5079            | 1    |        | mul_ln210_893  | mul | dsp48  | 3       |
|    mac_muladd_8s_8s_32s_32_4_1_U5079            | 1    |        | add_ln210_893  | add | dsp48  | 3       |
|    mac_muladd_8s_8s_32s_32_4_1_U5080            | 1    |        | mul_ln210_894  | mul | dsp48  | 3       |
|    mac_muladd_8s_8s_32s_32_4_1_U5080            | 1    |        | add_ln210_894  | add | dsp48  | 3       |
|    mac_muladd_8s_8s_32s_32_4_1_U5081            | 1    |        | mul_ln210_895  | mul | dsp48  | 3       |
|    mac_muladd_8s_8s_32s_32_4_1_U5081            | 1    |        | add_ln210_895  | add | dsp48  | 3       |
|    mac_muladd_8s_8s_32s_32_4_1_U5082            | 1    |        | mul_ln210_896  | mul | dsp48  | 3       |
|    mac_muladd_8s_8s_32s_32_4_1_U5082            | 1    |        | add_ln210_896  | add | dsp48  | 3       |
|    mac_muladd_8s_8s_32s_32_4_1_U5083            | 1    |        | mul_ln210_897  | mul | dsp48  | 3       |
|    mac_muladd_8s_8s_32s_32_4_1_U5083            | 1    |        | add_ln210_897  | add | dsp48  | 3       |
|    mac_muladd_8s_8s_32s_32_4_1_U5084            | 1    |        | mul_ln210_898  | mul | dsp48  | 3       |
|    mac_muladd_8s_8s_32s_32_4_1_U5084            | 1    |        | add_ln210_898  | add | dsp48  | 3       |
|    mac_muladd_8s_8s_32s_32_4_1_U5085            | 1    |        | mul_ln210_899  | mul | dsp48  | 3       |
|    mac_muladd_8s_8s_32s_32_4_1_U5085            | 1    |        | add_ln210_899  | add | dsp48  | 3       |
|    mac_muladd_8s_8s_32s_32_4_1_U5086            | 1    |        | mul_ln210_900  | mul | dsp48  | 3       |
|    mac_muladd_8s_8s_32s_32_4_1_U5086            | 1    |        | add_ln210_900  | add | dsp48  | 3       |
|    mac_muladd_8s_8s_32s_32_4_1_U5087            | 1    |        | mul_ln210_901  | mul | dsp48  | 3       |
|    mac_muladd_8s_8s_32s_32_4_1_U5087            | 1    |        | add_ln210_901  | add | dsp48  | 3       |
|    mac_muladd_8s_8s_32s_32_4_1_U5088            | 1    |        | mul_ln210_902  | mul | dsp48  | 3       |
|    mac_muladd_8s_8s_32s_32_4_1_U5088            | 1    |        | add_ln210_902  | add | dsp48  | 3       |
|    mac_muladd_8s_8s_32s_32_4_1_U5089            | 1    |        | mul_ln210_903  | mul | dsp48  | 3       |
|    mac_muladd_8s_8s_32s_32_4_1_U5089            | 1    |        | add_ln210_903  | add | dsp48  | 3       |
|    mac_muladd_8s_8s_32s_32_4_1_U5090            | 1    |        | mul_ln210_904  | mul | dsp48  | 3       |
|    mac_muladd_8s_8s_32s_32_4_1_U5090            | 1    |        | add_ln210_904  | add | dsp48  | 3       |
|    mac_muladd_8s_8s_32s_32_4_1_U5091            | 1    |        | mul_ln210_905  | mul | dsp48  | 3       |
|    mac_muladd_8s_8s_32s_32_4_1_U5091            | 1    |        | add_ln210_905  | add | dsp48  | 3       |
|    mac_muladd_8s_8s_32s_32_4_1_U5092            | 1    |        | mul_ln210_906  | mul | dsp48  | 3       |
|    mac_muladd_8s_8s_32s_32_4_1_U5092            | 1    |        | add_ln210_906  | add | dsp48  | 3       |
|    mac_muladd_8s_8s_32s_32_4_1_U5093            | 1    |        | mul_ln210_907  | mul | dsp48  | 3       |
|    mac_muladd_8s_8s_32s_32_4_1_U5093            | 1    |        | add_ln210_907  | add | dsp48  | 3       |
|    mac_muladd_8s_8s_32s_32_4_1_U5094            | 1    |        | mul_ln210_908  | mul | dsp48  | 3       |
|    mac_muladd_8s_8s_32s_32_4_1_U5094            | 1    |        | add_ln210_908  | add | dsp48  | 3       |
|    mac_muladd_8s_8s_32s_32_4_1_U5095            | 1    |        | mul_ln210_909  | mul | dsp48  | 3       |
|    mac_muladd_8s_8s_32s_32_4_1_U5095            | 1    |        | add_ln210_909  | add | dsp48  | 3       |
|    mac_muladd_8s_8s_32s_32_4_1_U5096            | 1    |        | mul_ln210_910  | mul | dsp48  | 3       |
|    mac_muladd_8s_8s_32s_32_4_1_U5096            | 1    |        | add_ln210_910  | add | dsp48  | 3       |
|    mac_muladd_8s_8s_32s_32_4_1_U5097            | 1    |        | mul_ln210_911  | mul | dsp48  | 3       |
|    mac_muladd_8s_8s_32s_32_4_1_U5097            | 1    |        | add_ln210_911  | add | dsp48  | 3       |
|    mac_muladd_8s_8s_32s_32_4_1_U5098            | 1    |        | mul_ln210_912  | mul | dsp48  | 3       |
|    mac_muladd_8s_8s_32s_32_4_1_U5098            | 1    |        | add_ln210_912  | add | dsp48  | 3       |
|    mac_muladd_8s_8s_32s_32_4_1_U5099            | 1    |        | mul_ln210_913  | mul | dsp48  | 3       |
|    mac_muladd_8s_8s_32s_32_4_1_U5099            | 1    |        | add_ln210_913  | add | dsp48  | 3       |
|    mac_muladd_8s_8s_32s_32_4_1_U5100            | 1    |        | mul_ln210_914  | mul | dsp48  | 3       |
|    mac_muladd_8s_8s_32s_32_4_1_U5100            | 1    |        | add_ln210_914  | add | dsp48  | 3       |
|    mac_muladd_8s_8s_32s_32_4_1_U5101            | 1    |        | mul_ln210_915  | mul | dsp48  | 3       |
|    mac_muladd_8s_8s_32s_32_4_1_U5101            | 1    |        | add_ln210_915  | add | dsp48  | 3       |
|    mac_muladd_8s_8s_32s_32_4_1_U5102            | 1    |        | mul_ln210_916  | mul | dsp48  | 3       |
|    mac_muladd_8s_8s_32s_32_4_1_U5102            | 1    |        | add_ln210_916  | add | dsp48  | 3       |
|    mac_muladd_8s_8s_32s_32_4_1_U5103            | 1    |        | mul_ln210_917  | mul | dsp48  | 3       |
|    mac_muladd_8s_8s_32s_32_4_1_U5103            | 1    |        | add_ln210_917  | add | dsp48  | 3       |
|    mac_muladd_8s_8s_32s_32_4_1_U5104            | 1    |        | mul_ln210_918  | mul | dsp48  | 3       |
|    mac_muladd_8s_8s_32s_32_4_1_U5104            | 1    |        | add_ln210_918  | add | dsp48  | 3       |
|    mac_muladd_8s_8s_32s_32_4_1_U5105            | 1    |        | mul_ln210_919  | mul | dsp48  | 3       |
|    mac_muladd_8s_8s_32s_32_4_1_U5105            | 1    |        | add_ln210_919  | add | dsp48  | 3       |
|    mac_muladd_8s_8s_32s_32_4_1_U5106            | 1    |        | mul_ln210_920  | mul | dsp48  | 3       |
|    mac_muladd_8s_8s_32s_32_4_1_U5106            | 1    |        | add_ln210_920  | add | dsp48  | 3       |
|    mac_muladd_8s_8s_32s_32_4_1_U5107            | 1    |        | mul_ln210_921  | mul | dsp48  | 3       |
|    mac_muladd_8s_8s_32s_32_4_1_U5107            | 1    |        | add_ln210_921  | add | dsp48  | 3       |
|    mac_muladd_8s_8s_32s_32_4_1_U5108            | 1    |        | mul_ln210_922  | mul | dsp48  | 3       |
|    mac_muladd_8s_8s_32s_32_4_1_U5108            | 1    |        | add_ln210_922  | add | dsp48  | 3       |
|    mac_muladd_8s_8s_32s_32_4_1_U5109            | 1    |        | mul_ln210_923  | mul | dsp48  | 3       |
|    mac_muladd_8s_8s_32s_32_4_1_U5109            | 1    |        | add_ln210_923  | add | dsp48  | 3       |
|    mac_muladd_8s_8s_32s_32_4_1_U5110            | 1    |        | mul_ln210_924  | mul | dsp48  | 3       |
|    mac_muladd_8s_8s_32s_32_4_1_U5110            | 1    |        | add_ln210_924  | add | dsp48  | 3       |
|    mac_muladd_8s_8s_32s_32_4_1_U5111            | 1    |        | mul_ln210_925  | mul | dsp48  | 3       |
|    mac_muladd_8s_8s_32s_32_4_1_U5111            | 1    |        | add_ln210_925  | add | dsp48  | 3       |
|    mac_muladd_8s_8s_32s_32_4_1_U5112            | 1    |        | mul_ln210_926  | mul | dsp48  | 3       |
|    mac_muladd_8s_8s_32s_32_4_1_U5112            | 1    |        | add_ln210_926  | add | dsp48  | 3       |
|    mac_muladd_8s_8s_32s_32_4_1_U5113            | 1    |        | mul_ln210_927  | mul | dsp48  | 3       |
|    mac_muladd_8s_8s_32s_32_4_1_U5113            | 1    |        | add_ln210_927  | add | dsp48  | 3       |
|    mac_muladd_8s_8s_32s_32_4_1_U5114            | 1    |        | mul_ln210_928  | mul | dsp48  | 3       |
|    mac_muladd_8s_8s_32s_32_4_1_U5114            | 1    |        | add_ln210_928  | add | dsp48  | 3       |
|    mac_muladd_8s_8s_32s_32_4_1_U5115            | 1    |        | mul_ln210_929  | mul | dsp48  | 3       |
|    mac_muladd_8s_8s_32s_32_4_1_U5115            | 1    |        | add_ln210_929  | add | dsp48  | 3       |
|    mac_muladd_8s_8s_32s_32_4_1_U5116            | 1    |        | mul_ln210_930  | mul | dsp48  | 3       |
|    mac_muladd_8s_8s_32s_32_4_1_U5116            | 1    |        | add_ln210_930  | add | dsp48  | 3       |
|    mac_muladd_8s_8s_32s_32_4_1_U5117            | 1    |        | mul_ln210_931  | mul | dsp48  | 3       |
|    mac_muladd_8s_8s_32s_32_4_1_U5117            | 1    |        | add_ln210_931  | add | dsp48  | 3       |
|    mac_muladd_8s_8s_32s_32_4_1_U5118            | 1    |        | mul_ln210_932  | mul | dsp48  | 3       |
|    mac_muladd_8s_8s_32s_32_4_1_U5118            | 1    |        | add_ln210_932  | add | dsp48  | 3       |
|    mac_muladd_8s_8s_32s_32_4_1_U5119            | 1    |        | mul_ln210_933  | mul | dsp48  | 3       |
|    mac_muladd_8s_8s_32s_32_4_1_U5119            | 1    |        | add_ln210_933  | add | dsp48  | 3       |
|    mac_muladd_8s_8s_32s_32_4_1_U5120            | 1    |        | mul_ln210_934  | mul | dsp48  | 3       |
|    mac_muladd_8s_8s_32s_32_4_1_U5120            | 1    |        | add_ln210_934  | add | dsp48  | 3       |
|    mac_muladd_8s_8s_32s_32_4_1_U5121            | 1    |        | mul_ln210_935  | mul | dsp48  | 3       |
|    mac_muladd_8s_8s_32s_32_4_1_U5121            | 1    |        | add_ln210_935  | add | dsp48  | 3       |
|    mac_muladd_8s_8s_32s_32_4_1_U5122            | 1    |        | mul_ln210_936  | mul | dsp48  | 3       |
|    mac_muladd_8s_8s_32s_32_4_1_U5122            | 1    |        | add_ln210_936  | add | dsp48  | 3       |
|    mac_muladd_8s_8s_32s_32_4_1_U5123            | 1    |        | mul_ln210_937  | mul | dsp48  | 3       |
|    mac_muladd_8s_8s_32s_32_4_1_U5123            | 1    |        | add_ln210_937  | add | dsp48  | 3       |
|    mac_muladd_8s_8s_32s_32_4_1_U5124            | 1    |        | mul_ln210_938  | mul | dsp48  | 3       |
|    mac_muladd_8s_8s_32s_32_4_1_U5124            | 1    |        | add_ln210_938  | add | dsp48  | 3       |
|    mac_muladd_8s_8s_32s_32_4_1_U5125            | 1    |        | mul_ln210_939  | mul | dsp48  | 3       |
|    mac_muladd_8s_8s_32s_32_4_1_U5125            | 1    |        | add_ln210_939  | add | dsp48  | 3       |
|    mac_muladd_8s_8s_32s_32_4_1_U5126            | 1    |        | mul_ln210_940  | mul | dsp48  | 3       |
|    mac_muladd_8s_8s_32s_32_4_1_U5126            | 1    |        | add_ln210_940  | add | dsp48  | 3       |
|    mac_muladd_8s_8s_32s_32_4_1_U5127            | 1    |        | mul_ln210_941  | mul | dsp48  | 3       |
|    mac_muladd_8s_8s_32s_32_4_1_U5127            | 1    |        | add_ln210_941  | add | dsp48  | 3       |
|    mac_muladd_8s_8s_32s_32_4_1_U5128            | 1    |        | mul_ln210_942  | mul | dsp48  | 3       |
|    mac_muladd_8s_8s_32s_32_4_1_U5128            | 1    |        | add_ln210_942  | add | dsp48  | 3       |
|    mac_muladd_8s_8s_32s_32_4_1_U5129            | 1    |        | mul_ln210_943  | mul | dsp48  | 3       |
|    mac_muladd_8s_8s_32s_32_4_1_U5129            | 1    |        | add_ln210_943  | add | dsp48  | 3       |
|    mac_muladd_8s_8s_32s_32_4_1_U5130            | 1    |        | mul_ln210_944  | mul | dsp48  | 3       |
|    mac_muladd_8s_8s_32s_32_4_1_U5130            | 1    |        | add_ln210_944  | add | dsp48  | 3       |
|    mac_muladd_8s_8s_32s_32_4_1_U5131            | 1    |        | mul_ln210_945  | mul | dsp48  | 3       |
|    mac_muladd_8s_8s_32s_32_4_1_U5131            | 1    |        | add_ln210_945  | add | dsp48  | 3       |
|    mac_muladd_8s_8s_32s_32_4_1_U5132            | 1    |        | mul_ln210_946  | mul | dsp48  | 3       |
|    mac_muladd_8s_8s_32s_32_4_1_U5132            | 1    |        | add_ln210_946  | add | dsp48  | 3       |
|    mac_muladd_8s_8s_32s_32_4_1_U5133            | 1    |        | mul_ln210_947  | mul | dsp48  | 3       |
|    mac_muladd_8s_8s_32s_32_4_1_U5133            | 1    |        | add_ln210_947  | add | dsp48  | 3       |
|    mac_muladd_8s_8s_32s_32_4_1_U5134            | 1    |        | mul_ln210_948  | mul | dsp48  | 3       |
|    mac_muladd_8s_8s_32s_32_4_1_U5134            | 1    |        | add_ln210_948  | add | dsp48  | 3       |
|    mac_muladd_8s_8s_32s_32_4_1_U5135            | 1    |        | mul_ln210_949  | mul | dsp48  | 3       |
|    mac_muladd_8s_8s_32s_32_4_1_U5135            | 1    |        | add_ln210_949  | add | dsp48  | 3       |
|    mac_muladd_8s_8s_32s_32_4_1_U5136            | 1    |        | mul_ln210_950  | mul | dsp48  | 3       |
|    mac_muladd_8s_8s_32s_32_4_1_U5136            | 1    |        | add_ln210_950  | add | dsp48  | 3       |
|    mac_muladd_8s_8s_32s_32_4_1_U5137            | 1    |        | mul_ln210_951  | mul | dsp48  | 3       |
|    mac_muladd_8s_8s_32s_32_4_1_U5137            | 1    |        | add_ln210_951  | add | dsp48  | 3       |
|    mac_muladd_8s_8s_32s_32_4_1_U5138            | 1    |        | mul_ln210_952  | mul | dsp48  | 3       |
|    mac_muladd_8s_8s_32s_32_4_1_U5138            | 1    |        | add_ln210_952  | add | dsp48  | 3       |
|    mac_muladd_8s_8s_32s_32_4_1_U5139            | 1    |        | mul_ln210_953  | mul | dsp48  | 3       |
|    mac_muladd_8s_8s_32s_32_4_1_U5139            | 1    |        | add_ln210_953  | add | dsp48  | 3       |
|    mac_muladd_8s_8s_32s_32_4_1_U5140            | 1    |        | mul_ln210_954  | mul | dsp48  | 3       |
|    mac_muladd_8s_8s_32s_32_4_1_U5140            | 1    |        | add_ln210_954  | add | dsp48  | 3       |
|    mac_muladd_8s_8s_32s_32_4_1_U5141            | 1    |        | mul_ln210_955  | mul | dsp48  | 3       |
|    mac_muladd_8s_8s_32s_32_4_1_U5141            | 1    |        | add_ln210_955  | add | dsp48  | 3       |
|    mac_muladd_8s_8s_32s_32_4_1_U5142            | 1    |        | mul_ln210_956  | mul | dsp48  | 3       |
|    mac_muladd_8s_8s_32s_32_4_1_U5142            | 1    |        | add_ln210_956  | add | dsp48  | 3       |
|    mac_muladd_8s_8s_32s_32_4_1_U5143            | 1    |        | mul_ln210_957  | mul | dsp48  | 3       |
|    mac_muladd_8s_8s_32s_32_4_1_U5143            | 1    |        | add_ln210_957  | add | dsp48  | 3       |
|    mac_muladd_8s_8s_32s_32_4_1_U5144            | 1    |        | mul_ln210_958  | mul | dsp48  | 3       |
|    mac_muladd_8s_8s_32s_32_4_1_U5144            | 1    |        | add_ln210_958  | add | dsp48  | 3       |
|    mac_muladd_8s_8s_32s_32_4_1_U5145            | 1    |        | mul_ln210_959  | mul | dsp48  | 3       |
|    mac_muladd_8s_8s_32s_32_4_1_U5145            | 1    |        | add_ln210_959  | add | dsp48  | 3       |
|    mac_muladd_8s_8s_32s_32_4_1_U5146            | 1    |        | mul_ln210_960  | mul | dsp48  | 3       |
|    mac_muladd_8s_8s_32s_32_4_1_U5146            | 1    |        | add_ln210_960  | add | dsp48  | 3       |
|    mac_muladd_8s_8s_32s_32_4_1_U5147            | 1    |        | mul_ln210_961  | mul | dsp48  | 3       |
|    mac_muladd_8s_8s_32s_32_4_1_U5147            | 1    |        | add_ln210_961  | add | dsp48  | 3       |
|    mac_muladd_8s_8s_32s_32_4_1_U5148            | 1    |        | mul_ln210_962  | mul | dsp48  | 3       |
|    mac_muladd_8s_8s_32s_32_4_1_U5148            | 1    |        | add_ln210_962  | add | dsp48  | 3       |
|    mac_muladd_8s_8s_32s_32_4_1_U5149            | 1    |        | mul_ln210_963  | mul | dsp48  | 3       |
|    mac_muladd_8s_8s_32s_32_4_1_U5149            | 1    |        | add_ln210_963  | add | dsp48  | 3       |
|    mac_muladd_8s_8s_32s_32_4_1_U5150            | 1    |        | mul_ln210_964  | mul | dsp48  | 3       |
|    mac_muladd_8s_8s_32s_32_4_1_U5150            | 1    |        | add_ln210_964  | add | dsp48  | 3       |
|    mac_muladd_8s_8s_32s_32_4_1_U5151            | 1    |        | mul_ln210_965  | mul | dsp48  | 3       |
|    mac_muladd_8s_8s_32s_32_4_1_U5151            | 1    |        | add_ln210_965  | add | dsp48  | 3       |
|    mac_muladd_8s_8s_32s_32_4_1_U5152            | 1    |        | mul_ln210_966  | mul | dsp48  | 3       |
|    mac_muladd_8s_8s_32s_32_4_1_U5152            | 1    |        | add_ln210_966  | add | dsp48  | 3       |
|    mac_muladd_8s_8s_32s_32_4_1_U5153            | 1    |        | mul_ln210_967  | mul | dsp48  | 3       |
|    mac_muladd_8s_8s_32s_32_4_1_U5153            | 1    |        | add_ln210_967  | add | dsp48  | 3       |
|    mac_muladd_8s_8s_32s_32_4_1_U5154            | 1    |        | mul_ln210_968  | mul | dsp48  | 3       |
|    mac_muladd_8s_8s_32s_32_4_1_U5154            | 1    |        | add_ln210_968  | add | dsp48  | 3       |
|    mac_muladd_8s_8s_32s_32_4_1_U5155            | 1    |        | mul_ln210_969  | mul | dsp48  | 3       |
|    mac_muladd_8s_8s_32s_32_4_1_U5155            | 1    |        | add_ln210_969  | add | dsp48  | 3       |
|    mac_muladd_8s_8s_32s_32_4_1_U5156            | 1    |        | mul_ln210_970  | mul | dsp48  | 3       |
|    mac_muladd_8s_8s_32s_32_4_1_U5156            | 1    |        | add_ln210_970  | add | dsp48  | 3       |
|    mac_muladd_8s_8s_32s_32_4_1_U5157            | 1    |        | mul_ln210_971  | mul | dsp48  | 3       |
|    mac_muladd_8s_8s_32s_32_4_1_U5157            | 1    |        | add_ln210_971  | add | dsp48  | 3       |
|    mac_muladd_8s_8s_32s_32_4_1_U5158            | 1    |        | mul_ln210_972  | mul | dsp48  | 3       |
|    mac_muladd_8s_8s_32s_32_4_1_U5158            | 1    |        | add_ln210_972  | add | dsp48  | 3       |
|    mac_muladd_8s_8s_32s_32_4_1_U5159            | 1    |        | mul_ln210_973  | mul | dsp48  | 3       |
|    mac_muladd_8s_8s_32s_32_4_1_U5159            | 1    |        | add_ln210_973  | add | dsp48  | 3       |
|    mac_muladd_8s_8s_32s_32_4_1_U5160            | 1    |        | mul_ln210_974  | mul | dsp48  | 3       |
|    mac_muladd_8s_8s_32s_32_4_1_U5160            | 1    |        | add_ln210_974  | add | dsp48  | 3       |
|    mac_muladd_8s_8s_32s_32_4_1_U5161            | 1    |        | mul_ln210_975  | mul | dsp48  | 3       |
|    mac_muladd_8s_8s_32s_32_4_1_U5161            | 1    |        | add_ln210_975  | add | dsp48  | 3       |
|    mac_muladd_8s_8s_32s_32_4_1_U5162            | 1    |        | mul_ln210_976  | mul | dsp48  | 3       |
|    mac_muladd_8s_8s_32s_32_4_1_U5162            | 1    |        | add_ln210_976  | add | dsp48  | 3       |
|    mac_muladd_8s_8s_32s_32_4_1_U5163            | 1    |        | mul_ln210_977  | mul | dsp48  | 3       |
|    mac_muladd_8s_8s_32s_32_4_1_U5163            | 1    |        | add_ln210_977  | add | dsp48  | 3       |
|    mac_muladd_8s_8s_32s_32_4_1_U5164            | 1    |        | mul_ln210_978  | mul | dsp48  | 3       |
|    mac_muladd_8s_8s_32s_32_4_1_U5164            | 1    |        | add_ln210_978  | add | dsp48  | 3       |
|    mac_muladd_8s_8s_32s_32_4_1_U5165            | 1    |        | mul_ln210_979  | mul | dsp48  | 3       |
|    mac_muladd_8s_8s_32s_32_4_1_U5165            | 1    |        | add_ln210_979  | add | dsp48  | 3       |
|    mac_muladd_8s_8s_32s_32_4_1_U5166            | 1    |        | mul_ln210_980  | mul | dsp48  | 3       |
|    mac_muladd_8s_8s_32s_32_4_1_U5166            | 1    |        | add_ln210_980  | add | dsp48  | 3       |
|    mac_muladd_8s_8s_32s_32_4_1_U5167            | 1    |        | mul_ln210_981  | mul | dsp48  | 3       |
|    mac_muladd_8s_8s_32s_32_4_1_U5167            | 1    |        | add_ln210_981  | add | dsp48  | 3       |
|    mac_muladd_8s_8s_32s_32_4_1_U5168            | 1    |        | mul_ln210_982  | mul | dsp48  | 3       |
|    mac_muladd_8s_8s_32s_32_4_1_U5168            | 1    |        | add_ln210_982  | add | dsp48  | 3       |
|    mac_muladd_8s_8s_32s_32_4_1_U5169            | 1    |        | mul_ln210_983  | mul | dsp48  | 3       |
|    mac_muladd_8s_8s_32s_32_4_1_U5169            | 1    |        | add_ln210_983  | add | dsp48  | 3       |
|    mac_muladd_8s_8s_32s_32_4_1_U5170            | 1    |        | mul_ln210_984  | mul | dsp48  | 3       |
|    mac_muladd_8s_8s_32s_32_4_1_U5170            | 1    |        | add_ln210_984  | add | dsp48  | 3       |
|    mac_muladd_8s_8s_32s_32_4_1_U5171            | 1    |        | mul_ln210_985  | mul | dsp48  | 3       |
|    mac_muladd_8s_8s_32s_32_4_1_U5171            | 1    |        | add_ln210_985  | add | dsp48  | 3       |
|    mac_muladd_8s_8s_32s_32_4_1_U5172            | 1    |        | mul_ln210_986  | mul | dsp48  | 3       |
|    mac_muladd_8s_8s_32s_32_4_1_U5172            | 1    |        | add_ln210_986  | add | dsp48  | 3       |
|    mac_muladd_8s_8s_32s_32_4_1_U5173            | 1    |        | mul_ln210_987  | mul | dsp48  | 3       |
|    mac_muladd_8s_8s_32s_32_4_1_U5173            | 1    |        | add_ln210_987  | add | dsp48  | 3       |
|    mac_muladd_8s_8s_32s_32_4_1_U5174            | 1    |        | mul_ln210_988  | mul | dsp48  | 3       |
|    mac_muladd_8s_8s_32s_32_4_1_U5174            | 1    |        | add_ln210_988  | add | dsp48  | 3       |
|    mac_muladd_8s_8s_32s_32_4_1_U5175            | 1    |        | mul_ln210_989  | mul | dsp48  | 3       |
|    mac_muladd_8s_8s_32s_32_4_1_U5175            | 1    |        | add_ln210_989  | add | dsp48  | 3       |
|    mac_muladd_8s_8s_32s_32_4_1_U5176            | 1    |        | mul_ln210_990  | mul | dsp48  | 3       |
|    mac_muladd_8s_8s_32s_32_4_1_U5176            | 1    |        | add_ln210_990  | add | dsp48  | 3       |
|    mac_muladd_8s_8s_32s_32_4_1_U5177            | 1    |        | mul_ln210_991  | mul | dsp48  | 3       |
|    mac_muladd_8s_8s_32s_32_4_1_U5177            | 1    |        | add_ln210_991  | add | dsp48  | 3       |
|    mac_muladd_8s_8s_32s_32_4_1_U5178            | 1    |        | mul_ln210_992  | mul | dsp48  | 3       |
|    mac_muladd_8s_8s_32s_32_4_1_U5178            | 1    |        | add_ln210_992  | add | dsp48  | 3       |
|    mac_muladd_8s_8s_32s_32_4_1_U5179            | 1    |        | mul_ln210_993  | mul | dsp48  | 3       |
|    mac_muladd_8s_8s_32s_32_4_1_U5179            | 1    |        | add_ln210_993  | add | dsp48  | 3       |
|    mac_muladd_8s_8s_32s_32_4_1_U5180            | 1    |        | mul_ln210_994  | mul | dsp48  | 3       |
|    mac_muladd_8s_8s_32s_32_4_1_U5180            | 1    |        | add_ln210_994  | add | dsp48  | 3       |
|    mac_muladd_8s_8s_32s_32_4_1_U5181            | 1    |        | mul_ln210_995  | mul | dsp48  | 3       |
|    mac_muladd_8s_8s_32s_32_4_1_U5181            | 1    |        | add_ln210_995  | add | dsp48  | 3       |
|    mac_muladd_8s_8s_32s_32_4_1_U5182            | 1    |        | mul_ln210_996  | mul | dsp48  | 3       |
|    mac_muladd_8s_8s_32s_32_4_1_U5182            | 1    |        | add_ln210_996  | add | dsp48  | 3       |
|    mac_muladd_8s_8s_32s_32_4_1_U5183            | 1    |        | mul_ln210_997  | mul | dsp48  | 3       |
|    mac_muladd_8s_8s_32s_32_4_1_U5183            | 1    |        | add_ln210_997  | add | dsp48  | 3       |
|    mac_muladd_8s_8s_32s_32_4_1_U5184            | 1    |        | mul_ln210_998  | mul | dsp48  | 3       |
|    mac_muladd_8s_8s_32s_32_4_1_U5184            | 1    |        | add_ln210_998  | add | dsp48  | 3       |
|    mac_muladd_8s_8s_32s_32_4_1_U5185            | 1    |        | mul_ln210_999  | mul | dsp48  | 3       |
|    mac_muladd_8s_8s_32s_32_4_1_U5185            | 1    |        | add_ln210_999  | add | dsp48  | 3       |
|    mac_muladd_8s_8s_32s_32_4_1_U5186            | 1    |        | mul_ln210_1000 | mul | dsp48  | 3       |
|    mac_muladd_8s_8s_32s_32_4_1_U5186            | 1    |        | add_ln210_1000 | add | dsp48  | 3       |
|    mac_muladd_8s_8s_32s_32_4_1_U5187            | 1    |        | mul_ln210_1001 | mul | dsp48  | 3       |
|    mac_muladd_8s_8s_32s_32_4_1_U5187            | 1    |        | add_ln210_1001 | add | dsp48  | 3       |
|    mac_muladd_8s_8s_32s_32_4_1_U5188            | 1    |        | mul_ln210_1002 | mul | dsp48  | 3       |
|    mac_muladd_8s_8s_32s_32_4_1_U5188            | 1    |        | add_ln210_1002 | add | dsp48  | 3       |
|    mac_muladd_8s_8s_32s_32_4_1_U5189            | 1    |        | mul_ln210_1003 | mul | dsp48  | 3       |
|    mac_muladd_8s_8s_32s_32_4_1_U5189            | 1    |        | add_ln210_1003 | add | dsp48  | 3       |
|    mac_muladd_8s_8s_32s_32_4_1_U5190            | 1    |        | mul_ln210_1004 | mul | dsp48  | 3       |
|    mac_muladd_8s_8s_32s_32_4_1_U5190            | 1    |        | add_ln210_1004 | add | dsp48  | 3       |
|    mac_muladd_8s_8s_32s_32_4_1_U5191            | 1    |        | mul_ln210_1005 | mul | dsp48  | 3       |
|    mac_muladd_8s_8s_32s_32_4_1_U5191            | 1    |        | add_ln210_1005 | add | dsp48  | 3       |
|    mac_muladd_8s_8s_32s_32_4_1_U5192            | 1    |        | mul_ln210_1006 | mul | dsp48  | 3       |
|    mac_muladd_8s_8s_32s_32_4_1_U5192            | 1    |        | add_ln210_1006 | add | dsp48  | 3       |
|    mac_muladd_8s_8s_32s_32_4_1_U5193            | 1    |        | mul_ln210_1007 | mul | dsp48  | 3       |
|    mac_muladd_8s_8s_32s_32_4_1_U5193            | 1    |        | add_ln210_1007 | add | dsp48  | 3       |
|    mac_muladd_8s_8s_32s_32_4_1_U5194            | 1    |        | mul_ln210_1008 | mul | dsp48  | 3       |
|    mac_muladd_8s_8s_32s_32_4_1_U5194            | 1    |        | add_ln210_1008 | add | dsp48  | 3       |
|    mac_muladd_8s_8s_32s_32_4_1_U5195            | 1    |        | mul_ln210_1009 | mul | dsp48  | 3       |
|    mac_muladd_8s_8s_32s_32_4_1_U5195            | 1    |        | add_ln210_1009 | add | dsp48  | 3       |
|    mac_muladd_8s_8s_32s_32_4_1_U5196            | 1    |        | mul_ln210_1010 | mul | dsp48  | 3       |
|    mac_muladd_8s_8s_32s_32_4_1_U5196            | 1    |        | add_ln210_1010 | add | dsp48  | 3       |
|    mac_muladd_8s_8s_32s_32_4_1_U5197            | 1    |        | mul_ln210_1011 | mul | dsp48  | 3       |
|    mac_muladd_8s_8s_32s_32_4_1_U5197            | 1    |        | add_ln210_1011 | add | dsp48  | 3       |
|    mac_muladd_8s_8s_32s_32_4_1_U5198            | 1    |        | mul_ln210_1012 | mul | dsp48  | 3       |
|    mac_muladd_8s_8s_32s_32_4_1_U5198            | 1    |        | add_ln210_1012 | add | dsp48  | 3       |
|    mac_muladd_8s_8s_32s_32_4_1_U5199            | 1    |        | mul_ln210_1013 | mul | dsp48  | 3       |
|    mac_muladd_8s_8s_32s_32_4_1_U5199            | 1    |        | add_ln210_1013 | add | dsp48  | 3       |
|    mac_muladd_8s_8s_32s_32_4_1_U5200            | 1    |        | mul_ln210_1014 | mul | dsp48  | 3       |
|    mac_muladd_8s_8s_32s_32_4_1_U5200            | 1    |        | add_ln210_1014 | add | dsp48  | 3       |
|    mac_muladd_8s_8s_32s_32_4_1_U5201            | 1    |        | mul_ln210_1015 | mul | dsp48  | 3       |
|    mac_muladd_8s_8s_32s_32_4_1_U5201            | 1    |        | add_ln210_1015 | add | dsp48  | 3       |
|    mac_muladd_8s_8s_32s_32_4_1_U5202            | 1    |        | mul_ln210_1016 | mul | dsp48  | 3       |
|    mac_muladd_8s_8s_32s_32_4_1_U5202            | 1    |        | add_ln210_1016 | add | dsp48  | 3       |
|    mac_muladd_8s_8s_32s_32_4_1_U5203            | 1    |        | mul_ln210_1017 | mul | dsp48  | 3       |
|    mac_muladd_8s_8s_32s_32_4_1_U5203            | 1    |        | add_ln210_1017 | add | dsp48  | 3       |
|    mac_muladd_8s_8s_32s_32_4_1_U5204            | 1    |        | mul_ln210_1018 | mul | dsp48  | 3       |
|    mac_muladd_8s_8s_32s_32_4_1_U5204            | 1    |        | add_ln210_1018 | add | dsp48  | 3       |
|    mac_muladd_8s_8s_32s_32_4_1_U5205            | 1    |        | mul_ln210_1019 | mul | dsp48  | 3       |
|    mac_muladd_8s_8s_32s_32_4_1_U5205            | 1    |        | add_ln210_1019 | add | dsp48  | 3       |
|    mac_muladd_8s_8s_32s_32_4_1_U5206            | 1    |        | mul_ln210_1020 | mul | dsp48  | 3       |
|    mac_muladd_8s_8s_32s_32_4_1_U5206            | 1    |        | add_ln210_1020 | add | dsp48  | 3       |
|    mac_muladd_8s_8s_32s_32_4_1_U5207            | 1    |        | mul_ln210_1021 | mul | dsp48  | 3       |
|    mac_muladd_8s_8s_32s_32_4_1_U5207            | 1    |        | add_ln210_1021 | add | dsp48  | 3       |
|    mac_muladd_8s_8s_32s_32_4_1_U5208            | 1    |        | mul_ln210_1022 | mul | dsp48  | 3       |
|    mac_muladd_8s_8s_32s_32_4_1_U5208            | 1    |        | add_ln210_1022 | add | dsp48  | 3       |
|    mac_muladd_8s_8s_32s_32_4_1_U5209            | 1    |        | mul_ln210_1023 | mul | dsp48  | 3       |
|    mac_muladd_8s_8s_32s_32_4_1_U5209            | 1    |        | add_ln210_1023 | add | dsp48  | 3       |
+-------------------------------------------------+------+--------+----------------+-----+--------+---------+


================================================================
== Bind Storage Report
================================================================
+---------------+------+------+--------+----------+---------+------+---------+
| Name          | BRAM | URAM | Pragma | Variable | Storage | Impl | Latency |
+---------------+------+------+--------+----------+---------+------+---------+
| + mmult_accel | 120  | 0    |        |          |         |      |         |
|   B_bram_U    | 96   | -    | yes    | B_bram   | ram_2p  | bram | 1       |
|   A_bram_U    | 24   | -    | pragma | A_bram   | ram_2p  | bram | 1       |
+---------------+------+------+--------+----------+---------+------+---------+


================================================================
== Pragma Report
================================================================
* Valid Pragma Syntax
+-----------------+----------------------------------------------------------------+--------------------------------------------+
| Type            | Options                                                        | Location                                   |
+-----------------+----------------------------------------------------------------+--------------------------------------------+
| interface       | m_axi port = A offset = slave bundle = gmemA depth = 64 * 768  | mmult_accel.cpp:66 in mmult_accel          |
| interface       | m_axi port = B offset = slave bundle = gmemB depth = 768 * 768 | mmult_accel.cpp:67 in mmult_accel          |
| interface       | m_axi port = C offset = slave bundle = gmemC depth = 64 * 768  | mmult_accel.cpp:68 in mmult_accel          |
| interface       | s_axilite port = A bundle = control                            | mmult_accel.cpp:74 in mmult_accel          |
| interface       | s_axilite port = B bundle = control                            | mmult_accel.cpp:75 in mmult_accel          |
| interface       | s_axilite port = C bundle = control                            | mmult_accel.cpp:76 in mmult_accel          |
| interface       | s_axilite port = N bundle = control                            | mmult_accel.cpp:77 in mmult_accel          |
| interface       | s_axilite port = K bundle = control                            | mmult_accel.cpp:78 in mmult_accel          |
| interface       | s_axilite port = M bundle = control                            | mmult_accel.cpp:79 in mmult_accel          |
| interface       | s_axilite port = update_A bundle = control                     | mmult_accel.cpp:80 in mmult_accel          |
| interface       | s_axilite port = return bundle = control                       | mmult_accel.cpp:81 in mmult_accel          |
| bind_storage    | variable=A_bram type=ram_2p impl=bram                          | mmult_accel.cpp:89 in mmult_accel, A_bram  |
| pipeline        | II=1                                                           | mmult_accel.cpp:98 in mmult_accel          |
| bind_storage    | variable=B_bram type=ram_2p impl=bram                          | mmult_accel.cpp:115 in mmult_accel, B_bram |
| pipeline        | II=1                                                           | mmult_accel.cpp:121 in mmult_accel         |
| array_partition | variable=localC dim=0 complete                                 | mmult_accel.cpp:140 in mmult_accel, localC |
| unroll          |                                                                | mmult_accel.cpp:146 in mmult_accel         |
| unroll          |                                                                | mmult_accel.cpp:148 in mmult_accel         |
| array_partition | variable=localA dim=0 complete                                 | mmult_accel.cpp:157 in mmult_accel, localA |
| array_partition | variable=localB dim=0 complete                                 | mmult_accel.cpp:158 in mmult_accel, localB |
| pipeline        | II=1                                                           | mmult_accel.cpp:172 in mmult_accel         |
| pipeline        | II=1                                                           | mmult_accel.cpp:187 in mmult_accel         |
| pipeline        | II=1                                                           | mmult_accel.cpp:201 in mmult_accel         |
| unroll          |                                                                | mmult_accel.cpp:203 in mmult_accel         |
| unroll          |                                                                | mmult_accel.cpp:207 in mmult_accel         |
| pipeline        | II=1                                                           | mmult_accel.cpp:221 in mmult_accel         |
+-----------------+----------------------------------------------------------------+--------------------------------------------+


