

================================================================
== Vitis HLS Report for 'mmult_accel_Pipeline_compute'
================================================================
* Date:           Thu Jul 23 14:58:28 2026

* Version:        2022.2 (Build 3670227 on Oct 13 2022)
* Project:        mmult_accel_hls
* Solution:       solution1 (Vivado IP Flow Target)
* Product family: zynquplus
* Target device:  xck26-sfvc784-2LV-c


================================================================
== Performance Estimates
================================================================
+ Timing: 
    * Summary: 
    +--------+----------+----------+------------+
    |  Clock |  Target  | Estimated| Uncertainty|
    +--------+----------+----------+------------+
    |ap_clk  |  10.00 ns|  1.785 ns|     2.70 ns|
    +--------+----------+----------+------------+

+ Latency: 
    * Summary: 
    +---------+---------+----------+----------+-----+-----+---------+
    |  Latency (cycles) |  Latency (absolute) |  Interval | Pipeline|
    |   min   |   max   |    min   |    max   | min | max |   Type  |
    +---------+---------+----------+----------+-----+-----+---------+
    |       36|       36|  0.360 us|  0.360 us|   36|   36|       no|
    +---------+---------+----------+----------+-----+-----+---------+

    + Detail: 
        * Instance: 
        N/A

        * Loop: 
        +-----------+---------+---------+----------+-----------+-----------+------+----------+
        |           |  Latency (cycles) | Iteration|  Initiation Interval  | Trip |          |
        | Loop Name |   min   |   max   |  Latency |  achieved |   target  | Count| Pipelined|
        +-----------+---------+---------+----------+-----------+-----------+------+----------+
        |- compute  |       34|       34|         4|          1|          1|    32|       yes|
        +-----------+---------+---------+----------+-----------+-----------+------+----------+



================================================================
== Utilization Estimates
================================================================
* Summary: 
+-----------------+---------+------+--------+--------+-----+
|       Name      | BRAM_18K|  DSP |   FF   |   LUT  | URAM|
+-----------------+---------+------+--------+--------+-----+
|DSP              |        -|  1024|       -|       -|    -|
|Expression       |        -|     -|       0|      25|    -|
|FIFO             |        -|     -|       -|       -|    -|
|Instance         |        -|     -|       0|    9472|    -|
|Memory           |        -|     -|       -|       -|    -|
|Multiplexer      |        -|     -|       -|   18468|    -|
|Register         |        -|     -|   32783|       -|    -|
+-----------------+---------+------+--------+--------+-----+
|Total            |        0|  1024|   32783|   27965|    0|
+-----------------+---------+------+--------+--------+-----+
|Available        |      288|  1248|  234240|  117120|   64|
+-----------------+---------+------+--------+--------+-----+
|Utilization (%)  |        0|    82|      13|      23|    0|
+-----------------+---------+------+--------+--------+-----+

+ Detail: 
    * Instance: 
    +---------------------+---------------+---------+----+---+-----+-----+
    |       Instance      |     Module    | BRAM_18K| DSP| FF| LUT | URAM|
    +---------------------+---------------+---------+----+---+-----+-----+
    |mux_325_8_1_1_U4122  |mux_325_8_1_1  |        0|   0|  0|  148|    0|
    |mux_325_8_1_1_U4123  |mux_325_8_1_1  |        0|   0|  0|  148|    0|
    |mux_325_8_1_1_U4124  |mux_325_8_1_1  |        0|   0|  0|  148|    0|
    |mux_325_8_1_1_U4125  |mux_325_8_1_1  |        0|   0|  0|  148|    0|
    |mux_325_8_1_1_U4126  |mux_325_8_1_1  |        0|   0|  0|  148|    0|
    |mux_325_8_1_1_U4127  |mux_325_8_1_1  |        0|   0|  0|  148|    0|
    |mux_325_8_1_1_U4128  |mux_325_8_1_1  |        0|   0|  0|  148|    0|
    |mux_325_8_1_1_U4129  |mux_325_8_1_1  |        0|   0|  0|  148|    0|
    |mux_325_8_1_1_U4130  |mux_325_8_1_1  |        0|   0|  0|  148|    0|
    |mux_325_8_1_1_U4131  |mux_325_8_1_1  |        0|   0|  0|  148|    0|
    |mux_325_8_1_1_U4132  |mux_325_8_1_1  |        0|   0|  0|  148|    0|
    |mux_325_8_1_1_U4133  |mux_325_8_1_1  |        0|   0|  0|  148|    0|
    |mux_325_8_1_1_U4134  |mux_325_8_1_1  |        0|   0|  0|  148|    0|
    |mux_325_8_1_1_U4135  |mux_325_8_1_1  |        0|   0|  0|  148|    0|
    |mux_325_8_1_1_U4136  |mux_325_8_1_1  |        0|   0|  0|  148|    0|
    |mux_325_8_1_1_U4137  |mux_325_8_1_1  |        0|   0|  0|  148|    0|
    |mux_325_8_1_1_U4138  |mux_325_8_1_1  |        0|   0|  0|  148|    0|
    |mux_325_8_1_1_U4139  |mux_325_8_1_1  |        0|   0|  0|  148|    0|
    |mux_325_8_1_1_U4140  |mux_325_8_1_1  |        0|   0|  0|  148|    0|
    |mux_325_8_1_1_U4141  |mux_325_8_1_1  |        0|   0|  0|  148|    0|
    |mux_325_8_1_1_U4142  |mux_325_8_1_1  |        0|   0|  0|  148|    0|
    |mux_325_8_1_1_U4143  |mux_325_8_1_1  |        0|   0|  0|  148|    0|
    |mux_325_8_1_1_U4144  |mux_325_8_1_1  |        0|   0|  0|  148|    0|
    |mux_325_8_1_1_U4145  |mux_325_8_1_1  |        0|   0|  0|  148|    0|
    |mux_325_8_1_1_U4146  |mux_325_8_1_1  |        0|   0|  0|  148|    0|
    |mux_325_8_1_1_U4147  |mux_325_8_1_1  |        0|   0|  0|  148|    0|
    |mux_325_8_1_1_U4148  |mux_325_8_1_1  |        0|   0|  0|  148|    0|
    |mux_325_8_1_1_U4149  |mux_325_8_1_1  |        0|   0|  0|  148|    0|
    |mux_325_8_1_1_U4150  |mux_325_8_1_1  |        0|   0|  0|  148|    0|
    |mux_325_8_1_1_U4151  |mux_325_8_1_1  |        0|   0|  0|  148|    0|
    |mux_325_8_1_1_U4152  |mux_325_8_1_1  |        0|   0|  0|  148|    0|
    |mux_325_8_1_1_U4153  |mux_325_8_1_1  |        0|   0|  0|  148|    0|
    |mux_325_8_1_1_U4154  |mux_325_8_1_1  |        0|   0|  0|  148|    0|
    |mux_325_8_1_1_U4155  |mux_325_8_1_1  |        0|   0|  0|  148|    0|
    |mux_325_8_1_1_U4156  |mux_325_8_1_1  |        0|   0|  0|  148|    0|
    |mux_325_8_1_1_U4157  |mux_325_8_1_1  |        0|   0|  0|  148|    0|
    |mux_325_8_1_1_U4158  |mux_325_8_1_1  |        0|   0|  0|  148|    0|
    |mux_325_8_1_1_U4159  |mux_325_8_1_1  |        0|   0|  0|  148|    0|
    |mux_325_8_1_1_U4160  |mux_325_8_1_1  |        0|   0|  0|  148|    0|
    |mux_325_8_1_1_U4161  |mux_325_8_1_1  |        0|   0|  0|  148|    0|
    |mux_325_8_1_1_U4162  |mux_325_8_1_1  |        0|   0|  0|  148|    0|
    |mux_325_8_1_1_U4163  |mux_325_8_1_1  |        0|   0|  0|  148|    0|
    |mux_325_8_1_1_U4164  |mux_325_8_1_1  |        0|   0|  0|  148|    0|
    |mux_325_8_1_1_U4165  |mux_325_8_1_1  |        0|   0|  0|  148|    0|
    |mux_325_8_1_1_U4166  |mux_325_8_1_1  |        0|   0|  0|  148|    0|
    |mux_325_8_1_1_U4167  |mux_325_8_1_1  |        0|   0|  0|  148|    0|
    |mux_325_8_1_1_U4168  |mux_325_8_1_1  |        0|   0|  0|  148|    0|
    |mux_325_8_1_1_U4169  |mux_325_8_1_1  |        0|   0|  0|  148|    0|
    |mux_325_8_1_1_U4170  |mux_325_8_1_1  |        0|   0|  0|  148|    0|
    |mux_325_8_1_1_U4171  |mux_325_8_1_1  |        0|   0|  0|  148|    0|
    |mux_325_8_1_1_U4172  |mux_325_8_1_1  |        0|   0|  0|  148|    0|
    |mux_325_8_1_1_U4173  |mux_325_8_1_1  |        0|   0|  0|  148|    0|
    |mux_325_8_1_1_U4174  |mux_325_8_1_1  |        0|   0|  0|  148|    0|
    |mux_325_8_1_1_U4175  |mux_325_8_1_1  |        0|   0|  0|  148|    0|
    |mux_325_8_1_1_U4176  |mux_325_8_1_1  |        0|   0|  0|  148|    0|
    |mux_325_8_1_1_U4177  |mux_325_8_1_1  |        0|   0|  0|  148|    0|
    |mux_325_8_1_1_U4178  |mux_325_8_1_1  |        0|   0|  0|  148|    0|
    |mux_325_8_1_1_U4179  |mux_325_8_1_1  |        0|   0|  0|  148|    0|
    |mux_325_8_1_1_U4180  |mux_325_8_1_1  |        0|   0|  0|  148|    0|
    |mux_325_8_1_1_U4181  |mux_325_8_1_1  |        0|   0|  0|  148|    0|
    |mux_325_8_1_1_U4182  |mux_325_8_1_1  |        0|   0|  0|  148|    0|
    |mux_325_8_1_1_U4183  |mux_325_8_1_1  |        0|   0|  0|  148|    0|
    |mux_325_8_1_1_U4184  |mux_325_8_1_1  |        0|   0|  0|  148|    0|
    |mux_325_8_1_1_U4185  |mux_325_8_1_1  |        0|   0|  0|  148|    0|
    +---------------------+---------------+---------+----+---+-----+-----+
    |Total                |               |        0|   0|  0| 9472|    0|
    +---------------------+---------------+---------+----+---+-----+-----+

    * DSP: 
    +-----------------------------------+-----------------------------+--------------+
    |              Instance             |            Module           |  Expression  |
    +-----------------------------------+-----------------------------+--------------+
    |mac_muladd_8s_8s_32s_32_4_1_U4186  |mac_muladd_8s_8s_32s_32_4_1  |  i0 * i1 + i2|
    |mac_muladd_8s_8s_32s_32_4_1_U4187  |mac_muladd_8s_8s_32s_32_4_1  |  i0 * i1 + i2|
    |mac_muladd_8s_8s_32s_32_4_1_U4188  |mac_muladd_8s_8s_32s_32_4_1  |  i0 * i1 + i2|
    |mac_muladd_8s_8s_32s_32_4_1_U4189  |mac_muladd_8s_8s_32s_32_4_1  |  i0 * i1 + i2|
    |mac_muladd_8s_8s_32s_32_4_1_U4190  |mac_muladd_8s_8s_32s_32_4_1  |  i0 * i1 + i2|
    |mac_muladd_8s_8s_32s_32_4_1_U4191  |mac_muladd_8s_8s_32s_32_4_1  |  i0 * i1 + i2|
    |mac_muladd_8s_8s_32s_32_4_1_U4192  |mac_muladd_8s_8s_32s_32_4_1  |  i0 * i1 + i2|
    |mac_muladd_8s_8s_32s_32_4_1_U4193  |mac_muladd_8s_8s_32s_32_4_1  |  i0 * i1 + i2|
    |mac_muladd_8s_8s_32s_32_4_1_U4194  |mac_muladd_8s_8s_32s_32_4_1  |  i0 * i1 + i2|
    |mac_muladd_8s_8s_32s_32_4_1_U4195  |mac_muladd_8s_8s_32s_32_4_1  |  i0 * i1 + i2|
    |mac_muladd_8s_8s_32s_32_4_1_U4196  |mac_muladd_8s_8s_32s_32_4_1  |  i0 * i1 + i2|
    |mac_muladd_8s_8s_32s_32_4_1_U4197  |mac_muladd_8s_8s_32s_32_4_1  |  i0 * i1 + i2|
    |mac_muladd_8s_8s_32s_32_4_1_U4198  |mac_muladd_8s_8s_32s_32_4_1  |  i0 * i1 + i2|
    |mac_muladd_8s_8s_32s_32_4_1_U4199  |mac_muladd_8s_8s_32s_32_4_1  |  i0 * i1 + i2|
    |mac_muladd_8s_8s_32s_32_4_1_U4200  |mac_muladd_8s_8s_32s_32_4_1  |  i0 * i1 + i2|
    |mac_muladd_8s_8s_32s_32_4_1_U4201  |mac_muladd_8s_8s_32s_32_4_1  |  i0 * i1 + i2|
    |mac_muladd_8s_8s_32s_32_4_1_U4202  |mac_muladd_8s_8s_32s_32_4_1  |  i0 * i1 + i2|
    |mac_muladd_8s_8s_32s_32_4_1_U4203  |mac_muladd_8s_8s_32s_32_4_1  |  i0 * i1 + i2|
    |mac_muladd_8s_8s_32s_32_4_1_U4204  |mac_muladd_8s_8s_32s_32_4_1  |  i0 * i1 + i2|
    |mac_muladd_8s_8s_32s_32_4_1_U4205  |mac_muladd_8s_8s_32s_32_4_1  |  i0 * i1 + i2|
    |mac_muladd_8s_8s_32s_32_4_1_U4206  |mac_muladd_8s_8s_32s_32_4_1  |  i0 * i1 + i2|
    |mac_muladd_8s_8s_32s_32_4_1_U4207  |mac_muladd_8s_8s_32s_32_4_1  |  i0 * i1 + i2|
    |mac_muladd_8s_8s_32s_32_4_1_U4208  |mac_muladd_8s_8s_32s_32_4_1  |  i0 * i1 + i2|
    |mac_muladd_8s_8s_32s_32_4_1_U4209  |mac_muladd_8s_8s_32s_32_4_1  |  i0 * i1 + i2|
    |mac_muladd_8s_8s_32s_32_4_1_U4210  |mac_muladd_8s_8s_32s_32_4_1  |  i0 * i1 + i2|
    |mac_muladd_8s_8s_32s_32_4_1_U4211  |mac_muladd_8s_8s_32s_32_4_1  |  i0 * i1 + i2|
    |mac_muladd_8s_8s_32s_32_4_1_U4212  |mac_muladd_8s_8s_32s_32_4_1  |  i0 * i1 + i2|
    |mac_muladd_8s_8s_32s_32_4_1_U4213  |mac_muladd_8s_8s_32s_32_4_1  |  i0 * i1 + i2|
    |mac_muladd_8s_8s_32s_32_4_1_U4214  |mac_muladd_8s_8s_32s_32_4_1  |  i0 * i1 + i2|
    |mac_muladd_8s_8s_32s_32_4_1_U4215  |mac_muladd_8s_8s_32s_32_4_1  |  i0 * i1 + i2|
    |mac_muladd_8s_8s_32s_32_4_1_U4216  |mac_muladd_8s_8s_32s_32_4_1  |  i0 * i1 + i2|
    |mac_muladd_8s_8s_32s_32_4_1_U4217  |mac_muladd_8s_8s_32s_32_4_1  |  i0 * i1 + i2|
    |mac_muladd_8s_8s_32s_32_4_1_U4218  |mac_muladd_8s_8s_32s_32_4_1  |  i0 * i1 + i2|
    |mac_muladd_8s_8s_32s_32_4_1_U4219  |mac_muladd_8s_8s_32s_32_4_1  |  i0 * i1 + i2|
    |mac_muladd_8s_8s_32s_32_4_1_U4220  |mac_muladd_8s_8s_32s_32_4_1  |  i0 * i1 + i2|
    |mac_muladd_8s_8s_32s_32_4_1_U4221  |mac_muladd_8s_8s_32s_32_4_1  |  i0 * i1 + i2|
    |mac_muladd_8s_8s_32s_32_4_1_U4222  |mac_muladd_8s_8s_32s_32_4_1  |  i0 * i1 + i2|
    |mac_muladd_8s_8s_32s_32_4_1_U4223  |mac_muladd_8s_8s_32s_32_4_1  |  i0 * i1 + i2|
    |mac_muladd_8s_8s_32s_32_4_1_U4224  |mac_muladd_8s_8s_32s_32_4_1  |  i0 * i1 + i2|
    |mac_muladd_8s_8s_32s_32_4_1_U4225  |mac_muladd_8s_8s_32s_32_4_1  |  i0 * i1 + i2|
    |mac_muladd_8s_8s_32s_32_4_1_U4226  |mac_muladd_8s_8s_32s_32_4_1  |  i0 * i1 + i2|
    |mac_muladd_8s_8s_32s_32_4_1_U4227  |mac_muladd_8s_8s_32s_32_4_1  |  i0 * i1 + i2|
    |mac_muladd_8s_8s_32s_32_4_1_U4228  |mac_muladd_8s_8s_32s_32_4_1  |  i0 * i1 + i2|
    |mac_muladd_8s_8s_32s_32_4_1_U4229  |mac_muladd_8s_8s_32s_32_4_1  |  i0 * i1 + i2|
    |mac_muladd_8s_8s_32s_32_4_1_U4230  |mac_muladd_8s_8s_32s_32_4_1  |  i0 * i1 + i2|
    |mac_muladd_8s_8s_32s_32_4_1_U4231  |mac_muladd_8s_8s_32s_32_4_1  |  i0 * i1 + i2|
    |mac_muladd_8s_8s_32s_32_4_1_U4232  |mac_muladd_8s_8s_32s_32_4_1  |  i0 * i1 + i2|
    |mac_muladd_8s_8s_32s_32_4_1_U4233  |mac_muladd_8s_8s_32s_32_4_1  |  i0 * i1 + i2|
    |mac_muladd_8s_8s_32s_32_4_1_U4234  |mac_muladd_8s_8s_32s_32_4_1  |  i0 * i1 + i2|
    |mac_muladd_8s_8s_32s_32_4_1_U4235  |mac_muladd_8s_8s_32s_32_4_1  |  i0 * i1 + i2|
    |mac_muladd_8s_8s_32s_32_4_1_U4236  |mac_muladd_8s_8s_32s_32_4_1  |  i0 * i1 + i2|
    |mac_muladd_8s_8s_32s_32_4_1_U4237  |mac_muladd_8s_8s_32s_32_4_1  |  i0 * i1 + i2|
    |mac_muladd_8s_8s_32s_32_4_1_U4238  |mac_muladd_8s_8s_32s_32_4_1  |  i0 * i1 + i2|
    |mac_muladd_8s_8s_32s_32_4_1_U4239  |mac_muladd_8s_8s_32s_32_4_1  |  i0 * i1 + i2|
    |mac_muladd_8s_8s_32s_32_4_1_U4240  |mac_muladd_8s_8s_32s_32_4_1  |  i0 * i1 + i2|
    |mac_muladd_8s_8s_32s_32_4_1_U4241  |mac_muladd_8s_8s_32s_32_4_1  |  i0 * i1 + i2|
    |mac_muladd_8s_8s_32s_32_4_1_U4242  |mac_muladd_8s_8s_32s_32_4_1  |  i0 * i1 + i2|
    |mac_muladd_8s_8s_32s_32_4_1_U4243  |mac_muladd_8s_8s_32s_32_4_1  |  i0 * i1 + i2|
    |mac_muladd_8s_8s_32s_32_4_1_U4244  |mac_muladd_8s_8s_32s_32_4_1  |  i0 * i1 + i2|
    |mac_muladd_8s_8s_32s_32_4_1_U4245  |mac_muladd_8s_8s_32s_32_4_1  |  i0 * i1 + i2|
    |mac_muladd_8s_8s_32s_32_4_1_U4246  |mac_muladd_8s_8s_32s_32_4_1  |  i0 * i1 + i2|
    |mac_muladd_8s_8s_32s_32_4_1_U4247  |mac_muladd_8s_8s_32s_32_4_1  |  i0 * i1 + i2|
    |mac_muladd_8s_8s_32s_32_4_1_U4248  |mac_muladd_8s_8s_32s_32_4_1  |  i0 * i1 + i2|
    |mac_muladd_8s_8s_32s_32_4_1_U4249  |mac_muladd_8s_8s_32s_32_4_1  |  i0 * i1 + i2|
    |mac_muladd_8s_8s_32s_32_4_1_U4250  |mac_muladd_8s_8s_32s_32_4_1  |  i0 * i1 + i2|
    |mac_muladd_8s_8s_32s_32_4_1_U4251  |mac_muladd_8s_8s_32s_32_4_1  |  i0 * i1 + i2|
    |mac_muladd_8s_8s_32s_32_4_1_U4252  |mac_muladd_8s_8s_32s_32_4_1  |  i0 * i1 + i2|
    |mac_muladd_8s_8s_32s_32_4_1_U4253  |mac_muladd_8s_8s_32s_32_4_1  |  i0 * i1 + i2|
    |mac_muladd_8s_8s_32s_32_4_1_U4254  |mac_muladd_8s_8s_32s_32_4_1  |  i0 * i1 + i2|
    |mac_muladd_8s_8s_32s_32_4_1_U4255  |mac_muladd_8s_8s_32s_32_4_1  |  i0 * i1 + i2|
    |mac_muladd_8s_8s_32s_32_4_1_U4256  |mac_muladd_8s_8s_32s_32_4_1  |  i0 * i1 + i2|
    |mac_muladd_8s_8s_32s_32_4_1_U4257  |mac_muladd_8s_8s_32s_32_4_1  |  i0 * i1 + i2|
    |mac_muladd_8s_8s_32s_32_4_1_U4258  |mac_muladd_8s_8s_32s_32_4_1  |  i0 * i1 + i2|
    |mac_muladd_8s_8s_32s_32_4_1_U4259  |mac_muladd_8s_8s_32s_32_4_1  |  i0 * i1 + i2|
    |mac_muladd_8s_8s_32s_32_4_1_U4260  |mac_muladd_8s_8s_32s_32_4_1  |  i0 * i1 + i2|
    |mac_muladd_8s_8s_32s_32_4_1_U4261  |mac_muladd_8s_8s_32s_32_4_1  |  i0 * i1 + i2|
    |mac_muladd_8s_8s_32s_32_4_1_U4262  |mac_muladd_8s_8s_32s_32_4_1  |  i0 * i1 + i2|
    |mac_muladd_8s_8s_32s_32_4_1_U4263  |mac_muladd_8s_8s_32s_32_4_1  |  i0 * i1 + i2|
    |mac_muladd_8s_8s_32s_32_4_1_U4264  |mac_muladd_8s_8s_32s_32_4_1  |  i0 * i1 + i2|
    |mac_muladd_8s_8s_32s_32_4_1_U4265  |mac_muladd_8s_8s_32s_32_4_1  |  i0 * i1 + i2|
    |mac_muladd_8s_8s_32s_32_4_1_U4266  |mac_muladd_8s_8s_32s_32_4_1  |  i0 * i1 + i2|
    |mac_muladd_8s_8s_32s_32_4_1_U4267  |mac_muladd_8s_8s_32s_32_4_1  |  i0 * i1 + i2|
    |mac_muladd_8s_8s_32s_32_4_1_U4268  |mac_muladd_8s_8s_32s_32_4_1  |  i0 * i1 + i2|
    |mac_muladd_8s_8s_32s_32_4_1_U4269  |mac_muladd_8s_8s_32s_32_4_1  |  i0 * i1 + i2|
    |mac_muladd_8s_8s_32s_32_4_1_U4270  |mac_muladd_8s_8s_32s_32_4_1  |  i0 * i1 + i2|
    |mac_muladd_8s_8s_32s_32_4_1_U4271  |mac_muladd_8s_8s_32s_32_4_1  |  i0 * i1 + i2|
    |mac_muladd_8s_8s_32s_32_4_1_U4272  |mac_muladd_8s_8s_32s_32_4_1  |  i0 * i1 + i2|
    |mac_muladd_8s_8s_32s_32_4_1_U4273  |mac_muladd_8s_8s_32s_32_4_1  |  i0 * i1 + i2|
    |mac_muladd_8s_8s_32s_32_4_1_U4274  |mac_muladd_8s_8s_32s_32_4_1  |  i0 * i1 + i2|
    |mac_muladd_8s_8s_32s_32_4_1_U4275  |mac_muladd_8s_8s_32s_32_4_1  |  i0 * i1 + i2|
    |mac_muladd_8s_8s_32s_32_4_1_U4276  |mac_muladd_8s_8s_32s_32_4_1  |  i0 * i1 + i2|
    |mac_muladd_8s_8s_32s_32_4_1_U4277  |mac_muladd_8s_8s_32s_32_4_1  |  i0 * i1 + i2|
    |mac_muladd_8s_8s_32s_32_4_1_U4278  |mac_muladd_8s_8s_32s_32_4_1  |  i0 * i1 + i2|
    |mac_muladd_8s_8s_32s_32_4_1_U4279  |mac_muladd_8s_8s_32s_32_4_1  |  i0 * i1 + i2|
    |mac_muladd_8s_8s_32s_32_4_1_U4280  |mac_muladd_8s_8s_32s_32_4_1  |  i0 * i1 + i2|
    |mac_muladd_8s_8s_32s_32_4_1_U4281  |mac_muladd_8s_8s_32s_32_4_1  |  i0 * i1 + i2|
    |mac_muladd_8s_8s_32s_32_4_1_U4282  |mac_muladd_8s_8s_32s_32_4_1  |  i0 * i1 + i2|
    |mac_muladd_8s_8s_32s_32_4_1_U4283  |mac_muladd_8s_8s_32s_32_4_1  |  i0 * i1 + i2|
    |mac_muladd_8s_8s_32s_32_4_1_U4284  |mac_muladd_8s_8s_32s_32_4_1  |  i0 * i1 + i2|
    |mac_muladd_8s_8s_32s_32_4_1_U4285  |mac_muladd_8s_8s_32s_32_4_1  |  i0 * i1 + i2|
    |mac_muladd_8s_8s_32s_32_4_1_U4286  |mac_muladd_8s_8s_32s_32_4_1  |  i0 * i1 + i2|
    |mac_muladd_8s_8s_32s_32_4_1_U4287  |mac_muladd_8s_8s_32s_32_4_1  |  i0 * i1 + i2|
    |mac_muladd_8s_8s_32s_32_4_1_U4288  |mac_muladd_8s_8s_32s_32_4_1  |  i0 * i1 + i2|
    |mac_muladd_8s_8s_32s_32_4_1_U4289  |mac_muladd_8s_8s_32s_32_4_1  |  i0 * i1 + i2|
    |mac_muladd_8s_8s_32s_32_4_1_U4290  |mac_muladd_8s_8s_32s_32_4_1  |  i0 * i1 + i2|
    |mac_muladd_8s_8s_32s_32_4_1_U4291  |mac_muladd_8s_8s_32s_32_4_1  |  i0 * i1 + i2|
    |mac_muladd_8s_8s_32s_32_4_1_U4292  |mac_muladd_8s_8s_32s_32_4_1  |  i0 * i1 + i2|
    |mac_muladd_8s_8s_32s_32_4_1_U4293  |mac_muladd_8s_8s_32s_32_4_1  |  i0 * i1 + i2|
    |mac_muladd_8s_8s_32s_32_4_1_U4294  |mac_muladd_8s_8s_32s_32_4_1  |  i0 * i1 + i2|
    |mac_muladd_8s_8s_32s_32_4_1_U4295  |mac_muladd_8s_8s_32s_32_4_1  |  i0 * i1 + i2|
    |mac_muladd_8s_8s_32s_32_4_1_U4296  |mac_muladd_8s_8s_32s_32_4_1  |  i0 * i1 + i2|
    |mac_muladd_8s_8s_32s_32_4_1_U4297  |mac_muladd_8s_8s_32s_32_4_1  |  i0 * i1 + i2|
    |mac_muladd_8s_8s_32s_32_4_1_U4298  |mac_muladd_8s_8s_32s_32_4_1  |  i0 * i1 + i2|
    |mac_muladd_8s_8s_32s_32_4_1_U4299  |mac_muladd_8s_8s_32s_32_4_1  |  i0 * i1 + i2|
    |mac_muladd_8s_8s_32s_32_4_1_U4300  |mac_muladd_8s_8s_32s_32_4_1  |  i0 * i1 + i2|
    |mac_muladd_8s_8s_32s_32_4_1_U4301  |mac_muladd_8s_8s_32s_32_4_1  |  i0 * i1 + i2|
    |mac_muladd_8s_8s_32s_32_4_1_U4302  |mac_muladd_8s_8s_32s_32_4_1  |  i0 * i1 + i2|
    |mac_muladd_8s_8s_32s_32_4_1_U4303  |mac_muladd_8s_8s_32s_32_4_1  |  i0 * i1 + i2|
    |mac_muladd_8s_8s_32s_32_4_1_U4304  |mac_muladd_8s_8s_32s_32_4_1  |  i0 * i1 + i2|
    |mac_muladd_8s_8s_32s_32_4_1_U4305  |mac_muladd_8s_8s_32s_32_4_1  |  i0 * i1 + i2|
    |mac_muladd_8s_8s_32s_32_4_1_U4306  |mac_muladd_8s_8s_32s_32_4_1  |  i0 * i1 + i2|
    |mac_muladd_8s_8s_32s_32_4_1_U4307  |mac_muladd_8s_8s_32s_32_4_1  |  i0 * i1 + i2|
    |mac_muladd_8s_8s_32s_32_4_1_U4308  |mac_muladd_8s_8s_32s_32_4_1  |  i0 * i1 + i2|
    |mac_muladd_8s_8s_32s_32_4_1_U4309  |mac_muladd_8s_8s_32s_32_4_1  |  i0 * i1 + i2|
    |mac_muladd_8s_8s_32s_32_4_1_U4310  |mac_muladd_8s_8s_32s_32_4_1  |  i0 * i1 + i2|
    |mac_muladd_8s_8s_32s_32_4_1_U4311  |mac_muladd_8s_8s_32s_32_4_1  |  i0 * i1 + i2|
    |mac_muladd_8s_8s_32s_32_4_1_U4312  |mac_muladd_8s_8s_32s_32_4_1  |  i0 * i1 + i2|
    |mac_muladd_8s_8s_32s_32_4_1_U4313  |mac_muladd_8s_8s_32s_32_4_1  |  i0 * i1 + i2|
    |mac_muladd_8s_8s_32s_32_4_1_U4314  |mac_muladd_8s_8s_32s_32_4_1  |  i0 * i1 + i2|
    |mac_muladd_8s_8s_32s_32_4_1_U4315  |mac_muladd_8s_8s_32s_32_4_1  |  i0 * i1 + i2|
    |mac_muladd_8s_8s_32s_32_4_1_U4316  |mac_muladd_8s_8s_32s_32_4_1  |  i0 * i1 + i2|
    |mac_muladd_8s_8s_32s_32_4_1_U4317  |mac_muladd_8s_8s_32s_32_4_1  |  i0 * i1 + i2|
    |mac_muladd_8s_8s_32s_32_4_1_U4318  |mac_muladd_8s_8s_32s_32_4_1  |  i0 * i1 + i2|
    |mac_muladd_8s_8s_32s_32_4_1_U4319  |mac_muladd_8s_8s_32s_32_4_1  |  i0 * i1 + i2|
    |mac_muladd_8s_8s_32s_32_4_1_U4320  |mac_muladd_8s_8s_32s_32_4_1  |  i0 * i1 + i2|
    |mac_muladd_8s_8s_32s_32_4_1_U4321  |mac_muladd_8s_8s_32s_32_4_1  |  i0 * i1 + i2|
    |mac_muladd_8s_8s_32s_32_4_1_U4322  |mac_muladd_8s_8s_32s_32_4_1  |  i0 * i1 + i2|
    |mac_muladd_8s_8s_32s_32_4_1_U4323  |mac_muladd_8s_8s_32s_32_4_1  |  i0 * i1 + i2|
    |mac_muladd_8s_8s_32s_32_4_1_U4324  |mac_muladd_8s_8s_32s_32_4_1  |  i0 * i1 + i2|
    |mac_muladd_8s_8s_32s_32_4_1_U4325  |mac_muladd_8s_8s_32s_32_4_1  |  i0 * i1 + i2|
    |mac_muladd_8s_8s_32s_32_4_1_U4326  |mac_muladd_8s_8s_32s_32_4_1  |  i0 * i1 + i2|
    |mac_muladd_8s_8s_32s_32_4_1_U4327  |mac_muladd_8s_8s_32s_32_4_1  |  i0 * i1 + i2|
    |mac_muladd_8s_8s_32s_32_4_1_U4328  |mac_muladd_8s_8s_32s_32_4_1  |  i0 * i1 + i2|
    |mac_muladd_8s_8s_32s_32_4_1_U4329  |mac_muladd_8s_8s_32s_32_4_1  |  i0 * i1 + i2|
    |mac_muladd_8s_8s_32s_32_4_1_U4330  |mac_muladd_8s_8s_32s_32_4_1  |  i0 * i1 + i2|
    |mac_muladd_8s_8s_32s_32_4_1_U4331  |mac_muladd_8s_8s_32s_32_4_1  |  i0 * i1 + i2|
    |mac_muladd_8s_8s_32s_32_4_1_U4332  |mac_muladd_8s_8s_32s_32_4_1  |  i0 * i1 + i2|
    |mac_muladd_8s_8s_32s_32_4_1_U4333  |mac_muladd_8s_8s_32s_32_4_1  |  i0 * i1 + i2|
    |mac_muladd_8s_8s_32s_32_4_1_U4334  |mac_muladd_8s_8s_32s_32_4_1  |  i0 * i1 + i2|
    |mac_muladd_8s_8s_32s_32_4_1_U4335  |mac_muladd_8s_8s_32s_32_4_1  |  i0 * i1 + i2|
    |mac_muladd_8s_8s_32s_32_4_1_U4336  |mac_muladd_8s_8s_32s_32_4_1  |  i0 * i1 + i2|
    |mac_muladd_8s_8s_32s_32_4_1_U4337  |mac_muladd_8s_8s_32s_32_4_1  |  i0 * i1 + i2|
    |mac_muladd_8s_8s_32s_32_4_1_U4338  |mac_muladd_8s_8s_32s_32_4_1  |  i0 * i1 + i2|
    |mac_muladd_8s_8s_32s_32_4_1_U4339  |mac_muladd_8s_8s_32s_32_4_1  |  i0 * i1 + i2|
    |mac_muladd_8s_8s_32s_32_4_1_U4340  |mac_muladd_8s_8s_32s_32_4_1  |  i0 * i1 + i2|
    |mac_muladd_8s_8s_32s_32_4_1_U4341  |mac_muladd_8s_8s_32s_32_4_1  |  i0 * i1 + i2|
    |mac_muladd_8s_8s_32s_32_4_1_U4342  |mac_muladd_8s_8s_32s_32_4_1  |  i0 * i1 + i2|
    |mac_muladd_8s_8s_32s_32_4_1_U4343  |mac_muladd_8s_8s_32s_32_4_1  |  i0 * i1 + i2|
    |mac_muladd_8s_8s_32s_32_4_1_U4344  |mac_muladd_8s_8s_32s_32_4_1  |  i0 * i1 + i2|
    |mac_muladd_8s_8s_32s_32_4_1_U4345  |mac_muladd_8s_8s_32s_32_4_1  |  i0 * i1 + i2|
    |mac_muladd_8s_8s_32s_32_4_1_U4346  |mac_muladd_8s_8s_32s_32_4_1  |  i0 * i1 + i2|
    |mac_muladd_8s_8s_32s_32_4_1_U4347  |mac_muladd_8s_8s_32s_32_4_1  |  i0 * i1 + i2|
    |mac_muladd_8s_8s_32s_32_4_1_U4348  |mac_muladd_8s_8s_32s_32_4_1  |  i0 * i1 + i2|
    |mac_muladd_8s_8s_32s_32_4_1_U4349  |mac_muladd_8s_8s_32s_32_4_1  |  i0 * i1 + i2|
    |mac_muladd_8s_8s_32s_32_4_1_U4350  |mac_muladd_8s_8s_32s_32_4_1  |  i0 * i1 + i2|
    |mac_muladd_8s_8s_32s_32_4_1_U4351  |mac_muladd_8s_8s_32s_32_4_1  |  i0 * i1 + i2|
    |mac_muladd_8s_8s_32s_32_4_1_U4352  |mac_muladd_8s_8s_32s_32_4_1  |  i0 * i1 + i2|
    |mac_muladd_8s_8s_32s_32_4_1_U4353  |mac_muladd_8s_8s_32s_32_4_1  |  i0 * i1 + i2|
    |mac_muladd_8s_8s_32s_32_4_1_U4354  |mac_muladd_8s_8s_32s_32_4_1  |  i0 * i1 + i2|
    |mac_muladd_8s_8s_32s_32_4_1_U4355  |mac_muladd_8s_8s_32s_32_4_1  |  i0 * i1 + i2|
    |mac_muladd_8s_8s_32s_32_4_1_U4356  |mac_muladd_8s_8s_32s_32_4_1  |  i0 * i1 + i2|
    |mac_muladd_8s_8s_32s_32_4_1_U4357  |mac_muladd_8s_8s_32s_32_4_1  |  i0 * i1 + i2|
    |mac_muladd_8s_8s_32s_32_4_1_U4358  |mac_muladd_8s_8s_32s_32_4_1  |  i0 * i1 + i2|
    |mac_muladd_8s_8s_32s_32_4_1_U4359  |mac_muladd_8s_8s_32s_32_4_1  |  i0 * i1 + i2|
    |mac_muladd_8s_8s_32s_32_4_1_U4360  |mac_muladd_8s_8s_32s_32_4_1  |  i0 * i1 + i2|
    |mac_muladd_8s_8s_32s_32_4_1_U4361  |mac_muladd_8s_8s_32s_32_4_1  |  i0 * i1 + i2|
    |mac_muladd_8s_8s_32s_32_4_1_U4362  |mac_muladd_8s_8s_32s_32_4_1  |  i0 * i1 + i2|
    |mac_muladd_8s_8s_32s_32_4_1_U4363  |mac_muladd_8s_8s_32s_32_4_1  |  i0 * i1 + i2|
    |mac_muladd_8s_8s_32s_32_4_1_U4364  |mac_muladd_8s_8s_32s_32_4_1  |  i0 * i1 + i2|
    |mac_muladd_8s_8s_32s_32_4_1_U4365  |mac_muladd_8s_8s_32s_32_4_1  |  i0 * i1 + i2|
    |mac_muladd_8s_8s_32s_32_4_1_U4366  |mac_muladd_8s_8s_32s_32_4_1  |  i0 * i1 + i2|
    |mac_muladd_8s_8s_32s_32_4_1_U4367  |mac_muladd_8s_8s_32s_32_4_1  |  i0 * i1 + i2|
    |mac_muladd_8s_8s_32s_32_4_1_U4368  |mac_muladd_8s_8s_32s_32_4_1  |  i0 * i1 + i2|
    |mac_muladd_8s_8s_32s_32_4_1_U4369  |mac_muladd_8s_8s_32s_32_4_1  |  i0 * i1 + i2|
    |mac_muladd_8s_8s_32s_32_4_1_U4370  |mac_muladd_8s_8s_32s_32_4_1  |  i0 * i1 + i2|
    |mac_muladd_8s_8s_32s_32_4_1_U4371  |mac_muladd_8s_8s_32s_32_4_1  |  i0 * i1 + i2|
    |mac_muladd_8s_8s_32s_32_4_1_U4372  |mac_muladd_8s_8s_32s_32_4_1  |  i0 * i1 + i2|
    |mac_muladd_8s_8s_32s_32_4_1_U4373  |mac_muladd_8s_8s_32s_32_4_1  |  i0 * i1 + i2|
    |mac_muladd_8s_8s_32s_32_4_1_U4374  |mac_muladd_8s_8s_32s_32_4_1  |  i0 * i1 + i2|
    |mac_muladd_8s_8s_32s_32_4_1_U4375  |mac_muladd_8s_8s_32s_32_4_1  |  i0 * i1 + i2|
    |mac_muladd_8s_8s_32s_32_4_1_U4376  |mac_muladd_8s_8s_32s_32_4_1  |  i0 * i1 + i2|
    |mac_muladd_8s_8s_32s_32_4_1_U4377  |mac_muladd_8s_8s_32s_32_4_1  |  i0 * i1 + i2|
    |mac_muladd_8s_8s_32s_32_4_1_U4378  |mac_muladd_8s_8s_32s_32_4_1  |  i0 * i1 + i2|
    |mac_muladd_8s_8s_32s_32_4_1_U4379  |mac_muladd_8s_8s_32s_32_4_1  |  i0 * i1 + i2|
    |mac_muladd_8s_8s_32s_32_4_1_U4380  |mac_muladd_8s_8s_32s_32_4_1  |  i0 * i1 + i2|
    |mac_muladd_8s_8s_32s_32_4_1_U4381  |mac_muladd_8s_8s_32s_32_4_1  |  i0 * i1 + i2|
    |mac_muladd_8s_8s_32s_32_4_1_U4382  |mac_muladd_8s_8s_32s_32_4_1  |  i0 * i1 + i2|
    |mac_muladd_8s_8s_32s_32_4_1_U4383  |mac_muladd_8s_8s_32s_32_4_1  |  i0 * i1 + i2|
    |mac_muladd_8s_8s_32s_32_4_1_U4384  |mac_muladd_8s_8s_32s_32_4_1  |  i0 * i1 + i2|
    |mac_muladd_8s_8s_32s_32_4_1_U4385  |mac_muladd_8s_8s_32s_32_4_1  |  i0 * i1 + i2|
    |mac_muladd_8s_8s_32s_32_4_1_U4386  |mac_muladd_8s_8s_32s_32_4_1  |  i0 * i1 + i2|
    |mac_muladd_8s_8s_32s_32_4_1_U4387  |mac_muladd_8s_8s_32s_32_4_1  |  i0 * i1 + i2|
    |mac_muladd_8s_8s_32s_32_4_1_U4388  |mac_muladd_8s_8s_32s_32_4_1  |  i0 * i1 + i2|
    |mac_muladd_8s_8s_32s_32_4_1_U4389  |mac_muladd_8s_8s_32s_32_4_1  |  i0 * i1 + i2|
    |mac_muladd_8s_8s_32s_32_4_1_U4390  |mac_muladd_8s_8s_32s_32_4_1  |  i0 * i1 + i2|
    |mac_muladd_8s_8s_32s_32_4_1_U4391  |mac_muladd_8s_8s_32s_32_4_1  |  i0 * i1 + i2|
    |mac_muladd_8s_8s_32s_32_4_1_U4392  |mac_muladd_8s_8s_32s_32_4_1  |  i0 * i1 + i2|
    |mac_muladd_8s_8s_32s_32_4_1_U4393  |mac_muladd_8s_8s_32s_32_4_1  |  i0 * i1 + i2|
    |mac_muladd_8s_8s_32s_32_4_1_U4394  |mac_muladd_8s_8s_32s_32_4_1  |  i0 * i1 + i2|
    |mac_muladd_8s_8s_32s_32_4_1_U4395  |mac_muladd_8s_8s_32s_32_4_1  |  i0 * i1 + i2|
    |mac_muladd_8s_8s_32s_32_4_1_U4396  |mac_muladd_8s_8s_32s_32_4_1  |  i0 * i1 + i2|
    |mac_muladd_8s_8s_32s_32_4_1_U4397  |mac_muladd_8s_8s_32s_32_4_1  |  i0 * i1 + i2|
    |mac_muladd_8s_8s_32s_32_4_1_U4398  |mac_muladd_8s_8s_32s_32_4_1  |  i0 * i1 + i2|
    |mac_muladd_8s_8s_32s_32_4_1_U4399  |mac_muladd_8s_8s_32s_32_4_1  |  i0 * i1 + i2|
    |mac_muladd_8s_8s_32s_32_4_1_U4400  |mac_muladd_8s_8s_32s_32_4_1  |  i0 * i1 + i2|
    |mac_muladd_8s_8s_32s_32_4_1_U4401  |mac_muladd_8s_8s_32s_32_4_1  |  i0 * i1 + i2|
    |mac_muladd_8s_8s_32s_32_4_1_U4402  |mac_muladd_8s_8s_32s_32_4_1  |  i0 * i1 + i2|
    |mac_muladd_8s_8s_32s_32_4_1_U4403  |mac_muladd_8s_8s_32s_32_4_1  |  i0 * i1 + i2|
    |mac_muladd_8s_8s_32s_32_4_1_U4404  |mac_muladd_8s_8s_32s_32_4_1  |  i0 * i1 + i2|
    |mac_muladd_8s_8s_32s_32_4_1_U4405  |mac_muladd_8s_8s_32s_32_4_1  |  i0 * i1 + i2|
    |mac_muladd_8s_8s_32s_32_4_1_U4406  |mac_muladd_8s_8s_32s_32_4_1  |  i0 * i1 + i2|
    |mac_muladd_8s_8s_32s_32_4_1_U4407  |mac_muladd_8s_8s_32s_32_4_1  |  i0 * i1 + i2|
    |mac_muladd_8s_8s_32s_32_4_1_U4408  |mac_muladd_8s_8s_32s_32_4_1  |  i0 * i1 + i2|
    |mac_muladd_8s_8s_32s_32_4_1_U4409  |mac_muladd_8s_8s_32s_32_4_1  |  i0 * i1 + i2|
    |mac_muladd_8s_8s_32s_32_4_1_U4410  |mac_muladd_8s_8s_32s_32_4_1  |  i0 * i1 + i2|
    |mac_muladd_8s_8s_32s_32_4_1_U4411  |mac_muladd_8s_8s_32s_32_4_1  |  i0 * i1 + i2|
    |mac_muladd_8s_8s_32s_32_4_1_U4412  |mac_muladd_8s_8s_32s_32_4_1  |  i0 * i1 + i2|
    |mac_muladd_8s_8s_32s_32_4_1_U4413  |mac_muladd_8s_8s_32s_32_4_1  |  i0 * i1 + i2|
    |mac_muladd_8s_8s_32s_32_4_1_U4414  |mac_muladd_8s_8s_32s_32_4_1  |  i0 * i1 + i2|
    |mac_muladd_8s_8s_32s_32_4_1_U4415  |mac_muladd_8s_8s_32s_32_4_1  |  i0 * i1 + i2|
    |mac_muladd_8s_8s_32s_32_4_1_U4416  |mac_muladd_8s_8s_32s_32_4_1  |  i0 * i1 + i2|
    |mac_muladd_8s_8s_32s_32_4_1_U4417  |mac_muladd_8s_8s_32s_32_4_1  |  i0 * i1 + i2|
    |mac_muladd_8s_8s_32s_32_4_1_U4418  |mac_muladd_8s_8s_32s_32_4_1  |  i0 * i1 + i2|
    |mac_muladd_8s_8s_32s_32_4_1_U4419  |mac_muladd_8s_8s_32s_32_4_1  |  i0 * i1 + i2|
    |mac_muladd_8s_8s_32s_32_4_1_U4420  |mac_muladd_8s_8s_32s_32_4_1  |  i0 * i1 + i2|
    |mac_muladd_8s_8s_32s_32_4_1_U4421  |mac_muladd_8s_8s_32s_32_4_1  |  i0 * i1 + i2|
    |mac_muladd_8s_8s_32s_32_4_1_U4422  |mac_muladd_8s_8s_32s_32_4_1  |  i0 * i1 + i2|
    |mac_muladd_8s_8s_32s_32_4_1_U4423  |mac_muladd_8s_8s_32s_32_4_1  |  i0 * i1 + i2|
    |mac_muladd_8s_8s_32s_32_4_1_U4424  |mac_muladd_8s_8s_32s_32_4_1  |  i0 * i1 + i2|
    |mac_muladd_8s_8s_32s_32_4_1_U4425  |mac_muladd_8s_8s_32s_32_4_1  |  i0 * i1 + i2|
    |mac_muladd_8s_8s_32s_32_4_1_U4426  |mac_muladd_8s_8s_32s_32_4_1  |  i0 * i1 + i2|
    |mac_muladd_8s_8s_32s_32_4_1_U4427  |mac_muladd_8s_8s_32s_32_4_1  |  i0 * i1 + i2|
    |mac_muladd_8s_8s_32s_32_4_1_U4428  |mac_muladd_8s_8s_32s_32_4_1  |  i0 * i1 + i2|
    |mac_muladd_8s_8s_32s_32_4_1_U4429  |mac_muladd_8s_8s_32s_32_4_1  |  i0 * i1 + i2|
    |mac_muladd_8s_8s_32s_32_4_1_U4430  |mac_muladd_8s_8s_32s_32_4_1  |  i0 * i1 + i2|
    |mac_muladd_8s_8s_32s_32_4_1_U4431  |mac_muladd_8s_8s_32s_32_4_1  |  i0 * i1 + i2|
    |mac_muladd_8s_8s_32s_32_4_1_U4432  |mac_muladd_8s_8s_32s_32_4_1  |  i0 * i1 + i2|
    |mac_muladd_8s_8s_32s_32_4_1_U4433  |mac_muladd_8s_8s_32s_32_4_1  |  i0 * i1 + i2|
    |mac_muladd_8s_8s_32s_32_4_1_U4434  |mac_muladd_8s_8s_32s_32_4_1  |  i0 * i1 + i2|
    |mac_muladd_8s_8s_32s_32_4_1_U4435  |mac_muladd_8s_8s_32s_32_4_1  |  i0 * i1 + i2|
    |mac_muladd_8s_8s_32s_32_4_1_U4436  |mac_muladd_8s_8s_32s_32_4_1  |  i0 * i1 + i2|
    |mac_muladd_8s_8s_32s_32_4_1_U4437  |mac_muladd_8s_8s_32s_32_4_1  |  i0 * i1 + i2|
    |mac_muladd_8s_8s_32s_32_4_1_U4438  |mac_muladd_8s_8s_32s_32_4_1  |  i0 * i1 + i2|
    |mac_muladd_8s_8s_32s_32_4_1_U4439  |mac_muladd_8s_8s_32s_32_4_1  |  i0 * i1 + i2|
    |mac_muladd_8s_8s_32s_32_4_1_U4440  |mac_muladd_8s_8s_32s_32_4_1  |  i0 * i1 + i2|
    |mac_muladd_8s_8s_32s_32_4_1_U4441  |mac_muladd_8s_8s_32s_32_4_1  |  i0 * i1 + i2|
    |mac_muladd_8s_8s_32s_32_4_1_U4442  |mac_muladd_8s_8s_32s_32_4_1  |  i0 * i1 + i2|
    |mac_muladd_8s_8s_32s_32_4_1_U4443  |mac_muladd_8s_8s_32s_32_4_1  |  i0 * i1 + i2|
    |mac_muladd_8s_8s_32s_32_4_1_U4444  |mac_muladd_8s_8s_32s_32_4_1  |  i0 * i1 + i2|
    |mac_muladd_8s_8s_32s_32_4_1_U4445  |mac_muladd_8s_8s_32s_32_4_1  |  i0 * i1 + i2|
    |mac_muladd_8s_8s_32s_32_4_1_U4446  |mac_muladd_8s_8s_32s_32_4_1  |  i0 * i1 + i2|
    |mac_muladd_8s_8s_32s_32_4_1_U4447  |mac_muladd_8s_8s_32s_32_4_1  |  i0 * i1 + i2|
    |mac_muladd_8s_8s_32s_32_4_1_U4448  |mac_muladd_8s_8s_32s_32_4_1  |  i0 * i1 + i2|
    |mac_muladd_8s_8s_32s_32_4_1_U4449  |mac_muladd_8s_8s_32s_32_4_1  |  i0 * i1 + i2|
    |mac_muladd_8s_8s_32s_32_4_1_U4450  |mac_muladd_8s_8s_32s_32_4_1  |  i0 * i1 + i2|
    |mac_muladd_8s_8s_32s_32_4_1_U4451  |mac_muladd_8s_8s_32s_32_4_1  |  i0 * i1 + i2|
    |mac_muladd_8s_8s_32s_32_4_1_U4452  |mac_muladd_8s_8s_32s_32_4_1  |  i0 * i1 + i2|
    |mac_muladd_8s_8s_32s_32_4_1_U4453  |mac_muladd_8s_8s_32s_32_4_1  |  i0 * i1 + i2|
    |mac_muladd_8s_8s_32s_32_4_1_U4454  |mac_muladd_8s_8s_32s_32_4_1  |  i0 * i1 + i2|
    |mac_muladd_8s_8s_32s_32_4_1_U4455  |mac_muladd_8s_8s_32s_32_4_1  |  i0 * i1 + i2|
    |mac_muladd_8s_8s_32s_32_4_1_U4456  |mac_muladd_8s_8s_32s_32_4_1  |  i0 * i1 + i2|
    |mac_muladd_8s_8s_32s_32_4_1_U4457  |mac_muladd_8s_8s_32s_32_4_1  |  i0 * i1 + i2|
    |mac_muladd_8s_8s_32s_32_4_1_U4458  |mac_muladd_8s_8s_32s_32_4_1  |  i0 * i1 + i2|
    |mac_muladd_8s_8s_32s_32_4_1_U4459  |mac_muladd_8s_8s_32s_32_4_1  |  i0 * i1 + i2|
    |mac_muladd_8s_8s_32s_32_4_1_U4460  |mac_muladd_8s_8s_32s_32_4_1  |  i0 * i1 + i2|
    |mac_muladd_8s_8s_32s_32_4_1_U4461  |mac_muladd_8s_8s_32s_32_4_1  |  i0 * i1 + i2|
    |mac_muladd_8s_8s_32s_32_4_1_U4462  |mac_muladd_8s_8s_32s_32_4_1  |  i0 * i1 + i2|
    |mac_muladd_8s_8s_32s_32_4_1_U4463  |mac_muladd_8s_8s_32s_32_4_1  |  i0 * i1 + i2|
    |mac_muladd_8s_8s_32s_32_4_1_U4464  |mac_muladd_8s_8s_32s_32_4_1  |  i0 * i1 + i2|
    |mac_muladd_8s_8s_32s_32_4_1_U4465  |mac_muladd_8s_8s_32s_32_4_1  |  i0 * i1 + i2|
    |mac_muladd_8s_8s_32s_32_4_1_U4466  |mac_muladd_8s_8s_32s_32_4_1  |  i0 * i1 + i2|
    |mac_muladd_8s_8s_32s_32_4_1_U4467  |mac_muladd_8s_8s_32s_32_4_1  |  i0 * i1 + i2|
    |mac_muladd_8s_8s_32s_32_4_1_U4468  |mac_muladd_8s_8s_32s_32_4_1  |  i0 * i1 + i2|
    |mac_muladd_8s_8s_32s_32_4_1_U4469  |mac_muladd_8s_8s_32s_32_4_1  |  i0 * i1 + i2|
    |mac_muladd_8s_8s_32s_32_4_1_U4470  |mac_muladd_8s_8s_32s_32_4_1  |  i0 * i1 + i2|
    |mac_muladd_8s_8s_32s_32_4_1_U4471  |mac_muladd_8s_8s_32s_32_4_1  |  i0 * i1 + i2|
    |mac_muladd_8s_8s_32s_32_4_1_U4472  |mac_muladd_8s_8s_32s_32_4_1  |  i0 * i1 + i2|
    |mac_muladd_8s_8s_32s_32_4_1_U4473  |mac_muladd_8s_8s_32s_32_4_1  |  i0 * i1 + i2|
    |mac_muladd_8s_8s_32s_32_4_1_U4474  |mac_muladd_8s_8s_32s_32_4_1  |  i0 * i1 + i2|
    |mac_muladd_8s_8s_32s_32_4_1_U4475  |mac_muladd_8s_8s_32s_32_4_1  |  i0 * i1 + i2|
    |mac_muladd_8s_8s_32s_32_4_1_U4476  |mac_muladd_8s_8s_32s_32_4_1  |  i0 * i1 + i2|
    |mac_muladd_8s_8s_32s_32_4_1_U4477  |mac_muladd_8s_8s_32s_32_4_1  |  i0 * i1 + i2|
    |mac_muladd_8s_8s_32s_32_4_1_U4478  |mac_muladd_8s_8s_32s_32_4_1  |  i0 * i1 + i2|
    |mac_muladd_8s_8s_32s_32_4_1_U4479  |mac_muladd_8s_8s_32s_32_4_1  |  i0 * i1 + i2|
    |mac_muladd_8s_8s_32s_32_4_1_U4480  |mac_muladd_8s_8s_32s_32_4_1  |  i0 * i1 + i2|
    |mac_muladd_8s_8s_32s_32_4_1_U4481  |mac_muladd_8s_8s_32s_32_4_1  |  i0 * i1 + i2|
    |mac_muladd_8s_8s_32s_32_4_1_U4482  |mac_muladd_8s_8s_32s_32_4_1  |  i0 * i1 + i2|
    |mac_muladd_8s_8s_32s_32_4_1_U4483  |mac_muladd_8s_8s_32s_32_4_1  |  i0 * i1 + i2|
    |mac_muladd_8s_8s_32s_32_4_1_U4484  |mac_muladd_8s_8s_32s_32_4_1  |  i0 * i1 + i2|
    |mac_muladd_8s_8s_32s_32_4_1_U4485  |mac_muladd_8s_8s_32s_32_4_1  |  i0 * i1 + i2|
    |mac_muladd_8s_8s_32s_32_4_1_U4486  |mac_muladd_8s_8s_32s_32_4_1  |  i0 * i1 + i2|
    |mac_muladd_8s_8s_32s_32_4_1_U4487  |mac_muladd_8s_8s_32s_32_4_1  |  i0 * i1 + i2|
    |mac_muladd_8s_8s_32s_32_4_1_U4488  |mac_muladd_8s_8s_32s_32_4_1  |  i0 * i1 + i2|
    |mac_muladd_8s_8s_32s_32_4_1_U4489  |mac_muladd_8s_8s_32s_32_4_1  |  i0 * i1 + i2|
    |mac_muladd_8s_8s_32s_32_4_1_U4490  |mac_muladd_8s_8s_32s_32_4_1  |  i0 * i1 + i2|
    |mac_muladd_8s_8s_32s_32_4_1_U4491  |mac_muladd_8s_8s_32s_32_4_1  |  i0 * i1 + i2|
    |mac_muladd_8s_8s_32s_32_4_1_U4492  |mac_muladd_8s_8s_32s_32_4_1  |  i0 * i1 + i2|
    |mac_muladd_8s_8s_32s_32_4_1_U4493  |mac_muladd_8s_8s_32s_32_4_1  |  i0 * i1 + i2|
    |mac_muladd_8s_8s_32s_32_4_1_U4494  |mac_muladd_8s_8s_32s_32_4_1  |  i0 * i1 + i2|
    |mac_muladd_8s_8s_32s_32_4_1_U4495  |mac_muladd_8s_8s_32s_32_4_1  |  i0 * i1 + i2|
    |mac_muladd_8s_8s_32s_32_4_1_U4496  |mac_muladd_8s_8s_32s_32_4_1  |  i0 * i1 + i2|
    |mac_muladd_8s_8s_32s_32_4_1_U4497  |mac_muladd_8s_8s_32s_32_4_1  |  i0 * i1 + i2|
    |mac_muladd_8s_8s_32s_32_4_1_U4498  |mac_muladd_8s_8s_32s_32_4_1  |  i0 * i1 + i2|
    |mac_muladd_8s_8s_32s_32_4_1_U4499  |mac_muladd_8s_8s_32s_32_4_1  |  i0 * i1 + i2|
    |mac_muladd_8s_8s_32s_32_4_1_U4500  |mac_muladd_8s_8s_32s_32_4_1  |  i0 * i1 + i2|
    |mac_muladd_8s_8s_32s_32_4_1_U4501  |mac_muladd_8s_8s_32s_32_4_1  |  i0 * i1 + i2|
    |mac_muladd_8s_8s_32s_32_4_1_U4502  |mac_muladd_8s_8s_32s_32_4_1  |  i0 * i1 + i2|
    |mac_muladd_8s_8s_32s_32_4_1_U4503  |mac_muladd_8s_8s_32s_32_4_1  |  i0 * i1 + i2|
    |mac_muladd_8s_8s_32s_32_4_1_U4504  |mac_muladd_8s_8s_32s_32_4_1  |  i0 * i1 + i2|
    |mac_muladd_8s_8s_32s_32_4_1_U4505  |mac_muladd_8s_8s_32s_32_4_1  |  i0 * i1 + i2|
    |mac_muladd_8s_8s_32s_32_4_1_U4506  |mac_muladd_8s_8s_32s_32_4_1  |  i0 * i1 + i2|
    |mac_muladd_8s_8s_32s_32_4_1_U4507  |mac_muladd_8s_8s_32s_32_4_1  |  i0 * i1 + i2|
    |mac_muladd_8s_8s_32s_32_4_1_U4508  |mac_muladd_8s_8s_32s_32_4_1  |  i0 * i1 + i2|
    |mac_muladd_8s_8s_32s_32_4_1_U4509  |mac_muladd_8s_8s_32s_32_4_1  |  i0 * i1 + i2|
    |mac_muladd_8s_8s_32s_32_4_1_U4510  |mac_muladd_8s_8s_32s_32_4_1  |  i0 * i1 + i2|
    |mac_muladd_8s_8s_32s_32_4_1_U4511  |mac_muladd_8s_8s_32s_32_4_1  |  i0 * i1 + i2|
    |mac_muladd_8s_8s_32s_32_4_1_U4512  |mac_muladd_8s_8s_32s_32_4_1  |  i0 * i1 + i2|
    |mac_muladd_8s_8s_32s_32_4_1_U4513  |mac_muladd_8s_8s_32s_32_4_1  |  i0 * i1 + i2|
    |mac_muladd_8s_8s_32s_32_4_1_U4514  |mac_muladd_8s_8s_32s_32_4_1  |  i0 * i1 + i2|
    |mac_muladd_8s_8s_32s_32_4_1_U4515  |mac_muladd_8s_8s_32s_32_4_1  |  i0 * i1 + i2|
    |mac_muladd_8s_8s_32s_32_4_1_U4516  |mac_muladd_8s_8s_32s_32_4_1  |  i0 * i1 + i2|
    |mac_muladd_8s_8s_32s_32_4_1_U4517  |mac_muladd_8s_8s_32s_32_4_1  |  i0 * i1 + i2|
    |mac_muladd_8s_8s_32s_32_4_1_U4518  |mac_muladd_8s_8s_32s_32_4_1  |  i0 * i1 + i2|
    |mac_muladd_8s_8s_32s_32_4_1_U4519  |mac_muladd_8s_8s_32s_32_4_1  |  i0 * i1 + i2|
    |mac_muladd_8s_8s_32s_32_4_1_U4520  |mac_muladd_8s_8s_32s_32_4_1  |  i0 * i1 + i2|
    |mac_muladd_8s_8s_32s_32_4_1_U4521  |mac_muladd_8s_8s_32s_32_4_1  |  i0 * i1 + i2|
    |mac_muladd_8s_8s_32s_32_4_1_U4522  |mac_muladd_8s_8s_32s_32_4_1  |  i0 * i1 + i2|
    |mac_muladd_8s_8s_32s_32_4_1_U4523  |mac_muladd_8s_8s_32s_32_4_1  |  i0 * i1 + i2|
    |mac_muladd_8s_8s_32s_32_4_1_U4524  |mac_muladd_8s_8s_32s_32_4_1  |  i0 * i1 + i2|
    |mac_muladd_8s_8s_32s_32_4_1_U4525  |mac_muladd_8s_8s_32s_32_4_1  |  i0 * i1 + i2|
    |mac_muladd_8s_8s_32s_32_4_1_U4526  |mac_muladd_8s_8s_32s_32_4_1  |  i0 * i1 + i2|
    |mac_muladd_8s_8s_32s_32_4_1_U4527  |mac_muladd_8s_8s_32s_32_4_1  |  i0 * i1 + i2|
    |mac_muladd_8s_8s_32s_32_4_1_U4528  |mac_muladd_8s_8s_32s_32_4_1  |  i0 * i1 + i2|
    |mac_muladd_8s_8s_32s_32_4_1_U4529  |mac_muladd_8s_8s_32s_32_4_1  |  i0 * i1 + i2|
    |mac_muladd_8s_8s_32s_32_4_1_U4530  |mac_muladd_8s_8s_32s_32_4_1  |  i0 * i1 + i2|
    |mac_muladd_8s_8s_32s_32_4_1_U4531  |mac_muladd_8s_8s_32s_32_4_1  |  i0 * i1 + i2|
    |mac_muladd_8s_8s_32s_32_4_1_U4532  |mac_muladd_8s_8s_32s_32_4_1  |  i0 * i1 + i2|
    |mac_muladd_8s_8s_32s_32_4_1_U4533  |mac_muladd_8s_8s_32s_32_4_1  |  i0 * i1 + i2|
    |mac_muladd_8s_8s_32s_32_4_1_U4534  |mac_muladd_8s_8s_32s_32_4_1  |  i0 * i1 + i2|
    |mac_muladd_8s_8s_32s_32_4_1_U4535  |mac_muladd_8s_8s_32s_32_4_1  |  i0 * i1 + i2|
    |mac_muladd_8s_8s_32s_32_4_1_U4536  |mac_muladd_8s_8s_32s_32_4_1  |  i0 * i1 + i2|
    |mac_muladd_8s_8s_32s_32_4_1_U4537  |mac_muladd_8s_8s_32s_32_4_1  |  i0 * i1 + i2|
    |mac_muladd_8s_8s_32s_32_4_1_U4538  |mac_muladd_8s_8s_32s_32_4_1  |  i0 * i1 + i2|
    |mac_muladd_8s_8s_32s_32_4_1_U4539  |mac_muladd_8s_8s_32s_32_4_1  |  i0 * i1 + i2|
    |mac_muladd_8s_8s_32s_32_4_1_U4540  |mac_muladd_8s_8s_32s_32_4_1  |  i0 * i1 + i2|
    |mac_muladd_8s_8s_32s_32_4_1_U4541  |mac_muladd_8s_8s_32s_32_4_1  |  i0 * i1 + i2|
    |mac_muladd_8s_8s_32s_32_4_1_U4542  |mac_muladd_8s_8s_32s_32_4_1  |  i0 * i1 + i2|
    |mac_muladd_8s_8s_32s_32_4_1_U4543  |mac_muladd_8s_8s_32s_32_4_1  |  i0 * i1 + i2|
    |mac_muladd_8s_8s_32s_32_4_1_U4544  |mac_muladd_8s_8s_32s_32_4_1  |  i0 * i1 + i2|
    |mac_muladd_8s_8s_32s_32_4_1_U4545  |mac_muladd_8s_8s_32s_32_4_1  |  i0 * i1 + i2|
    |mac_muladd_8s_8s_32s_32_4_1_U4546  |mac_muladd_8s_8s_32s_32_4_1  |  i0 * i1 + i2|
    |mac_muladd_8s_8s_32s_32_4_1_U4547  |mac_muladd_8s_8s_32s_32_4_1  |  i0 * i1 + i2|
    |mac_muladd_8s_8s_32s_32_4_1_U4548  |mac_muladd_8s_8s_32s_32_4_1  |  i0 * i1 + i2|
    |mac_muladd_8s_8s_32s_32_4_1_U4549  |mac_muladd_8s_8s_32s_32_4_1  |  i0 * i1 + i2|
    |mac_muladd_8s_8s_32s_32_4_1_U4550  |mac_muladd_8s_8s_32s_32_4_1  |  i0 * i1 + i2|
    |mac_muladd_8s_8s_32s_32_4_1_U4551  |mac_muladd_8s_8s_32s_32_4_1  |  i0 * i1 + i2|
    |mac_muladd_8s_8s_32s_32_4_1_U4552  |mac_muladd_8s_8s_32s_32_4_1  |  i0 * i1 + i2|
    |mac_muladd_8s_8s_32s_32_4_1_U4553  |mac_muladd_8s_8s_32s_32_4_1  |  i0 * i1 + i2|
    |mac_muladd_8s_8s_32s_32_4_1_U4554  |mac_muladd_8s_8s_32s_32_4_1  |  i0 * i1 + i2|
    |mac_muladd_8s_8s_32s_32_4_1_U4555  |mac_muladd_8s_8s_32s_32_4_1  |  i0 * i1 + i2|
    |mac_muladd_8s_8s_32s_32_4_1_U4556  |mac_muladd_8s_8s_32s_32_4_1  |  i0 * i1 + i2|
    |mac_muladd_8s_8s_32s_32_4_1_U4557  |mac_muladd_8s_8s_32s_32_4_1  |  i0 * i1 + i2|
    |mac_muladd_8s_8s_32s_32_4_1_U4558  |mac_muladd_8s_8s_32s_32_4_1  |  i0 * i1 + i2|
    |mac_muladd_8s_8s_32s_32_4_1_U4559  |mac_muladd_8s_8s_32s_32_4_1  |  i0 * i1 + i2|
    |mac_muladd_8s_8s_32s_32_4_1_U4560  |mac_muladd_8s_8s_32s_32_4_1  |  i0 * i1 + i2|
    |mac_muladd_8s_8s_32s_32_4_1_U4561  |mac_muladd_8s_8s_32s_32_4_1  |  i0 * i1 + i2|
    |mac_muladd_8s_8s_32s_32_4_1_U4562  |mac_muladd_8s_8s_32s_32_4_1  |  i0 * i1 + i2|
    |mac_muladd_8s_8s_32s_32_4_1_U4563  |mac_muladd_8s_8s_32s_32_4_1  |  i0 * i1 + i2|
    |mac_muladd_8s_8s_32s_32_4_1_U4564  |mac_muladd_8s_8s_32s_32_4_1  |  i0 * i1 + i2|
    |mac_muladd_8s_8s_32s_32_4_1_U4565  |mac_muladd_8s_8s_32s_32_4_1  |  i0 * i1 + i2|
    |mac_muladd_8s_8s_32s_32_4_1_U4566  |mac_muladd_8s_8s_32s_32_4_1  |  i0 * i1 + i2|
    |mac_muladd_8s_8s_32s_32_4_1_U4567  |mac_muladd_8s_8s_32s_32_4_1  |  i0 * i1 + i2|
    |mac_muladd_8s_8s_32s_32_4_1_U4568  |mac_muladd_8s_8s_32s_32_4_1  |  i0 * i1 + i2|
    |mac_muladd_8s_8s_32s_32_4_1_U4569  |mac_muladd_8s_8s_32s_32_4_1  |  i0 * i1 + i2|
    |mac_muladd_8s_8s_32s_32_4_1_U4570  |mac_muladd_8s_8s_32s_32_4_1  |  i0 * i1 + i2|
    |mac_muladd_8s_8s_32s_32_4_1_U4571  |mac_muladd_8s_8s_32s_32_4_1  |  i0 * i1 + i2|
    |mac_muladd_8s_8s_32s_32_4_1_U4572  |mac_muladd_8s_8s_32s_32_4_1  |  i0 * i1 + i2|
    |mac_muladd_8s_8s_32s_32_4_1_U4573  |mac_muladd_8s_8s_32s_32_4_1  |  i0 * i1 + i2|
    |mac_muladd_8s_8s_32s_32_4_1_U4574  |mac_muladd_8s_8s_32s_32_4_1  |  i0 * i1 + i2|
    |mac_muladd_8s_8s_32s_32_4_1_U4575  |mac_muladd_8s_8s_32s_32_4_1  |  i0 * i1 + i2|
    |mac_muladd_8s_8s_32s_32_4_1_U4576  |mac_muladd_8s_8s_32s_32_4_1  |  i0 * i1 + i2|
    |mac_muladd_8s_8s_32s_32_4_1_U4577  |mac_muladd_8s_8s_32s_32_4_1  |  i0 * i1 + i2|
    |mac_muladd_8s_8s_32s_32_4_1_U4578  |mac_muladd_8s_8s_32s_32_4_1  |  i0 * i1 + i2|
    |mac_muladd_8s_8s_32s_32_4_1_U4579  |mac_muladd_8s_8s_32s_32_4_1  |  i0 * i1 + i2|
    |mac_muladd_8s_8s_32s_32_4_1_U4580  |mac_muladd_8s_8s_32s_32_4_1  |  i0 * i1 + i2|
    |mac_muladd_8s_8s_32s_32_4_1_U4581  |mac_muladd_8s_8s_32s_32_4_1  |  i0 * i1 + i2|
    |mac_muladd_8s_8s_32s_32_4_1_U4582  |mac_muladd_8s_8s_32s_32_4_1  |  i0 * i1 + i2|
    |mac_muladd_8s_8s_32s_32_4_1_U4583  |mac_muladd_8s_8s_32s_32_4_1  |  i0 * i1 + i2|
    |mac_muladd_8s_8s_32s_32_4_1_U4584  |mac_muladd_8s_8s_32s_32_4_1  |  i0 * i1 + i2|
    |mac_muladd_8s_8s_32s_32_4_1_U4585  |mac_muladd_8s_8s_32s_32_4_1  |  i0 * i1 + i2|
    |mac_muladd_8s_8s_32s_32_4_1_U4586  |mac_muladd_8s_8s_32s_32_4_1  |  i0 * i1 + i2|
    |mac_muladd_8s_8s_32s_32_4_1_U4587  |mac_muladd_8s_8s_32s_32_4_1  |  i0 * i1 + i2|
    |mac_muladd_8s_8s_32s_32_4_1_U4588  |mac_muladd_8s_8s_32s_32_4_1  |  i0 * i1 + i2|
    |mac_muladd_8s_8s_32s_32_4_1_U4589  |mac_muladd_8s_8s_32s_32_4_1  |  i0 * i1 + i2|
    |mac_muladd_8s_8s_32s_32_4_1_U4590  |mac_muladd_8s_8s_32s_32_4_1  |  i0 * i1 + i2|
    |mac_muladd_8s_8s_32s_32_4_1_U4591  |mac_muladd_8s_8s_32s_32_4_1  |  i0 * i1 + i2|
    |mac_muladd_8s_8s_32s_32_4_1_U4592  |mac_muladd_8s_8s_32s_32_4_1  |  i0 * i1 + i2|
    |mac_muladd_8s_8s_32s_32_4_1_U4593  |mac_muladd_8s_8s_32s_32_4_1  |  i0 * i1 + i2|
    |mac_muladd_8s_8s_32s_32_4_1_U4594  |mac_muladd_8s_8s_32s_32_4_1  |  i0 * i1 + i2|
    |mac_muladd_8s_8s_32s_32_4_1_U4595  |mac_muladd_8s_8s_32s_32_4_1  |  i0 * i1 + i2|
    |mac_muladd_8s_8s_32s_32_4_1_U4596  |mac_muladd_8s_8s_32s_32_4_1  |  i0 * i1 + i2|
    |mac_muladd_8s_8s_32s_32_4_1_U4597  |mac_muladd_8s_8s_32s_32_4_1  |  i0 * i1 + i2|
    |mac_muladd_8s_8s_32s_32_4_1_U4598  |mac_muladd_8s_8s_32s_32_4_1  |  i0 * i1 + i2|
    |mac_muladd_8s_8s_32s_32_4_1_U4599  |mac_muladd_8s_8s_32s_32_4_1  |  i0 * i1 + i2|
    |mac_muladd_8s_8s_32s_32_4_1_U4600  |mac_muladd_8s_8s_32s_32_4_1  |  i0 * i1 + i2|
    |mac_muladd_8s_8s_32s_32_4_1_U4601  |mac_muladd_8s_8s_32s_32_4_1  |  i0 * i1 + i2|
    |mac_muladd_8s_8s_32s_32_4_1_U4602  |mac_muladd_8s_8s_32s_32_4_1  |  i0 * i1 + i2|
    |mac_muladd_8s_8s_32s_32_4_1_U4603  |mac_muladd_8s_8s_32s_32_4_1  |  i0 * i1 + i2|
    |mac_muladd_8s_8s_32s_32_4_1_U4604  |mac_muladd_8s_8s_32s_32_4_1  |  i0 * i1 + i2|
    |mac_muladd_8s_8s_32s_32_4_1_U4605  |mac_muladd_8s_8s_32s_32_4_1  |  i0 * i1 + i2|
    |mac_muladd_8s_8s_32s_32_4_1_U4606  |mac_muladd_8s_8s_32s_32_4_1  |  i0 * i1 + i2|
    |mac_muladd_8s_8s_32s_32_4_1_U4607  |mac_muladd_8s_8s_32s_32_4_1  |  i0 * i1 + i2|
    |mac_muladd_8s_8s_32s_32_4_1_U4608  |mac_muladd_8s_8s_32s_32_4_1  |  i0 * i1 + i2|
    |mac_muladd_8s_8s_32s_32_4_1_U4609  |mac_muladd_8s_8s_32s_32_4_1  |  i0 * i1 + i2|
    |mac_muladd_8s_8s_32s_32_4_1_U4610  |mac_muladd_8s_8s_32s_32_4_1  |  i0 * i1 + i2|
    |mac_muladd_8s_8s_32s_32_4_1_U4611  |mac_muladd_8s_8s_32s_32_4_1  |  i0 * i1 + i2|
    |mac_muladd_8s_8s_32s_32_4_1_U4612  |mac_muladd_8s_8s_32s_32_4_1  |  i0 * i1 + i2|
    |mac_muladd_8s_8s_32s_32_4_1_U4613  |mac_muladd_8s_8s_32s_32_4_1  |  i0 * i1 + i2|
    |mac_muladd_8s_8s_32s_32_4_1_U4614  |mac_muladd_8s_8s_32s_32_4_1  |  i0 * i1 + i2|
    |mac_muladd_8s_8s_32s_32_4_1_U4615  |mac_muladd_8s_8s_32s_32_4_1  |  i0 * i1 + i2|
    |mac_muladd_8s_8s_32s_32_4_1_U4616  |mac_muladd_8s_8s_32s_32_4_1  |  i0 * i1 + i2|
    |mac_muladd_8s_8s_32s_32_4_1_U4617  |mac_muladd_8s_8s_32s_32_4_1  |  i0 * i1 + i2|
    |mac_muladd_8s_8s_32s_32_4_1_U4618  |mac_muladd_8s_8s_32s_32_4_1  |  i0 * i1 + i2|
    |mac_muladd_8s_8s_32s_32_4_1_U4619  |mac_muladd_8s_8s_32s_32_4_1  |  i0 * i1 + i2|
    |mac_muladd_8s_8s_32s_32_4_1_U4620  |mac_muladd_8s_8s_32s_32_4_1  |  i0 * i1 + i2|
    |mac_muladd_8s_8s_32s_32_4_1_U4621  |mac_muladd_8s_8s_32s_32_4_1  |  i0 * i1 + i2|
    |mac_muladd_8s_8s_32s_32_4_1_U4622  |mac_muladd_8s_8s_32s_32_4_1  |  i0 * i1 + i2|
    |mac_muladd_8s_8s_32s_32_4_1_U4623  |mac_muladd_8s_8s_32s_32_4_1  |  i0 * i1 + i2|
    |mac_muladd_8s_8s_32s_32_4_1_U4624  |mac_muladd_8s_8s_32s_32_4_1  |  i0 * i1 + i2|
    |mac_muladd_8s_8s_32s_32_4_1_U4625  |mac_muladd_8s_8s_32s_32_4_1  |  i0 * i1 + i2|
    |mac_muladd_8s_8s_32s_32_4_1_U4626  |mac_muladd_8s_8s_32s_32_4_1  |  i0 * i1 + i2|
    |mac_muladd_8s_8s_32s_32_4_1_U4627  |mac_muladd_8s_8s_32s_32_4_1  |  i0 * i1 + i2|
    |mac_muladd_8s_8s_32s_32_4_1_U4628  |mac_muladd_8s_8s_32s_32_4_1  |  i0 * i1 + i2|
    |mac_muladd_8s_8s_32s_32_4_1_U4629  |mac_muladd_8s_8s_32s_32_4_1  |  i0 * i1 + i2|
    |mac_muladd_8s_8s_32s_32_4_1_U4630  |mac_muladd_8s_8s_32s_32_4_1  |  i0 * i1 + i2|
    |mac_muladd_8s_8s_32s_32_4_1_U4631  |mac_muladd_8s_8s_32s_32_4_1  |  i0 * i1 + i2|
    |mac_muladd_8s_8s_32s_32_4_1_U4632  |mac_muladd_8s_8s_32s_32_4_1  |  i0 * i1 + i2|
    |mac_muladd_8s_8s_32s_32_4_1_U4633  |mac_muladd_8s_8s_32s_32_4_1  |  i0 * i1 + i2|
    |mac_muladd_8s_8s_32s_32_4_1_U4634  |mac_muladd_8s_8s_32s_32_4_1  |  i0 * i1 + i2|
    |mac_muladd_8s_8s_32s_32_4_1_U4635  |mac_muladd_8s_8s_32s_32_4_1  |  i0 * i1 + i2|
    |mac_muladd_8s_8s_32s_32_4_1_U4636  |mac_muladd_8s_8s_32s_32_4_1  |  i0 * i1 + i2|
    |mac_muladd_8s_8s_32s_32_4_1_U4637  |mac_muladd_8s_8s_32s_32_4_1  |  i0 * i1 + i2|
    |mac_muladd_8s_8s_32s_32_4_1_U4638  |mac_muladd_8s_8s_32s_32_4_1  |  i0 * i1 + i2|
    |mac_muladd_8s_8s_32s_32_4_1_U4639  |mac_muladd_8s_8s_32s_32_4_1  |  i0 * i1 + i2|
    |mac_muladd_8s_8s_32s_32_4_1_U4640  |mac_muladd_8s_8s_32s_32_4_1  |  i0 * i1 + i2|
    |mac_muladd_8s_8s_32s_32_4_1_U4641  |mac_muladd_8s_8s_32s_32_4_1  |  i0 * i1 + i2|
    |mac_muladd_8s_8s_32s_32_4_1_U4642  |mac_muladd_8s_8s_32s_32_4_1  |  i0 * i1 + i2|
    |mac_muladd_8s_8s_32s_32_4_1_U4643  |mac_muladd_8s_8s_32s_32_4_1  |  i0 * i1 + i2|
    |mac_muladd_8s_8s_32s_32_4_1_U4644  |mac_muladd_8s_8s_32s_32_4_1  |  i0 * i1 + i2|
    |mac_muladd_8s_8s_32s_32_4_1_U4645  |mac_muladd_8s_8s_32s_32_4_1  |  i0 * i1 + i2|
    |mac_muladd_8s_8s_32s_32_4_1_U4646  |mac_muladd_8s_8s_32s_32_4_1  |  i0 * i1 + i2|
    |mac_muladd_8s_8s_32s_32_4_1_U4647  |mac_muladd_8s_8s_32s_32_4_1  |  i0 * i1 + i2|
    |mac_muladd_8s_8s_32s_32_4_1_U4648  |mac_muladd_8s_8s_32s_32_4_1  |  i0 * i1 + i2|
    |mac_muladd_8s_8s_32s_32_4_1_U4649  |mac_muladd_8s_8s_32s_32_4_1  |  i0 * i1 + i2|
    |mac_muladd_8s_8s_32s_32_4_1_U4650  |mac_muladd_8s_8s_32s_32_4_1  |  i0 * i1 + i2|
    |mac_muladd_8s_8s_32s_32_4_1_U4651  |mac_muladd_8s_8s_32s_32_4_1  |  i0 * i1 + i2|
    |mac_muladd_8s_8s_32s_32_4_1_U4652  |mac_muladd_8s_8s_32s_32_4_1  |  i0 * i1 + i2|
    |mac_muladd_8s_8s_32s_32_4_1_U4653  |mac_muladd_8s_8s_32s_32_4_1  |  i0 * i1 + i2|
    |mac_muladd_8s_8s_32s_32_4_1_U4654  |mac_muladd_8s_8s_32s_32_4_1  |  i0 * i1 + i2|
    |mac_muladd_8s_8s_32s_32_4_1_U4655  |mac_muladd_8s_8s_32s_32_4_1  |  i0 * i1 + i2|
    |mac_muladd_8s_8s_32s_32_4_1_U4656  |mac_muladd_8s_8s_32s_32_4_1  |  i0 * i1 + i2|
    |mac_muladd_8s_8s_32s_32_4_1_U4657  |mac_muladd_8s_8s_32s_32_4_1  |  i0 * i1 + i2|
    |mac_muladd_8s_8s_32s_32_4_1_U4658  |mac_muladd_8s_8s_32s_32_4_1  |  i0 * i1 + i2|
    |mac_muladd_8s_8s_32s_32_4_1_U4659  |mac_muladd_8s_8s_32s_32_4_1  |  i0 * i1 + i2|
    |mac_muladd_8s_8s_32s_32_4_1_U4660  |mac_muladd_8s_8s_32s_32_4_1  |  i0 * i1 + i2|
    |mac_muladd_8s_8s_32s_32_4_1_U4661  |mac_muladd_8s_8s_32s_32_4_1  |  i0 * i1 + i2|
    |mac_muladd_8s_8s_32s_32_4_1_U4662  |mac_muladd_8s_8s_32s_32_4_1  |  i0 * i1 + i2|
    |mac_muladd_8s_8s_32s_32_4_1_U4663  |mac_muladd_8s_8s_32s_32_4_1  |  i0 * i1 + i2|
    |mac_muladd_8s_8s_32s_32_4_1_U4664  |mac_muladd_8s_8s_32s_32_4_1  |  i0 * i1 + i2|
    |mac_muladd_8s_8s_32s_32_4_1_U4665  |mac_muladd_8s_8s_32s_32_4_1  |  i0 * i1 + i2|
    |mac_muladd_8s_8s_32s_32_4_1_U4666  |mac_muladd_8s_8s_32s_32_4_1  |  i0 * i1 + i2|
    |mac_muladd_8s_8s_32s_32_4_1_U4667  |mac_muladd_8s_8s_32s_32_4_1  |  i0 * i1 + i2|
    |mac_muladd_8s_8s_32s_32_4_1_U4668  |mac_muladd_8s_8s_32s_32_4_1  |  i0 * i1 + i2|
    |mac_muladd_8s_8s_32s_32_4_1_U4669  |mac_muladd_8s_8s_32s_32_4_1  |  i0 * i1 + i2|
    |mac_muladd_8s_8s_32s_32_4_1_U4670  |mac_muladd_8s_8s_32s_32_4_1  |  i0 * i1 + i2|
    |mac_muladd_8s_8s_32s_32_4_1_U4671  |mac_muladd_8s_8s_32s_32_4_1  |  i0 * i1 + i2|
    |mac_muladd_8s_8s_32s_32_4_1_U4672  |mac_muladd_8s_8s_32s_32_4_1  |  i0 * i1 + i2|
    |mac_muladd_8s_8s_32s_32_4_1_U4673  |mac_muladd_8s_8s_32s_32_4_1  |  i0 * i1 + i2|
    |mac_muladd_8s_8s_32s_32_4_1_U4674  |mac_muladd_8s_8s_32s_32_4_1  |  i0 * i1 + i2|
    |mac_muladd_8s_8s_32s_32_4_1_U4675  |mac_muladd_8s_8s_32s_32_4_1  |  i0 * i1 + i2|
    |mac_muladd_8s_8s_32s_32_4_1_U4676  |mac_muladd_8s_8s_32s_32_4_1  |  i0 * i1 + i2|
    |mac_muladd_8s_8s_32s_32_4_1_U4677  |mac_muladd_8s_8s_32s_32_4_1  |  i0 * i1 + i2|
    |mac_muladd_8s_8s_32s_32_4_1_U4678  |mac_muladd_8s_8s_32s_32_4_1  |  i0 * i1 + i2|
    |mac_muladd_8s_8s_32s_32_4_1_U4679  |mac_muladd_8s_8s_32s_32_4_1  |  i0 * i1 + i2|
    |mac_muladd_8s_8s_32s_32_4_1_U4680  |mac_muladd_8s_8s_32s_32_4_1  |  i0 * i1 + i2|
    |mac_muladd_8s_8s_32s_32_4_1_U4681  |mac_muladd_8s_8s_32s_32_4_1  |  i0 * i1 + i2|
    |mac_muladd_8s_8s_32s_32_4_1_U4682  |mac_muladd_8s_8s_32s_32_4_1  |  i0 * i1 + i2|
    |mac_muladd_8s_8s_32s_32_4_1_U4683  |mac_muladd_8s_8s_32s_32_4_1  |  i0 * i1 + i2|
    |mac_muladd_8s_8s_32s_32_4_1_U4684  |mac_muladd_8s_8s_32s_32_4_1  |  i0 * i1 + i2|
    |mac_muladd_8s_8s_32s_32_4_1_U4685  |mac_muladd_8s_8s_32s_32_4_1  |  i0 * i1 + i2|
    |mac_muladd_8s_8s_32s_32_4_1_U4686  |mac_muladd_8s_8s_32s_32_4_1  |  i0 * i1 + i2|
    |mac_muladd_8s_8s_32s_32_4_1_U4687  |mac_muladd_8s_8s_32s_32_4_1  |  i0 * i1 + i2|
    |mac_muladd_8s_8s_32s_32_4_1_U4688  |mac_muladd_8s_8s_32s_32_4_1  |  i0 * i1 + i2|
    |mac_muladd_8s_8s_32s_32_4_1_U4689  |mac_muladd_8s_8s_32s_32_4_1  |  i0 * i1 + i2|
    |mac_muladd_8s_8s_32s_32_4_1_U4690  |mac_muladd_8s_8s_32s_32_4_1  |  i0 * i1 + i2|
    |mac_muladd_8s_8s_32s_32_4_1_U4691  |mac_muladd_8s_8s_32s_32_4_1  |  i0 * i1 + i2|
    |mac_muladd_8s_8s_32s_32_4_1_U4692  |mac_muladd_8s_8s_32s_32_4_1  |  i0 * i1 + i2|
    |mac_muladd_8s_8s_32s_32_4_1_U4693  |mac_muladd_8s_8s_32s_32_4_1  |  i0 * i1 + i2|
    |mac_muladd_8s_8s_32s_32_4_1_U4694  |mac_muladd_8s_8s_32s_32_4_1  |  i0 * i1 + i2|
    |mac_muladd_8s_8s_32s_32_4_1_U4695  |mac_muladd_8s_8s_32s_32_4_1  |  i0 * i1 + i2|
    |mac_muladd_8s_8s_32s_32_4_1_U4696  |mac_muladd_8s_8s_32s_32_4_1  |  i0 * i1 + i2|
    |mac_muladd_8s_8s_32s_32_4_1_U4697  |mac_muladd_8s_8s_32s_32_4_1  |  i0 * i1 + i2|
    |mac_muladd_8s_8s_32s_32_4_1_U4698  |mac_muladd_8s_8s_32s_32_4_1  |  i0 * i1 + i2|
    |mac_muladd_8s_8s_32s_32_4_1_U4699  |mac_muladd_8s_8s_32s_32_4_1  |  i0 * i1 + i2|
    |mac_muladd_8s_8s_32s_32_4_1_U4700  |mac_muladd_8s_8s_32s_32_4_1  |  i0 * i1 + i2|
    |mac_muladd_8s_8s_32s_32_4_1_U4701  |mac_muladd_8s_8s_32s_32_4_1  |  i0 * i1 + i2|
    |mac_muladd_8s_8s_32s_32_4_1_U4702  |mac_muladd_8s_8s_32s_32_4_1  |  i0 * i1 + i2|
    |mac_muladd_8s_8s_32s_32_4_1_U4703  |mac_muladd_8s_8s_32s_32_4_1  |  i0 * i1 + i2|
    |mac_muladd_8s_8s_32s_32_4_1_U4704  |mac_muladd_8s_8s_32s_32_4_1  |  i0 * i1 + i2|
    |mac_muladd_8s_8s_32s_32_4_1_U4705  |mac_muladd_8s_8s_32s_32_4_1  |  i0 * i1 + i2|
    |mac_muladd_8s_8s_32s_32_4_1_U4706  |mac_muladd_8s_8s_32s_32_4_1  |  i0 * i1 + i2|
    |mac_muladd_8s_8s_32s_32_4_1_U4707  |mac_muladd_8s_8s_32s_32_4_1  |  i0 * i1 + i2|
    |mac_muladd_8s_8s_32s_32_4_1_U4708  |mac_muladd_8s_8s_32s_32_4_1  |  i0 * i1 + i2|
    |mac_muladd_8s_8s_32s_32_4_1_U4709  |mac_muladd_8s_8s_32s_32_4_1  |  i0 * i1 + i2|
    |mac_muladd_8s_8s_32s_32_4_1_U4710  |mac_muladd_8s_8s_32s_32_4_1  |  i0 * i1 + i2|
    |mac_muladd_8s_8s_32s_32_4_1_U4711  |mac_muladd_8s_8s_32s_32_4_1  |  i0 * i1 + i2|
    |mac_muladd_8s_8s_32s_32_4_1_U4712  |mac_muladd_8s_8s_32s_32_4_1  |  i0 * i1 + i2|
    |mac_muladd_8s_8s_32s_32_4_1_U4713  |mac_muladd_8s_8s_32s_32_4_1  |  i0 * i1 + i2|
    |mac_muladd_8s_8s_32s_32_4_1_U4714  |mac_muladd_8s_8s_32s_32_4_1  |  i0 * i1 + i2|
    |mac_muladd_8s_8s_32s_32_4_1_U4715  |mac_muladd_8s_8s_32s_32_4_1  |  i0 * i1 + i2|
    |mac_muladd_8s_8s_32s_32_4_1_U4716  |mac_muladd_8s_8s_32s_32_4_1  |  i0 * i1 + i2|
    |mac_muladd_8s_8s_32s_32_4_1_U4717  |mac_muladd_8s_8s_32s_32_4_1  |  i0 * i1 + i2|
    |mac_muladd_8s_8s_32s_32_4_1_U4718  |mac_muladd_8s_8s_32s_32_4_1  |  i0 * i1 + i2|
    |mac_muladd_8s_8s_32s_32_4_1_U4719  |mac_muladd_8s_8s_32s_32_4_1  |  i0 * i1 + i2|
    |mac_muladd_8s_8s_32s_32_4_1_U4720  |mac_muladd_8s_8s_32s_32_4_1  |  i0 * i1 + i2|
    |mac_muladd_8s_8s_32s_32_4_1_U4721  |mac_muladd_8s_8s_32s_32_4_1  |  i0 * i1 + i2|
    |mac_muladd_8s_8s_32s_32_4_1_U4722  |mac_muladd_8s_8s_32s_32_4_1  |  i0 * i1 + i2|
    |mac_muladd_8s_8s_32s_32_4_1_U4723  |mac_muladd_8s_8s_32s_32_4_1  |  i0 * i1 + i2|
    |mac_muladd_8s_8s_32s_32_4_1_U4724  |mac_muladd_8s_8s_32s_32_4_1  |  i0 * i1 + i2|
    |mac_muladd_8s_8s_32s_32_4_1_U4725  |mac_muladd_8s_8s_32s_32_4_1  |  i0 * i1 + i2|
    |mac_muladd_8s_8s_32s_32_4_1_U4726  |mac_muladd_8s_8s_32s_32_4_1  |  i0 * i1 + i2|
    |mac_muladd_8s_8s_32s_32_4_1_U4727  |mac_muladd_8s_8s_32s_32_4_1  |  i0 * i1 + i2|
    |mac_muladd_8s_8s_32s_32_4_1_U4728  |mac_muladd_8s_8s_32s_32_4_1  |  i0 * i1 + i2|
    |mac_muladd_8s_8s_32s_32_4_1_U4729  |mac_muladd_8s_8s_32s_32_4_1  |  i0 * i1 + i2|
    |mac_muladd_8s_8s_32s_32_4_1_U4730  |mac_muladd_8s_8s_32s_32_4_1  |  i0 * i1 + i2|
    |mac_muladd_8s_8s_32s_32_4_1_U4731  |mac_muladd_8s_8s_32s_32_4_1  |  i0 * i1 + i2|
    |mac_muladd_8s_8s_32s_32_4_1_U4732  |mac_muladd_8s_8s_32s_32_4_1  |  i0 * i1 + i2|
    |mac_muladd_8s_8s_32s_32_4_1_U4733  |mac_muladd_8s_8s_32s_32_4_1  |  i0 * i1 + i2|
    |mac_muladd_8s_8s_32s_32_4_1_U4734  |mac_muladd_8s_8s_32s_32_4_1  |  i0 * i1 + i2|
    |mac_muladd_8s_8s_32s_32_4_1_U4735  |mac_muladd_8s_8s_32s_32_4_1  |  i0 * i1 + i2|
    |mac_muladd_8s_8s_32s_32_4_1_U4736  |mac_muladd_8s_8s_32s_32_4_1  |  i0 * i1 + i2|
    |mac_muladd_8s_8s_32s_32_4_1_U4737  |mac_muladd_8s_8s_32s_32_4_1  |  i0 * i1 + i2|
    |mac_muladd_8s_8s_32s_32_4_1_U4738  |mac_muladd_8s_8s_32s_32_4_1  |  i0 * i1 + i2|
    |mac_muladd_8s_8s_32s_32_4_1_U4739  |mac_muladd_8s_8s_32s_32_4_1  |  i0 * i1 + i2|
    |mac_muladd_8s_8s_32s_32_4_1_U4740  |mac_muladd_8s_8s_32s_32_4_1  |  i0 * i1 + i2|
    |mac_muladd_8s_8s_32s_32_4_1_U4741  |mac_muladd_8s_8s_32s_32_4_1  |  i0 * i1 + i2|
    |mac_muladd_8s_8s_32s_32_4_1_U4742  |mac_muladd_8s_8s_32s_32_4_1  |  i0 * i1 + i2|
    |mac_muladd_8s_8s_32s_32_4_1_U4743  |mac_muladd_8s_8s_32s_32_4_1  |  i0 * i1 + i2|
    |mac_muladd_8s_8s_32s_32_4_1_U4744  |mac_muladd_8s_8s_32s_32_4_1  |  i0 * i1 + i2|
    |mac_muladd_8s_8s_32s_32_4_1_U4745  |mac_muladd_8s_8s_32s_32_4_1  |  i0 * i1 + i2|
    |mac_muladd_8s_8s_32s_32_4_1_U4746  |mac_muladd_8s_8s_32s_32_4_1  |  i0 * i1 + i2|
    |mac_muladd_8s_8s_32s_32_4_1_U4747  |mac_muladd_8s_8s_32s_32_4_1  |  i0 * i1 + i2|
    |mac_muladd_8s_8s_32s_32_4_1_U4748  |mac_muladd_8s_8s_32s_32_4_1  |  i0 * i1 + i2|
    |mac_muladd_8s_8s_32s_32_4_1_U4749  |mac_muladd_8s_8s_32s_32_4_1  |  i0 * i1 + i2|
    |mac_muladd_8s_8s_32s_32_4_1_U4750  |mac_muladd_8s_8s_32s_32_4_1  |  i0 * i1 + i2|
    |mac_muladd_8s_8s_32s_32_4_1_U4751  |mac_muladd_8s_8s_32s_32_4_1  |  i0 * i1 + i2|
    |mac_muladd_8s_8s_32s_32_4_1_U4752  |mac_muladd_8s_8s_32s_32_4_1  |  i0 * i1 + i2|
    |mac_muladd_8s_8s_32s_32_4_1_U4753  |mac_muladd_8s_8s_32s_32_4_1  |  i0 * i1 + i2|
    |mac_muladd_8s_8s_32s_32_4_1_U4754  |mac_muladd_8s_8s_32s_32_4_1  |  i0 * i1 + i2|
    |mac_muladd_8s_8s_32s_32_4_1_U4755  |mac_muladd_8s_8s_32s_32_4_1  |  i0 * i1 + i2|
    |mac_muladd_8s_8s_32s_32_4_1_U4756  |mac_muladd_8s_8s_32s_32_4_1  |  i0 * i1 + i2|
    |mac_muladd_8s_8s_32s_32_4_1_U4757  |mac_muladd_8s_8s_32s_32_4_1  |  i0 * i1 + i2|
    |mac_muladd_8s_8s_32s_32_4_1_U4758  |mac_muladd_8s_8s_32s_32_4_1  |  i0 * i1 + i2|
    |mac_muladd_8s_8s_32s_32_4_1_U4759  |mac_muladd_8s_8s_32s_32_4_1  |  i0 * i1 + i2|
    |mac_muladd_8s_8s_32s_32_4_1_U4760  |mac_muladd_8s_8s_32s_32_4_1  |  i0 * i1 + i2|
    |mac_muladd_8s_8s_32s_32_4_1_U4761  |mac_muladd_8s_8s_32s_32_4_1  |  i0 * i1 + i2|
    |mac_muladd_8s_8s_32s_32_4_1_U4762  |mac_muladd_8s_8s_32s_32_4_1  |  i0 * i1 + i2|
    |mac_muladd_8s_8s_32s_32_4_1_U4763  |mac_muladd_8s_8s_32s_32_4_1  |  i0 * i1 + i2|
    |mac_muladd_8s_8s_32s_32_4_1_U4764  |mac_muladd_8s_8s_32s_32_4_1  |  i0 * i1 + i2|
    |mac_muladd_8s_8s_32s_32_4_1_U4765  |mac_muladd_8s_8s_32s_32_4_1  |  i0 * i1 + i2|
    |mac_muladd_8s_8s_32s_32_4_1_U4766  |mac_muladd_8s_8s_32s_32_4_1  |  i0 * i1 + i2|
    |mac_muladd_8s_8s_32s_32_4_1_U4767  |mac_muladd_8s_8s_32s_32_4_1  |  i0 * i1 + i2|
    |mac_muladd_8s_8s_32s_32_4_1_U4768  |mac_muladd_8s_8s_32s_32_4_1  |  i0 * i1 + i2|
    |mac_muladd_8s_8s_32s_32_4_1_U4769  |mac_muladd_8s_8s_32s_32_4_1  |  i0 * i1 + i2|
    |mac_muladd_8s_8s_32s_32_4_1_U4770  |mac_muladd_8s_8s_32s_32_4_1  |  i0 * i1 + i2|
    |mac_muladd_8s_8s_32s_32_4_1_U4771  |mac_muladd_8s_8s_32s_32_4_1  |  i0 * i1 + i2|
    |mac_muladd_8s_8s_32s_32_4_1_U4772  |mac_muladd_8s_8s_32s_32_4_1  |  i0 * i1 + i2|
    |mac_muladd_8s_8s_32s_32_4_1_U4773  |mac_muladd_8s_8s_32s_32_4_1  |  i0 * i1 + i2|
    |mac_muladd_8s_8s_32s_32_4_1_U4774  |mac_muladd_8s_8s_32s_32_4_1  |  i0 * i1 + i2|
    |mac_muladd_8s_8s_32s_32_4_1_U4775  |mac_muladd_8s_8s_32s_32_4_1  |  i0 * i1 + i2|
    |mac_muladd_8s_8s_32s_32_4_1_U4776  |mac_muladd_8s_8s_32s_32_4_1  |  i0 * i1 + i2|
    |mac_muladd_8s_8s_32s_32_4_1_U4777  |mac_muladd_8s_8s_32s_32_4_1  |  i0 * i1 + i2|
    |mac_muladd_8s_8s_32s_32_4_1_U4778  |mac_muladd_8s_8s_32s_32_4_1  |  i0 * i1 + i2|
    |mac_muladd_8s_8s_32s_32_4_1_U4779  |mac_muladd_8s_8s_32s_32_4_1  |  i0 * i1 + i2|
    |mac_muladd_8s_8s_32s_32_4_1_U4780  |mac_muladd_8s_8s_32s_32_4_1  |  i0 * i1 + i2|
    |mac_muladd_8s_8s_32s_32_4_1_U4781  |mac_muladd_8s_8s_32s_32_4_1  |  i0 * i1 + i2|
    |mac_muladd_8s_8s_32s_32_4_1_U4782  |mac_muladd_8s_8s_32s_32_4_1  |  i0 * i1 + i2|
    |mac_muladd_8s_8s_32s_32_4_1_U4783  |mac_muladd_8s_8s_32s_32_4_1  |  i0 * i1 + i2|
    |mac_muladd_8s_8s_32s_32_4_1_U4784  |mac_muladd_8s_8s_32s_32_4_1  |  i0 * i1 + i2|
    |mac_muladd_8s_8s_32s_32_4_1_U4785  |mac_muladd_8s_8s_32s_32_4_1  |  i0 * i1 + i2|
    |mac_muladd_8s_8s_32s_32_4_1_U4786  |mac_muladd_8s_8s_32s_32_4_1  |  i0 * i1 + i2|
    |mac_muladd_8s_8s_32s_32_4_1_U4787  |mac_muladd_8s_8s_32s_32_4_1  |  i0 * i1 + i2|
    |mac_muladd_8s_8s_32s_32_4_1_U4788  |mac_muladd_8s_8s_32s_32_4_1  |  i0 * i1 + i2|
    |mac_muladd_8s_8s_32s_32_4_1_U4789  |mac_muladd_8s_8s_32s_32_4_1  |  i0 * i1 + i2|
    |mac_muladd_8s_8s_32s_32_4_1_U4790  |mac_muladd_8s_8s_32s_32_4_1  |  i0 * i1 + i2|
    |mac_muladd_8s_8s_32s_32_4_1_U4791  |mac_muladd_8s_8s_32s_32_4_1  |  i0 * i1 + i2|
    |mac_muladd_8s_8s_32s_32_4_1_U4792  |mac_muladd_8s_8s_32s_32_4_1  |  i0 * i1 + i2|
    |mac_muladd_8s_8s_32s_32_4_1_U4793  |mac_muladd_8s_8s_32s_32_4_1  |  i0 * i1 + i2|
    |mac_muladd_8s_8s_32s_32_4_1_U4794  |mac_muladd_8s_8s_32s_32_4_1  |  i0 * i1 + i2|
    |mac_muladd_8s_8s_32s_32_4_1_U4795  |mac_muladd_8s_8s_32s_32_4_1  |  i0 * i1 + i2|
    |mac_muladd_8s_8s_32s_32_4_1_U4796  |mac_muladd_8s_8s_32s_32_4_1  |  i0 * i1 + i2|
    |mac_muladd_8s_8s_32s_32_4_1_U4797  |mac_muladd_8s_8s_32s_32_4_1  |  i0 * i1 + i2|
    |mac_muladd_8s_8s_32s_32_4_1_U4798  |mac_muladd_8s_8s_32s_32_4_1  |  i0 * i1 + i2|
    |mac_muladd_8s_8s_32s_32_4_1_U4799  |mac_muladd_8s_8s_32s_32_4_1  |  i0 * i1 + i2|
    |mac_muladd_8s_8s_32s_32_4_1_U4800  |mac_muladd_8s_8s_32s_32_4_1  |  i0 * i1 + i2|
    |mac_muladd_8s_8s_32s_32_4_1_U4801  |mac_muladd_8s_8s_32s_32_4_1  |  i0 * i1 + i2|
    |mac_muladd_8s_8s_32s_32_4_1_U4802  |mac_muladd_8s_8s_32s_32_4_1  |  i0 * i1 + i2|
    |mac_muladd_8s_8s_32s_32_4_1_U4803  |mac_muladd_8s_8s_32s_32_4_1  |  i0 * i1 + i2|
    |mac_muladd_8s_8s_32s_32_4_1_U4804  |mac_muladd_8s_8s_32s_32_4_1  |  i0 * i1 + i2|
    |mac_muladd_8s_8s_32s_32_4_1_U4805  |mac_muladd_8s_8s_32s_32_4_1  |  i0 * i1 + i2|
    |mac_muladd_8s_8s_32s_32_4_1_U4806  |mac_muladd_8s_8s_32s_32_4_1  |  i0 * i1 + i2|
    |mac_muladd_8s_8s_32s_32_4_1_U4807  |mac_muladd_8s_8s_32s_32_4_1  |  i0 * i1 + i2|
    |mac_muladd_8s_8s_32s_32_4_1_U4808  |mac_muladd_8s_8s_32s_32_4_1  |  i0 * i1 + i2|
    |mac_muladd_8s_8s_32s_32_4_1_U4809  |mac_muladd_8s_8s_32s_32_4_1  |  i0 * i1 + i2|
    |mac_muladd_8s_8s_32s_32_4_1_U4810  |mac_muladd_8s_8s_32s_32_4_1  |  i0 * i1 + i2|
    |mac_muladd_8s_8s_32s_32_4_1_U4811  |mac_muladd_8s_8s_32s_32_4_1  |  i0 * i1 + i2|
    |mac_muladd_8s_8s_32s_32_4_1_U4812  |mac_muladd_8s_8s_32s_32_4_1  |  i0 * i1 + i2|
    |mac_muladd_8s_8s_32s_32_4_1_U4813  |mac_muladd_8s_8s_32s_32_4_1  |  i0 * i1 + i2|
    |mac_muladd_8s_8s_32s_32_4_1_U4814  |mac_muladd_8s_8s_32s_32_4_1  |  i0 * i1 + i2|
    |mac_muladd_8s_8s_32s_32_4_1_U4815  |mac_muladd_8s_8s_32s_32_4_1  |  i0 * i1 + i2|
    |mac_muladd_8s_8s_32s_32_4_1_U4816  |mac_muladd_8s_8s_32s_32_4_1  |  i0 * i1 + i2|
    |mac_muladd_8s_8s_32s_32_4_1_U4817  |mac_muladd_8s_8s_32s_32_4_1  |  i0 * i1 + i2|
    |mac_muladd_8s_8s_32s_32_4_1_U4818  |mac_muladd_8s_8s_32s_32_4_1  |  i0 * i1 + i2|
    |mac_muladd_8s_8s_32s_32_4_1_U4819  |mac_muladd_8s_8s_32s_32_4_1  |  i0 * i1 + i2|
    |mac_muladd_8s_8s_32s_32_4_1_U4820  |mac_muladd_8s_8s_32s_32_4_1  |  i0 * i1 + i2|
    |mac_muladd_8s_8s_32s_32_4_1_U4821  |mac_muladd_8s_8s_32s_32_4_1  |  i0 * i1 + i2|
    |mac_muladd_8s_8s_32s_32_4_1_U4822  |mac_muladd_8s_8s_32s_32_4_1  |  i0 * i1 + i2|
    |mac_muladd_8s_8s_32s_32_4_1_U4823  |mac_muladd_8s_8s_32s_32_4_1  |  i0 * i1 + i2|
    |mac_muladd_8s_8s_32s_32_4_1_U4824  |mac_muladd_8s_8s_32s_32_4_1  |  i0 * i1 + i2|
    |mac_muladd_8s_8s_32s_32_4_1_U4825  |mac_muladd_8s_8s_32s_32_4_1  |  i0 * i1 + i2|
    |mac_muladd_8s_8s_32s_32_4_1_U4826  |mac_muladd_8s_8s_32s_32_4_1  |  i0 * i1 + i2|
    |mac_muladd_8s_8s_32s_32_4_1_U4827  |mac_muladd_8s_8s_32s_32_4_1  |  i0 * i1 + i2|
    |mac_muladd_8s_8s_32s_32_4_1_U4828  |mac_muladd_8s_8s_32s_32_4_1  |  i0 * i1 + i2|
    |mac_muladd_8s_8s_32s_32_4_1_U4829  |mac_muladd_8s_8s_32s_32_4_1  |  i0 * i1 + i2|
    |mac_muladd_8s_8s_32s_32_4_1_U4830  |mac_muladd_8s_8s_32s_32_4_1  |  i0 * i1 + i2|
    |mac_muladd_8s_8s_32s_32_4_1_U4831  |mac_muladd_8s_8s_32s_32_4_1  |  i0 * i1 + i2|
    |mac_muladd_8s_8s_32s_32_4_1_U4832  |mac_muladd_8s_8s_32s_32_4_1  |  i0 * i1 + i2|
    |mac_muladd_8s_8s_32s_32_4_1_U4833  |mac_muladd_8s_8s_32s_32_4_1  |  i0 * i1 + i2|
    |mac_muladd_8s_8s_32s_32_4_1_U4834  |mac_muladd_8s_8s_32s_32_4_1  |  i0 * i1 + i2|
    |mac_muladd_8s_8s_32s_32_4_1_U4835  |mac_muladd_8s_8s_32s_32_4_1  |  i0 * i1 + i2|
    |mac_muladd_8s_8s_32s_32_4_1_U4836  |mac_muladd_8s_8s_32s_32_4_1  |  i0 * i1 + i2|
    |mac_muladd_8s_8s_32s_32_4_1_U4837  |mac_muladd_8s_8s_32s_32_4_1  |  i0 * i1 + i2|
    |mac_muladd_8s_8s_32s_32_4_1_U4838  |mac_muladd_8s_8s_32s_32_4_1  |  i0 * i1 + i2|
    |mac_muladd_8s_8s_32s_32_4_1_U4839  |mac_muladd_8s_8s_32s_32_4_1  |  i0 * i1 + i2|
    |mac_muladd_8s_8s_32s_32_4_1_U4840  |mac_muladd_8s_8s_32s_32_4_1  |  i0 * i1 + i2|
    |mac_muladd_8s_8s_32s_32_4_1_U4841  |mac_muladd_8s_8s_32s_32_4_1  |  i0 * i1 + i2|
    |mac_muladd_8s_8s_32s_32_4_1_U4842  |mac_muladd_8s_8s_32s_32_4_1  |  i0 * i1 + i2|
    |mac_muladd_8s_8s_32s_32_4_1_U4843  |mac_muladd_8s_8s_32s_32_4_1  |  i0 * i1 + i2|
    |mac_muladd_8s_8s_32s_32_4_1_U4844  |mac_muladd_8s_8s_32s_32_4_1  |  i0 * i1 + i2|
    |mac_muladd_8s_8s_32s_32_4_1_U4845  |mac_muladd_8s_8s_32s_32_4_1  |  i0 * i1 + i2|
    |mac_muladd_8s_8s_32s_32_4_1_U4846  |mac_muladd_8s_8s_32s_32_4_1  |  i0 * i1 + i2|
    |mac_muladd_8s_8s_32s_32_4_1_U4847  |mac_muladd_8s_8s_32s_32_4_1  |  i0 * i1 + i2|
    |mac_muladd_8s_8s_32s_32_4_1_U4848  |mac_muladd_8s_8s_32s_32_4_1  |  i0 * i1 + i2|
    |mac_muladd_8s_8s_32s_32_4_1_U4849  |mac_muladd_8s_8s_32s_32_4_1  |  i0 * i1 + i2|
    |mac_muladd_8s_8s_32s_32_4_1_U4850  |mac_muladd_8s_8s_32s_32_4_1  |  i0 * i1 + i2|
    |mac_muladd_8s_8s_32s_32_4_1_U4851  |mac_muladd_8s_8s_32s_32_4_1  |  i0 * i1 + i2|
    |mac_muladd_8s_8s_32s_32_4_1_U4852  |mac_muladd_8s_8s_32s_32_4_1  |  i0 * i1 + i2|
    |mac_muladd_8s_8s_32s_32_4_1_U4853  |mac_muladd_8s_8s_32s_32_4_1  |  i0 * i1 + i2|
    |mac_muladd_8s_8s_32s_32_4_1_U4854  |mac_muladd_8s_8s_32s_32_4_1  |  i0 * i1 + i2|
    |mac_muladd_8s_8s_32s_32_4_1_U4855  |mac_muladd_8s_8s_32s_32_4_1  |  i0 * i1 + i2|
    |mac_muladd_8s_8s_32s_32_4_1_U4856  |mac_muladd_8s_8s_32s_32_4_1  |  i0 * i1 + i2|
    |mac_muladd_8s_8s_32s_32_4_1_U4857  |mac_muladd_8s_8s_32s_32_4_1  |  i0 * i1 + i2|
    |mac_muladd_8s_8s_32s_32_4_1_U4858  |mac_muladd_8s_8s_32s_32_4_1  |  i0 * i1 + i2|
    |mac_muladd_8s_8s_32s_32_4_1_U4859  |mac_muladd_8s_8s_32s_32_4_1  |  i0 * i1 + i2|
    |mac_muladd_8s_8s_32s_32_4_1_U4860  |mac_muladd_8s_8s_32s_32_4_1  |  i0 * i1 + i2|
    |mac_muladd_8s_8s_32s_32_4_1_U4861  |mac_muladd_8s_8s_32s_32_4_1  |  i0 * i1 + i2|
    |mac_muladd_8s_8s_32s_32_4_1_U4862  |mac_muladd_8s_8s_32s_32_4_1  |  i0 * i1 + i2|
    |mac_muladd_8s_8s_32s_32_4_1_U4863  |mac_muladd_8s_8s_32s_32_4_1  |  i0 * i1 + i2|
    |mac_muladd_8s_8s_32s_32_4_1_U4864  |mac_muladd_8s_8s_32s_32_4_1  |  i0 * i1 + i2|
    |mac_muladd_8s_8s_32s_32_4_1_U4865  |mac_muladd_8s_8s_32s_32_4_1  |  i0 * i1 + i2|
    |mac_muladd_8s_8s_32s_32_4_1_U4866  |mac_muladd_8s_8s_32s_32_4_1  |  i0 * i1 + i2|
    |mac_muladd_8s_8s_32s_32_4_1_U4867  |mac_muladd_8s_8s_32s_32_4_1  |  i0 * i1 + i2|
    |mac_muladd_8s_8s_32s_32_4_1_U4868  |mac_muladd_8s_8s_32s_32_4_1  |  i0 * i1 + i2|
    |mac_muladd_8s_8s_32s_32_4_1_U4869  |mac_muladd_8s_8s_32s_32_4_1  |  i0 * i1 + i2|
    |mac_muladd_8s_8s_32s_32_4_1_U4870  |mac_muladd_8s_8s_32s_32_4_1  |  i0 * i1 + i2|
    |mac_muladd_8s_8s_32s_32_4_1_U4871  |mac_muladd_8s_8s_32s_32_4_1  |  i0 * i1 + i2|
    |mac_muladd_8s_8s_32s_32_4_1_U4872  |mac_muladd_8s_8s_32s_32_4_1  |  i0 * i1 + i2|
    |mac_muladd_8s_8s_32s_32_4_1_U4873  |mac_muladd_8s_8s_32s_32_4_1  |  i0 * i1 + i2|
    |mac_muladd_8s_8s_32s_32_4_1_U4874  |mac_muladd_8s_8s_32s_32_4_1  |  i0 * i1 + i2|
    |mac_muladd_8s_8s_32s_32_4_1_U4875  |mac_muladd_8s_8s_32s_32_4_1  |  i0 * i1 + i2|
    |mac_muladd_8s_8s_32s_32_4_1_U4876  |mac_muladd_8s_8s_32s_32_4_1  |  i0 * i1 + i2|
    |mac_muladd_8s_8s_32s_32_4_1_U4877  |mac_muladd_8s_8s_32s_32_4_1  |  i0 * i1 + i2|
    |mac_muladd_8s_8s_32s_32_4_1_U4878  |mac_muladd_8s_8s_32s_32_4_1  |  i0 * i1 + i2|
    |mac_muladd_8s_8s_32s_32_4_1_U4879  |mac_muladd_8s_8s_32s_32_4_1  |  i0 * i1 + i2|
    |mac_muladd_8s_8s_32s_32_4_1_U4880  |mac_muladd_8s_8s_32s_32_4_1  |  i0 * i1 + i2|
    |mac_muladd_8s_8s_32s_32_4_1_U4881  |mac_muladd_8s_8s_32s_32_4_1  |  i0 * i1 + i2|
    |mac_muladd_8s_8s_32s_32_4_1_U4882  |mac_muladd_8s_8s_32s_32_4_1  |  i0 * i1 + i2|
    |mac_muladd_8s_8s_32s_32_4_1_U4883  |mac_muladd_8s_8s_32s_32_4_1  |  i0 * i1 + i2|
    |mac_muladd_8s_8s_32s_32_4_1_U4884  |mac_muladd_8s_8s_32s_32_4_1  |  i0 * i1 + i2|
    |mac_muladd_8s_8s_32s_32_4_1_U4885  |mac_muladd_8s_8s_32s_32_4_1  |  i0 * i1 + i2|
    |mac_muladd_8s_8s_32s_32_4_1_U4886  |mac_muladd_8s_8s_32s_32_4_1  |  i0 * i1 + i2|
    |mac_muladd_8s_8s_32s_32_4_1_U4887  |mac_muladd_8s_8s_32s_32_4_1  |  i0 * i1 + i2|
    |mac_muladd_8s_8s_32s_32_4_1_U4888  |mac_muladd_8s_8s_32s_32_4_1  |  i0 * i1 + i2|
    |mac_muladd_8s_8s_32s_32_4_1_U4889  |mac_muladd_8s_8s_32s_32_4_1  |  i0 * i1 + i2|
    |mac_muladd_8s_8s_32s_32_4_1_U4890  |mac_muladd_8s_8s_32s_32_4_1  |  i0 * i1 + i2|
    |mac_muladd_8s_8s_32s_32_4_1_U4891  |mac_muladd_8s_8s_32s_32_4_1  |  i0 * i1 + i2|
    |mac_muladd_8s_8s_32s_32_4_1_U4892  |mac_muladd_8s_8s_32s_32_4_1  |  i0 * i1 + i2|
    |mac_muladd_8s_8s_32s_32_4_1_U4893  |mac_muladd_8s_8s_32s_32_4_1  |  i0 * i1 + i2|
    |mac_muladd_8s_8s_32s_32_4_1_U4894  |mac_muladd_8s_8s_32s_32_4_1  |  i0 * i1 + i2|
    |mac_muladd_8s_8s_32s_32_4_1_U4895  |mac_muladd_8s_8s_32s_32_4_1  |  i0 * i1 + i2|
    |mac_muladd_8s_8s_32s_32_4_1_U4896  |mac_muladd_8s_8s_32s_32_4_1  |  i0 * i1 + i2|
    |mac_muladd_8s_8s_32s_32_4_1_U4897  |mac_muladd_8s_8s_32s_32_4_1  |  i0 * i1 + i2|
    |mac_muladd_8s_8s_32s_32_4_1_U4898  |mac_muladd_8s_8s_32s_32_4_1  |  i0 * i1 + i2|
    |mac_muladd_8s_8s_32s_32_4_1_U4899  |mac_muladd_8s_8s_32s_32_4_1  |  i0 * i1 + i2|
    |mac_muladd_8s_8s_32s_32_4_1_U4900  |mac_muladd_8s_8s_32s_32_4_1  |  i0 * i1 + i2|
    |mac_muladd_8s_8s_32s_32_4_1_U4901  |mac_muladd_8s_8s_32s_32_4_1  |  i0 * i1 + i2|
    |mac_muladd_8s_8s_32s_32_4_1_U4902  |mac_muladd_8s_8s_32s_32_4_1  |  i0 * i1 + i2|
    |mac_muladd_8s_8s_32s_32_4_1_U4903  |mac_muladd_8s_8s_32s_32_4_1  |  i0 * i1 + i2|
    |mac_muladd_8s_8s_32s_32_4_1_U4904  |mac_muladd_8s_8s_32s_32_4_1  |  i0 * i1 + i2|
    |mac_muladd_8s_8s_32s_32_4_1_U4905  |mac_muladd_8s_8s_32s_32_4_1  |  i0 * i1 + i2|
    |mac_muladd_8s_8s_32s_32_4_1_U4906  |mac_muladd_8s_8s_32s_32_4_1  |  i0 * i1 + i2|
    |mac_muladd_8s_8s_32s_32_4_1_U4907  |mac_muladd_8s_8s_32s_32_4_1  |  i0 * i1 + i2|
    |mac_muladd_8s_8s_32s_32_4_1_U4908  |mac_muladd_8s_8s_32s_32_4_1  |  i0 * i1 + i2|
    |mac_muladd_8s_8s_32s_32_4_1_U4909  |mac_muladd_8s_8s_32s_32_4_1  |  i0 * i1 + i2|
    |mac_muladd_8s_8s_32s_32_4_1_U4910  |mac_muladd_8s_8s_32s_32_4_1  |  i0 * i1 + i2|
    |mac_muladd_8s_8s_32s_32_4_1_U4911  |mac_muladd_8s_8s_32s_32_4_1  |  i0 * i1 + i2|
    |mac_muladd_8s_8s_32s_32_4_1_U4912  |mac_muladd_8s_8s_32s_32_4_1  |  i0 * i1 + i2|
    |mac_muladd_8s_8s_32s_32_4_1_U4913  |mac_muladd_8s_8s_32s_32_4_1  |  i0 * i1 + i2|
    |mac_muladd_8s_8s_32s_32_4_1_U4914  |mac_muladd_8s_8s_32s_32_4_1  |  i0 * i1 + i2|
    |mac_muladd_8s_8s_32s_32_4_1_U4915  |mac_muladd_8s_8s_32s_32_4_1  |  i0 * i1 + i2|
    |mac_muladd_8s_8s_32s_32_4_1_U4916  |mac_muladd_8s_8s_32s_32_4_1  |  i0 * i1 + i2|
    |mac_muladd_8s_8s_32s_32_4_1_U4917  |mac_muladd_8s_8s_32s_32_4_1  |  i0 * i1 + i2|
    |mac_muladd_8s_8s_32s_32_4_1_U4918  |mac_muladd_8s_8s_32s_32_4_1  |  i0 * i1 + i2|
    |mac_muladd_8s_8s_32s_32_4_1_U4919  |mac_muladd_8s_8s_32s_32_4_1  |  i0 * i1 + i2|
    |mac_muladd_8s_8s_32s_32_4_1_U4920  |mac_muladd_8s_8s_32s_32_4_1  |  i0 * i1 + i2|
    |mac_muladd_8s_8s_32s_32_4_1_U4921  |mac_muladd_8s_8s_32s_32_4_1  |  i0 * i1 + i2|
    |mac_muladd_8s_8s_32s_32_4_1_U4922  |mac_muladd_8s_8s_32s_32_4_1  |  i0 * i1 + i2|
    |mac_muladd_8s_8s_32s_32_4_1_U4923  |mac_muladd_8s_8s_32s_32_4_1  |  i0 * i1 + i2|
    |mac_muladd_8s_8s_32s_32_4_1_U4924  |mac_muladd_8s_8s_32s_32_4_1  |  i0 * i1 + i2|
    |mac_muladd_8s_8s_32s_32_4_1_U4925  |mac_muladd_8s_8s_32s_32_4_1  |  i0 * i1 + i2|
    |mac_muladd_8s_8s_32s_32_4_1_U4926  |mac_muladd_8s_8s_32s_32_4_1  |  i0 * i1 + i2|
    |mac_muladd_8s_8s_32s_32_4_1_U4927  |mac_muladd_8s_8s_32s_32_4_1  |  i0 * i1 + i2|
    |mac_muladd_8s_8s_32s_32_4_1_U4928  |mac_muladd_8s_8s_32s_32_4_1  |  i0 * i1 + i2|
    |mac_muladd_8s_8s_32s_32_4_1_U4929  |mac_muladd_8s_8s_32s_32_4_1  |  i0 * i1 + i2|
    |mac_muladd_8s_8s_32s_32_4_1_U4930  |mac_muladd_8s_8s_32s_32_4_1  |  i0 * i1 + i2|
    |mac_muladd_8s_8s_32s_32_4_1_U4931  |mac_muladd_8s_8s_32s_32_4_1  |  i0 * i1 + i2|
    |mac_muladd_8s_8s_32s_32_4_1_U4932  |mac_muladd_8s_8s_32s_32_4_1  |  i0 * i1 + i2|
    |mac_muladd_8s_8s_32s_32_4_1_U4933  |mac_muladd_8s_8s_32s_32_4_1  |  i0 * i1 + i2|
    |mac_muladd_8s_8s_32s_32_4_1_U4934  |mac_muladd_8s_8s_32s_32_4_1  |  i0 * i1 + i2|
    |mac_muladd_8s_8s_32s_32_4_1_U4935  |mac_muladd_8s_8s_32s_32_4_1  |  i0 * i1 + i2|
    |mac_muladd_8s_8s_32s_32_4_1_U4936  |mac_muladd_8s_8s_32s_32_4_1  |  i0 * i1 + i2|
    |mac_muladd_8s_8s_32s_32_4_1_U4937  |mac_muladd_8s_8s_32s_32_4_1  |  i0 * i1 + i2|
    |mac_muladd_8s_8s_32s_32_4_1_U4938  |mac_muladd_8s_8s_32s_32_4_1  |  i0 * i1 + i2|
    |mac_muladd_8s_8s_32s_32_4_1_U4939  |mac_muladd_8s_8s_32s_32_4_1  |  i0 * i1 + i2|
    |mac_muladd_8s_8s_32s_32_4_1_U4940  |mac_muladd_8s_8s_32s_32_4_1  |  i0 * i1 + i2|
    |mac_muladd_8s_8s_32s_32_4_1_U4941  |mac_muladd_8s_8s_32s_32_4_1  |  i0 * i1 + i2|
    |mac_muladd_8s_8s_32s_32_4_1_U4942  |mac_muladd_8s_8s_32s_32_4_1  |  i0 * i1 + i2|
    |mac_muladd_8s_8s_32s_32_4_1_U4943  |mac_muladd_8s_8s_32s_32_4_1  |  i0 * i1 + i2|
    |mac_muladd_8s_8s_32s_32_4_1_U4944  |mac_muladd_8s_8s_32s_32_4_1  |  i0 * i1 + i2|
    |mac_muladd_8s_8s_32s_32_4_1_U4945  |mac_muladd_8s_8s_32s_32_4_1  |  i0 * i1 + i2|
    |mac_muladd_8s_8s_32s_32_4_1_U4946  |mac_muladd_8s_8s_32s_32_4_1  |  i0 * i1 + i2|
    |mac_muladd_8s_8s_32s_32_4_1_U4947  |mac_muladd_8s_8s_32s_32_4_1  |  i0 * i1 + i2|
    |mac_muladd_8s_8s_32s_32_4_1_U4948  |mac_muladd_8s_8s_32s_32_4_1  |  i0 * i1 + i2|
    |mac_muladd_8s_8s_32s_32_4_1_U4949  |mac_muladd_8s_8s_32s_32_4_1  |  i0 * i1 + i2|
    |mac_muladd_8s_8s_32s_32_4_1_U4950  |mac_muladd_8s_8s_32s_32_4_1  |  i0 * i1 + i2|
    |mac_muladd_8s_8s_32s_32_4_1_U4951  |mac_muladd_8s_8s_32s_32_4_1  |  i0 * i1 + i2|
    |mac_muladd_8s_8s_32s_32_4_1_U4952  |mac_muladd_8s_8s_32s_32_4_1  |  i0 * i1 + i2|
    |mac_muladd_8s_8s_32s_32_4_1_U4953  |mac_muladd_8s_8s_32s_32_4_1  |  i0 * i1 + i2|
    |mac_muladd_8s_8s_32s_32_4_1_U4954  |mac_muladd_8s_8s_32s_32_4_1  |  i0 * i1 + i2|
    |mac_muladd_8s_8s_32s_32_4_1_U4955  |mac_muladd_8s_8s_32s_32_4_1  |  i0 * i1 + i2|
    |mac_muladd_8s_8s_32s_32_4_1_U4956  |mac_muladd_8s_8s_32s_32_4_1  |  i0 * i1 + i2|
    |mac_muladd_8s_8s_32s_32_4_1_U4957  |mac_muladd_8s_8s_32s_32_4_1  |  i0 * i1 + i2|
    |mac_muladd_8s_8s_32s_32_4_1_U4958  |mac_muladd_8s_8s_32s_32_4_1  |  i0 * i1 + i2|
    |mac_muladd_8s_8s_32s_32_4_1_U4959  |mac_muladd_8s_8s_32s_32_4_1  |  i0 * i1 + i2|
    |mac_muladd_8s_8s_32s_32_4_1_U4960  |mac_muladd_8s_8s_32s_32_4_1  |  i0 * i1 + i2|
    |mac_muladd_8s_8s_32s_32_4_1_U4961  |mac_muladd_8s_8s_32s_32_4_1  |  i0 * i1 + i2|
    |mac_muladd_8s_8s_32s_32_4_1_U4962  |mac_muladd_8s_8s_32s_32_4_1  |  i0 * i1 + i2|
    |mac_muladd_8s_8s_32s_32_4_1_U4963  |mac_muladd_8s_8s_32s_32_4_1  |  i0 * i1 + i2|
    |mac_muladd_8s_8s_32s_32_4_1_U4964  |mac_muladd_8s_8s_32s_32_4_1  |  i0 * i1 + i2|
    |mac_muladd_8s_8s_32s_32_4_1_U4965  |mac_muladd_8s_8s_32s_32_4_1  |  i0 * i1 + i2|
    |mac_muladd_8s_8s_32s_32_4_1_U4966  |mac_muladd_8s_8s_32s_32_4_1  |  i0 * i1 + i2|
    |mac_muladd_8s_8s_32s_32_4_1_U4967  |mac_muladd_8s_8s_32s_32_4_1  |  i0 * i1 + i2|
    |mac_muladd_8s_8s_32s_32_4_1_U4968  |mac_muladd_8s_8s_32s_32_4_1  |  i0 * i1 + i2|
    |mac_muladd_8s_8s_32s_32_4_1_U4969  |mac_muladd_8s_8s_32s_32_4_1  |  i0 * i1 + i2|
    |mac_muladd_8s_8s_32s_32_4_1_U4970  |mac_muladd_8s_8s_32s_32_4_1  |  i0 * i1 + i2|
    |mac_muladd_8s_8s_32s_32_4_1_U4971  |mac_muladd_8s_8s_32s_32_4_1  |  i0 * i1 + i2|
    |mac_muladd_8s_8s_32s_32_4_1_U4972  |mac_muladd_8s_8s_32s_32_4_1  |  i0 * i1 + i2|
    |mac_muladd_8s_8s_32s_32_4_1_U4973  |mac_muladd_8s_8s_32s_32_4_1  |  i0 * i1 + i2|
    |mac_muladd_8s_8s_32s_32_4_1_U4974  |mac_muladd_8s_8s_32s_32_4_1  |  i0 * i1 + i2|
    |mac_muladd_8s_8s_32s_32_4_1_U4975  |mac_muladd_8s_8s_32s_32_4_1  |  i0 * i1 + i2|
    |mac_muladd_8s_8s_32s_32_4_1_U4976  |mac_muladd_8s_8s_32s_32_4_1  |  i0 * i1 + i2|
    |mac_muladd_8s_8s_32s_32_4_1_U4977  |mac_muladd_8s_8s_32s_32_4_1  |  i0 * i1 + i2|
    |mac_muladd_8s_8s_32s_32_4_1_U4978  |mac_muladd_8s_8s_32s_32_4_1  |  i0 * i1 + i2|
    |mac_muladd_8s_8s_32s_32_4_1_U4979  |mac_muladd_8s_8s_32s_32_4_1  |  i0 * i1 + i2|
    |mac_muladd_8s_8s_32s_32_4_1_U4980  |mac_muladd_8s_8s_32s_32_4_1  |  i0 * i1 + i2|
    |mac_muladd_8s_8s_32s_32_4_1_U4981  |mac_muladd_8s_8s_32s_32_4_1  |  i0 * i1 + i2|
    |mac_muladd_8s_8s_32s_32_4_1_U4982  |mac_muladd_8s_8s_32s_32_4_1  |  i0 * i1 + i2|
    |mac_muladd_8s_8s_32s_32_4_1_U4983  |mac_muladd_8s_8s_32s_32_4_1  |  i0 * i1 + i2|
    |mac_muladd_8s_8s_32s_32_4_1_U4984  |mac_muladd_8s_8s_32s_32_4_1  |  i0 * i1 + i2|
    |mac_muladd_8s_8s_32s_32_4_1_U4985  |mac_muladd_8s_8s_32s_32_4_1  |  i0 * i1 + i2|
    |mac_muladd_8s_8s_32s_32_4_1_U4986  |mac_muladd_8s_8s_32s_32_4_1  |  i0 * i1 + i2|
    |mac_muladd_8s_8s_32s_32_4_1_U4987  |mac_muladd_8s_8s_32s_32_4_1  |  i0 * i1 + i2|
    |mac_muladd_8s_8s_32s_32_4_1_U4988  |mac_muladd_8s_8s_32s_32_4_1  |  i0 * i1 + i2|
    |mac_muladd_8s_8s_32s_32_4_1_U4989  |mac_muladd_8s_8s_32s_32_4_1  |  i0 * i1 + i2|
    |mac_muladd_8s_8s_32s_32_4_1_U4990  |mac_muladd_8s_8s_32s_32_4_1  |  i0 * i1 + i2|
    |mac_muladd_8s_8s_32s_32_4_1_U4991  |mac_muladd_8s_8s_32s_32_4_1  |  i0 * i1 + i2|
    |mac_muladd_8s_8s_32s_32_4_1_U4992  |mac_muladd_8s_8s_32s_32_4_1  |  i0 * i1 + i2|
    |mac_muladd_8s_8s_32s_32_4_1_U4993  |mac_muladd_8s_8s_32s_32_4_1  |  i0 * i1 + i2|
    |mac_muladd_8s_8s_32s_32_4_1_U4994  |mac_muladd_8s_8s_32s_32_4_1  |  i0 * i1 + i2|
    |mac_muladd_8s_8s_32s_32_4_1_U4995  |mac_muladd_8s_8s_32s_32_4_1  |  i0 * i1 + i2|
    |mac_muladd_8s_8s_32s_32_4_1_U4996  |mac_muladd_8s_8s_32s_32_4_1  |  i0 * i1 + i2|
    |mac_muladd_8s_8s_32s_32_4_1_U4997  |mac_muladd_8s_8s_32s_32_4_1  |  i0 * i1 + i2|
    |mac_muladd_8s_8s_32s_32_4_1_U4998  |mac_muladd_8s_8s_32s_32_4_1  |  i0 * i1 + i2|
    |mac_muladd_8s_8s_32s_32_4_1_U4999  |mac_muladd_8s_8s_32s_32_4_1  |  i0 * i1 + i2|
    |mac_muladd_8s_8s_32s_32_4_1_U5000  |mac_muladd_8s_8s_32s_32_4_1  |  i0 * i1 + i2|
    |mac_muladd_8s_8s_32s_32_4_1_U5001  |mac_muladd_8s_8s_32s_32_4_1  |  i0 * i1 + i2|
    |mac_muladd_8s_8s_32s_32_4_1_U5002  |mac_muladd_8s_8s_32s_32_4_1  |  i0 * i1 + i2|
    |mac_muladd_8s_8s_32s_32_4_1_U5003  |mac_muladd_8s_8s_32s_32_4_1  |  i0 * i1 + i2|
    |mac_muladd_8s_8s_32s_32_4_1_U5004  |mac_muladd_8s_8s_32s_32_4_1  |  i0 * i1 + i2|
    |mac_muladd_8s_8s_32s_32_4_1_U5005  |mac_muladd_8s_8s_32s_32_4_1  |  i0 * i1 + i2|
    |mac_muladd_8s_8s_32s_32_4_1_U5006  |mac_muladd_8s_8s_32s_32_4_1  |  i0 * i1 + i2|
    |mac_muladd_8s_8s_32s_32_4_1_U5007  |mac_muladd_8s_8s_32s_32_4_1  |  i0 * i1 + i2|
    |mac_muladd_8s_8s_32s_32_4_1_U5008  |mac_muladd_8s_8s_32s_32_4_1  |  i0 * i1 + i2|
    |mac_muladd_8s_8s_32s_32_4_1_U5009  |mac_muladd_8s_8s_32s_32_4_1  |  i0 * i1 + i2|
    |mac_muladd_8s_8s_32s_32_4_1_U5010  |mac_muladd_8s_8s_32s_32_4_1  |  i0 * i1 + i2|
    |mac_muladd_8s_8s_32s_32_4_1_U5011  |mac_muladd_8s_8s_32s_32_4_1  |  i0 * i1 + i2|
    |mac_muladd_8s_8s_32s_32_4_1_U5012  |mac_muladd_8s_8s_32s_32_4_1  |  i0 * i1 + i2|
    |mac_muladd_8s_8s_32s_32_4_1_U5013  |mac_muladd_8s_8s_32s_32_4_1  |  i0 * i1 + i2|
    |mac_muladd_8s_8s_32s_32_4_1_U5014  |mac_muladd_8s_8s_32s_32_4_1  |  i0 * i1 + i2|
    |mac_muladd_8s_8s_32s_32_4_1_U5015  |mac_muladd_8s_8s_32s_32_4_1  |  i0 * i1 + i2|
    |mac_muladd_8s_8s_32s_32_4_1_U5016  |mac_muladd_8s_8s_32s_32_4_1  |  i0 * i1 + i2|
    |mac_muladd_8s_8s_32s_32_4_1_U5017  |mac_muladd_8s_8s_32s_32_4_1  |  i0 * i1 + i2|
    |mac_muladd_8s_8s_32s_32_4_1_U5018  |mac_muladd_8s_8s_32s_32_4_1  |  i0 * i1 + i2|
    |mac_muladd_8s_8s_32s_32_4_1_U5019  |mac_muladd_8s_8s_32s_32_4_1  |  i0 * i1 + i2|
    |mac_muladd_8s_8s_32s_32_4_1_U5020  |mac_muladd_8s_8s_32s_32_4_1  |  i0 * i1 + i2|
    |mac_muladd_8s_8s_32s_32_4_1_U5021  |mac_muladd_8s_8s_32s_32_4_1  |  i0 * i1 + i2|
    |mac_muladd_8s_8s_32s_32_4_1_U5022  |mac_muladd_8s_8s_32s_32_4_1  |  i0 * i1 + i2|
    |mac_muladd_8s_8s_32s_32_4_1_U5023  |mac_muladd_8s_8s_32s_32_4_1  |  i0 * i1 + i2|
    |mac_muladd_8s_8s_32s_32_4_1_U5024  |mac_muladd_8s_8s_32s_32_4_1  |  i0 * i1 + i2|
    |mac_muladd_8s_8s_32s_32_4_1_U5025  |mac_muladd_8s_8s_32s_32_4_1  |  i0 * i1 + i2|
    |mac_muladd_8s_8s_32s_32_4_1_U5026  |mac_muladd_8s_8s_32s_32_4_1  |  i0 * i1 + i2|
    |mac_muladd_8s_8s_32s_32_4_1_U5027  |mac_muladd_8s_8s_32s_32_4_1  |  i0 * i1 + i2|
    |mac_muladd_8s_8s_32s_32_4_1_U5028  |mac_muladd_8s_8s_32s_32_4_1  |  i0 * i1 + i2|
    |mac_muladd_8s_8s_32s_32_4_1_U5029  |mac_muladd_8s_8s_32s_32_4_1  |  i0 * i1 + i2|
    |mac_muladd_8s_8s_32s_32_4_1_U5030  |mac_muladd_8s_8s_32s_32_4_1  |  i0 * i1 + i2|
    |mac_muladd_8s_8s_32s_32_4_1_U5031  |mac_muladd_8s_8s_32s_32_4_1  |  i0 * i1 + i2|
    |mac_muladd_8s_8s_32s_32_4_1_U5032  |mac_muladd_8s_8s_32s_32_4_1  |  i0 * i1 + i2|
    |mac_muladd_8s_8s_32s_32_4_1_U5033  |mac_muladd_8s_8s_32s_32_4_1  |  i0 * i1 + i2|
    |mac_muladd_8s_8s_32s_32_4_1_U5034  |mac_muladd_8s_8s_32s_32_4_1  |  i0 * i1 + i2|
    |mac_muladd_8s_8s_32s_32_4_1_U5035  |mac_muladd_8s_8s_32s_32_4_1  |  i0 * i1 + i2|
    |mac_muladd_8s_8s_32s_32_4_1_U5036  |mac_muladd_8s_8s_32s_32_4_1  |  i0 * i1 + i2|
    |mac_muladd_8s_8s_32s_32_4_1_U5037  |mac_muladd_8s_8s_32s_32_4_1  |  i0 * i1 + i2|
    |mac_muladd_8s_8s_32s_32_4_1_U5038  |mac_muladd_8s_8s_32s_32_4_1  |  i0 * i1 + i2|
    |mac_muladd_8s_8s_32s_32_4_1_U5039  |mac_muladd_8s_8s_32s_32_4_1  |  i0 * i1 + i2|
    |mac_muladd_8s_8s_32s_32_4_1_U5040  |mac_muladd_8s_8s_32s_32_4_1  |  i0 * i1 + i2|
    |mac_muladd_8s_8s_32s_32_4_1_U5041  |mac_muladd_8s_8s_32s_32_4_1  |  i0 * i1 + i2|
    |mac_muladd_8s_8s_32s_32_4_1_U5042  |mac_muladd_8s_8s_32s_32_4_1  |  i0 * i1 + i2|
    |mac_muladd_8s_8s_32s_32_4_1_U5043  |mac_muladd_8s_8s_32s_32_4_1  |  i0 * i1 + i2|
    |mac_muladd_8s_8s_32s_32_4_1_U5044  |mac_muladd_8s_8s_32s_32_4_1  |  i0 * i1 + i2|
    |mac_muladd_8s_8s_32s_32_4_1_U5045  |mac_muladd_8s_8s_32s_32_4_1  |  i0 * i1 + i2|
    |mac_muladd_8s_8s_32s_32_4_1_U5046  |mac_muladd_8s_8s_32s_32_4_1  |  i0 * i1 + i2|
    |mac_muladd_8s_8s_32s_32_4_1_U5047  |mac_muladd_8s_8s_32s_32_4_1  |  i0 * i1 + i2|
    |mac_muladd_8s_8s_32s_32_4_1_U5048  |mac_muladd_8s_8s_32s_32_4_1  |  i0 * i1 + i2|
    |mac_muladd_8s_8s_32s_32_4_1_U5049  |mac_muladd_8s_8s_32s_32_4_1  |  i0 * i1 + i2|
    |mac_muladd_8s_8s_32s_32_4_1_U5050  |mac_muladd_8s_8s_32s_32_4_1  |  i0 * i1 + i2|
    |mac_muladd_8s_8s_32s_32_4_1_U5051  |mac_muladd_8s_8s_32s_32_4_1  |  i0 * i1 + i2|
    |mac_muladd_8s_8s_32s_32_4_1_U5052  |mac_muladd_8s_8s_32s_32_4_1  |  i0 * i1 + i2|
    |mac_muladd_8s_8s_32s_32_4_1_U5053  |mac_muladd_8s_8s_32s_32_4_1  |  i0 * i1 + i2|
    |mac_muladd_8s_8s_32s_32_4_1_U5054  |mac_muladd_8s_8s_32s_32_4_1  |  i0 * i1 + i2|
    |mac_muladd_8s_8s_32s_32_4_1_U5055  |mac_muladd_8s_8s_32s_32_4_1  |  i0 * i1 + i2|
    |mac_muladd_8s_8s_32s_32_4_1_U5056  |mac_muladd_8s_8s_32s_32_4_1  |  i0 * i1 + i2|
    |mac_muladd_8s_8s_32s_32_4_1_U5057  |mac_muladd_8s_8s_32s_32_4_1  |  i0 * i1 + i2|
    |mac_muladd_8s_8s_32s_32_4_1_U5058  |mac_muladd_8s_8s_32s_32_4_1  |  i0 * i1 + i2|
    |mac_muladd_8s_8s_32s_32_4_1_U5059  |mac_muladd_8s_8s_32s_32_4_1  |  i0 * i1 + i2|
    |mac_muladd_8s_8s_32s_32_4_1_U5060  |mac_muladd_8s_8s_32s_32_4_1  |  i0 * i1 + i2|
    |mac_muladd_8s_8s_32s_32_4_1_U5061  |mac_muladd_8s_8s_32s_32_4_1  |  i0 * i1 + i2|
    |mac_muladd_8s_8s_32s_32_4_1_U5062  |mac_muladd_8s_8s_32s_32_4_1  |  i0 * i1 + i2|
    |mac_muladd_8s_8s_32s_32_4_1_U5063  |mac_muladd_8s_8s_32s_32_4_1  |  i0 * i1 + i2|
    |mac_muladd_8s_8s_32s_32_4_1_U5064  |mac_muladd_8s_8s_32s_32_4_1  |  i0 * i1 + i2|
    |mac_muladd_8s_8s_32s_32_4_1_U5065  |mac_muladd_8s_8s_32s_32_4_1  |  i0 * i1 + i2|
    |mac_muladd_8s_8s_32s_32_4_1_U5066  |mac_muladd_8s_8s_32s_32_4_1  |  i0 * i1 + i2|
    |mac_muladd_8s_8s_32s_32_4_1_U5067  |mac_muladd_8s_8s_32s_32_4_1  |  i0 * i1 + i2|
    |mac_muladd_8s_8s_32s_32_4_1_U5068  |mac_muladd_8s_8s_32s_32_4_1  |  i0 * i1 + i2|
    |mac_muladd_8s_8s_32s_32_4_1_U5069  |mac_muladd_8s_8s_32s_32_4_1  |  i0 * i1 + i2|
    |mac_muladd_8s_8s_32s_32_4_1_U5070  |mac_muladd_8s_8s_32s_32_4_1  |  i0 * i1 + i2|
    |mac_muladd_8s_8s_32s_32_4_1_U5071  |mac_muladd_8s_8s_32s_32_4_1  |  i0 * i1 + i2|
    |mac_muladd_8s_8s_32s_32_4_1_U5072  |mac_muladd_8s_8s_32s_32_4_1  |  i0 * i1 + i2|
    |mac_muladd_8s_8s_32s_32_4_1_U5073  |mac_muladd_8s_8s_32s_32_4_1  |  i0 * i1 + i2|
    |mac_muladd_8s_8s_32s_32_4_1_U5074  |mac_muladd_8s_8s_32s_32_4_1  |  i0 * i1 + i2|
    |mac_muladd_8s_8s_32s_32_4_1_U5075  |mac_muladd_8s_8s_32s_32_4_1  |  i0 * i1 + i2|
    |mac_muladd_8s_8s_32s_32_4_1_U5076  |mac_muladd_8s_8s_32s_32_4_1  |  i0 * i1 + i2|
    |mac_muladd_8s_8s_32s_32_4_1_U5077  |mac_muladd_8s_8s_32s_32_4_1  |  i0 * i1 + i2|
    |mac_muladd_8s_8s_32s_32_4_1_U5078  |mac_muladd_8s_8s_32s_32_4_1  |  i0 * i1 + i2|
    |mac_muladd_8s_8s_32s_32_4_1_U5079  |mac_muladd_8s_8s_32s_32_4_1  |  i0 * i1 + i2|
    |mac_muladd_8s_8s_32s_32_4_1_U5080  |mac_muladd_8s_8s_32s_32_4_1  |  i0 * i1 + i2|
    |mac_muladd_8s_8s_32s_32_4_1_U5081  |mac_muladd_8s_8s_32s_32_4_1  |  i0 * i1 + i2|
    |mac_muladd_8s_8s_32s_32_4_1_U5082  |mac_muladd_8s_8s_32s_32_4_1  |  i0 * i1 + i2|
    |mac_muladd_8s_8s_32s_32_4_1_U5083  |mac_muladd_8s_8s_32s_32_4_1  |  i0 * i1 + i2|
    |mac_muladd_8s_8s_32s_32_4_1_U5084  |mac_muladd_8s_8s_32s_32_4_1  |  i0 * i1 + i2|
    |mac_muladd_8s_8s_32s_32_4_1_U5085  |mac_muladd_8s_8s_32s_32_4_1  |  i0 * i1 + i2|
    |mac_muladd_8s_8s_32s_32_4_1_U5086  |mac_muladd_8s_8s_32s_32_4_1  |  i0 * i1 + i2|
    |mac_muladd_8s_8s_32s_32_4_1_U5087  |mac_muladd_8s_8s_32s_32_4_1  |  i0 * i1 + i2|
    |mac_muladd_8s_8s_32s_32_4_1_U5088  |mac_muladd_8s_8s_32s_32_4_1  |  i0 * i1 + i2|
    |mac_muladd_8s_8s_32s_32_4_1_U5089  |mac_muladd_8s_8s_32s_32_4_1  |  i0 * i1 + i2|
    |mac_muladd_8s_8s_32s_32_4_1_U5090  |mac_muladd_8s_8s_32s_32_4_1  |  i0 * i1 + i2|
    |mac_muladd_8s_8s_32s_32_4_1_U5091  |mac_muladd_8s_8s_32s_32_4_1  |  i0 * i1 + i2|
    |mac_muladd_8s_8s_32s_32_4_1_U5092  |mac_muladd_8s_8s_32s_32_4_1  |  i0 * i1 + i2|
    |mac_muladd_8s_8s_32s_32_4_1_U5093  |mac_muladd_8s_8s_32s_32_4_1  |  i0 * i1 + i2|
    |mac_muladd_8s_8s_32s_32_4_1_U5094  |mac_muladd_8s_8s_32s_32_4_1  |  i0 * i1 + i2|
    |mac_muladd_8s_8s_32s_32_4_1_U5095  |mac_muladd_8s_8s_32s_32_4_1  |  i0 * i1 + i2|
    |mac_muladd_8s_8s_32s_32_4_1_U5096  |mac_muladd_8s_8s_32s_32_4_1  |  i0 * i1 + i2|
    |mac_muladd_8s_8s_32s_32_4_1_U5097  |mac_muladd_8s_8s_32s_32_4_1  |  i0 * i1 + i2|
    |mac_muladd_8s_8s_32s_32_4_1_U5098  |mac_muladd_8s_8s_32s_32_4_1  |  i0 * i1 + i2|
    |mac_muladd_8s_8s_32s_32_4_1_U5099  |mac_muladd_8s_8s_32s_32_4_1  |  i0 * i1 + i2|
    |mac_muladd_8s_8s_32s_32_4_1_U5100  |mac_muladd_8s_8s_32s_32_4_1  |  i0 * i1 + i2|
    |mac_muladd_8s_8s_32s_32_4_1_U5101  |mac_muladd_8s_8s_32s_32_4_1  |  i0 * i1 + i2|
    |mac_muladd_8s_8s_32s_32_4_1_U5102  |mac_muladd_8s_8s_32s_32_4_1  |  i0 * i1 + i2|
    |mac_muladd_8s_8s_32s_32_4_1_U5103  |mac_muladd_8s_8s_32s_32_4_1  |  i0 * i1 + i2|
    |mac_muladd_8s_8s_32s_32_4_1_U5104  |mac_muladd_8s_8s_32s_32_4_1  |  i0 * i1 + i2|
    |mac_muladd_8s_8s_32s_32_4_1_U5105  |mac_muladd_8s_8s_32s_32_4_1  |  i0 * i1 + i2|
    |mac_muladd_8s_8s_32s_32_4_1_U5106  |mac_muladd_8s_8s_32s_32_4_1  |  i0 * i1 + i2|
    |mac_muladd_8s_8s_32s_32_4_1_U5107  |mac_muladd_8s_8s_32s_32_4_1  |  i0 * i1 + i2|
    |mac_muladd_8s_8s_32s_32_4_1_U5108  |mac_muladd_8s_8s_32s_32_4_1  |  i0 * i1 + i2|
    |mac_muladd_8s_8s_32s_32_4_1_U5109  |mac_muladd_8s_8s_32s_32_4_1  |  i0 * i1 + i2|
    |mac_muladd_8s_8s_32s_32_4_1_U5110  |mac_muladd_8s_8s_32s_32_4_1  |  i0 * i1 + i2|
    |mac_muladd_8s_8s_32s_32_4_1_U5111  |mac_muladd_8s_8s_32s_32_4_1  |  i0 * i1 + i2|
    |mac_muladd_8s_8s_32s_32_4_1_U5112  |mac_muladd_8s_8s_32s_32_4_1  |  i0 * i1 + i2|
    |mac_muladd_8s_8s_32s_32_4_1_U5113  |mac_muladd_8s_8s_32s_32_4_1  |  i0 * i1 + i2|
    |mac_muladd_8s_8s_32s_32_4_1_U5114  |mac_muladd_8s_8s_32s_32_4_1  |  i0 * i1 + i2|
    |mac_muladd_8s_8s_32s_32_4_1_U5115  |mac_muladd_8s_8s_32s_32_4_1  |  i0 * i1 + i2|
    |mac_muladd_8s_8s_32s_32_4_1_U5116  |mac_muladd_8s_8s_32s_32_4_1  |  i0 * i1 + i2|
    |mac_muladd_8s_8s_32s_32_4_1_U5117  |mac_muladd_8s_8s_32s_32_4_1  |  i0 * i1 + i2|
    |mac_muladd_8s_8s_32s_32_4_1_U5118  |mac_muladd_8s_8s_32s_32_4_1  |  i0 * i1 + i2|
    |mac_muladd_8s_8s_32s_32_4_1_U5119  |mac_muladd_8s_8s_32s_32_4_1  |  i0 * i1 + i2|
    |mac_muladd_8s_8s_32s_32_4_1_U5120  |mac_muladd_8s_8s_32s_32_4_1  |  i0 * i1 + i2|
    |mac_muladd_8s_8s_32s_32_4_1_U5121  |mac_muladd_8s_8s_32s_32_4_1  |  i0 * i1 + i2|
    |mac_muladd_8s_8s_32s_32_4_1_U5122  |mac_muladd_8s_8s_32s_32_4_1  |  i0 * i1 + i2|
    |mac_muladd_8s_8s_32s_32_4_1_U5123  |mac_muladd_8s_8s_32s_32_4_1  |  i0 * i1 + i2|
    |mac_muladd_8s_8s_32s_32_4_1_U5124  |mac_muladd_8s_8s_32s_32_4_1  |  i0 * i1 + i2|
    |mac_muladd_8s_8s_32s_32_4_1_U5125  |mac_muladd_8s_8s_32s_32_4_1  |  i0 * i1 + i2|
    |mac_muladd_8s_8s_32s_32_4_1_U5126  |mac_muladd_8s_8s_32s_32_4_1  |  i0 * i1 + i2|
    |mac_muladd_8s_8s_32s_32_4_1_U5127  |mac_muladd_8s_8s_32s_32_4_1  |  i0 * i1 + i2|
    |mac_muladd_8s_8s_32s_32_4_1_U5128  |mac_muladd_8s_8s_32s_32_4_1  |  i0 * i1 + i2|
    |mac_muladd_8s_8s_32s_32_4_1_U5129  |mac_muladd_8s_8s_32s_32_4_1  |  i0 * i1 + i2|
    |mac_muladd_8s_8s_32s_32_4_1_U5130  |mac_muladd_8s_8s_32s_32_4_1  |  i0 * i1 + i2|
    |mac_muladd_8s_8s_32s_32_4_1_U5131  |mac_muladd_8s_8s_32s_32_4_1  |  i0 * i1 + i2|
    |mac_muladd_8s_8s_32s_32_4_1_U5132  |mac_muladd_8s_8s_32s_32_4_1  |  i0 * i1 + i2|
    |mac_muladd_8s_8s_32s_32_4_1_U5133  |mac_muladd_8s_8s_32s_32_4_1  |  i0 * i1 + i2|
    |mac_muladd_8s_8s_32s_32_4_1_U5134  |mac_muladd_8s_8s_32s_32_4_1  |  i0 * i1 + i2|
    |mac_muladd_8s_8s_32s_32_4_1_U5135  |mac_muladd_8s_8s_32s_32_4_1  |  i0 * i1 + i2|
    |mac_muladd_8s_8s_32s_32_4_1_U5136  |mac_muladd_8s_8s_32s_32_4_1  |  i0 * i1 + i2|
    |mac_muladd_8s_8s_32s_32_4_1_U5137  |mac_muladd_8s_8s_32s_32_4_1  |  i0 * i1 + i2|
    |mac_muladd_8s_8s_32s_32_4_1_U5138  |mac_muladd_8s_8s_32s_32_4_1  |  i0 * i1 + i2|
    |mac_muladd_8s_8s_32s_32_4_1_U5139  |mac_muladd_8s_8s_32s_32_4_1  |  i0 * i1 + i2|
    |mac_muladd_8s_8s_32s_32_4_1_U5140  |mac_muladd_8s_8s_32s_32_4_1  |  i0 * i1 + i2|
    |mac_muladd_8s_8s_32s_32_4_1_U5141  |mac_muladd_8s_8s_32s_32_4_1  |  i0 * i1 + i2|
    |mac_muladd_8s_8s_32s_32_4_1_U5142  |mac_muladd_8s_8s_32s_32_4_1  |  i0 * i1 + i2|
    |mac_muladd_8s_8s_32s_32_4_1_U5143  |mac_muladd_8s_8s_32s_32_4_1  |  i0 * i1 + i2|
    |mac_muladd_8s_8s_32s_32_4_1_U5144  |mac_muladd_8s_8s_32s_32_4_1  |  i0 * i1 + i2|
    |mac_muladd_8s_8s_32s_32_4_1_U5145  |mac_muladd_8s_8s_32s_32_4_1  |  i0 * i1 + i2|
    |mac_muladd_8s_8s_32s_32_4_1_U5146  |mac_muladd_8s_8s_32s_32_4_1  |  i0 * i1 + i2|
    |mac_muladd_8s_8s_32s_32_4_1_U5147  |mac_muladd_8s_8s_32s_32_4_1  |  i0 * i1 + i2|
    |mac_muladd_8s_8s_32s_32_4_1_U5148  |mac_muladd_8s_8s_32s_32_4_1  |  i0 * i1 + i2|
    |mac_muladd_8s_8s_32s_32_4_1_U5149  |mac_muladd_8s_8s_32s_32_4_1  |  i0 * i1 + i2|
    |mac_muladd_8s_8s_32s_32_4_1_U5150  |mac_muladd_8s_8s_32s_32_4_1  |  i0 * i1 + i2|
    |mac_muladd_8s_8s_32s_32_4_1_U5151  |mac_muladd_8s_8s_32s_32_4_1  |  i0 * i1 + i2|
    |mac_muladd_8s_8s_32s_32_4_1_U5152  |mac_muladd_8s_8s_32s_32_4_1  |  i0 * i1 + i2|
    |mac_muladd_8s_8s_32s_32_4_1_U5153  |mac_muladd_8s_8s_32s_32_4_1  |  i0 * i1 + i2|
    |mac_muladd_8s_8s_32s_32_4_1_U5154  |mac_muladd_8s_8s_32s_32_4_1  |  i0 * i1 + i2|
    |mac_muladd_8s_8s_32s_32_4_1_U5155  |mac_muladd_8s_8s_32s_32_4_1  |  i0 * i1 + i2|
    |mac_muladd_8s_8s_32s_32_4_1_U5156  |mac_muladd_8s_8s_32s_32_4_1  |  i0 * i1 + i2|
    |mac_muladd_8s_8s_32s_32_4_1_U5157  |mac_muladd_8s_8s_32s_32_4_1  |  i0 * i1 + i2|
    |mac_muladd_8s_8s_32s_32_4_1_U5158  |mac_muladd_8s_8s_32s_32_4_1  |  i0 * i1 + i2|
    |mac_muladd_8s_8s_32s_32_4_1_U5159  |mac_muladd_8s_8s_32s_32_4_1  |  i0 * i1 + i2|
    |mac_muladd_8s_8s_32s_32_4_1_U5160  |mac_muladd_8s_8s_32s_32_4_1  |  i0 * i1 + i2|
    |mac_muladd_8s_8s_32s_32_4_1_U5161  |mac_muladd_8s_8s_32s_32_4_1  |  i0 * i1 + i2|
    |mac_muladd_8s_8s_32s_32_4_1_U5162  |mac_muladd_8s_8s_32s_32_4_1  |  i0 * i1 + i2|
    |mac_muladd_8s_8s_32s_32_4_1_U5163  |mac_muladd_8s_8s_32s_32_4_1  |  i0 * i1 + i2|
    |mac_muladd_8s_8s_32s_32_4_1_U5164  |mac_muladd_8s_8s_32s_32_4_1  |  i0 * i1 + i2|
    |mac_muladd_8s_8s_32s_32_4_1_U5165  |mac_muladd_8s_8s_32s_32_4_1  |  i0 * i1 + i2|
    |mac_muladd_8s_8s_32s_32_4_1_U5166  |mac_muladd_8s_8s_32s_32_4_1  |  i0 * i1 + i2|
    |mac_muladd_8s_8s_32s_32_4_1_U5167  |mac_muladd_8s_8s_32s_32_4_1  |  i0 * i1 + i2|
    |mac_muladd_8s_8s_32s_32_4_1_U5168  |mac_muladd_8s_8s_32s_32_4_1  |  i0 * i1 + i2|
    |mac_muladd_8s_8s_32s_32_4_1_U5169  |mac_muladd_8s_8s_32s_32_4_1  |  i0 * i1 + i2|
    |mac_muladd_8s_8s_32s_32_4_1_U5170  |mac_muladd_8s_8s_32s_32_4_1  |  i0 * i1 + i2|
    |mac_muladd_8s_8s_32s_32_4_1_U5171  |mac_muladd_8s_8s_32s_32_4_1  |  i0 * i1 + i2|
    |mac_muladd_8s_8s_32s_32_4_1_U5172  |mac_muladd_8s_8s_32s_32_4_1  |  i0 * i1 + i2|
    |mac_muladd_8s_8s_32s_32_4_1_U5173  |mac_muladd_8s_8s_32s_32_4_1  |  i0 * i1 + i2|
    |mac_muladd_8s_8s_32s_32_4_1_U5174  |mac_muladd_8s_8s_32s_32_4_1  |  i0 * i1 + i2|
    |mac_muladd_8s_8s_32s_32_4_1_U5175  |mac_muladd_8s_8s_32s_32_4_1  |  i0 * i1 + i2|
    |mac_muladd_8s_8s_32s_32_4_1_U5176  |mac_muladd_8s_8s_32s_32_4_1  |  i0 * i1 + i2|
    |mac_muladd_8s_8s_32s_32_4_1_U5177  |mac_muladd_8s_8s_32s_32_4_1  |  i0 * i1 + i2|
    |mac_muladd_8s_8s_32s_32_4_1_U5178  |mac_muladd_8s_8s_32s_32_4_1  |  i0 * i1 + i2|
    |mac_muladd_8s_8s_32s_32_4_1_U5179  |mac_muladd_8s_8s_32s_32_4_1  |  i0 * i1 + i2|
    |mac_muladd_8s_8s_32s_32_4_1_U5180  |mac_muladd_8s_8s_32s_32_4_1  |  i0 * i1 + i2|
    |mac_muladd_8s_8s_32s_32_4_1_U5181  |mac_muladd_8s_8s_32s_32_4_1  |  i0 * i1 + i2|
    |mac_muladd_8s_8s_32s_32_4_1_U5182  |mac_muladd_8s_8s_32s_32_4_1  |  i0 * i1 + i2|
    |mac_muladd_8s_8s_32s_32_4_1_U5183  |mac_muladd_8s_8s_32s_32_4_1  |  i0 * i1 + i2|
    |mac_muladd_8s_8s_32s_32_4_1_U5184  |mac_muladd_8s_8s_32s_32_4_1  |  i0 * i1 + i2|
    |mac_muladd_8s_8s_32s_32_4_1_U5185  |mac_muladd_8s_8s_32s_32_4_1  |  i0 * i1 + i2|
    |mac_muladd_8s_8s_32s_32_4_1_U5186  |mac_muladd_8s_8s_32s_32_4_1  |  i0 * i1 + i2|
    |mac_muladd_8s_8s_32s_32_4_1_U5187  |mac_muladd_8s_8s_32s_32_4_1  |  i0 * i1 + i2|
    |mac_muladd_8s_8s_32s_32_4_1_U5188  |mac_muladd_8s_8s_32s_32_4_1  |  i0 * i1 + i2|
    |mac_muladd_8s_8s_32s_32_4_1_U5189  |mac_muladd_8s_8s_32s_32_4_1  |  i0 * i1 + i2|
    |mac_muladd_8s_8s_32s_32_4_1_U5190  |mac_muladd_8s_8s_32s_32_4_1  |  i0 * i1 + i2|
    |mac_muladd_8s_8s_32s_32_4_1_U5191  |mac_muladd_8s_8s_32s_32_4_1  |  i0 * i1 + i2|
    |mac_muladd_8s_8s_32s_32_4_1_U5192  |mac_muladd_8s_8s_32s_32_4_1  |  i0 * i1 + i2|
    |mac_muladd_8s_8s_32s_32_4_1_U5193  |mac_muladd_8s_8s_32s_32_4_1  |  i0 * i1 + i2|
    |mac_muladd_8s_8s_32s_32_4_1_U5194  |mac_muladd_8s_8s_32s_32_4_1  |  i0 * i1 + i2|
    |mac_muladd_8s_8s_32s_32_4_1_U5195  |mac_muladd_8s_8s_32s_32_4_1  |  i0 * i1 + i2|
    |mac_muladd_8s_8s_32s_32_4_1_U5196  |mac_muladd_8s_8s_32s_32_4_1  |  i0 * i1 + i2|
    |mac_muladd_8s_8s_32s_32_4_1_U5197  |mac_muladd_8s_8s_32s_32_4_1  |  i0 * i1 + i2|
    |mac_muladd_8s_8s_32s_32_4_1_U5198  |mac_muladd_8s_8s_32s_32_4_1  |  i0 * i1 + i2|
    |mac_muladd_8s_8s_32s_32_4_1_U5199  |mac_muladd_8s_8s_32s_32_4_1  |  i0 * i1 + i2|
    |mac_muladd_8s_8s_32s_32_4_1_U5200  |mac_muladd_8s_8s_32s_32_4_1  |  i0 * i1 + i2|
    |mac_muladd_8s_8s_32s_32_4_1_U5201  |mac_muladd_8s_8s_32s_32_4_1  |  i0 * i1 + i2|
    |mac_muladd_8s_8s_32s_32_4_1_U5202  |mac_muladd_8s_8s_32s_32_4_1  |  i0 * i1 + i2|
    |mac_muladd_8s_8s_32s_32_4_1_U5203  |mac_muladd_8s_8s_32s_32_4_1  |  i0 * i1 + i2|
    |mac_muladd_8s_8s_32s_32_4_1_U5204  |mac_muladd_8s_8s_32s_32_4_1  |  i0 * i1 + i2|
    |mac_muladd_8s_8s_32s_32_4_1_U5205  |mac_muladd_8s_8s_32s_32_4_1  |  i0 * i1 + i2|
    |mac_muladd_8s_8s_32s_32_4_1_U5206  |mac_muladd_8s_8s_32s_32_4_1  |  i0 * i1 + i2|
    |mac_muladd_8s_8s_32s_32_4_1_U5207  |mac_muladd_8s_8s_32s_32_4_1  |  i0 * i1 + i2|
    |mac_muladd_8s_8s_32s_32_4_1_U5208  |mac_muladd_8s_8s_32s_32_4_1  |  i0 * i1 + i2|
    |mac_muladd_8s_8s_32s_32_4_1_U5209  |mac_muladd_8s_8s_32s_32_4_1  |  i0 * i1 + i2|
    +-----------------------------------+-----------------------------+--------------+

    * Memory: 
    N/A

    * FIFO: 
    N/A

    * Expression: 
    +------------------------+----------+----+---+----+------------+------------+
    |      Variable Name     | Operation| DSP| FF| LUT| Bitwidth P0| Bitwidth P1|
    +------------------------+----------+----+---+----+------------+------------+
    |add_ln200_fu_43056_p2   |         +|   0|  0|  13|           6|           1|
    |icmp_ln200_fu_43050_p2  |      icmp|   0|  0|  10|           6|           7|
    |ap_enable_pp0           |       xor|   0|  0|   2|           1|           2|
    +------------------------+----------+----+---+----+------------+------------+
    |Total                   |          |   0|  0|  25|          13|          10|
    +------------------------+----------+----+---+----+------------+------------+

    * Multiplexer: 
    +----------------------------------------+-----+-----------+-----+-----------+
    |                  Name                  | LUT | Input Size| Bits| Total Bits|
    +----------------------------------------+-----+-----------+-----+-----------+
    |add171_10166305_fu_8262                 |    9|          2|   32|         64|
    |add171_10615_fu_9502                    |    9|          2|   32|         64|
    |add171_10_10625_fu_9542                 |    9|          2|   32|         64|
    |add171_10_11626_fu_9546                 |    9|          2|   32|         64|
    |add171_10_12627_fu_9550                 |    9|          2|   32|         64|
    |add171_10_13628_fu_9554                 |    9|          2|   32|         64|
    |add171_10_14629_fu_9558                 |    9|          2|   32|         64|
    |add171_10_15630_fu_9562                 |    9|          2|   32|         64|
    |add171_10_1616_fu_9506                  |    9|          2|   32|         64|
    |add171_10_16631_fu_9566                 |    9|          2|   32|         64|
    |add171_10_17632_fu_9570                 |    9|          2|   32|         64|
    |add171_10_18633_fu_9574                 |    9|          2|   32|         64|
    |add171_10_19634_fu_9578                 |    9|          2|   32|         64|
    |add171_10_20635_fu_9582                 |    9|          2|   32|         64|
    |add171_10_21636_fu_9586                 |    9|          2|   32|         64|
    |add171_10_22637_fu_9590                 |    9|          2|   32|         64|
    |add171_10_23638_fu_9594                 |    9|          2|   32|         64|
    |add171_10_24639_fu_9598                 |    9|          2|   32|         64|
    |add171_10_25640_fu_9602                 |    9|          2|   32|         64|
    |add171_10_2617_fu_9510                  |    9|          2|   32|         64|
    |add171_10_26641_fu_9606                 |    9|          2|   32|         64|
    |add171_10_27642_fu_9610                 |    9|          2|   32|         64|
    |add171_10_28643_fu_9614                 |    9|          2|   32|         64|
    |add171_10_29644_fu_9618                 |    9|          2|   32|         64|
    |add171_10_30645_fu_9622                 |    9|          2|   32|         64|
    |add171_10_31646_fu_9626                 |    9|          2|   32|         64|
    |add171_10_3618_fu_9514                  |    9|          2|   32|         64|
    |add171_10_4619_fu_9518                  |    9|          2|   32|         64|
    |add171_10_5620_fu_9522                  |    9|          2|   32|         64|
    |add171_10_6621_fu_9526                  |    9|          2|   32|         64|
    |add171_10_7622_fu_9530                  |    9|          2|   32|         64|
    |add171_10_8623_fu_9534                  |    9|          2|   32|         64|
    |add171_10_9624_fu_9538                  |    9|          2|   32|         64|
    |add171_1112296_fu_8226                  |    9|          2|   32|         64|
    |add171_11172306_fu_8266                 |    9|          2|   32|         64|
    |add171_11647_fu_9630                    |    9|          2|   32|         64|
    |add171_11_10657_fu_9670                 |    9|          2|   32|         64|
    |add171_11_11658_fu_9674                 |    9|          2|   32|         64|
    |add171_11_12659_fu_9678                 |    9|          2|   32|         64|
    |add171_11_13660_fu_9682                 |    9|          2|   32|         64|
    |add171_11_14661_fu_9686                 |    9|          2|   32|         64|
    |add171_11_15662_fu_9690                 |    9|          2|   32|         64|
    |add171_11_1648_fu_9634                  |    9|          2|   32|         64|
    |add171_11_16663_fu_9694                 |    9|          2|   32|         64|
    |add171_11_17664_fu_9698                 |    9|          2|   32|         64|
    |add171_11_18665_fu_9702                 |    9|          2|   32|         64|
    |add171_11_19666_fu_9706                 |    9|          2|   32|         64|
    |add171_11_20667_fu_9710                 |    9|          2|   32|         64|
    |add171_11_21668_fu_9714                 |    9|          2|   32|         64|
    |add171_11_22669_fu_9718                 |    9|          2|   32|         64|
    |add171_11_23670_fu_9722                 |    9|          2|   32|         64|
    |add171_11_24671_fu_9726                 |    9|          2|   32|         64|
    |add171_11_25672_fu_9730                 |    9|          2|   32|         64|
    |add171_11_2649_fu_9638                  |    9|          2|   32|         64|
    |add171_11_26673_fu_9734                 |    9|          2|   32|         64|
    |add171_11_27674_fu_9738                 |    9|          2|   32|         64|
    |add171_11_28675_fu_9742                 |    9|          2|   32|         64|
    |add171_11_29676_fu_9746                 |    9|          2|   32|         64|
    |add171_11_30677_fu_9750                 |    9|          2|   32|         64|
    |add171_11_31678_fu_9754                 |    9|          2|   32|         64|
    |add171_11_3650_fu_9642                  |    9|          2|   32|         64|
    |add171_11_4651_fu_9646                  |    9|          2|   32|         64|
    |add171_11_5652_fu_9650                  |    9|          2|   32|         64|
    |add171_11_6653_fu_9654                  |    9|          2|   32|         64|
    |add171_11_7654_fu_9658                  |    9|          2|   32|         64|
    |add171_11_8655_fu_9662                  |    9|          2|   32|         64|
    |add171_11_9656_fu_9666                  |    9|          2|   32|         64|
    |add171_12178307_fu_8270                 |    9|          2|   32|         64|
    |add171_12679_fu_9758                    |    9|          2|   32|         64|
    |add171_12_10689_fu_9798                 |    9|          2|   32|         64|
    |add171_12_11690_fu_9802                 |    9|          2|   32|         64|
    |add171_12_12691_fu_9806                 |    9|          2|   32|         64|
    |add171_12_13692_fu_9810                 |    9|          2|   32|         64|
    |add171_12_14693_fu_9814                 |    9|          2|   32|         64|
    |add171_12_15694_fu_9818                 |    9|          2|   32|         64|
    |add171_12_16695_fu_9822                 |    9|          2|   32|         64|
    |add171_12_1680_fu_9762                  |    9|          2|   32|         64|
    |add171_12_17696_fu_9826                 |    9|          2|   32|         64|
    |add171_12_18697_fu_9830                 |    9|          2|   32|         64|
    |add171_12_19698_fu_9834                 |    9|          2|   32|         64|
    |add171_12_20699_fu_9838                 |    9|          2|   32|         64|
    |add171_12_21700_fu_9842                 |    9|          2|   32|         64|
    |add171_12_22701_fu_9846                 |    9|          2|   32|         64|
    |add171_12_23702_fu_9850                 |    9|          2|   32|         64|
    |add171_12_24703_fu_9854                 |    9|          2|   32|         64|
    |add171_12_25704_fu_9858                 |    9|          2|   32|         64|
    |add171_12_26705_fu_9862                 |    9|          2|   32|         64|
    |add171_12_2681_fu_9766                  |    9|          2|   32|         64|
    |add171_12_27706_fu_9866                 |    9|          2|   32|         64|
    |add171_12_28707_fu_9870                 |    9|          2|   32|         64|
    |add171_12_29708_fu_9874                 |    9|          2|   32|         64|
    |add171_12_30709_fu_9878                 |    9|          2|   32|         64|
    |add171_12_31710_fu_9882                 |    9|          2|   32|         64|
    |add171_12_3682_fu_9770                  |    9|          2|   32|         64|
    |add171_12_4683_fu_9774                  |    9|          2|   32|         64|
    |add171_12_5684_fu_9778                  |    9|          2|   32|         64|
    |add171_12_6685_fu_9782                  |    9|          2|   32|         64|
    |add171_12_7686_fu_9786                  |    9|          2|   32|         64|
    |add171_12_8687_fu_9790                  |    9|          2|   32|         64|
    |add171_12_9688_fu_9794                  |    9|          2|   32|         64|
    |add171_13184308_fu_8274                 |    9|          2|   32|         64|
    |add171_1327_fu_8350                     |    9|          2|   32|         64|
    |add171_13711_fu_9886                    |    9|          2|   32|         64|
    |add171_13_10721_fu_9926                 |    9|          2|   32|         64|
    |add171_13_11722_fu_9930                 |    9|          2|   32|         64|
    |add171_13_12723_fu_9934                 |    9|          2|   32|         64|
    |add171_13_13724_fu_9938                 |    9|          2|   32|         64|
    |add171_13_14725_fu_9942                 |    9|          2|   32|         64|
    |add171_13_15726_fu_9946                 |    9|          2|   32|         64|
    |add171_13_16727_fu_9950                 |    9|          2|   32|         64|
    |add171_13_1712_fu_9890                  |    9|          2|   32|         64|
    |add171_13_17728_fu_9954                 |    9|          2|   32|         64|
    |add171_13_18729_fu_9958                 |    9|          2|   32|         64|
    |add171_13_19730_fu_9962                 |    9|          2|   32|         64|
    |add171_13_20731_fu_9966                 |    9|          2|   32|         64|
    |add171_13_21732_fu_9970                 |    9|          2|   32|         64|
    |add171_13_22733_fu_9974                 |    9|          2|   32|         64|
    |add171_13_23734_fu_9978                 |    9|          2|   32|         64|
    |add171_13_24735_fu_9982                 |    9|          2|   32|         64|
    |add171_13_25736_fu_9986                 |    9|          2|   32|         64|
    |add171_13_26737_fu_9990                 |    9|          2|   32|         64|
    |add171_13_2713_fu_9894                  |    9|          2|   32|         64|
    |add171_13_27738_fu_9994                 |    9|          2|   32|         64|
    |add171_13_28739_fu_9998                 |    9|          2|   32|         64|
    |add171_13_29740_fu_10002                |    9|          2|   32|         64|
    |add171_13_30741_fu_10006                |    9|          2|   32|         64|
    |add171_13_31742_fu_10010                |    9|          2|   32|         64|
    |add171_13_3714_fu_9898                  |    9|          2|   32|         64|
    |add171_13_4715_fu_9902                  |    9|          2|   32|         64|
    |add171_13_5716_fu_9906                  |    9|          2|   32|         64|
    |add171_13_6717_fu_9910                  |    9|          2|   32|         64|
    |add171_13_7718_fu_9914                  |    9|          2|   32|         64|
    |add171_13_8719_fu_9918                  |    9|          2|   32|         64|
    |add171_13_9720_fu_9922                  |    9|          2|   32|         64|
    |add171_14190309_fu_8278                 |    9|          2|   32|         64|
    |add171_14743_fu_10014                   |    9|          2|   32|         64|
    |add171_14_10753_fu_10054                |    9|          2|   32|         64|
    |add171_14_11754_fu_10058                |    9|          2|   32|         64|
    |add171_14_12755_fu_10062                |    9|          2|   32|         64|
    |add171_14_13756_fu_10066                |    9|          2|   32|         64|
    |add171_14_14757_fu_10070                |    9|          2|   32|         64|
    |add171_14_15758_fu_10074                |    9|          2|   32|         64|
    |add171_14_16759_fu_10078                |    9|          2|   32|         64|
    |add171_14_1744_fu_10018                 |    9|          2|   32|         64|
    |add171_14_17760_fu_10082                |    9|          2|   32|         64|
    |add171_14_18761_fu_10086                |    9|          2|   32|         64|
    |add171_14_19762_fu_10090                |    9|          2|   32|         64|
    |add171_14_20763_fu_10094                |    9|          2|   32|         64|
    |add171_14_21764_fu_10098                |    9|          2|   32|         64|
    |add171_14_22765_fu_10102                |    9|          2|   32|         64|
    |add171_14_23766_fu_10106                |    9|          2|   32|         64|
    |add171_14_24767_fu_10110                |    9|          2|   32|         64|
    |add171_14_25768_fu_10114                |    9|          2|   32|         64|
    |add171_14_26769_fu_10118                |    9|          2|   32|         64|
    |add171_14_2745_fu_10022                 |    9|          2|   32|         64|
    |add171_14_27770_fu_10122                |    9|          2|   32|         64|
    |add171_14_28771_fu_10126                |    9|          2|   32|         64|
    |add171_14_29772_fu_10130                |    9|          2|   32|         64|
    |add171_14_30773_fu_10134                |    9|          2|   32|         64|
    |add171_14_31774_fu_10138                |    9|          2|   32|         64|
    |add171_14_3746_fu_10026                 |    9|          2|   32|         64|
    |add171_14_4747_fu_10030                 |    9|          2|   32|         64|
    |add171_14_5748_fu_10034                 |    9|          2|   32|         64|
    |add171_14_6749_fu_10038                 |    9|          2|   32|         64|
    |add171_14_7750_fu_10042                 |    9|          2|   32|         64|
    |add171_14_8751_fu_10046                 |    9|          2|   32|         64|
    |add171_14_9752_fu_10050                 |    9|          2|   32|         64|
    |add171_15196310_fu_8282                 |    9|          2|   32|         64|
    |add171_15775_fu_10142                   |    9|          2|   32|         64|
    |add171_15_10785_fu_10182                |    9|          2|   32|         64|
    |add171_15_11786_fu_10186                |    9|          2|   32|         64|
    |add171_15_12787_fu_10190                |    9|          2|   32|         64|
    |add171_15_13788_fu_10194                |    9|          2|   32|         64|
    |add171_15_14789_fu_10198                |    9|          2|   32|         64|
    |add171_15_15790_fu_10202                |    9|          2|   32|         64|
    |add171_15_16791_fu_10206                |    9|          2|   32|         64|
    |add171_15_1776_fu_10146                 |    9|          2|   32|         64|
    |add171_15_17792_fu_10210                |    9|          2|   32|         64|
    |add171_15_18793_fu_10214                |    9|          2|   32|         64|
    |add171_15_19794_fu_10218                |    9|          2|   32|         64|
    |add171_15_20795_fu_10222                |    9|          2|   32|         64|
    |add171_15_21796_fu_10226                |    9|          2|   32|         64|
    |add171_15_22797_fu_10230                |    9|          2|   32|         64|
    |add171_15_23798_fu_10234                |    9|          2|   32|         64|
    |add171_15_24799_fu_10238                |    9|          2|   32|         64|
    |add171_15_25800_fu_10242                |    9|          2|   32|         64|
    |add171_15_26801_fu_10246                |    9|          2|   32|         64|
    |add171_15_2777_fu_10150                 |    9|          2|   32|         64|
    |add171_15_27802_fu_10250                |    9|          2|   32|         64|
    |add171_15_28803_fu_10254                |    9|          2|   32|         64|
    |add171_15_29804_fu_10258                |    9|          2|   32|         64|
    |add171_15_30805_fu_10262                |    9|          2|   32|         64|
    |add171_15_31806_fu_10266                |    9|          2|   32|         64|
    |add171_15_3778_fu_10154                 |    9|          2|   32|         64|
    |add171_15_4779_fu_10158                 |    9|          2|   32|         64|
    |add171_15_5780_fu_10162                 |    9|          2|   32|         64|
    |add171_15_6781_fu_10166                 |    9|          2|   32|         64|
    |add171_15_7782_fu_10170                 |    9|          2|   32|         64|
    |add171_15_8783_fu_10174                 |    9|          2|   32|         64|
    |add171_15_9784_fu_10178                 |    9|          2|   32|         64|
    |add171_16202311_fu_8286                 |    9|          2|   32|         64|
    |add171_16807_fu_10270                   |    9|          2|   32|         64|
    |add171_16_10817_fu_10310                |    9|          2|   32|         64|
    |add171_16_11818_fu_10314                |    9|          2|   32|         64|
    |add171_16_12819_fu_10318                |    9|          2|   32|         64|
    |add171_16_13820_fu_10322                |    9|          2|   32|         64|
    |add171_16_14821_fu_10326                |    9|          2|   32|         64|
    |add171_16_15822_fu_10330                |    9|          2|   32|         64|
    |add171_16_16823_fu_10334                |    9|          2|   32|         64|
    |add171_16_17824_fu_10338                |    9|          2|   32|         64|
    |add171_16_1808_fu_10274                 |    9|          2|   32|         64|
    |add171_16_18825_fu_10342                |    9|          2|   32|         64|
    |add171_16_19826_fu_10346                |    9|          2|   32|         64|
    |add171_16_20827_fu_10350                |    9|          2|   32|         64|
    |add171_16_21828_fu_10354                |    9|          2|   32|         64|
    |add171_16_22829_fu_10358                |    9|          2|   32|         64|
    |add171_16_23830_fu_10362                |    9|          2|   32|         64|
    |add171_16_24831_fu_10366                |    9|          2|   32|         64|
    |add171_16_25832_fu_10370                |    9|          2|   32|         64|
    |add171_16_26833_fu_10374                |    9|          2|   32|         64|
    |add171_16_27834_fu_10378                |    9|          2|   32|         64|
    |add171_16_2809_fu_10278                 |    9|          2|   32|         64|
    |add171_16_28835_fu_10382                |    9|          2|   32|         64|
    |add171_16_29836_fu_10386                |    9|          2|   32|         64|
    |add171_16_30837_fu_10390                |    9|          2|   32|         64|
    |add171_16_31838_fu_10394                |    9|          2|   32|         64|
    |add171_16_3810_fu_10282                 |    9|          2|   32|         64|
    |add171_16_4811_fu_10286                 |    9|          2|   32|         64|
    |add171_16_5812_fu_10290                 |    9|          2|   32|         64|
    |add171_16_6813_fu_10294                 |    9|          2|   32|         64|
    |add171_16_7814_fu_10298                 |    9|          2|   32|         64|
    |add171_16_8815_fu_10302                 |    9|          2|   32|         64|
    |add171_16_9816_fu_10306                 |    9|          2|   32|         64|
    |add171_17208312_fu_8290                 |    9|          2|   32|         64|
    |add171_17839_fu_10398                   |    9|          2|   32|         64|
    |add171_17_10849_fu_10438                |    9|          2|   32|         64|
    |add171_17_11850_fu_10442                |    9|          2|   32|         64|
    |add171_17_12851_fu_10446                |    9|          2|   32|         64|
    |add171_17_13852_fu_10450                |    9|          2|   32|         64|
    |add171_17_14853_fu_10454                |    9|          2|   32|         64|
    |add171_17_15854_fu_10458                |    9|          2|   32|         64|
    |add171_17_16855_fu_10462                |    9|          2|   32|         64|
    |add171_17_17856_fu_10466                |    9|          2|   32|         64|
    |add171_17_1840_fu_10402                 |    9|          2|   32|         64|
    |add171_17_18857_fu_10470                |    9|          2|   32|         64|
    |add171_17_19858_fu_10474                |    9|          2|   32|         64|
    |add171_17_20859_fu_10478                |    9|          2|   32|         64|
    |add171_17_21860_fu_10482                |    9|          2|   32|         64|
    |add171_17_22861_fu_10486                |    9|          2|   32|         64|
    |add171_17_23862_fu_10490                |    9|          2|   32|         64|
    |add171_17_24863_fu_10494                |    9|          2|   32|         64|
    |add171_17_25864_fu_10498                |    9|          2|   32|         64|
    |add171_17_26865_fu_10502                |    9|          2|   32|         64|
    |add171_17_27866_fu_10506                |    9|          2|   32|         64|
    |add171_17_2841_fu_10406                 |    9|          2|   32|         64|
    |add171_17_28867_fu_10510                |    9|          2|   32|         64|
    |add171_17_29868_fu_10514                |    9|          2|   32|         64|
    |add171_17_30869_fu_10518                |    9|          2|   32|         64|
    |add171_17_31870_fu_10522                |    9|          2|   32|         64|
    |add171_17_3842_fu_10410                 |    9|          2|   32|         64|
    |add171_17_4843_fu_10414                 |    9|          2|   32|         64|
    |add171_17_5844_fu_10418                 |    9|          2|   32|         64|
    |add171_17_6845_fu_10422                 |    9|          2|   32|         64|
    |add171_17_7846_fu_10426                 |    9|          2|   32|         64|
    |add171_17_8847_fu_10430                 |    9|          2|   32|         64|
    |add171_17_9848_fu_10434                 |    9|          2|   32|         64|
    |add171_18214313_fu_8294                 |    9|          2|   32|         64|
    |add171_18871_fu_10526                   |    9|          2|   32|         64|
    |add171_18_10881_fu_10566                |    9|          2|   32|         64|
    |add171_18_11882_fu_10570                |    9|          2|   32|         64|
    |add171_18_12883_fu_10574                |    9|          2|   32|         64|
    |add171_18_13884_fu_10578                |    9|          2|   32|         64|
    |add171_18_14885_fu_10582                |    9|          2|   32|         64|
    |add171_18_15886_fu_10586                |    9|          2|   32|         64|
    |add171_18_16887_fu_10590                |    9|          2|   32|         64|
    |add171_18_17888_fu_10594                |    9|          2|   32|         64|
    |add171_18_1872_fu_10530                 |    9|          2|   32|         64|
    |add171_18_18889_fu_10598                |    9|          2|   32|         64|
    |add171_18_19890_fu_10602                |    9|          2|   32|         64|
    |add171_18_20891_fu_10606                |    9|          2|   32|         64|
    |add171_18_21892_fu_10610                |    9|          2|   32|         64|
    |add171_18_22893_fu_10614                |    9|          2|   32|         64|
    |add171_18_23894_fu_10618                |    9|          2|   32|         64|
    |add171_18_24895_fu_10622                |    9|          2|   32|         64|
    |add171_18_25896_fu_10626                |    9|          2|   32|         64|
    |add171_18_26897_fu_10630                |    9|          2|   32|         64|
    |add171_18_27898_fu_10634                |    9|          2|   32|         64|
    |add171_18_2873_fu_10534                 |    9|          2|   32|         64|
    |add171_18_28899_fu_10638                |    9|          2|   32|         64|
    |add171_18_29900_fu_10642                |    9|          2|   32|         64|
    |add171_18_30901_fu_10646                |    9|          2|   32|         64|
    |add171_18_31902_fu_10650                |    9|          2|   32|         64|
    |add171_18_3874_fu_10538                 |    9|          2|   32|         64|
    |add171_18_4875_fu_10542                 |    9|          2|   32|         64|
    |add171_18_5876_fu_10546                 |    9|          2|   32|         64|
    |add171_18_6877_fu_10550                 |    9|          2|   32|         64|
    |add171_18_7878_fu_10554                 |    9|          2|   32|         64|
    |add171_18_8879_fu_10558                 |    9|          2|   32|         64|
    |add171_18_9880_fu_10562                 |    9|          2|   32|         64|
    |add171_19220314_fu_8298                 |    9|          2|   32|         64|
    |add171_19903_fu_10654                   |    9|          2|   32|         64|
    |add171_19_10913_fu_10694                |    9|          2|   32|         64|
    |add171_19_11914_fu_10698                |    9|          2|   32|         64|
    |add171_19_12915_fu_10702                |    9|          2|   32|         64|
    |add171_19_13916_fu_10706                |    9|          2|   32|         64|
    |add171_19_14917_fu_10710                |    9|          2|   32|         64|
    |add171_19_15918_fu_10714                |    9|          2|   32|         64|
    |add171_19_16919_fu_10718                |    9|          2|   32|         64|
    |add171_19_17920_fu_10722                |    9|          2|   32|         64|
    |add171_19_18921_fu_10726                |    9|          2|   32|         64|
    |add171_19_1904_fu_10658                 |    9|          2|   32|         64|
    |add171_19_19922_fu_10730                |    9|          2|   32|         64|
    |add171_19_20923_fu_10734                |    9|          2|   32|         64|
    |add171_19_21924_fu_10738                |    9|          2|   32|         64|
    |add171_19_22925_fu_10742                |    9|          2|   32|         64|
    |add171_19_23926_fu_10746                |    9|          2|   32|         64|
    |add171_19_24927_fu_10750                |    9|          2|   32|         64|
    |add171_19_25928_fu_10754                |    9|          2|   32|         64|
    |add171_19_26929_fu_10758                |    9|          2|   32|         64|
    |add171_19_27930_fu_10762                |    9|          2|   32|         64|
    |add171_19_28931_fu_10766                |    9|          2|   32|         64|
    |add171_19_2905_fu_10662                 |    9|          2|   32|         64|
    |add171_19_29932_fu_10770                |    9|          2|   32|         64|
    |add171_19_30933_fu_10774                |    9|          2|   32|         64|
    |add171_19_31934_fu_10778                |    9|          2|   32|         64|
    |add171_19_3906_fu_10666                 |    9|          2|   32|         64|
    |add171_19_4907_fu_10670                 |    9|          2|   32|         64|
    |add171_19_5908_fu_10674                 |    9|          2|   32|         64|
    |add171_19_6909_fu_10678                 |    9|          2|   32|         64|
    |add171_19_7910_fu_10682                 |    9|          2|   32|         64|
    |add171_19_8911_fu_10686                 |    9|          2|   32|         64|
    |add171_19_9912_fu_10690                 |    9|          2|   32|         64|
    |add171_1_10337_fu_8390                  |    9|          2|   32|         64|
    |add171_1_11338_fu_8394                  |    9|          2|   32|         64|
    |add171_1_12339_fu_8398                  |    9|          2|   32|         64|
    |add171_1_1328_fu_8354                   |    9|          2|   32|         64|
    |add171_1_13340_fu_8402                  |    9|          2|   32|         64|
    |add171_1_14341_fu_8406                  |    9|          2|   32|         64|
    |add171_1_15342_fu_8410                  |    9|          2|   32|         64|
    |add171_1_16343_fu_8414                  |    9|          2|   32|         64|
    |add171_1_17344_fu_8418                  |    9|          2|   32|         64|
    |add171_1_18345_fu_8422                  |    9|          2|   32|         64|
    |add171_1_19346_fu_8426                  |    9|          2|   32|         64|
    |add171_1_20347_fu_8430                  |    9|          2|   32|         64|
    |add171_1_21348_fu_8434                  |    9|          2|   32|         64|
    |add171_1_22349_fu_8438                  |    9|          2|   32|         64|
    |add171_1_2329_fu_8358                   |    9|          2|   32|         64|
    |add171_1_23350_fu_8442                  |    9|          2|   32|         64|
    |add171_1_24351_fu_8446                  |    9|          2|   32|         64|
    |add171_1_25352_fu_8450                  |    9|          2|   32|         64|
    |add171_1_26353_fu_8454                  |    9|          2|   32|         64|
    |add171_1_27354_fu_8458                  |    9|          2|   32|         64|
    |add171_1_28355_fu_8462                  |    9|          2|   32|         64|
    |add171_1_29356_fu_8466                  |    9|          2|   32|         64|
    |add171_1_30357_fu_8470                  |    9|          2|   32|         64|
    |add171_1_31358_fu_8474                  |    9|          2|   32|         64|
    |add171_1_3330_fu_8362                   |    9|          2|   32|         64|
    |add171_1_4331_fu_8366                   |    9|          2|   32|         64|
    |add171_1_5332_fu_8370                   |    9|          2|   32|         64|
    |add171_1_6333_fu_8374                   |    9|          2|   32|         64|
    |add171_1_7334_fu_8378                   |    9|          2|   32|         64|
    |add171_1_8335_fu_8382                   |    9|          2|   32|         64|
    |add171_1_9336_fu_8386                   |    9|          2|   32|         64|
    |add171_20226315_fu_8302                 |    9|          2|   32|         64|
    |add171_20935_fu_10782                   |    9|          2|   32|         64|
    |add171_20_10945_fu_10822                |    9|          2|   32|         64|
    |add171_20_11946_fu_10826                |    9|          2|   32|         64|
    |add171_20_12947_fu_10830                |    9|          2|   32|         64|
    |add171_20_13948_fu_10834                |    9|          2|   32|         64|
    |add171_20_14949_fu_10838                |    9|          2|   32|         64|
    |add171_20_15950_fu_10842                |    9|          2|   32|         64|
    |add171_20_16951_fu_10846                |    9|          2|   32|         64|
    |add171_20_17952_fu_10850                |    9|          2|   32|         64|
    |add171_20_18953_fu_10854                |    9|          2|   32|         64|
    |add171_20_1936_fu_10786                 |    9|          2|   32|         64|
    |add171_20_19954_fu_10858                |    9|          2|   32|         64|
    |add171_20_20955_fu_10862                |    9|          2|   32|         64|
    |add171_20_21956_fu_10866                |    9|          2|   32|         64|
    |add171_20_22957_fu_10870                |    9|          2|   32|         64|
    |add171_20_23958_fu_10874                |    9|          2|   32|         64|
    |add171_20_24959_fu_10878                |    9|          2|   32|         64|
    |add171_20_25960_fu_10882                |    9|          2|   32|         64|
    |add171_20_26961_fu_10886                |    9|          2|   32|         64|
    |add171_20_27962_fu_10890                |    9|          2|   32|         64|
    |add171_20_28963_fu_10894                |    9|          2|   32|         64|
    |add171_20_2937_fu_10790                 |    9|          2|   32|         64|
    |add171_20_29964_fu_10898                |    9|          2|   32|         64|
    |add171_20_30965_fu_10902                |    9|          2|   32|         64|
    |add171_20_31966_fu_10906                |    9|          2|   32|         64|
    |add171_20_3938_fu_10794                 |    9|          2|   32|         64|
    |add171_20_4939_fu_10798                 |    9|          2|   32|         64|
    |add171_20_5940_fu_10802                 |    9|          2|   32|         64|
    |add171_20_6941_fu_10806                 |    9|          2|   32|         64|
    |add171_20_7942_fu_10810                 |    9|          2|   32|         64|
    |add171_20_8943_fu_10814                 |    9|          2|   32|         64|
    |add171_20_9944_fu_10818                 |    9|          2|   32|         64|
    |add171_2118297_fu_8230                  |    9|          2|   32|         64|
    |add171_21232316_fu_8306                 |    9|          2|   32|         64|
    |add171_21967_fu_10910                   |    9|          2|   32|         64|
    |add171_21_10977_fu_10950                |    9|          2|   32|         64|
    |add171_21_11978_fu_10954                |    9|          2|   32|         64|
    |add171_21_12979_fu_10958                |    9|          2|   32|         64|
    |add171_21_13980_fu_10962                |    9|          2|   32|         64|
    |add171_21_14981_fu_10966                |    9|          2|   32|         64|
    |add171_21_15982_fu_10970                |    9|          2|   32|         64|
    |add171_21_16983_fu_10974                |    9|          2|   32|         64|
    |add171_21_17984_fu_10978                |    9|          2|   32|         64|
    |add171_21_18985_fu_10982                |    9|          2|   32|         64|
    |add171_21_1968_fu_10914                 |    9|          2|   32|         64|
    |add171_21_19986_fu_10986                |    9|          2|   32|         64|
    |add171_21_20987_fu_10990                |    9|          2|   32|         64|
    |add171_21_21988_fu_10994                |    9|          2|   32|         64|
    |add171_21_22989_fu_10998                |    9|          2|   32|         64|
    |add171_21_23990_fu_11002                |    9|          2|   32|         64|
    |add171_21_24991_fu_11006                |    9|          2|   32|         64|
    |add171_21_25992_fu_11010                |    9|          2|   32|         64|
    |add171_21_26993_fu_11014                |    9|          2|   32|         64|
    |add171_21_27994_fu_11018                |    9|          2|   32|         64|
    |add171_21_28995_fu_11022                |    9|          2|   32|         64|
    |add171_21_2969_fu_10918                 |    9|          2|   32|         64|
    |add171_21_29996_fu_11026                |    9|          2|   32|         64|
    |add171_21_30997_fu_11030                |    9|          2|   32|         64|
    |add171_21_31998_fu_11034                |    9|          2|   32|         64|
    |add171_21_3970_fu_10922                 |    9|          2|   32|         64|
    |add171_21_4971_fu_10926                 |    9|          2|   32|         64|
    |add171_21_5972_fu_10930                 |    9|          2|   32|         64|
    |add171_21_6973_fu_10934                 |    9|          2|   32|         64|
    |add171_21_7974_fu_10938                 |    9|          2|   32|         64|
    |add171_21_8975_fu_10942                 |    9|          2|   32|         64|
    |add171_21_9976_fu_10946                 |    9|          2|   32|         64|
    |add171_22238317_fu_8310                 |    9|          2|   32|         64|
    |add171_22999_fu_11038                   |    9|          2|   32|         64|
    |add171_22_101009_fu_11078               |    9|          2|   32|         64|
    |add171_22_11000_fu_11042                |    9|          2|   32|         64|
    |add171_22_111010_fu_11082               |    9|          2|   32|         64|
    |add171_22_121011_fu_11086               |    9|          2|   32|         64|
    |add171_22_131012_fu_11090               |    9|          2|   32|         64|
    |add171_22_141013_fu_11094               |    9|          2|   32|         64|
    |add171_22_151014_fu_11098               |    9|          2|   32|         64|
    |add171_22_161015_fu_11102               |    9|          2|   32|         64|
    |add171_22_171016_fu_11106               |    9|          2|   32|         64|
    |add171_22_181017_fu_11110               |    9|          2|   32|         64|
    |add171_22_191018_fu_11114               |    9|          2|   32|         64|
    |add171_22_201019_fu_11118               |    9|          2|   32|         64|
    |add171_22_21001_fu_11046                |    9|          2|   32|         64|
    |add171_22_211020_fu_11122               |    9|          2|   32|         64|
    |add171_22_221021_fu_11126               |    9|          2|   32|         64|
    |add171_22_231022_fu_11130               |    9|          2|   32|         64|
    |add171_22_241023_fu_11134               |    9|          2|   32|         64|
    |add171_22_251024_fu_11138               |    9|          2|   32|         64|
    |add171_22_261025_fu_11142               |    9|          2|   32|         64|
    |add171_22_271026_fu_11146               |    9|          2|   32|         64|
    |add171_22_281027_fu_11150               |    9|          2|   32|         64|
    |add171_22_291028_fu_11154               |    9|          2|   32|         64|
    |add171_22_301029_fu_11158               |    9|          2|   32|         64|
    |add171_22_31002_fu_11050                |    9|          2|   32|         64|
    |add171_22_311030_fu_11162               |    9|          2|   32|         64|
    |add171_22_41003_fu_11054                |    9|          2|   32|         64|
    |add171_22_51004_fu_11058                |    9|          2|   32|         64|
    |add171_22_61005_fu_11062                |    9|          2|   32|         64|
    |add171_22_71006_fu_11066                |    9|          2|   32|         64|
    |add171_22_81007_fu_11070                |    9|          2|   32|         64|
    |add171_22_91008_fu_11074                |    9|          2|   32|         64|
    |add171_231031_fu_11166                  |    9|          2|   32|         64|
    |add171_23244318_fu_8314                 |    9|          2|   32|         64|
    |add171_2359_fu_8478                     |    9|          2|   32|         64|
    |add171_23_101041_fu_11206               |    9|          2|   32|         64|
    |add171_23_11032_fu_11170                |    9|          2|   32|         64|
    |add171_23_111042_fu_11210               |    9|          2|   32|         64|
    |add171_23_121043_fu_11214               |    9|          2|   32|         64|
    |add171_23_131044_fu_11218               |    9|          2|   32|         64|
    |add171_23_141045_fu_11222               |    9|          2|   32|         64|
    |add171_23_151046_fu_11226               |    9|          2|   32|         64|
    |add171_23_161047_fu_11230               |    9|          2|   32|         64|
    |add171_23_171048_fu_11234               |    9|          2|   32|         64|
    |add171_23_181049_fu_11238               |    9|          2|   32|         64|
    |add171_23_191050_fu_11242               |    9|          2|   32|         64|
    |add171_23_201051_fu_11246               |    9|          2|   32|         64|
    |add171_23_21033_fu_11174                |    9|          2|   32|         64|
    |add171_23_211052_fu_11250               |    9|          2|   32|         64|
    |add171_23_221053_fu_11254               |    9|          2|   32|         64|
    |add171_23_231054_fu_11258               |    9|          2|   32|         64|
    |add171_23_241055_fu_11262               |    9|          2|   32|         64|
    |add171_23_251056_fu_11266               |    9|          2|   32|         64|
    |add171_23_261057_fu_11270               |    9|          2|   32|         64|
    |add171_23_271058_fu_11274               |    9|          2|   32|         64|
    |add171_23_281059_fu_11278               |    9|          2|   32|         64|
    |add171_23_291060_fu_11282               |    9|          2|   32|         64|
    |add171_23_301061_fu_11286               |    9|          2|   32|         64|
    |add171_23_31034_fu_11178                |    9|          2|   32|         64|
    |add171_23_311062_fu_11290               |    9|          2|   32|         64|
    |add171_23_41035_fu_11182                |    9|          2|   32|         64|
    |add171_23_51036_fu_11186                |    9|          2|   32|         64|
    |add171_23_61037_fu_11190                |    9|          2|   32|         64|
    |add171_23_71038_fu_11194                |    9|          2|   32|         64|
    |add171_23_81039_fu_11198                |    9|          2|   32|         64|
    |add171_23_91040_fu_11202                |    9|          2|   32|         64|
    |add171_241063_fu_11294                  |    9|          2|   32|         64|
    |add171_24250319_fu_8318                 |    9|          2|   32|         64|
    |add171_24_101073_fu_11334               |    9|          2|   32|         64|
    |add171_24_11064_fu_11298                |    9|          2|   32|         64|
    |add171_24_111074_fu_11338               |    9|          2|   32|         64|
    |add171_24_121075_fu_11342               |    9|          2|   32|         64|
    |add171_24_131076_fu_11346               |    9|          2|   32|         64|
    |add171_24_141077_fu_11350               |    9|          2|   32|         64|
    |add171_24_151078_fu_11354               |    9|          2|   32|         64|
    |add171_24_161079_fu_11358               |    9|          2|   32|         64|
    |add171_24_171080_fu_11362               |    9|          2|   32|         64|
    |add171_24_181081_fu_11366               |    9|          2|   32|         64|
    |add171_24_191082_fu_11370               |    9|          2|   32|         64|
    |add171_24_201083_fu_11374               |    9|          2|   32|         64|
    |add171_24_21065_fu_11302                |    9|          2|   32|         64|
    |add171_24_211084_fu_11378               |    9|          2|   32|         64|
    |add171_24_221085_fu_11382               |    9|          2|   32|         64|
    |add171_24_231086_fu_11386               |    9|          2|   32|         64|
    |add171_24_241087_fu_11390               |    9|          2|   32|         64|
    |add171_24_251088_fu_11394               |    9|          2|   32|         64|
    |add171_24_261089_fu_11398               |    9|          2|   32|         64|
    |add171_24_271090_fu_11402               |    9|          2|   32|         64|
    |add171_24_281091_fu_11406               |    9|          2|   32|         64|
    |add171_24_291092_fu_11410               |    9|          2|   32|         64|
    |add171_24_301093_fu_11414               |    9|          2|   32|         64|
    |add171_24_31066_fu_11306                |    9|          2|   32|         64|
    |add171_24_311094_fu_11418               |    9|          2|   32|         64|
    |add171_24_41067_fu_11310                |    9|          2|   32|         64|
    |add171_24_51068_fu_11314                |    9|          2|   32|         64|
    |add171_24_61069_fu_11318                |    9|          2|   32|         64|
    |add171_24_71070_fu_11322                |    9|          2|   32|         64|
    |add171_24_81071_fu_11326                |    9|          2|   32|         64|
    |add171_24_91072_fu_11330                |    9|          2|   32|         64|
    |add171_251095_fu_11422                  |    9|          2|   32|         64|
    |add171_25256320_fu_8322                 |    9|          2|   32|         64|
    |add171_25_101105_fu_11462               |    9|          2|   32|         64|
    |add171_25_11096_fu_11426                |    9|          2|   32|         64|
    |add171_25_111106_fu_11466               |    9|          2|   32|         64|
    |add171_25_121107_fu_11470               |    9|          2|   32|         64|
    |add171_25_131108_fu_11474               |    9|          2|   32|         64|
    |add171_25_141109_fu_11478               |    9|          2|   32|         64|
    |add171_25_151110_fu_11482               |    9|          2|   32|         64|
    |add171_25_161111_fu_11486               |    9|          2|   32|         64|
    |add171_25_171112_fu_11490               |    9|          2|   32|         64|
    |add171_25_181113_fu_11494               |    9|          2|   32|         64|
    |add171_25_191114_fu_11498               |    9|          2|   32|         64|
    |add171_25_201115_fu_11502               |    9|          2|   32|         64|
    |add171_25_21097_fu_11430                |    9|          2|   32|         64|
    |add171_25_211116_fu_11506               |    9|          2|   32|         64|
    |add171_25_221117_fu_11510               |    9|          2|   32|         64|
    |add171_25_231118_fu_11514               |    9|          2|   32|         64|
    |add171_25_241119_fu_11518               |    9|          2|   32|         64|
    |add171_25_251120_fu_11522               |    9|          2|   32|         64|
    |add171_25_261121_fu_11526               |    9|          2|   32|         64|
    |add171_25_271122_fu_11530               |    9|          2|   32|         64|
    |add171_25_281123_fu_11534               |    9|          2|   32|         64|
    |add171_25_291124_fu_11538               |    9|          2|   32|         64|
    |add171_25_301125_fu_11542               |    9|          2|   32|         64|
    |add171_25_31098_fu_11434                |    9|          2|   32|         64|
    |add171_25_311126_fu_11546               |    9|          2|   32|         64|
    |add171_25_41099_fu_11438                |    9|          2|   32|         64|
    |add171_25_51100_fu_11442                |    9|          2|   32|         64|
    |add171_25_61101_fu_11446                |    9|          2|   32|         64|
    |add171_25_71102_fu_11450                |    9|          2|   32|         64|
    |add171_25_81103_fu_11454                |    9|          2|   32|         64|
    |add171_25_91104_fu_11458                |    9|          2|   32|         64|
    |add171_261127_fu_11550                  |    9|          2|   32|         64|
    |add171_26262321_fu_8326                 |    9|          2|   32|         64|
    |add171_26_101137_fu_11590               |    9|          2|   32|         64|
    |add171_26_111138_fu_11594               |    9|          2|   32|         64|
    |add171_26_11128_fu_11554                |    9|          2|   32|         64|
    |add171_26_121139_fu_11598               |    9|          2|   32|         64|
    |add171_26_131140_fu_11602               |    9|          2|   32|         64|
    |add171_26_141141_fu_11606               |    9|          2|   32|         64|
    |add171_26_151142_fu_11610               |    9|          2|   32|         64|
    |add171_26_161143_fu_11614               |    9|          2|   32|         64|
    |add171_26_171144_fu_11618               |    9|          2|   32|         64|
    |add171_26_181145_fu_11622               |    9|          2|   32|         64|
    |add171_26_191146_fu_11626               |    9|          2|   32|         64|
    |add171_26_201147_fu_11630               |    9|          2|   32|         64|
    |add171_26_211148_fu_11634               |    9|          2|   32|         64|
    |add171_26_21129_fu_11558                |    9|          2|   32|         64|
    |add171_26_221149_fu_11638               |    9|          2|   32|         64|
    |add171_26_231150_fu_11642               |    9|          2|   32|         64|
    |add171_26_241151_fu_11646               |    9|          2|   32|         64|
    |add171_26_251152_fu_11650               |    9|          2|   32|         64|
    |add171_26_261153_fu_11654               |    9|          2|   32|         64|
    |add171_26_271154_fu_11658               |    9|          2|   32|         64|
    |add171_26_281155_fu_11662               |    9|          2|   32|         64|
    |add171_26_291156_fu_11666               |    9|          2|   32|         64|
    |add171_26_301157_fu_11670               |    9|          2|   32|         64|
    |add171_26_311158_fu_11674               |    9|          2|   32|         64|
    |add171_26_31130_fu_11562                |    9|          2|   32|         64|
    |add171_26_41131_fu_11566                |    9|          2|   32|         64|
    |add171_26_51132_fu_11570                |    9|          2|   32|         64|
    |add171_26_61133_fu_11574                |    9|          2|   32|         64|
    |add171_26_71134_fu_11578                |    9|          2|   32|         64|
    |add171_26_81135_fu_11582                |    9|          2|   32|         64|
    |add171_26_91136_fu_11586                |    9|          2|   32|         64|
    |add171_271159_fu_11678                  |    9|          2|   32|         64|
    |add171_27268322_fu_8330                 |    9|          2|   32|         64|
    |add171_27_101169_fu_11718               |    9|          2|   32|         64|
    |add171_27_111170_fu_11722               |    9|          2|   32|         64|
    |add171_27_11160_fu_11682                |    9|          2|   32|         64|
    |add171_27_121171_fu_11726               |    9|          2|   32|         64|
    |add171_27_131172_fu_11730               |    9|          2|   32|         64|
    |add171_27_141173_fu_11734               |    9|          2|   32|         64|
    |add171_27_151174_fu_11738               |    9|          2|   32|         64|
    |add171_27_161175_fu_11742               |    9|          2|   32|         64|
    |add171_27_171176_fu_11746               |    9|          2|   32|         64|
    |add171_27_181177_fu_11750               |    9|          2|   32|         64|
    |add171_27_191178_fu_11754               |    9|          2|   32|         64|
    |add171_27_201179_fu_11758               |    9|          2|   32|         64|
    |add171_27_211180_fu_11762               |    9|          2|   32|         64|
    |add171_27_21161_fu_11686                |    9|          2|   32|         64|
    |add171_27_221181_fu_11766               |    9|          2|   32|         64|
    |add171_27_231182_fu_11770               |    9|          2|   32|         64|
    |add171_27_241183_fu_11774               |    9|          2|   32|         64|
    |add171_27_251184_fu_11778               |    9|          2|   32|         64|
    |add171_27_261185_fu_11782               |    9|          2|   32|         64|
    |add171_27_271186_fu_11786               |    9|          2|   32|         64|
    |add171_27_281187_fu_11790               |    9|          2|   32|         64|
    |add171_27_291188_fu_11794               |    9|          2|   32|         64|
    |add171_27_301189_fu_11798               |    9|          2|   32|         64|
    |add171_27_311190_fu_11802               |    9|          2|   32|         64|
    |add171_27_31162_fu_11690                |    9|          2|   32|         64|
    |add171_27_41163_fu_11694                |    9|          2|   32|         64|
    |add171_27_51164_fu_11698                |    9|          2|   32|         64|
    |add171_27_61165_fu_11702                |    9|          2|   32|         64|
    |add171_27_71166_fu_11706                |    9|          2|   32|         64|
    |add171_27_81167_fu_11710                |    9|          2|   32|         64|
    |add171_27_91168_fu_11714                |    9|          2|   32|         64|
    |add171_281191_fu_11806                  |    9|          2|   32|         64|
    |add171_28274323_fu_8334                 |    9|          2|   32|         64|
    |add171_28_101201_fu_11846               |    9|          2|   32|         64|
    |add171_28_111202_fu_11850               |    9|          2|   32|         64|
    |add171_28_11192_fu_11810                |    9|          2|   32|         64|
    |add171_28_121203_fu_11854               |    9|          2|   32|         64|
    |add171_28_131204_fu_11858               |    9|          2|   32|         64|
    |add171_28_141205_fu_11862               |    9|          2|   32|         64|
    |add171_28_151206_fu_11866               |    9|          2|   32|         64|
    |add171_28_161207_fu_11870               |    9|          2|   32|         64|
    |add171_28_171208_fu_11874               |    9|          2|   32|         64|
    |add171_28_181209_fu_11878               |    9|          2|   32|         64|
    |add171_28_191210_fu_11882               |    9|          2|   32|         64|
    |add171_28_201211_fu_11886               |    9|          2|   32|         64|
    |add171_28_211212_fu_11890               |    9|          2|   32|         64|
    |add171_28_21193_fu_11814                |    9|          2|   32|         64|
    |add171_28_221213_fu_11894               |    9|          2|   32|         64|
    |add171_28_231214_fu_11898               |    9|          2|   32|         64|
    |add171_28_241215_fu_11902               |    9|          2|   32|         64|
    |add171_28_251216_fu_11906               |    9|          2|   32|         64|
    |add171_28_261217_fu_11910               |    9|          2|   32|         64|
    |add171_28_271218_fu_11914               |    9|          2|   32|         64|
    |add171_28_281219_fu_11918               |    9|          2|   32|         64|
    |add171_28_291220_fu_11922               |    9|          2|   32|         64|
    |add171_28_301221_fu_11926               |    9|          2|   32|         64|
    |add171_28_311222_fu_11930               |    9|          2|   32|         64|
    |add171_28_31194_fu_11818                |    9|          2|   32|         64|
    |add171_28_41195_fu_11822                |    9|          2|   32|         64|
    |add171_28_51196_fu_11826                |    9|          2|   32|         64|
    |add171_28_61197_fu_11830                |    9|          2|   32|         64|
    |add171_28_71198_fu_11834                |    9|          2|   32|         64|
    |add171_28_81199_fu_11838                |    9|          2|   32|         64|
    |add171_28_91200_fu_11842                |    9|          2|   32|         64|
    |add171_291223_fu_11934                  |    9|          2|   32|         64|
    |add171_29280324_fu_8338                 |    9|          2|   32|         64|
    |add171_29_101233_fu_11974               |    9|          2|   32|         64|
    |add171_29_111234_fu_11978               |    9|          2|   32|         64|
    |add171_29_11224_fu_11938                |    9|          2|   32|         64|
    |add171_29_121235_fu_11982               |    9|          2|   32|         64|
    |add171_29_131236_fu_11986               |    9|          2|   32|         64|
    |add171_29_141237_fu_11990               |    9|          2|   32|         64|
    |add171_29_151238_fu_11994               |    9|          2|   32|         64|
    |add171_29_161239_fu_11998               |    9|          2|   32|         64|
    |add171_29_171240_fu_12002               |    9|          2|   32|         64|
    |add171_29_181241_fu_12006               |    9|          2|   32|         64|
    |add171_29_191242_fu_12010               |    9|          2|   32|         64|
    |add171_29_201243_fu_12014               |    9|          2|   32|         64|
    |add171_29_211244_fu_12018               |    9|          2|   32|         64|
    |add171_29_21225_fu_11942                |    9|          2|   32|         64|
    |add171_29_221245_fu_12022               |    9|          2|   32|         64|
    |add171_29_231246_fu_12026               |    9|          2|   32|         64|
    |add171_29_241247_fu_12030               |    9|          2|   32|         64|
    |add171_29_251248_fu_12034               |    9|          2|   32|         64|
    |add171_29_261249_fu_12038               |    9|          2|   32|         64|
    |add171_29_271250_fu_12042               |    9|          2|   32|         64|
    |add171_29_281251_fu_12046               |    9|          2|   32|         64|
    |add171_29_291252_fu_12050               |    9|          2|   32|         64|
    |add171_29_301253_fu_12054               |    9|          2|   32|         64|
    |add171_29_311254_fu_12058               |    9|          2|   32|         64|
    |add171_29_31226_fu_11946                |    9|          2|   32|         64|
    |add171_29_41227_fu_11950                |    9|          2|   32|         64|
    |add171_29_51228_fu_11954                |    9|          2|   32|         64|
    |add171_29_61229_fu_11958                |    9|          2|   32|         64|
    |add171_29_71230_fu_11962                |    9|          2|   32|         64|
    |add171_29_81231_fu_11966                |    9|          2|   32|         64|
    |add171_29_91232_fu_11970                |    9|          2|   32|         64|
    |add171_2_10369_fu_8518                  |    9|          2|   32|         64|
    |add171_2_11370_fu_8522                  |    9|          2|   32|         64|
    |add171_2_12371_fu_8526                  |    9|          2|   32|         64|
    |add171_2_13372_fu_8530                  |    9|          2|   32|         64|
    |add171_2_1360_fu_8482                   |    9|          2|   32|         64|
    |add171_2_14373_fu_8534                  |    9|          2|   32|         64|
    |add171_2_15374_fu_8538                  |    9|          2|   32|         64|
    |add171_2_16375_fu_8542                  |    9|          2|   32|         64|
    |add171_2_17376_fu_8546                  |    9|          2|   32|         64|
    |add171_2_18377_fu_8550                  |    9|          2|   32|         64|
    |add171_2_19378_fu_8554                  |    9|          2|   32|         64|
    |add171_2_20379_fu_8558                  |    9|          2|   32|         64|
    |add171_2_21380_fu_8562                  |    9|          2|   32|         64|
    |add171_2_22381_fu_8566                  |    9|          2|   32|         64|
    |add171_2_23382_fu_8570                  |    9|          2|   32|         64|
    |add171_2_2361_fu_8486                   |    9|          2|   32|         64|
    |add171_2_24383_fu_8574                  |    9|          2|   32|         64|
    |add171_2_25384_fu_8578                  |    9|          2|   32|         64|
    |add171_2_26385_fu_8582                  |    9|          2|   32|         64|
    |add171_2_27386_fu_8586                  |    9|          2|   32|         64|
    |add171_2_28387_fu_8590                  |    9|          2|   32|         64|
    |add171_2_29388_fu_8594                  |    9|          2|   32|         64|
    |add171_2_30389_fu_8598                  |    9|          2|   32|         64|
    |add171_2_31390_fu_8602                  |    9|          2|   32|         64|
    |add171_2_3362_fu_8490                   |    9|          2|   32|         64|
    |add171_2_4363_fu_8494                   |    9|          2|   32|         64|
    |add171_2_5364_fu_8498                   |    9|          2|   32|         64|
    |add171_2_6365_fu_8502                   |    9|          2|   32|         64|
    |add171_2_7366_fu_8506                   |    9|          2|   32|         64|
    |add171_2_8367_fu_8510                   |    9|          2|   32|         64|
    |add171_2_9368_fu_8514                   |    9|          2|   32|         64|
    |add171_301255_fu_12062                  |    9|          2|   32|         64|
    |add171_30286325_fu_8342                 |    9|          2|   32|         64|
    |add171_30_101265_fu_12102               |    9|          2|   32|         64|
    |add171_30_111266_fu_12106               |    9|          2|   32|         64|
    |add171_30_11256_fu_12066                |    9|          2|   32|         64|
    |add171_30_121267_fu_12110               |    9|          2|   32|         64|
    |add171_30_131268_fu_12114               |    9|          2|   32|         64|
    |add171_30_141269_fu_12118               |    9|          2|   32|         64|
    |add171_30_151270_fu_12122               |    9|          2|   32|         64|
    |add171_30_161271_fu_12126               |    9|          2|   32|         64|
    |add171_30_171272_fu_12130               |    9|          2|   32|         64|
    |add171_30_181273_fu_12134               |    9|          2|   32|         64|
    |add171_30_191274_fu_12138               |    9|          2|   32|         64|
    |add171_30_201275_fu_12142               |    9|          2|   32|         64|
    |add171_30_211276_fu_12146               |    9|          2|   32|         64|
    |add171_30_21257_fu_12070                |    9|          2|   32|         64|
    |add171_30_221277_fu_12150               |    9|          2|   32|         64|
    |add171_30_231278_fu_12154               |    9|          2|   32|         64|
    |add171_30_241279_fu_12158               |    9|          2|   32|         64|
    |add171_30_251280_fu_12162               |    9|          2|   32|         64|
    |add171_30_261281_fu_12166               |    9|          2|   32|         64|
    |add171_30_271282_fu_12170               |    9|          2|   32|         64|
    |add171_30_281283_fu_12174               |    9|          2|   32|         64|
    |add171_30_291284_fu_12178               |    9|          2|   32|         64|
    |add171_30_301285_fu_12182               |    9|          2|   32|         64|
    |add171_30_311286_fu_12186               |    9|          2|   32|         64|
    |add171_30_31258_fu_12074                |    9|          2|   32|         64|
    |add171_30_41259_fu_12078                |    9|          2|   32|         64|
    |add171_30_51260_fu_12082                |    9|          2|   32|         64|
    |add171_30_61261_fu_12086                |    9|          2|   32|         64|
    |add171_30_71262_fu_12090                |    9|          2|   32|         64|
    |add171_30_81263_fu_12094                |    9|          2|   32|         64|
    |add171_30_91264_fu_12098                |    9|          2|   32|         64|
    |add171_311287_fu_12190                  |    9|          2|   32|         64|
    |add171_3124298_fu_8234                  |    9|          2|   32|         64|
    |add171_31292326_fu_8346                 |    9|          2|   32|         64|
    |add171_31_101297_fu_12230               |    9|          2|   32|         64|
    |add171_31_111298_fu_12234               |    9|          2|   32|         64|
    |add171_31_11288_fu_12194                |    9|          2|   32|         64|
    |add171_31_121299_fu_12238               |    9|          2|   32|         64|
    |add171_31_131300_fu_12242               |    9|          2|   32|         64|
    |add171_31_141301_fu_12246               |    9|          2|   32|         64|
    |add171_31_151302_fu_12250               |    9|          2|   32|         64|
    |add171_31_161303_fu_12254               |    9|          2|   32|         64|
    |add171_31_171304_fu_12258               |    9|          2|   32|         64|
    |add171_31_181305_fu_12262               |    9|          2|   32|         64|
    |add171_31_191306_fu_12266               |    9|          2|   32|         64|
    |add171_31_201307_fu_12270               |    9|          2|   32|         64|
    |add171_31_211308_fu_12274               |    9|          2|   32|         64|
    |add171_31_21289_fu_12198                |    9|          2|   32|         64|
    |add171_31_221309_fu_12278               |    9|          2|   32|         64|
    |add171_31_231310_fu_12282               |    9|          2|   32|         64|
    |add171_31_241311_fu_12286               |    9|          2|   32|         64|
    |add171_31_251312_fu_12290               |    9|          2|   32|         64|
    |add171_31_261313_fu_12294               |    9|          2|   32|         64|
    |add171_31_271314_fu_12298               |    9|          2|   32|         64|
    |add171_31_281315_fu_12302               |    9|          2|   32|         64|
    |add171_31_291316_fu_12306               |    9|          2|   32|         64|
    |add171_31_301317_fu_12310               |    9|          2|   32|         64|
    |add171_31_311318_fu_12314               |    9|          2|   32|         64|
    |add171_31_31290_fu_12202                |    9|          2|   32|         64|
    |add171_31_41291_fu_12206                |    9|          2|   32|         64|
    |add171_31_51292_fu_12210                |    9|          2|   32|         64|
    |add171_31_61293_fu_12214                |    9|          2|   32|         64|
    |add171_31_71294_fu_12218                |    9|          2|   32|         64|
    |add171_31_81295_fu_12222                |    9|          2|   32|         64|
    |add171_31_91296_fu_12226                |    9|          2|   32|         64|
    |add171_3391_fu_8606                     |    9|          2|   32|         64|
    |add171_3_10401_fu_8646                  |    9|          2|   32|         64|
    |add171_3_11402_fu_8650                  |    9|          2|   32|         64|
    |add171_3_12403_fu_8654                  |    9|          2|   32|         64|
    |add171_3_13404_fu_8658                  |    9|          2|   32|         64|
    |add171_3_1392_fu_8610                   |    9|          2|   32|         64|
    |add171_3_14405_fu_8662                  |    9|          2|   32|         64|
    |add171_3_15406_fu_8666                  |    9|          2|   32|         64|
    |add171_3_16407_fu_8670                  |    9|          2|   32|         64|
    |add171_3_17408_fu_8674                  |    9|          2|   32|         64|
    |add171_3_18409_fu_8678                  |    9|          2|   32|         64|
    |add171_3_19410_fu_8682                  |    9|          2|   32|         64|
    |add171_3_20411_fu_8686                  |    9|          2|   32|         64|
    |add171_3_21412_fu_8690                  |    9|          2|   32|         64|
    |add171_3_22413_fu_8694                  |    9|          2|   32|         64|
    |add171_3_23414_fu_8698                  |    9|          2|   32|         64|
    |add171_3_2393_fu_8614                   |    9|          2|   32|         64|
    |add171_3_24415_fu_8702                  |    9|          2|   32|         64|
    |add171_3_25416_fu_8706                  |    9|          2|   32|         64|
    |add171_3_26417_fu_8710                  |    9|          2|   32|         64|
    |add171_3_27418_fu_8714                  |    9|          2|   32|         64|
    |add171_3_28419_fu_8718                  |    9|          2|   32|         64|
    |add171_3_29420_fu_8722                  |    9|          2|   32|         64|
    |add171_3_30421_fu_8726                  |    9|          2|   32|         64|
    |add171_3_31422_fu_8730                  |    9|          2|   32|         64|
    |add171_3_3394_fu_8618                   |    9|          2|   32|         64|
    |add171_3_4395_fu_8622                   |    9|          2|   32|         64|
    |add171_3_5396_fu_8626                   |    9|          2|   32|         64|
    |add171_3_6397_fu_8630                   |    9|          2|   32|         64|
    |add171_3_7398_fu_8634                   |    9|          2|   32|         64|
    |add171_3_8399_fu_8638                   |    9|          2|   32|         64|
    |add171_3_9400_fu_8642                   |    9|          2|   32|         64|
    |add171_4130299_fu_8238                  |    9|          2|   32|         64|
    |add171_4423_fu_8734                     |    9|          2|   32|         64|
    |add171_4_10433_fu_8774                  |    9|          2|   32|         64|
    |add171_4_11434_fu_8778                  |    9|          2|   32|         64|
    |add171_4_12435_fu_8782                  |    9|          2|   32|         64|
    |add171_4_13436_fu_8786                  |    9|          2|   32|         64|
    |add171_4_1424_fu_8738                   |    9|          2|   32|         64|
    |add171_4_14437_fu_8790                  |    9|          2|   32|         64|
    |add171_4_15438_fu_8794                  |    9|          2|   32|         64|
    |add171_4_16439_fu_8798                  |    9|          2|   32|         64|
    |add171_4_17440_fu_8802                  |    9|          2|   32|         64|
    |add171_4_18441_fu_8806                  |    9|          2|   32|         64|
    |add171_4_19442_fu_8810                  |    9|          2|   32|         64|
    |add171_4_20443_fu_8814                  |    9|          2|   32|         64|
    |add171_4_21444_fu_8818                  |    9|          2|   32|         64|
    |add171_4_22445_fu_8822                  |    9|          2|   32|         64|
    |add171_4_23446_fu_8826                  |    9|          2|   32|         64|
    |add171_4_2425_fu_8742                   |    9|          2|   32|         64|
    |add171_4_24447_fu_8830                  |    9|          2|   32|         64|
    |add171_4_25448_fu_8834                  |    9|          2|   32|         64|
    |add171_4_26449_fu_8838                  |    9|          2|   32|         64|
    |add171_4_27450_fu_8842                  |    9|          2|   32|         64|
    |add171_4_28451_fu_8846                  |    9|          2|   32|         64|
    |add171_4_29452_fu_8850                  |    9|          2|   32|         64|
    |add171_4_30453_fu_8854                  |    9|          2|   32|         64|
    |add171_4_31454_fu_8858                  |    9|          2|   32|         64|
    |add171_4_3426_fu_8746                   |    9|          2|   32|         64|
    |add171_4_4427_fu_8750                   |    9|          2|   32|         64|
    |add171_4_5428_fu_8754                   |    9|          2|   32|         64|
    |add171_4_6429_fu_8758                   |    9|          2|   32|         64|
    |add171_4_7430_fu_8762                   |    9|          2|   32|         64|
    |add171_4_8431_fu_8766                   |    9|          2|   32|         64|
    |add171_4_9432_fu_8770                   |    9|          2|   32|         64|
    |add171_5136300_fu_8242                  |    9|          2|   32|         64|
    |add171_5455_fu_8862                     |    9|          2|   32|         64|
    |add171_5_10465_fu_8902                  |    9|          2|   32|         64|
    |add171_5_11466_fu_8906                  |    9|          2|   32|         64|
    |add171_5_12467_fu_8910                  |    9|          2|   32|         64|
    |add171_5_13468_fu_8914                  |    9|          2|   32|         64|
    |add171_5_14469_fu_8918                  |    9|          2|   32|         64|
    |add171_5_1456_fu_8866                   |    9|          2|   32|         64|
    |add171_5_15470_fu_8922                  |    9|          2|   32|         64|
    |add171_5_16471_fu_8926                  |    9|          2|   32|         64|
    |add171_5_17472_fu_8930                  |    9|          2|   32|         64|
    |add171_5_18473_fu_8934                  |    9|          2|   32|         64|
    |add171_5_19474_fu_8938                  |    9|          2|   32|         64|
    |add171_5_20475_fu_8942                  |    9|          2|   32|         64|
    |add171_5_21476_fu_8946                  |    9|          2|   32|         64|
    |add171_5_22477_fu_8950                  |    9|          2|   32|         64|
    |add171_5_23478_fu_8954                  |    9|          2|   32|         64|
    |add171_5_24479_fu_8958                  |    9|          2|   32|         64|
    |add171_5_2457_fu_8870                   |    9|          2|   32|         64|
    |add171_5_25480_fu_8962                  |    9|          2|   32|         64|
    |add171_5_26481_fu_8966                  |    9|          2|   32|         64|
    |add171_5_27482_fu_8970                  |    9|          2|   32|         64|
    |add171_5_28483_fu_8974                  |    9|          2|   32|         64|
    |add171_5_29484_fu_8978                  |    9|          2|   32|         64|
    |add171_5_30485_fu_8982                  |    9|          2|   32|         64|
    |add171_5_31486_fu_8986                  |    9|          2|   32|         64|
    |add171_5_3458_fu_8874                   |    9|          2|   32|         64|
    |add171_5_4459_fu_8878                   |    9|          2|   32|         64|
    |add171_5_5460_fu_8882                   |    9|          2|   32|         64|
    |add171_5_6461_fu_8886                   |    9|          2|   32|         64|
    |add171_5_7462_fu_8890                   |    9|          2|   32|         64|
    |add171_5_8463_fu_8894                   |    9|          2|   32|         64|
    |add171_5_9464_fu_8898                   |    9|          2|   32|         64|
    |add171_6142301_fu_8246                  |    9|          2|   32|         64|
    |add171_6487_fu_8990                     |    9|          2|   32|         64|
    |add171_6_10497_fu_9030                  |    9|          2|   32|         64|
    |add171_6_11498_fu_9034                  |    9|          2|   32|         64|
    |add171_6_12499_fu_9038                  |    9|          2|   32|         64|
    |add171_6_13500_fu_9042                  |    9|          2|   32|         64|
    |add171_6_14501_fu_9046                  |    9|          2|   32|         64|
    |add171_6_1488_fu_8994                   |    9|          2|   32|         64|
    |add171_6_15502_fu_9050                  |    9|          2|   32|         64|
    |add171_6_16503_fu_9054                  |    9|          2|   32|         64|
    |add171_6_17504_fu_9058                  |    9|          2|   32|         64|
    |add171_6_18505_fu_9062                  |    9|          2|   32|         64|
    |add171_6_19506_fu_9066                  |    9|          2|   32|         64|
    |add171_6_20507_fu_9070                  |    9|          2|   32|         64|
    |add171_6_21508_fu_9074                  |    9|          2|   32|         64|
    |add171_6_22509_fu_9078                  |    9|          2|   32|         64|
    |add171_6_23510_fu_9082                  |    9|          2|   32|         64|
    |add171_6_24511_fu_9086                  |    9|          2|   32|         64|
    |add171_6_2489_fu_8998                   |    9|          2|   32|         64|
    |add171_6_25512_fu_9090                  |    9|          2|   32|         64|
    |add171_6_26513_fu_9094                  |    9|          2|   32|         64|
    |add171_6_27514_fu_9098                  |    9|          2|   32|         64|
    |add171_6_28515_fu_9102                  |    9|          2|   32|         64|
    |add171_6_29516_fu_9106                  |    9|          2|   32|         64|
    |add171_6_30517_fu_9110                  |    9|          2|   32|         64|
    |add171_6_31518_fu_9114                  |    9|          2|   32|         64|
    |add171_6_3490_fu_9002                   |    9|          2|   32|         64|
    |add171_6_4491_fu_9006                   |    9|          2|   32|         64|
    |add171_6_5492_fu_9010                   |    9|          2|   32|         64|
    |add171_6_6493_fu_9014                   |    9|          2|   32|         64|
    |add171_6_7494_fu_9018                   |    9|          2|   32|         64|
    |add171_6_8495_fu_9022                   |    9|          2|   32|         64|
    |add171_6_9496_fu_9026                   |    9|          2|   32|         64|
    |add171_7148302_fu_8250                  |    9|          2|   32|         64|
    |add171_7519_fu_9118                     |    9|          2|   32|         64|
    |add171_7_10529_fu_9158                  |    9|          2|   32|         64|
    |add171_7_11530_fu_9162                  |    9|          2|   32|         64|
    |add171_7_12531_fu_9166                  |    9|          2|   32|         64|
    |add171_7_13532_fu_9170                  |    9|          2|   32|         64|
    |add171_7_14533_fu_9174                  |    9|          2|   32|         64|
    |add171_7_1520_fu_9122                   |    9|          2|   32|         64|
    |add171_7_15534_fu_9178                  |    9|          2|   32|         64|
    |add171_7_16535_fu_9182                  |    9|          2|   32|         64|
    |add171_7_17536_fu_9186                  |    9|          2|   32|         64|
    |add171_7_18537_fu_9190                  |    9|          2|   32|         64|
    |add171_7_19538_fu_9194                  |    9|          2|   32|         64|
    |add171_7_20539_fu_9198                  |    9|          2|   32|         64|
    |add171_7_21540_fu_9202                  |    9|          2|   32|         64|
    |add171_7_22541_fu_9206                  |    9|          2|   32|         64|
    |add171_7_23542_fu_9210                  |    9|          2|   32|         64|
    |add171_7_24543_fu_9214                  |    9|          2|   32|         64|
    |add171_7_2521_fu_9126                   |    9|          2|   32|         64|
    |add171_7_25544_fu_9218                  |    9|          2|   32|         64|
    |add171_7_26545_fu_9222                  |    9|          2|   32|         64|
    |add171_7_27546_fu_9226                  |    9|          2|   32|         64|
    |add171_7_28547_fu_9230                  |    9|          2|   32|         64|
    |add171_7_29548_fu_9234                  |    9|          2|   32|         64|
    |add171_7_30549_fu_9238                  |    9|          2|   32|         64|
    |add171_7_31550_fu_9242                  |    9|          2|   32|         64|
    |add171_7_3522_fu_9130                   |    9|          2|   32|         64|
    |add171_7_4523_fu_9134                   |    9|          2|   32|         64|
    |add171_7_5524_fu_9138                   |    9|          2|   32|         64|
    |add171_7_6525_fu_9142                   |    9|          2|   32|         64|
    |add171_7_7526_fu_9146                   |    9|          2|   32|         64|
    |add171_7_8527_fu_9150                   |    9|          2|   32|         64|
    |add171_7_9528_fu_9154                   |    9|          2|   32|         64|
    |add171_8154303_fu_8254                  |    9|          2|   32|         64|
    |add171_8551_fu_9246                     |    9|          2|   32|         64|
    |add171_8_10561_fu_9286                  |    9|          2|   32|         64|
    |add171_8_11562_fu_9290                  |    9|          2|   32|         64|
    |add171_8_12563_fu_9294                  |    9|          2|   32|         64|
    |add171_8_13564_fu_9298                  |    9|          2|   32|         64|
    |add171_8_14565_fu_9302                  |    9|          2|   32|         64|
    |add171_8_1552_fu_9250                   |    9|          2|   32|         64|
    |add171_8_15566_fu_9306                  |    9|          2|   32|         64|
    |add171_8_16567_fu_9310                  |    9|          2|   32|         64|
    |add171_8_17568_fu_9314                  |    9|          2|   32|         64|
    |add171_8_18569_fu_9318                  |    9|          2|   32|         64|
    |add171_8_19570_fu_9322                  |    9|          2|   32|         64|
    |add171_8_20571_fu_9326                  |    9|          2|   32|         64|
    |add171_8_21572_fu_9330                  |    9|          2|   32|         64|
    |add171_8_22573_fu_9334                  |    9|          2|   32|         64|
    |add171_8_23574_fu_9338                  |    9|          2|   32|         64|
    |add171_8_24575_fu_9342                  |    9|          2|   32|         64|
    |add171_8_2553_fu_9254                   |    9|          2|   32|         64|
    |add171_8_25576_fu_9346                  |    9|          2|   32|         64|
    |add171_8_26577_fu_9350                  |    9|          2|   32|         64|
    |add171_8_27578_fu_9354                  |    9|          2|   32|         64|
    |add171_8_28579_fu_9358                  |    9|          2|   32|         64|
    |add171_8_29580_fu_9362                  |    9|          2|   32|         64|
    |add171_8_30581_fu_9366                  |    9|          2|   32|         64|
    |add171_8_31582_fu_9370                  |    9|          2|   32|         64|
    |add171_8_3554_fu_9258                   |    9|          2|   32|         64|
    |add171_8_4555_fu_9262                   |    9|          2|   32|         64|
    |add171_8_5556_fu_9266                   |    9|          2|   32|         64|
    |add171_8_6557_fu_9270                   |    9|          2|   32|         64|
    |add171_8_7558_fu_9274                   |    9|          2|   32|         64|
    |add171_8_8559_fu_9278                   |    9|          2|   32|         64|
    |add171_8_9560_fu_9282                   |    9|          2|   32|         64|
    |add171_9160304_fu_8258                  |    9|          2|   32|         64|
    |add171_9583_fu_9374                     |    9|          2|   32|         64|
    |add171_9_10593_fu_9414                  |    9|          2|   32|         64|
    |add171_9_11594_fu_9418                  |    9|          2|   32|         64|
    |add171_9_12595_fu_9422                  |    9|          2|   32|         64|
    |add171_9_13596_fu_9426                  |    9|          2|   32|         64|
    |add171_9_14597_fu_9430                  |    9|          2|   32|         64|
    |add171_9_15598_fu_9434                  |    9|          2|   32|         64|
    |add171_9_1584_fu_9378                   |    9|          2|   32|         64|
    |add171_9_16599_fu_9438                  |    9|          2|   32|         64|
    |add171_9_17600_fu_9442                  |    9|          2|   32|         64|
    |add171_9_18601_fu_9446                  |    9|          2|   32|         64|
    |add171_9_19602_fu_9450                  |    9|          2|   32|         64|
    |add171_9_20603_fu_9454                  |    9|          2|   32|         64|
    |add171_9_21604_fu_9458                  |    9|          2|   32|         64|
    |add171_9_22605_fu_9462                  |    9|          2|   32|         64|
    |add171_9_23606_fu_9466                  |    9|          2|   32|         64|
    |add171_9_24607_fu_9470                  |    9|          2|   32|         64|
    |add171_9_25608_fu_9474                  |    9|          2|   32|         64|
    |add171_9_2585_fu_9382                   |    9|          2|   32|         64|
    |add171_9_26609_fu_9478                  |    9|          2|   32|         64|
    |add171_9_27610_fu_9482                  |    9|          2|   32|         64|
    |add171_9_28611_fu_9486                  |    9|          2|   32|         64|
    |add171_9_29612_fu_9490                  |    9|          2|   32|         64|
    |add171_9_30613_fu_9494                  |    9|          2|   32|         64|
    |add171_9_31614_fu_9498                  |    9|          2|   32|         64|
    |add171_9_3586_fu_9386                   |    9|          2|   32|         64|
    |add171_9_4587_fu_9390                   |    9|          2|   32|         64|
    |add171_9_5588_fu_9394                   |    9|          2|   32|         64|
    |add171_9_6589_fu_9398                   |    9|          2|   32|         64|
    |add171_9_7590_fu_9402                   |    9|          2|   32|         64|
    |add171_9_8591_fu_9406                   |    9|          2|   32|         64|
    |add171_9_9592_fu_9410                   |    9|          2|   32|         64|
    |ap_done_int                             |    9|          2|    1|          2|
    |ap_enable_reg_pp0_iter1                 |    9|          2|    1|          2|
    |ap_sig_allocacmp_add171_10166305_load   |    9|          2|   32|         64|
    |ap_sig_allocacmp_add171_10615_load      |    9|          2|   32|         64|
    |ap_sig_allocacmp_add171_10_10625_load   |    9|          2|   32|         64|
    |ap_sig_allocacmp_add171_10_11626_load   |    9|          2|   32|         64|
    |ap_sig_allocacmp_add171_10_12627_load   |    9|          2|   32|         64|
    |ap_sig_allocacmp_add171_10_13628_load   |    9|          2|   32|         64|
    |ap_sig_allocacmp_add171_10_14629_load   |    9|          2|   32|         64|
    |ap_sig_allocacmp_add171_10_15630_load   |    9|          2|   32|         64|
    |ap_sig_allocacmp_add171_10_1616_load    |    9|          2|   32|         64|
    |ap_sig_allocacmp_add171_10_16631_load   |    9|          2|   32|         64|
    |ap_sig_allocacmp_add171_10_17632_load   |    9|          2|   32|         64|
    |ap_sig_allocacmp_add171_10_18633_load   |    9|          2|   32|         64|
    |ap_sig_allocacmp_add171_10_19634_load   |    9|          2|   32|         64|
    |ap_sig_allocacmp_add171_10_20635_load   |    9|          2|   32|         64|
    |ap_sig_allocacmp_add171_10_21636_load   |    9|          2|   32|         64|
    |ap_sig_allocacmp_add171_10_22637_load   |    9|          2|   32|         64|
    |ap_sig_allocacmp_add171_10_23638_load   |    9|          2|   32|         64|
    |ap_sig_allocacmp_add171_10_24639_load   |    9|          2|   32|         64|
    |ap_sig_allocacmp_add171_10_25640_load   |    9|          2|   32|         64|
    |ap_sig_allocacmp_add171_10_2617_load    |    9|          2|   32|         64|
    |ap_sig_allocacmp_add171_10_26641_load   |    9|          2|   32|         64|
    |ap_sig_allocacmp_add171_10_27642_load   |    9|          2|   32|         64|
    |ap_sig_allocacmp_add171_10_28643_load   |    9|          2|   32|         64|
    |ap_sig_allocacmp_add171_10_29644_load   |    9|          2|   32|         64|
    |ap_sig_allocacmp_add171_10_30645_load   |    9|          2|   32|         64|
    |ap_sig_allocacmp_add171_10_31646_load   |    9|          2|   32|         64|
    |ap_sig_allocacmp_add171_10_3618_load    |    9|          2|   32|         64|
    |ap_sig_allocacmp_add171_10_4619_load    |    9|          2|   32|         64|
    |ap_sig_allocacmp_add171_10_5620_load    |    9|          2|   32|         64|
    |ap_sig_allocacmp_add171_10_6621_load    |    9|          2|   32|         64|
    |ap_sig_allocacmp_add171_10_7622_load    |    9|          2|   32|         64|
    |ap_sig_allocacmp_add171_10_8623_load    |    9|          2|   32|         64|
    |ap_sig_allocacmp_add171_10_9624_load    |    9|          2|   32|         64|
    |ap_sig_allocacmp_add171_1112296_load    |    9|          2|   32|         64|
    |ap_sig_allocacmp_add171_11172306_load   |    9|          2|   32|         64|
    |ap_sig_allocacmp_add171_11647_load      |    9|          2|   32|         64|
    |ap_sig_allocacmp_add171_11_10657_load   |    9|          2|   32|         64|
    |ap_sig_allocacmp_add171_11_11658_load   |    9|          2|   32|         64|
    |ap_sig_allocacmp_add171_11_12659_load   |    9|          2|   32|         64|
    |ap_sig_allocacmp_add171_11_13660_load   |    9|          2|   32|         64|
    |ap_sig_allocacmp_add171_11_14661_load   |    9|          2|   32|         64|
    |ap_sig_allocacmp_add171_11_15662_load   |    9|          2|   32|         64|
    |ap_sig_allocacmp_add171_11_1648_load    |    9|          2|   32|         64|
    |ap_sig_allocacmp_add171_11_16663_load   |    9|          2|   32|         64|
    |ap_sig_allocacmp_add171_11_17664_load   |    9|          2|   32|         64|
    |ap_sig_allocacmp_add171_11_18665_load   |    9|          2|   32|         64|
    |ap_sig_allocacmp_add171_11_19666_load   |    9|          2|   32|         64|
    |ap_sig_allocacmp_add171_11_20667_load   |    9|          2|   32|         64|
    |ap_sig_allocacmp_add171_11_21668_load   |    9|          2|   32|         64|
    |ap_sig_allocacmp_add171_11_22669_load   |    9|          2|   32|         64|
    |ap_sig_allocacmp_add171_11_23670_load   |    9|          2|   32|         64|
    |ap_sig_allocacmp_add171_11_24671_load   |    9|          2|   32|         64|
    |ap_sig_allocacmp_add171_11_25672_load   |    9|          2|   32|         64|
    |ap_sig_allocacmp_add171_11_2649_load    |    9|          2|   32|         64|
    |ap_sig_allocacmp_add171_11_26673_load   |    9|          2|   32|         64|
    |ap_sig_allocacmp_add171_11_27674_load   |    9|          2|   32|         64|
    |ap_sig_allocacmp_add171_11_28675_load   |    9|          2|   32|         64|
    |ap_sig_allocacmp_add171_11_29676_load   |    9|          2|   32|         64|
    |ap_sig_allocacmp_add171_11_30677_load   |    9|          2|   32|         64|
    |ap_sig_allocacmp_add171_11_31678_load   |    9|          2|   32|         64|
    |ap_sig_allocacmp_add171_11_3650_load    |    9|          2|   32|         64|
    |ap_sig_allocacmp_add171_11_4651_load    |    9|          2|   32|         64|
    |ap_sig_allocacmp_add171_11_5652_load    |    9|          2|   32|         64|
    |ap_sig_allocacmp_add171_11_6653_load    |    9|          2|   32|         64|
    |ap_sig_allocacmp_add171_11_7654_load    |    9|          2|   32|         64|
    |ap_sig_allocacmp_add171_11_8655_load    |    9|          2|   32|         64|
    |ap_sig_allocacmp_add171_11_9656_load    |    9|          2|   32|         64|
    |ap_sig_allocacmp_add171_12178307_load   |    9|          2|   32|         64|
    |ap_sig_allocacmp_add171_12679_load      |    9|          2|   32|         64|
    |ap_sig_allocacmp_add171_12_10689_load   |    9|          2|   32|         64|
    |ap_sig_allocacmp_add171_12_11690_load   |    9|          2|   32|         64|
    |ap_sig_allocacmp_add171_12_12691_load   |    9|          2|   32|         64|
    |ap_sig_allocacmp_add171_12_13692_load   |    9|          2|   32|         64|
    |ap_sig_allocacmp_add171_12_14693_load   |    9|          2|   32|         64|
    |ap_sig_allocacmp_add171_12_15694_load   |    9|          2|   32|         64|
    |ap_sig_allocacmp_add171_12_16695_load   |    9|          2|   32|         64|
    |ap_sig_allocacmp_add171_12_1680_load    |    9|          2|   32|         64|
    |ap_sig_allocacmp_add171_12_17696_load   |    9|          2|   32|         64|
    |ap_sig_allocacmp_add171_12_18697_load   |    9|          2|   32|         64|
    |ap_sig_allocacmp_add171_12_19698_load   |    9|          2|   32|         64|
    |ap_sig_allocacmp_add171_12_20699_load   |    9|          2|   32|         64|
    |ap_sig_allocacmp_add171_12_21700_load   |    9|          2|   32|         64|
    |ap_sig_allocacmp_add171_12_22701_load   |    9|          2|   32|         64|
    |ap_sig_allocacmp_add171_12_23702_load   |    9|          2|   32|         64|
    |ap_sig_allocacmp_add171_12_24703_load   |    9|          2|   32|         64|
    |ap_sig_allocacmp_add171_12_25704_load   |    9|          2|   32|         64|
    |ap_sig_allocacmp_add171_12_26705_load   |    9|          2|   32|         64|
    |ap_sig_allocacmp_add171_12_2681_load    |    9|          2|   32|         64|
    |ap_sig_allocacmp_add171_12_27706_load   |    9|          2|   32|         64|
    |ap_sig_allocacmp_add171_12_28707_load   |    9|          2|   32|         64|
    |ap_sig_allocacmp_add171_12_29708_load   |    9|          2|   32|         64|
    |ap_sig_allocacmp_add171_12_30709_load   |    9|          2|   32|         64|
    |ap_sig_allocacmp_add171_12_31710_load   |    9|          2|   32|         64|
    |ap_sig_allocacmp_add171_12_3682_load    |    9|          2|   32|         64|
    |ap_sig_allocacmp_add171_12_4683_load    |    9|          2|   32|         64|
    |ap_sig_allocacmp_add171_12_5684_load    |    9|          2|   32|         64|
    |ap_sig_allocacmp_add171_12_6685_load    |    9|          2|   32|         64|
    |ap_sig_allocacmp_add171_12_7686_load    |    9|          2|   32|         64|
    |ap_sig_allocacmp_add171_12_8687_load    |    9|          2|   32|         64|
    |ap_sig_allocacmp_add171_12_9688_load    |    9|          2|   32|         64|
    |ap_sig_allocacmp_add171_13184308_load   |    9|          2|   32|         64|
    |ap_sig_allocacmp_add171_1327_load       |    9|          2|   32|         64|
    |ap_sig_allocacmp_add171_13711_load      |    9|          2|   32|         64|
    |ap_sig_allocacmp_add171_13_10721_load   |    9|          2|   32|         64|
    |ap_sig_allocacmp_add171_13_11722_load   |    9|          2|   32|         64|
    |ap_sig_allocacmp_add171_13_12723_load   |    9|          2|   32|         64|
    |ap_sig_allocacmp_add171_13_13724_load   |    9|          2|   32|         64|
    |ap_sig_allocacmp_add171_13_14725_load   |    9|          2|   32|         64|
    |ap_sig_allocacmp_add171_13_15726_load   |    9|          2|   32|         64|
    |ap_sig_allocacmp_add171_13_16727_load   |    9|          2|   32|         64|
    |ap_sig_allocacmp_add171_13_1712_load    |    9|          2|   32|         64|
    |ap_sig_allocacmp_add171_13_17728_load   |    9|          2|   32|         64|
    |ap_sig_allocacmp_add171_13_18729_load   |    9|          2|   32|         64|
    |ap_sig_allocacmp_add171_13_19730_load   |    9|          2|   32|         64|
    |ap_sig_allocacmp_add171_13_20731_load   |    9|          2|   32|         64|
    |ap_sig_allocacmp_add171_13_21732_load   |    9|          2|   32|         64|
    |ap_sig_allocacmp_add171_13_22733_load   |    9|          2|   32|         64|
    |ap_sig_allocacmp_add171_13_23734_load   |    9|          2|   32|         64|
    |ap_sig_allocacmp_add171_13_24735_load   |    9|          2|   32|         64|
    |ap_sig_allocacmp_add171_13_25736_load   |    9|          2|   32|         64|
    |ap_sig_allocacmp_add171_13_26737_load   |    9|          2|   32|         64|
    |ap_sig_allocacmp_add171_13_2713_load    |    9|          2|   32|         64|
    |ap_sig_allocacmp_add171_13_27738_load   |    9|          2|   32|         64|
    |ap_sig_allocacmp_add171_13_28739_load   |    9|          2|   32|         64|
    |ap_sig_allocacmp_add171_13_29740_load   |    9|          2|   32|         64|
    |ap_sig_allocacmp_add171_13_30741_load   |    9|          2|   32|         64|
    |ap_sig_allocacmp_add171_13_31742_load   |    9|          2|   32|         64|
    |ap_sig_allocacmp_add171_13_3714_load    |    9|          2|   32|         64|
    |ap_sig_allocacmp_add171_13_4715_load    |    9|          2|   32|         64|
    |ap_sig_allocacmp_add171_13_5716_load    |    9|          2|   32|         64|
    |ap_sig_allocacmp_add171_13_6717_load    |    9|          2|   32|         64|
    |ap_sig_allocacmp_add171_13_7718_load    |    9|          2|   32|         64|
    |ap_sig_allocacmp_add171_13_8719_load    |    9|          2|   32|         64|
    |ap_sig_allocacmp_add171_13_9720_load    |    9|          2|   32|         64|
    |ap_sig_allocacmp_add171_14190309_load   |    9|          2|   32|         64|
    |ap_sig_allocacmp_add171_14743_load      |    9|          2|   32|         64|
    |ap_sig_allocacmp_add171_14_10753_load   |    9|          2|   32|         64|
    |ap_sig_allocacmp_add171_14_11754_load   |    9|          2|   32|         64|
    |ap_sig_allocacmp_add171_14_12755_load   |    9|          2|   32|         64|
    |ap_sig_allocacmp_add171_14_13756_load   |    9|          2|   32|         64|
    |ap_sig_allocacmp_add171_14_14757_load   |    9|          2|   32|         64|
    |ap_sig_allocacmp_add171_14_15758_load   |    9|          2|   32|         64|
    |ap_sig_allocacmp_add171_14_16759_load   |    9|          2|   32|         64|
    |ap_sig_allocacmp_add171_14_1744_load    |    9|          2|   32|         64|
    |ap_sig_allocacmp_add171_14_17760_load   |    9|          2|   32|         64|
    |ap_sig_allocacmp_add171_14_18761_load   |    9|          2|   32|         64|
    |ap_sig_allocacmp_add171_14_19762_load   |    9|          2|   32|         64|
    |ap_sig_allocacmp_add171_14_20763_load   |    9|          2|   32|         64|
    |ap_sig_allocacmp_add171_14_21764_load   |    9|          2|   32|         64|
    |ap_sig_allocacmp_add171_14_22765_load   |    9|          2|   32|         64|
    |ap_sig_allocacmp_add171_14_23766_load   |    9|          2|   32|         64|
    |ap_sig_allocacmp_add171_14_24767_load   |    9|          2|   32|         64|
    |ap_sig_allocacmp_add171_14_25768_load   |    9|          2|   32|         64|
    |ap_sig_allocacmp_add171_14_26769_load   |    9|          2|   32|         64|
    |ap_sig_allocacmp_add171_14_2745_load    |    9|          2|   32|         64|
    |ap_sig_allocacmp_add171_14_27770_load   |    9|          2|   32|         64|
    |ap_sig_allocacmp_add171_14_28771_load   |    9|          2|   32|         64|
    |ap_sig_allocacmp_add171_14_29772_load   |    9|          2|   32|         64|
    |ap_sig_allocacmp_add171_14_30773_load   |    9|          2|   32|         64|
    |ap_sig_allocacmp_add171_14_31774_load   |    9|          2|   32|         64|
    |ap_sig_allocacmp_add171_14_3746_load    |    9|          2|   32|         64|
    |ap_sig_allocacmp_add171_14_4747_load    |    9|          2|   32|         64|
    |ap_sig_allocacmp_add171_14_5748_load    |    9|          2|   32|         64|
    |ap_sig_allocacmp_add171_14_6749_load    |    9|          2|   32|         64|
    |ap_sig_allocacmp_add171_14_7750_load    |    9|          2|   32|         64|
    |ap_sig_allocacmp_add171_14_8751_load    |    9|          2|   32|         64|
    |ap_sig_allocacmp_add171_14_9752_load    |    9|          2|   32|         64|
    |ap_sig_allocacmp_add171_15196310_load   |    9|          2|   32|         64|
    |ap_sig_allocacmp_add171_15775_load      |    9|          2|   32|         64|
    |ap_sig_allocacmp_add171_15_10785_load   |    9|          2|   32|         64|
    |ap_sig_allocacmp_add171_15_11786_load   |    9|          2|   32|         64|
    |ap_sig_allocacmp_add171_15_12787_load   |    9|          2|   32|         64|
    |ap_sig_allocacmp_add171_15_13788_load   |    9|          2|   32|         64|
    |ap_sig_allocacmp_add171_15_14789_load   |    9|          2|   32|         64|
    |ap_sig_allocacmp_add171_15_15790_load   |    9|          2|   32|         64|
    |ap_sig_allocacmp_add171_15_16791_load   |    9|          2|   32|         64|
    |ap_sig_allocacmp_add171_15_1776_load    |    9|          2|   32|         64|
    |ap_sig_allocacmp_add171_15_17792_load   |    9|          2|   32|         64|
    |ap_sig_allocacmp_add171_15_18793_load   |    9|          2|   32|         64|
    |ap_sig_allocacmp_add171_15_19794_load   |    9|          2|   32|         64|
    |ap_sig_allocacmp_add171_15_20795_load   |    9|          2|   32|         64|
    |ap_sig_allocacmp_add171_15_21796_load   |    9|          2|   32|         64|
    |ap_sig_allocacmp_add171_15_22797_load   |    9|          2|   32|         64|
    |ap_sig_allocacmp_add171_15_23798_load   |    9|          2|   32|         64|
    |ap_sig_allocacmp_add171_15_24799_load   |    9|          2|   32|         64|
    |ap_sig_allocacmp_add171_15_25800_load   |    9|          2|   32|         64|
    |ap_sig_allocacmp_add171_15_26801_load   |    9|          2|   32|         64|
    |ap_sig_allocacmp_add171_15_2777_load    |    9|          2|   32|         64|
    |ap_sig_allocacmp_add171_15_27802_load   |    9|          2|   32|         64|
    |ap_sig_allocacmp_add171_15_28803_load   |    9|          2|   32|         64|
    |ap_sig_allocacmp_add171_15_29804_load   |    9|          2|   32|         64|
    |ap_sig_allocacmp_add171_15_30805_load   |    9|          2|   32|         64|
    |ap_sig_allocacmp_add171_15_31806_load   |    9|          2|   32|         64|
    |ap_sig_allocacmp_add171_15_3778_load    |    9|          2|   32|         64|
    |ap_sig_allocacmp_add171_15_4779_load    |    9|          2|   32|         64|
    |ap_sig_allocacmp_add171_15_5780_load    |    9|          2|   32|         64|
    |ap_sig_allocacmp_add171_15_6781_load    |    9|          2|   32|         64|
    |ap_sig_allocacmp_add171_15_7782_load    |    9|          2|   32|         64|
    |ap_sig_allocacmp_add171_15_8783_load    |    9|          2|   32|         64|
    |ap_sig_allocacmp_add171_15_9784_load    |    9|          2|   32|         64|
    |ap_sig_allocacmp_add171_16202311_load   |    9|          2|   32|         64|
    |ap_sig_allocacmp_add171_16807_load      |    9|          2|   32|         64|
    |ap_sig_allocacmp_add171_16_10817_load   |    9|          2|   32|         64|
    |ap_sig_allocacmp_add171_16_11818_load   |    9|          2|   32|         64|
    |ap_sig_allocacmp_add171_16_12819_load   |    9|          2|   32|         64|
    |ap_sig_allocacmp_add171_16_13820_load   |    9|          2|   32|         64|
    |ap_sig_allocacmp_add171_16_14821_load   |    9|          2|   32|         64|
    |ap_sig_allocacmp_add171_16_15822_load   |    9|          2|   32|         64|
    |ap_sig_allocacmp_add171_16_16823_load   |    9|          2|   32|         64|
    |ap_sig_allocacmp_add171_16_17824_load   |    9|          2|   32|         64|
    |ap_sig_allocacmp_add171_16_1808_load    |    9|          2|   32|         64|
    |ap_sig_allocacmp_add171_16_18825_load   |    9|          2|   32|         64|
    |ap_sig_allocacmp_add171_16_19826_load   |    9|          2|   32|         64|
    |ap_sig_allocacmp_add171_16_20827_load   |    9|          2|   32|         64|
    |ap_sig_allocacmp_add171_16_21828_load   |    9|          2|   32|         64|
    |ap_sig_allocacmp_add171_16_22829_load   |    9|          2|   32|         64|
    |ap_sig_allocacmp_add171_16_23830_load   |    9|          2|   32|         64|
    |ap_sig_allocacmp_add171_16_24831_load   |    9|          2|   32|         64|
    |ap_sig_allocacmp_add171_16_25832_load   |    9|          2|   32|         64|
    |ap_sig_allocacmp_add171_16_26833_load   |    9|          2|   32|         64|
    |ap_sig_allocacmp_add171_16_27834_load   |    9|          2|   32|         64|
    |ap_sig_allocacmp_add171_16_2809_load    |    9|          2|   32|         64|
    |ap_sig_allocacmp_add171_16_28835_load   |    9|          2|   32|         64|
    |ap_sig_allocacmp_add171_16_29836_load   |    9|          2|   32|         64|
    |ap_sig_allocacmp_add171_16_30837_load   |    9|          2|   32|         64|
    |ap_sig_allocacmp_add171_16_31838_load   |    9|          2|   32|         64|
    |ap_sig_allocacmp_add171_16_3810_load    |    9|          2|   32|         64|
    |ap_sig_allocacmp_add171_16_4811_load    |    9|          2|   32|         64|
    |ap_sig_allocacmp_add171_16_5812_load    |    9|          2|   32|         64|
    |ap_sig_allocacmp_add171_16_6813_load    |    9|          2|   32|         64|
    |ap_sig_allocacmp_add171_16_7814_load    |    9|          2|   32|         64|
    |ap_sig_allocacmp_add171_16_8815_load    |    9|          2|   32|         64|
    |ap_sig_allocacmp_add171_16_9816_load    |    9|          2|   32|         64|
    |ap_sig_allocacmp_add171_17208312_load   |    9|          2|   32|         64|
    |ap_sig_allocacmp_add171_17839_load      |    9|          2|   32|         64|
    |ap_sig_allocacmp_add171_17_10849_load   |    9|          2|   32|         64|
    |ap_sig_allocacmp_add171_17_11850_load   |    9|          2|   32|         64|
    |ap_sig_allocacmp_add171_17_12851_load   |    9|          2|   32|         64|
    |ap_sig_allocacmp_add171_17_13852_load   |    9|          2|   32|         64|
    |ap_sig_allocacmp_add171_17_14853_load   |    9|          2|   32|         64|
    |ap_sig_allocacmp_add171_17_15854_load   |    9|          2|   32|         64|
    |ap_sig_allocacmp_add171_17_16855_load   |    9|          2|   32|         64|
    |ap_sig_allocacmp_add171_17_17856_load   |    9|          2|   32|         64|
    |ap_sig_allocacmp_add171_17_1840_load    |    9|          2|   32|         64|
    |ap_sig_allocacmp_add171_17_18857_load   |    9|          2|   32|         64|
    |ap_sig_allocacmp_add171_17_19858_load   |    9|          2|   32|         64|
    |ap_sig_allocacmp_add171_17_20859_load   |    9|          2|   32|         64|
    |ap_sig_allocacmp_add171_17_21860_load   |    9|          2|   32|         64|
    |ap_sig_allocacmp_add171_17_22861_load   |    9|          2|   32|         64|
    |ap_sig_allocacmp_add171_17_23862_load   |    9|          2|   32|         64|
    |ap_sig_allocacmp_add171_17_24863_load   |    9|          2|   32|         64|
    |ap_sig_allocacmp_add171_17_25864_load   |    9|          2|   32|         64|
    |ap_sig_allocacmp_add171_17_26865_load   |    9|          2|   32|         64|
    |ap_sig_allocacmp_add171_17_27866_load   |    9|          2|   32|         64|
    |ap_sig_allocacmp_add171_17_2841_load    |    9|          2|   32|         64|
    |ap_sig_allocacmp_add171_17_28867_load   |    9|          2|   32|         64|
    |ap_sig_allocacmp_add171_17_29868_load   |    9|          2|   32|         64|
    |ap_sig_allocacmp_add171_17_30869_load   |    9|          2|   32|         64|
    |ap_sig_allocacmp_add171_17_31870_load   |    9|          2|   32|         64|
    |ap_sig_allocacmp_add171_17_3842_load    |    9|          2|   32|         64|
    |ap_sig_allocacmp_add171_17_4843_load    |    9|          2|   32|         64|
    |ap_sig_allocacmp_add171_17_5844_load    |    9|          2|   32|         64|
    |ap_sig_allocacmp_add171_17_6845_load    |    9|          2|   32|         64|
    |ap_sig_allocacmp_add171_17_7846_load    |    9|          2|   32|         64|
    |ap_sig_allocacmp_add171_17_8847_load    |    9|          2|   32|         64|
    |ap_sig_allocacmp_add171_17_9848_load    |    9|          2|   32|         64|
    |ap_sig_allocacmp_add171_18214313_load   |    9|          2|   32|         64|
    |ap_sig_allocacmp_add171_18871_load      |    9|          2|   32|         64|
    |ap_sig_allocacmp_add171_18_10881_load   |    9|          2|   32|         64|
    |ap_sig_allocacmp_add171_18_11882_load   |    9|          2|   32|         64|
    |ap_sig_allocacmp_add171_18_12883_load   |    9|          2|   32|         64|
    |ap_sig_allocacmp_add171_18_13884_load   |    9|          2|   32|         64|
    |ap_sig_allocacmp_add171_18_14885_load   |    9|          2|   32|         64|
    |ap_sig_allocacmp_add171_18_15886_load   |    9|          2|   32|         64|
    |ap_sig_allocacmp_add171_18_16887_load   |    9|          2|   32|         64|
    |ap_sig_allocacmp_add171_18_17888_load   |    9|          2|   32|         64|
    |ap_sig_allocacmp_add171_18_1872_load    |    9|          2|   32|         64|
    |ap_sig_allocacmp_add171_18_18889_load   |    9|          2|   32|         64|
    |ap_sig_allocacmp_add171_18_19890_load   |    9|          2|   32|         64|
    |ap_sig_allocacmp_add171_18_20891_load   |    9|          2|   32|         64|
    |ap_sig_allocacmp_add171_18_21892_load   |    9|          2|   32|         64|
    |ap_sig_allocacmp_add171_18_22893_load   |    9|          2|   32|         64|
    |ap_sig_allocacmp_add171_18_23894_load   |    9|          2|   32|         64|
    |ap_sig_allocacmp_add171_18_24895_load   |    9|          2|   32|         64|
    |ap_sig_allocacmp_add171_18_25896_load   |    9|          2|   32|         64|
    |ap_sig_allocacmp_add171_18_26897_load   |    9|          2|   32|         64|
    |ap_sig_allocacmp_add171_18_27898_load   |    9|          2|   32|         64|
    |ap_sig_allocacmp_add171_18_2873_load    |    9|          2|   32|         64|
    |ap_sig_allocacmp_add171_18_28899_load   |    9|          2|   32|         64|
    |ap_sig_allocacmp_add171_18_29900_load   |    9|          2|   32|         64|
    |ap_sig_allocacmp_add171_18_30901_load   |    9|          2|   32|         64|
    |ap_sig_allocacmp_add171_18_31902_load   |    9|          2|   32|         64|
    |ap_sig_allocacmp_add171_18_3874_load    |    9|          2|   32|         64|
    |ap_sig_allocacmp_add171_18_4875_load    |    9|          2|   32|         64|
    |ap_sig_allocacmp_add171_18_5876_load    |    9|          2|   32|         64|
    |ap_sig_allocacmp_add171_18_6877_load    |    9|          2|   32|         64|
    |ap_sig_allocacmp_add171_18_7878_load    |    9|          2|   32|         64|
    |ap_sig_allocacmp_add171_18_8879_load    |    9|          2|   32|         64|
    |ap_sig_allocacmp_add171_18_9880_load    |    9|          2|   32|         64|
    |ap_sig_allocacmp_add171_19220314_load   |    9|          2|   32|         64|
    |ap_sig_allocacmp_add171_19903_load      |    9|          2|   32|         64|
    |ap_sig_allocacmp_add171_19_10913_load   |    9|          2|   32|         64|
    |ap_sig_allocacmp_add171_19_11914_load   |    9|          2|   32|         64|
    |ap_sig_allocacmp_add171_19_12915_load   |    9|          2|   32|         64|
    |ap_sig_allocacmp_add171_19_13916_load   |    9|          2|   32|         64|
    |ap_sig_allocacmp_add171_19_14917_load   |    9|          2|   32|         64|
    |ap_sig_allocacmp_add171_19_15918_load   |    9|          2|   32|         64|
    |ap_sig_allocacmp_add171_19_16919_load   |    9|          2|   32|         64|
    |ap_sig_allocacmp_add171_19_17920_load   |    9|          2|   32|         64|
    |ap_sig_allocacmp_add171_19_18921_load   |    9|          2|   32|         64|
    |ap_sig_allocacmp_add171_19_1904_load    |    9|          2|   32|         64|
    |ap_sig_allocacmp_add171_19_19922_load   |    9|          2|   32|         64|
    |ap_sig_allocacmp_add171_19_20923_load   |    9|          2|   32|         64|
    |ap_sig_allocacmp_add171_19_21924_load   |    9|          2|   32|         64|
    |ap_sig_allocacmp_add171_19_22925_load   |    9|          2|   32|         64|
    |ap_sig_allocacmp_add171_19_23926_load   |    9|          2|   32|         64|
    |ap_sig_allocacmp_add171_19_24927_load   |    9|          2|   32|         64|
    |ap_sig_allocacmp_add171_19_25928_load   |    9|          2|   32|         64|
    |ap_sig_allocacmp_add171_19_26929_load   |    9|          2|   32|         64|
    |ap_sig_allocacmp_add171_19_27930_load   |    9|          2|   32|         64|
    |ap_sig_allocacmp_add171_19_28931_load   |    9|          2|   32|         64|
    |ap_sig_allocacmp_add171_19_2905_load    |    9|          2|   32|         64|
    |ap_sig_allocacmp_add171_19_29932_load   |    9|          2|   32|         64|
    |ap_sig_allocacmp_add171_19_30933_load   |    9|          2|   32|         64|
    |ap_sig_allocacmp_add171_19_31934_load   |    9|          2|   32|         64|
    |ap_sig_allocacmp_add171_19_3906_load    |    9|          2|   32|         64|
    |ap_sig_allocacmp_add171_19_4907_load    |    9|          2|   32|         64|
    |ap_sig_allocacmp_add171_19_5908_load    |    9|          2|   32|         64|
    |ap_sig_allocacmp_add171_19_6909_load    |    9|          2|   32|         64|
    |ap_sig_allocacmp_add171_19_7910_load    |    9|          2|   32|         64|
    |ap_sig_allocacmp_add171_19_8911_load    |    9|          2|   32|         64|
    |ap_sig_allocacmp_add171_19_9912_load    |    9|          2|   32|         64|
    |ap_sig_allocacmp_add171_1_10337_load    |    9|          2|   32|         64|
    |ap_sig_allocacmp_add171_1_11338_load    |    9|          2|   32|         64|
    |ap_sig_allocacmp_add171_1_12339_load    |    9|          2|   32|         64|
    |ap_sig_allocacmp_add171_1_1328_load     |    9|          2|   32|         64|
    |ap_sig_allocacmp_add171_1_13340_load    |    9|          2|   32|         64|
    |ap_sig_allocacmp_add171_1_14341_load    |    9|          2|   32|         64|
    |ap_sig_allocacmp_add171_1_15342_load    |    9|          2|   32|         64|
    |ap_sig_allocacmp_add171_1_16343_load    |    9|          2|   32|         64|
    |ap_sig_allocacmp_add171_1_17344_load    |    9|          2|   32|         64|
    |ap_sig_allocacmp_add171_1_18345_load    |    9|          2|   32|         64|
    |ap_sig_allocacmp_add171_1_19346_load    |    9|          2|   32|         64|
    |ap_sig_allocacmp_add171_1_20347_load    |    9|          2|   32|         64|
    |ap_sig_allocacmp_add171_1_21348_load    |    9|          2|   32|         64|
    |ap_sig_allocacmp_add171_1_22349_load    |    9|          2|   32|         64|
    |ap_sig_allocacmp_add171_1_2329_load     |    9|          2|   32|         64|
    |ap_sig_allocacmp_add171_1_23350_load    |    9|          2|   32|         64|
    |ap_sig_allocacmp_add171_1_24351_load    |    9|          2|   32|         64|
    |ap_sig_allocacmp_add171_1_25352_load    |    9|          2|   32|         64|
    |ap_sig_allocacmp_add171_1_26353_load    |    9|          2|   32|         64|
    |ap_sig_allocacmp_add171_1_27354_load    |    9|          2|   32|         64|
    |ap_sig_allocacmp_add171_1_28355_load    |    9|          2|   32|         64|
    |ap_sig_allocacmp_add171_1_29356_load    |    9|          2|   32|         64|
    |ap_sig_allocacmp_add171_1_30357_load    |    9|          2|   32|         64|
    |ap_sig_allocacmp_add171_1_31358_load    |    9|          2|   32|         64|
    |ap_sig_allocacmp_add171_1_3330_load     |    9|          2|   32|         64|
    |ap_sig_allocacmp_add171_1_4331_load     |    9|          2|   32|         64|
    |ap_sig_allocacmp_add171_1_5332_load     |    9|          2|   32|         64|
    |ap_sig_allocacmp_add171_1_6333_load     |    9|          2|   32|         64|
    |ap_sig_allocacmp_add171_1_7334_load     |    9|          2|   32|         64|
    |ap_sig_allocacmp_add171_1_8335_load     |    9|          2|   32|         64|
    |ap_sig_allocacmp_add171_1_9336_load     |    9|          2|   32|         64|
    |ap_sig_allocacmp_add171_20226315_load   |    9|          2|   32|         64|
    |ap_sig_allocacmp_add171_20935_load      |    9|          2|   32|         64|
    |ap_sig_allocacmp_add171_20_10945_load   |    9|          2|   32|         64|
    |ap_sig_allocacmp_add171_20_11946_load   |    9|          2|   32|         64|
    |ap_sig_allocacmp_add171_20_12947_load   |    9|          2|   32|         64|
    |ap_sig_allocacmp_add171_20_13948_load   |    9|          2|   32|         64|
    |ap_sig_allocacmp_add171_20_14949_load   |    9|          2|   32|         64|
    |ap_sig_allocacmp_add171_20_15950_load   |    9|          2|   32|         64|
    |ap_sig_allocacmp_add171_20_16951_load   |    9|          2|   32|         64|
    |ap_sig_allocacmp_add171_20_17952_load   |    9|          2|   32|         64|
    |ap_sig_allocacmp_add171_20_18953_load   |    9|          2|   32|         64|
    |ap_sig_allocacmp_add171_20_1936_load    |    9|          2|   32|         64|
    |ap_sig_allocacmp_add171_20_19954_load   |    9|          2|   32|         64|
    |ap_sig_allocacmp_add171_20_20955_load   |    9|          2|   32|         64|
    |ap_sig_allocacmp_add171_20_21956_load   |    9|          2|   32|         64|
    |ap_sig_allocacmp_add171_20_22957_load   |    9|          2|   32|         64|
    |ap_sig_allocacmp_add171_20_23958_load   |    9|          2|   32|         64|
    |ap_sig_allocacmp_add171_20_24959_load   |    9|          2|   32|         64|
    |ap_sig_allocacmp_add171_20_25960_load   |    9|          2|   32|         64|
    |ap_sig_allocacmp_add171_20_26961_load   |    9|          2|   32|         64|
    |ap_sig_allocacmp_add171_20_27962_load   |    9|          2|   32|         64|
    |ap_sig_allocacmp_add171_20_28963_load   |    9|          2|   32|         64|
    |ap_sig_allocacmp_add171_20_2937_load    |    9|          2|   32|         64|
    |ap_sig_allocacmp_add171_20_29964_load   |    9|          2|   32|         64|
    |ap_sig_allocacmp_add171_20_30965_load   |    9|          2|   32|         64|
    |ap_sig_allocacmp_add171_20_31966_load   |    9|          2|   32|         64|
    |ap_sig_allocacmp_add171_20_3938_load    |    9|          2|   32|         64|
    |ap_sig_allocacmp_add171_20_4939_load    |    9|          2|   32|         64|
    |ap_sig_allocacmp_add171_20_5940_load    |    9|          2|   32|         64|
    |ap_sig_allocacmp_add171_20_6941_load    |    9|          2|   32|         64|
    |ap_sig_allocacmp_add171_20_7942_load    |    9|          2|   32|         64|
    |ap_sig_allocacmp_add171_20_8943_load    |    9|          2|   32|         64|
    |ap_sig_allocacmp_add171_20_9944_load    |    9|          2|   32|         64|
    |ap_sig_allocacmp_add171_2118297_load    |    9|          2|   32|         64|
    |ap_sig_allocacmp_add171_21232316_load   |    9|          2|   32|         64|
    |ap_sig_allocacmp_add171_21967_load      |    9|          2|   32|         64|
    |ap_sig_allocacmp_add171_21_10977_load   |    9|          2|   32|         64|
    |ap_sig_allocacmp_add171_21_11978_load   |    9|          2|   32|         64|
    |ap_sig_allocacmp_add171_21_12979_load   |    9|          2|   32|         64|
    |ap_sig_allocacmp_add171_21_13980_load   |    9|          2|   32|         64|
    |ap_sig_allocacmp_add171_21_14981_load   |    9|          2|   32|         64|
    |ap_sig_allocacmp_add171_21_15982_load   |    9|          2|   32|         64|
    |ap_sig_allocacmp_add171_21_16983_load   |    9|          2|   32|         64|
    |ap_sig_allocacmp_add171_21_17984_load   |    9|          2|   32|         64|
    |ap_sig_allocacmp_add171_21_18985_load   |    9|          2|   32|         64|
    |ap_sig_allocacmp_add171_21_1968_load    |    9|          2|   32|         64|
    |ap_sig_allocacmp_add171_21_19986_load   |    9|          2|   32|         64|
    |ap_sig_allocacmp_add171_21_20987_load   |    9|          2|   32|         64|
    |ap_sig_allocacmp_add171_21_21988_load   |    9|          2|   32|         64|
    |ap_sig_allocacmp_add171_21_22989_load   |    9|          2|   32|         64|
    |ap_sig_allocacmp_add171_21_23990_load   |    9|          2|   32|         64|
    |ap_sig_allocacmp_add171_21_24991_load   |    9|          2|   32|         64|
    |ap_sig_allocacmp_add171_21_25992_load   |    9|          2|   32|         64|
    |ap_sig_allocacmp_add171_21_26993_load   |    9|          2|   32|         64|
    |ap_sig_allocacmp_add171_21_27994_load   |    9|          2|   32|         64|
    |ap_sig_allocacmp_add171_21_28995_load   |    9|          2|   32|         64|
    |ap_sig_allocacmp_add171_21_2969_load    |    9|          2|   32|         64|
    |ap_sig_allocacmp_add171_21_29996_load   |    9|          2|   32|         64|
    |ap_sig_allocacmp_add171_21_30997_load   |    9|          2|   32|         64|
    |ap_sig_allocacmp_add171_21_31998_load   |    9|          2|   32|         64|
    |ap_sig_allocacmp_add171_21_3970_load    |    9|          2|   32|         64|
    |ap_sig_allocacmp_add171_21_4971_load    |    9|          2|   32|         64|
    |ap_sig_allocacmp_add171_21_5972_load    |    9|          2|   32|         64|
    |ap_sig_allocacmp_add171_21_6973_load    |    9|          2|   32|         64|
    |ap_sig_allocacmp_add171_21_7974_load    |    9|          2|   32|         64|
    |ap_sig_allocacmp_add171_21_8975_load    |    9|          2|   32|         64|
    |ap_sig_allocacmp_add171_21_9976_load    |    9|          2|   32|         64|
    |ap_sig_allocacmp_add171_22238317_load   |    9|          2|   32|         64|
    |ap_sig_allocacmp_add171_22999_load      |    9|          2|   32|         64|
    |ap_sig_allocacmp_add171_22_101009_load  |    9|          2|   32|         64|
    |ap_sig_allocacmp_add171_22_11000_load   |    9|          2|   32|         64|
    |ap_sig_allocacmp_add171_22_111010_load  |    9|          2|   32|         64|
    |ap_sig_allocacmp_add171_22_121011_load  |    9|          2|   32|         64|
    |ap_sig_allocacmp_add171_22_131012_load  |    9|          2|   32|         64|
    |ap_sig_allocacmp_add171_22_141013_load  |    9|          2|   32|         64|
    |ap_sig_allocacmp_add171_22_151014_load  |    9|          2|   32|         64|
    |ap_sig_allocacmp_add171_22_161015_load  |    9|          2|   32|         64|
    |ap_sig_allocacmp_add171_22_171016_load  |    9|          2|   32|         64|
    |ap_sig_allocacmp_add171_22_181017_load  |    9|          2|   32|         64|
    |ap_sig_allocacmp_add171_22_191018_load  |    9|          2|   32|         64|
    |ap_sig_allocacmp_add171_22_201019_load  |    9|          2|   32|         64|
    |ap_sig_allocacmp_add171_22_21001_load   |    9|          2|   32|         64|
    |ap_sig_allocacmp_add171_22_211020_load  |    9|          2|   32|         64|
    |ap_sig_allocacmp_add171_22_221021_load  |    9|          2|   32|         64|
    |ap_sig_allocacmp_add171_22_231022_load  |    9|          2|   32|         64|
    |ap_sig_allocacmp_add171_22_241023_load  |    9|          2|   32|         64|
    |ap_sig_allocacmp_add171_22_251024_load  |    9|          2|   32|         64|
    |ap_sig_allocacmp_add171_22_261025_load  |    9|          2|   32|         64|
    |ap_sig_allocacmp_add171_22_271026_load  |    9|          2|   32|         64|
    |ap_sig_allocacmp_add171_22_281027_load  |    9|          2|   32|         64|
    |ap_sig_allocacmp_add171_22_291028_load  |    9|          2|   32|         64|
    |ap_sig_allocacmp_add171_22_301029_load  |    9|          2|   32|         64|
    |ap_sig_allocacmp_add171_22_31002_load   |    9|          2|   32|         64|
    |ap_sig_allocacmp_add171_22_311030_load  |    9|          2|   32|         64|
    |ap_sig_allocacmp_add171_22_41003_load   |    9|          2|   32|         64|
    |ap_sig_allocacmp_add171_22_51004_load   |    9|          2|   32|         64|
    |ap_sig_allocacmp_add171_22_61005_load   |    9|          2|   32|         64|
    |ap_sig_allocacmp_add171_22_71006_load   |    9|          2|   32|         64|
    |ap_sig_allocacmp_add171_22_81007_load   |    9|          2|   32|         64|
    |ap_sig_allocacmp_add171_22_91008_load   |    9|          2|   32|         64|
    |ap_sig_allocacmp_add171_231031_load     |    9|          2|   32|         64|
    |ap_sig_allocacmp_add171_23244318_load   |    9|          2|   32|         64|
    |ap_sig_allocacmp_add171_2359_load       |    9|          2|   32|         64|
    |ap_sig_allocacmp_add171_23_101041_load  |    9|          2|   32|         64|
    |ap_sig_allocacmp_add171_23_11032_load   |    9|          2|   32|         64|
    |ap_sig_allocacmp_add171_23_111042_load  |    9|          2|   32|         64|
    |ap_sig_allocacmp_add171_23_121043_load  |    9|          2|   32|         64|
    |ap_sig_allocacmp_add171_23_131044_load  |    9|          2|   32|         64|
    |ap_sig_allocacmp_add171_23_141045_load  |    9|          2|   32|         64|
    |ap_sig_allocacmp_add171_23_151046_load  |    9|          2|   32|         64|
    |ap_sig_allocacmp_add171_23_161047_load  |    9|          2|   32|         64|
    |ap_sig_allocacmp_add171_23_171048_load  |    9|          2|   32|         64|
    |ap_sig_allocacmp_add171_23_181049_load  |    9|          2|   32|         64|
    |ap_sig_allocacmp_add171_23_191050_load  |    9|          2|   32|         64|
    |ap_sig_allocacmp_add171_23_201051_load  |    9|          2|   32|         64|
    |ap_sig_allocacmp_add171_23_21033_load   |    9|          2|   32|         64|
    |ap_sig_allocacmp_add171_23_211052_load  |    9|          2|   32|         64|
    |ap_sig_allocacmp_add171_23_221053_load  |    9|          2|   32|         64|
    |ap_sig_allocacmp_add171_23_231054_load  |    9|          2|   32|         64|
    |ap_sig_allocacmp_add171_23_241055_load  |    9|          2|   32|         64|
    |ap_sig_allocacmp_add171_23_251056_load  |    9|          2|   32|         64|
    |ap_sig_allocacmp_add171_23_261057_load  |    9|          2|   32|         64|
    |ap_sig_allocacmp_add171_23_271058_load  |    9|          2|   32|         64|
    |ap_sig_allocacmp_add171_23_281059_load  |    9|          2|   32|         64|
    |ap_sig_allocacmp_add171_23_291060_load  |    9|          2|   32|         64|
    |ap_sig_allocacmp_add171_23_301061_load  |    9|          2|   32|         64|
    |ap_sig_allocacmp_add171_23_31034_load   |    9|          2|   32|         64|
    |ap_sig_allocacmp_add171_23_311062_load  |    9|          2|   32|         64|
    |ap_sig_allocacmp_add171_23_41035_load   |    9|          2|   32|         64|
    |ap_sig_allocacmp_add171_23_51036_load   |    9|          2|   32|         64|
    |ap_sig_allocacmp_add171_23_61037_load   |    9|          2|   32|         64|
    |ap_sig_allocacmp_add171_23_71038_load   |    9|          2|   32|         64|
    |ap_sig_allocacmp_add171_23_81039_load   |    9|          2|   32|         64|
    |ap_sig_allocacmp_add171_23_91040_load   |    9|          2|   32|         64|
    |ap_sig_allocacmp_add171_241063_load     |    9|          2|   32|         64|
    |ap_sig_allocacmp_add171_24250319_load   |    9|          2|   32|         64|
    |ap_sig_allocacmp_add171_24_101073_load  |    9|          2|   32|         64|
    |ap_sig_allocacmp_add171_24_11064_load   |    9|          2|   32|         64|
    |ap_sig_allocacmp_add171_24_111074_load  |    9|          2|   32|         64|
    |ap_sig_allocacmp_add171_24_121075_load  |    9|          2|   32|         64|
    |ap_sig_allocacmp_add171_24_131076_load  |    9|          2|   32|         64|
    |ap_sig_allocacmp_add171_24_141077_load  |    9|          2|   32|         64|
    |ap_sig_allocacmp_add171_24_151078_load  |    9|          2|   32|         64|
    |ap_sig_allocacmp_add171_24_161079_load  |    9|          2|   32|         64|
    |ap_sig_allocacmp_add171_24_171080_load  |    9|          2|   32|         64|
    |ap_sig_allocacmp_add171_24_181081_load  |    9|          2|   32|         64|
    |ap_sig_allocacmp_add171_24_191082_load  |    9|          2|   32|         64|
    |ap_sig_allocacmp_add171_24_201083_load  |    9|          2|   32|         64|
    |ap_sig_allocacmp_add171_24_21065_load   |    9|          2|   32|         64|
    |ap_sig_allocacmp_add171_24_211084_load  |    9|          2|   32|         64|
    |ap_sig_allocacmp_add171_24_221085_load  |    9|          2|   32|         64|
    |ap_sig_allocacmp_add171_24_231086_load  |    9|          2|   32|         64|
    |ap_sig_allocacmp_add171_24_241087_load  |    9|          2|   32|         64|
    |ap_sig_allocacmp_add171_24_251088_load  |    9|          2|   32|         64|
    |ap_sig_allocacmp_add171_24_261089_load  |    9|          2|   32|         64|
    |ap_sig_allocacmp_add171_24_271090_load  |    9|          2|   32|         64|
    |ap_sig_allocacmp_add171_24_281091_load  |    9|          2|   32|         64|
    |ap_sig_allocacmp_add171_24_291092_load  |    9|          2|   32|         64|
    |ap_sig_allocacmp_add171_24_301093_load  |    9|          2|   32|         64|
    |ap_sig_allocacmp_add171_24_31066_load   |    9|          2|   32|         64|
    |ap_sig_allocacmp_add171_24_311094_load  |    9|          2|   32|         64|
    |ap_sig_allocacmp_add171_24_41067_load   |    9|          2|   32|         64|
    |ap_sig_allocacmp_add171_24_51068_load   |    9|          2|   32|         64|
    |ap_sig_allocacmp_add171_24_61069_load   |    9|          2|   32|         64|
    |ap_sig_allocacmp_add171_24_71070_load   |    9|          2|   32|         64|
    |ap_sig_allocacmp_add171_24_81071_load   |    9|          2|   32|         64|
    |ap_sig_allocacmp_add171_24_91072_load   |    9|          2|   32|         64|
    |ap_sig_allocacmp_add171_251095_load     |    9|          2|   32|         64|
    |ap_sig_allocacmp_add171_25256320_load   |    9|          2|   32|         64|
    |ap_sig_allocacmp_add171_25_101105_load  |    9|          2|   32|         64|
    |ap_sig_allocacmp_add171_25_11096_load   |    9|          2|   32|         64|
    |ap_sig_allocacmp_add171_25_111106_load  |    9|          2|   32|         64|
    |ap_sig_allocacmp_add171_25_121107_load  |    9|          2|   32|         64|
    |ap_sig_allocacmp_add171_25_131108_load  |    9|          2|   32|         64|
    |ap_sig_allocacmp_add171_25_141109_load  |    9|          2|   32|         64|
    |ap_sig_allocacmp_add171_25_151110_load  |    9|          2|   32|         64|
    |ap_sig_allocacmp_add171_25_161111_load  |    9|          2|   32|         64|
    |ap_sig_allocacmp_add171_25_171112_load  |    9|          2|   32|         64|
    |ap_sig_allocacmp_add171_25_181113_load  |    9|          2|   32|         64|
    |ap_sig_allocacmp_add171_25_191114_load  |    9|          2|   32|         64|
    |ap_sig_allocacmp_add171_25_201115_load  |    9|          2|   32|         64|
    |ap_sig_allocacmp_add171_25_21097_load   |    9|          2|   32|         64|
    |ap_sig_allocacmp_add171_25_211116_load  |    9|          2|   32|         64|
    |ap_sig_allocacmp_add171_25_221117_load  |    9|          2|   32|         64|
    |ap_sig_allocacmp_add171_25_231118_load  |    9|          2|   32|         64|
    |ap_sig_allocacmp_add171_25_241119_load  |    9|          2|   32|         64|
    |ap_sig_allocacmp_add171_25_251120_load  |    9|          2|   32|         64|
    |ap_sig_allocacmp_add171_25_261121_load  |    9|          2|   32|         64|
    |ap_sig_allocacmp_add171_25_271122_load  |    9|          2|   32|         64|
    |ap_sig_allocacmp_add171_25_281123_load  |    9|          2|   32|         64|
    |ap_sig_allocacmp_add171_25_291124_load  |    9|          2|   32|         64|
    |ap_sig_allocacmp_add171_25_301125_load  |    9|          2|   32|         64|
    |ap_sig_allocacmp_add171_25_31098_load   |    9|          2|   32|         64|
    |ap_sig_allocacmp_add171_25_311126_load  |    9|          2|   32|         64|
    |ap_sig_allocacmp_add171_25_41099_load   |    9|          2|   32|         64|
    |ap_sig_allocacmp_add171_25_51100_load   |    9|          2|   32|         64|
    |ap_sig_allocacmp_add171_25_61101_load   |    9|          2|   32|         64|
    |ap_sig_allocacmp_add171_25_71102_load   |    9|          2|   32|         64|
    |ap_sig_allocacmp_add171_25_81103_load   |    9|          2|   32|         64|
    |ap_sig_allocacmp_add171_25_91104_load   |    9|          2|   32|         64|
    |ap_sig_allocacmp_add171_261127_load     |    9|          2|   32|         64|
    |ap_sig_allocacmp_add171_26262321_load   |    9|          2|   32|         64|
    |ap_sig_allocacmp_add171_26_101137_load  |    9|          2|   32|         64|
    |ap_sig_allocacmp_add171_26_111138_load  |    9|          2|   32|         64|
    |ap_sig_allocacmp_add171_26_11128_load   |    9|          2|   32|         64|
    |ap_sig_allocacmp_add171_26_121139_load  |    9|          2|   32|         64|
    |ap_sig_allocacmp_add171_26_131140_load  |    9|          2|   32|         64|
    |ap_sig_allocacmp_add171_26_141141_load  |    9|          2|   32|         64|
    |ap_sig_allocacmp_add171_26_151142_load  |    9|          2|   32|         64|
    |ap_sig_allocacmp_add171_26_161143_load  |    9|          2|   32|         64|
    |ap_sig_allocacmp_add171_26_171144_load  |    9|          2|   32|         64|
    |ap_sig_allocacmp_add171_26_181145_load  |    9|          2|   32|         64|
    |ap_sig_allocacmp_add171_26_191146_load  |    9|          2|   32|         64|
    |ap_sig_allocacmp_add171_26_201147_load  |    9|          2|   32|         64|
    |ap_sig_allocacmp_add171_26_211148_load  |    9|          2|   32|         64|
    |ap_sig_allocacmp_add171_26_21129_load   |    9|          2|   32|         64|
    |ap_sig_allocacmp_add171_26_221149_load  |    9|          2|   32|         64|
    |ap_sig_allocacmp_add171_26_231150_load  |    9|          2|   32|         64|
    |ap_sig_allocacmp_add171_26_241151_load  |    9|          2|   32|         64|
    |ap_sig_allocacmp_add171_26_251152_load  |    9|          2|   32|         64|
    |ap_sig_allocacmp_add171_26_261153_load  |    9|          2|   32|         64|
    |ap_sig_allocacmp_add171_26_271154_load  |    9|          2|   32|         64|
    |ap_sig_allocacmp_add171_26_281155_load  |    9|          2|   32|         64|
    |ap_sig_allocacmp_add171_26_291156_load  |    9|          2|   32|         64|
    |ap_sig_allocacmp_add171_26_301157_load  |    9|          2|   32|         64|
    |ap_sig_allocacmp_add171_26_311158_load  |    9|          2|   32|         64|
    |ap_sig_allocacmp_add171_26_31130_load   |    9|          2|   32|         64|
    |ap_sig_allocacmp_add171_26_41131_load   |    9|          2|   32|         64|
    |ap_sig_allocacmp_add171_26_51132_load   |    9|          2|   32|         64|
    |ap_sig_allocacmp_add171_26_61133_load   |    9|          2|   32|         64|
    |ap_sig_allocacmp_add171_26_71134_load   |    9|          2|   32|         64|
    |ap_sig_allocacmp_add171_26_81135_load   |    9|          2|   32|         64|
    |ap_sig_allocacmp_add171_26_91136_load   |    9|          2|   32|         64|
    |ap_sig_allocacmp_add171_271159_load     |    9|          2|   32|         64|
    |ap_sig_allocacmp_add171_27268322_load   |    9|          2|   32|         64|
    |ap_sig_allocacmp_add171_27_101169_load  |    9|          2|   32|         64|
    |ap_sig_allocacmp_add171_27_111170_load  |    9|          2|   32|         64|
    |ap_sig_allocacmp_add171_27_11160_load   |    9|          2|   32|         64|
    |ap_sig_allocacmp_add171_27_121171_load  |    9|          2|   32|         64|
    |ap_sig_allocacmp_add171_27_131172_load  |    9|          2|   32|         64|
    |ap_sig_allocacmp_add171_27_141173_load  |    9|          2|   32|         64|
    |ap_sig_allocacmp_add171_27_151174_load  |    9|          2|   32|         64|
    |ap_sig_allocacmp_add171_27_161175_load  |    9|          2|   32|         64|
    |ap_sig_allocacmp_add171_27_171176_load  |    9|          2|   32|         64|
    |ap_sig_allocacmp_add171_27_181177_load  |    9|          2|   32|         64|
    |ap_sig_allocacmp_add171_27_191178_load  |    9|          2|   32|         64|
    |ap_sig_allocacmp_add171_27_201179_load  |    9|          2|   32|         64|
    |ap_sig_allocacmp_add171_27_211180_load  |    9|          2|   32|         64|
    |ap_sig_allocacmp_add171_27_21161_load   |    9|          2|   32|         64|
    |ap_sig_allocacmp_add171_27_221181_load  |    9|          2|   32|         64|
    |ap_sig_allocacmp_add171_27_231182_load  |    9|          2|   32|         64|
    |ap_sig_allocacmp_add171_27_241183_load  |    9|          2|   32|         64|
    |ap_sig_allocacmp_add171_27_251184_load  |    9|          2|   32|         64|
    |ap_sig_allocacmp_add171_27_261185_load  |    9|          2|   32|         64|
    |ap_sig_allocacmp_add171_27_271186_load  |    9|          2|   32|         64|
    |ap_sig_allocacmp_add171_27_281187_load  |    9|          2|   32|         64|
    |ap_sig_allocacmp_add171_27_291188_load  |    9|          2|   32|         64|
    |ap_sig_allocacmp_add171_27_301189_load  |    9|          2|   32|         64|
    |ap_sig_allocacmp_add171_27_311190_load  |    9|          2|   32|         64|
    |ap_sig_allocacmp_add171_27_31162_load   |    9|          2|   32|         64|
    |ap_sig_allocacmp_add171_27_41163_load   |    9|          2|   32|         64|
    |ap_sig_allocacmp_add171_27_51164_load   |    9|          2|   32|         64|
    |ap_sig_allocacmp_add171_27_61165_load   |    9|          2|   32|         64|
    |ap_sig_allocacmp_add171_27_71166_load   |    9|          2|   32|         64|
    |ap_sig_allocacmp_add171_27_81167_load   |    9|          2|   32|         64|
    |ap_sig_allocacmp_add171_27_91168_load   |    9|          2|   32|         64|
    |ap_sig_allocacmp_add171_281191_load     |    9|          2|   32|         64|
    |ap_sig_allocacmp_add171_28274323_load   |    9|          2|   32|         64|
    |ap_sig_allocacmp_add171_28_101201_load  |    9|          2|   32|         64|
    |ap_sig_allocacmp_add171_28_111202_load  |    9|          2|   32|         64|
    |ap_sig_allocacmp_add171_28_11192_load   |    9|          2|   32|         64|
    |ap_sig_allocacmp_add171_28_121203_load  |    9|          2|   32|         64|
    |ap_sig_allocacmp_add171_28_131204_load  |    9|          2|   32|         64|
    |ap_sig_allocacmp_add171_28_141205_load  |    9|          2|   32|         64|
    |ap_sig_allocacmp_add171_28_151206_load  |    9|          2|   32|         64|
    |ap_sig_allocacmp_add171_28_161207_load  |    9|          2|   32|         64|
    |ap_sig_allocacmp_add171_28_171208_load  |    9|          2|   32|         64|
    |ap_sig_allocacmp_add171_28_181209_load  |    9|          2|   32|         64|
    |ap_sig_allocacmp_add171_28_191210_load  |    9|          2|   32|         64|
    |ap_sig_allocacmp_add171_28_201211_load  |    9|          2|   32|         64|
    |ap_sig_allocacmp_add171_28_211212_load  |    9|          2|   32|         64|
    |ap_sig_allocacmp_add171_28_21193_load   |    9|          2|   32|         64|
    |ap_sig_allocacmp_add171_28_221213_load  |    9|          2|   32|         64|
    |ap_sig_allocacmp_add171_28_231214_load  |    9|          2|   32|         64|
    |ap_sig_allocacmp_add171_28_241215_load  |    9|          2|   32|         64|
    |ap_sig_allocacmp_add171_28_251216_load  |    9|          2|   32|         64|
    |ap_sig_allocacmp_add171_28_261217_load  |    9|          2|   32|         64|
    |ap_sig_allocacmp_add171_28_271218_load  |    9|          2|   32|         64|
    |ap_sig_allocacmp_add171_28_281219_load  |    9|          2|   32|         64|
    |ap_sig_allocacmp_add171_28_291220_load  |    9|          2|   32|         64|
    |ap_sig_allocacmp_add171_28_301221_load  |    9|          2|   32|         64|
    |ap_sig_allocacmp_add171_28_311222_load  |    9|          2|   32|         64|
    |ap_sig_allocacmp_add171_28_31194_load   |    9|          2|   32|         64|
    |ap_sig_allocacmp_add171_28_41195_load   |    9|          2|   32|         64|
    |ap_sig_allocacmp_add171_28_51196_load   |    9|          2|   32|         64|
    |ap_sig_allocacmp_add171_28_61197_load   |    9|          2|   32|         64|
    |ap_sig_allocacmp_add171_28_71198_load   |    9|          2|   32|         64|
    |ap_sig_allocacmp_add171_28_81199_load   |    9|          2|   32|         64|
    |ap_sig_allocacmp_add171_28_91200_load   |    9|          2|   32|         64|
    |ap_sig_allocacmp_add171_291223_load     |    9|          2|   32|         64|
    |ap_sig_allocacmp_add171_29280324_load   |    9|          2|   32|         64|
    |ap_sig_allocacmp_add171_29_101233_load  |    9|          2|   32|         64|
    |ap_sig_allocacmp_add171_29_111234_load  |    9|          2|   32|         64|
    |ap_sig_allocacmp_add171_29_11224_load   |    9|          2|   32|         64|
    |ap_sig_allocacmp_add171_29_121235_load  |    9|          2|   32|         64|
    |ap_sig_allocacmp_add171_29_131236_load  |    9|          2|   32|         64|
    |ap_sig_allocacmp_add171_29_141237_load  |    9|          2|   32|         64|
    |ap_sig_allocacmp_add171_29_151238_load  |    9|          2|   32|         64|
    |ap_sig_allocacmp_add171_29_161239_load  |    9|          2|   32|         64|
    |ap_sig_allocacmp_add171_29_171240_load  |    9|          2|   32|         64|
    |ap_sig_allocacmp_add171_29_181241_load  |    9|          2|   32|         64|
    |ap_sig_allocacmp_add171_29_191242_load  |    9|          2|   32|         64|
    |ap_sig_allocacmp_add171_29_201243_load  |    9|          2|   32|         64|
    |ap_sig_allocacmp_add171_29_211244_load  |    9|          2|   32|         64|
    |ap_sig_allocacmp_add171_29_21225_load   |    9|          2|   32|         64|
    |ap_sig_allocacmp_add171_29_221245_load  |    9|          2|   32|         64|
    |ap_sig_allocacmp_add171_29_231246_load  |    9|          2|   32|         64|
    |ap_sig_allocacmp_add171_29_241247_load  |    9|          2|   32|         64|
    |ap_sig_allocacmp_add171_29_251248_load  |    9|          2|   32|         64|
    |ap_sig_allocacmp_add171_29_261249_load  |    9|          2|   32|         64|
    |ap_sig_allocacmp_add171_29_271250_load  |    9|          2|   32|         64|
    |ap_sig_allocacmp_add171_29_281251_load  |    9|          2|   32|         64|
    |ap_sig_allocacmp_add171_29_291252_load  |    9|          2|   32|         64|
    |ap_sig_allocacmp_add171_29_301253_load  |    9|          2|   32|         64|
    |ap_sig_allocacmp_add171_29_311254_load  |    9|          2|   32|         64|
    |ap_sig_allocacmp_add171_29_31226_load   |    9|          2|   32|         64|
    |ap_sig_allocacmp_add171_29_41227_load   |    9|          2|   32|         64|
    |ap_sig_allocacmp_add171_29_51228_load   |    9|          2|   32|         64|
    |ap_sig_allocacmp_add171_29_61229_load   |    9|          2|   32|         64|
    |ap_sig_allocacmp_add171_29_71230_load   |    9|          2|   32|         64|
    |ap_sig_allocacmp_add171_29_81231_load   |    9|          2|   32|         64|
    |ap_sig_allocacmp_add171_29_91232_load   |    9|          2|   32|         64|
    |ap_sig_allocacmp_add171_2_10369_load    |    9|          2|   32|         64|
    |ap_sig_allocacmp_add171_2_11370_load    |    9|          2|   32|         64|
    |ap_sig_allocacmp_add171_2_12371_load    |    9|          2|   32|         64|
    |ap_sig_allocacmp_add171_2_13372_load    |    9|          2|   32|         64|
    |ap_sig_allocacmp_add171_2_1360_load     |    9|          2|   32|         64|
    |ap_sig_allocacmp_add171_2_14373_load    |    9|          2|   32|         64|
    |ap_sig_allocacmp_add171_2_15374_load    |    9|          2|   32|         64|
    |ap_sig_allocacmp_add171_2_16375_load    |    9|          2|   32|         64|
    |ap_sig_allocacmp_add171_2_17376_load    |    9|          2|   32|         64|
    |ap_sig_allocacmp_add171_2_18377_load    |    9|          2|   32|         64|
    |ap_sig_allocacmp_add171_2_19378_load    |    9|          2|   32|         64|
    |ap_sig_allocacmp_add171_2_20379_load    |    9|          2|   32|         64|
    |ap_sig_allocacmp_add171_2_21380_load    |    9|          2|   32|         64|
    |ap_sig_allocacmp_add171_2_22381_load    |    9|          2|   32|         64|
    |ap_sig_allocacmp_add171_2_23382_load    |    9|          2|   32|         64|
    |ap_sig_allocacmp_add171_2_2361_load     |    9|          2|   32|         64|
    |ap_sig_allocacmp_add171_2_24383_load    |    9|          2|   32|         64|
    |ap_sig_allocacmp_add171_2_25384_load    |    9|          2|   32|         64|
    |ap_sig_allocacmp_add171_2_26385_load    |    9|          2|   32|         64|
    |ap_sig_allocacmp_add171_2_27386_load    |    9|          2|   32|         64|
    |ap_sig_allocacmp_add171_2_28387_load    |    9|          2|   32|         64|
    |ap_sig_allocacmp_add171_2_29388_load    |    9|          2|   32|         64|
    |ap_sig_allocacmp_add171_2_30389_load    |    9|          2|   32|         64|
    |ap_sig_allocacmp_add171_2_31390_load    |    9|          2|   32|         64|
    |ap_sig_allocacmp_add171_2_3362_load     |    9|          2|   32|         64|
    |ap_sig_allocacmp_add171_2_4363_load     |    9|          2|   32|         64|
    |ap_sig_allocacmp_add171_2_5364_load     |    9|          2|   32|         64|
    |ap_sig_allocacmp_add171_2_6365_load     |    9|          2|   32|         64|
    |ap_sig_allocacmp_add171_2_7366_load     |    9|          2|   32|         64|
    |ap_sig_allocacmp_add171_2_8367_load     |    9|          2|   32|         64|
    |ap_sig_allocacmp_add171_2_9368_load     |    9|          2|   32|         64|
    |ap_sig_allocacmp_add171_301255_load     |    9|          2|   32|         64|
    |ap_sig_allocacmp_add171_30286325_load   |    9|          2|   32|         64|
    |ap_sig_allocacmp_add171_30_101265_load  |    9|          2|   32|         64|
    |ap_sig_allocacmp_add171_30_111266_load  |    9|          2|   32|         64|
    |ap_sig_allocacmp_add171_30_11256_load   |    9|          2|   32|         64|
    |ap_sig_allocacmp_add171_30_121267_load  |    9|          2|   32|         64|
    |ap_sig_allocacmp_add171_30_131268_load  |    9|          2|   32|         64|
    |ap_sig_allocacmp_add171_30_141269_load  |    9|          2|   32|         64|
    |ap_sig_allocacmp_add171_30_151270_load  |    9|          2|   32|         64|
    |ap_sig_allocacmp_add171_30_161271_load  |    9|          2|   32|         64|
    |ap_sig_allocacmp_add171_30_171272_load  |    9|          2|   32|         64|
    |ap_sig_allocacmp_add171_30_181273_load  |    9|          2|   32|         64|
    |ap_sig_allocacmp_add171_30_191274_load  |    9|          2|   32|         64|
    |ap_sig_allocacmp_add171_30_201275_load  |    9|          2|   32|         64|
    |ap_sig_allocacmp_add171_30_211276_load  |    9|          2|   32|         64|
    |ap_sig_allocacmp_add171_30_21257_load   |    9|          2|   32|         64|
    |ap_sig_allocacmp_add171_30_221277_load  |    9|          2|   32|         64|
    |ap_sig_allocacmp_add171_30_231278_load  |    9|          2|   32|         64|
    |ap_sig_allocacmp_add171_30_241279_load  |    9|          2|   32|         64|
    |ap_sig_allocacmp_add171_30_251280_load  |    9|          2|   32|         64|
    |ap_sig_allocacmp_add171_30_261281_load  |    9|          2|   32|         64|
    |ap_sig_allocacmp_add171_30_271282_load  |    9|          2|   32|         64|
    |ap_sig_allocacmp_add171_30_281283_load  |    9|          2|   32|         64|
    |ap_sig_allocacmp_add171_30_291284_load  |    9|          2|   32|         64|
    |ap_sig_allocacmp_add171_30_301285_load  |    9|          2|   32|         64|
    |ap_sig_allocacmp_add171_30_311286_load  |    9|          2|   32|         64|
    |ap_sig_allocacmp_add171_30_31258_load   |    9|          2|   32|         64|
    |ap_sig_allocacmp_add171_30_41259_load   |    9|          2|   32|         64|
    |ap_sig_allocacmp_add171_30_51260_load   |    9|          2|   32|         64|
    |ap_sig_allocacmp_add171_30_61261_load   |    9|          2|   32|         64|
    |ap_sig_allocacmp_add171_30_71262_load   |    9|          2|   32|         64|
    |ap_sig_allocacmp_add171_30_81263_load   |    9|          2|   32|         64|
    |ap_sig_allocacmp_add171_30_91264_load   |    9|          2|   32|         64|
    |ap_sig_allocacmp_add171_311287_load     |    9|          2|   32|         64|
    |ap_sig_allocacmp_add171_3124298_load    |    9|          2|   32|         64|
    |ap_sig_allocacmp_add171_31292326_load   |    9|          2|   32|         64|
    |ap_sig_allocacmp_add171_31_101297_load  |    9|          2|   32|         64|
    |ap_sig_allocacmp_add171_31_111298_load  |    9|          2|   32|         64|
    |ap_sig_allocacmp_add171_31_11288_load   |    9|          2|   32|         64|
    |ap_sig_allocacmp_add171_31_121299_load  |    9|          2|   32|         64|
    |ap_sig_allocacmp_add171_31_131300_load  |    9|          2|   32|         64|
    |ap_sig_allocacmp_add171_31_141301_load  |    9|          2|   32|         64|
    |ap_sig_allocacmp_add171_31_151302_load  |    9|          2|   32|         64|
    |ap_sig_allocacmp_add171_31_161303_load  |    9|          2|   32|         64|
    |ap_sig_allocacmp_add171_31_171304_load  |    9|          2|   32|         64|
    |ap_sig_allocacmp_add171_31_181305_load  |    9|          2|   32|         64|
    |ap_sig_allocacmp_add171_31_191306_load  |    9|          2|   32|         64|
    |ap_sig_allocacmp_add171_31_201307_load  |    9|          2|   32|         64|
    |ap_sig_allocacmp_add171_31_211308_load  |    9|          2|   32|         64|
    |ap_sig_allocacmp_add171_31_21289_load   |    9|          2|   32|         64|
    |ap_sig_allocacmp_add171_31_221309_load  |    9|          2|   32|         64|
    |ap_sig_allocacmp_add171_31_231310_load  |    9|          2|   32|         64|
    |ap_sig_allocacmp_add171_31_241311_load  |    9|          2|   32|         64|
    |ap_sig_allocacmp_add171_31_251312_load  |    9|          2|   32|         64|
    |ap_sig_allocacmp_add171_31_261313_load  |    9|          2|   32|         64|
    |ap_sig_allocacmp_add171_31_271314_load  |    9|          2|   32|         64|
    |ap_sig_allocacmp_add171_31_281315_load  |    9|          2|   32|         64|
    |ap_sig_allocacmp_add171_31_291316_load  |    9|          2|   32|         64|
    |ap_sig_allocacmp_add171_31_301317_load  |    9|          2|   32|         64|
    |ap_sig_allocacmp_add171_31_311318_load  |    9|          2|   32|         64|
    |ap_sig_allocacmp_add171_31_31290_load   |    9|          2|   32|         64|
    |ap_sig_allocacmp_add171_31_41291_load   |    9|          2|   32|         64|
    |ap_sig_allocacmp_add171_31_51292_load   |    9|          2|   32|         64|
    |ap_sig_allocacmp_add171_31_61293_load   |    9|          2|   32|         64|
    |ap_sig_allocacmp_add171_31_71294_load   |    9|          2|   32|         64|
    |ap_sig_allocacmp_add171_31_81295_load   |    9|          2|   32|         64|
    |ap_sig_allocacmp_add171_31_91296_load   |    9|          2|   32|         64|
    |ap_sig_allocacmp_add171_3391_load       |    9|          2|   32|         64|
    |ap_sig_allocacmp_add171_3_10401_load    |    9|          2|   32|         64|
    |ap_sig_allocacmp_add171_3_11402_load    |    9|          2|   32|         64|
    |ap_sig_allocacmp_add171_3_12403_load    |    9|          2|   32|         64|
    |ap_sig_allocacmp_add171_3_13404_load    |    9|          2|   32|         64|
    |ap_sig_allocacmp_add171_3_1392_load     |    9|          2|   32|         64|
    |ap_sig_allocacmp_add171_3_14405_load    |    9|          2|   32|         64|
    |ap_sig_allocacmp_add171_3_15406_load    |    9|          2|   32|         64|
    |ap_sig_allocacmp_add171_3_16407_load    |    9|          2|   32|         64|
    |ap_sig_allocacmp_add171_3_17408_load    |    9|          2|   32|         64|
    |ap_sig_allocacmp_add171_3_18409_load    |    9|          2|   32|         64|
    |ap_sig_allocacmp_add171_3_19410_load    |    9|          2|   32|         64|
    |ap_sig_allocacmp_add171_3_20411_load    |    9|          2|   32|         64|
    |ap_sig_allocacmp_add171_3_21412_load    |    9|          2|   32|         64|
    |ap_sig_allocacmp_add171_3_22413_load    |    9|          2|   32|         64|
    |ap_sig_allocacmp_add171_3_23414_load    |    9|          2|   32|         64|
    |ap_sig_allocacmp_add171_3_2393_load     |    9|          2|   32|         64|
    |ap_sig_allocacmp_add171_3_24415_load    |    9|          2|   32|         64|
    |ap_sig_allocacmp_add171_3_25416_load    |    9|          2|   32|         64|
    |ap_sig_allocacmp_add171_3_26417_load    |    9|          2|   32|         64|
    |ap_sig_allocacmp_add171_3_27418_load    |    9|          2|   32|         64|
    |ap_sig_allocacmp_add171_3_28419_load    |    9|          2|   32|         64|
    |ap_sig_allocacmp_add171_3_29420_load    |    9|          2|   32|         64|
    |ap_sig_allocacmp_add171_3_30421_load    |    9|          2|   32|         64|
    |ap_sig_allocacmp_add171_3_31422_load    |    9|          2|   32|         64|
    |ap_sig_allocacmp_add171_3_3394_load     |    9|          2|   32|         64|
    |ap_sig_allocacmp_add171_3_4395_load     |    9|          2|   32|         64|
    |ap_sig_allocacmp_add171_3_5396_load     |    9|          2|   32|         64|
    |ap_sig_allocacmp_add171_3_6397_load     |    9|          2|   32|         64|
    |ap_sig_allocacmp_add171_3_7398_load     |    9|          2|   32|         64|
    |ap_sig_allocacmp_add171_3_8399_load     |    9|          2|   32|         64|
    |ap_sig_allocacmp_add171_3_9400_load     |    9|          2|   32|         64|
    |ap_sig_allocacmp_add171_4130299_load    |    9|          2|   32|         64|
    |ap_sig_allocacmp_add171_4423_load       |    9|          2|   32|         64|
    |ap_sig_allocacmp_add171_4_10433_load    |    9|          2|   32|         64|
    |ap_sig_allocacmp_add171_4_11434_load    |    9|          2|   32|         64|
    |ap_sig_allocacmp_add171_4_12435_load    |    9|          2|   32|         64|
    |ap_sig_allocacmp_add171_4_13436_load    |    9|          2|   32|         64|
    |ap_sig_allocacmp_add171_4_1424_load     |    9|          2|   32|         64|
    |ap_sig_allocacmp_add171_4_14437_load    |    9|          2|   32|         64|
    |ap_sig_allocacmp_add171_4_15438_load    |    9|          2|   32|         64|
    |ap_sig_allocacmp_add171_4_16439_load    |    9|          2|   32|         64|
    |ap_sig_allocacmp_add171_4_17440_load    |    9|          2|   32|         64|
    |ap_sig_allocacmp_add171_4_18441_load    |    9|          2|   32|         64|
    |ap_sig_allocacmp_add171_4_19442_load    |    9|          2|   32|         64|
    |ap_sig_allocacmp_add171_4_20443_load    |    9|          2|   32|         64|
    |ap_sig_allocacmp_add171_4_21444_load    |    9|          2|   32|         64|
    |ap_sig_allocacmp_add171_4_22445_load    |    9|          2|   32|         64|
    |ap_sig_allocacmp_add171_4_23446_load    |    9|          2|   32|         64|
    |ap_sig_allocacmp_add171_4_2425_load     |    9|          2|   32|         64|
    |ap_sig_allocacmp_add171_4_24447_load    |    9|          2|   32|         64|
    |ap_sig_allocacmp_add171_4_25448_load    |    9|          2|   32|         64|
    |ap_sig_allocacmp_add171_4_26449_load    |    9|          2|   32|         64|
    |ap_sig_allocacmp_add171_4_27450_load    |    9|          2|   32|         64|
    |ap_sig_allocacmp_add171_4_28451_load    |    9|          2|   32|         64|
    |ap_sig_allocacmp_add171_4_29452_load    |    9|          2|   32|         64|
    |ap_sig_allocacmp_add171_4_30453_load    |    9|          2|   32|         64|
    |ap_sig_allocacmp_add171_4_31454_load    |    9|          2|   32|         64|
    |ap_sig_allocacmp_add171_4_3426_load     |    9|          2|   32|         64|
    |ap_sig_allocacmp_add171_4_4427_load     |    9|          2|   32|         64|
    |ap_sig_allocacmp_add171_4_5428_load     |    9|          2|   32|         64|
    |ap_sig_allocacmp_add171_4_6429_load     |    9|          2|   32|         64|
    |ap_sig_allocacmp_add171_4_7430_load     |    9|          2|   32|         64|
    |ap_sig_allocacmp_add171_4_8431_load     |    9|          2|   32|         64|
    |ap_sig_allocacmp_add171_4_9432_load     |    9|          2|   32|         64|
    |ap_sig_allocacmp_add171_5136300_load    |    9|          2|   32|         64|
    |ap_sig_allocacmp_add171_5455_load       |    9|          2|   32|         64|
    |ap_sig_allocacmp_add171_5_10465_load    |    9|          2|   32|         64|
    |ap_sig_allocacmp_add171_5_11466_load    |    9|          2|   32|         64|
    |ap_sig_allocacmp_add171_5_12467_load    |    9|          2|   32|         64|
    |ap_sig_allocacmp_add171_5_13468_load    |    9|          2|   32|         64|
    |ap_sig_allocacmp_add171_5_14469_load    |    9|          2|   32|         64|
    |ap_sig_allocacmp_add171_5_1456_load     |    9|          2|   32|         64|
    |ap_sig_allocacmp_add171_5_15470_load    |    9|          2|   32|         64|
    |ap_sig_allocacmp_add171_5_16471_load    |    9|          2|   32|         64|
    |ap_sig_allocacmp_add171_5_17472_load    |    9|          2|   32|         64|
    |ap_sig_allocacmp_add171_5_18473_load    |    9|          2|   32|         64|
    |ap_sig_allocacmp_add171_5_19474_load    |    9|          2|   32|         64|
    |ap_sig_allocacmp_add171_5_20475_load    |    9|          2|   32|         64|
    |ap_sig_allocacmp_add171_5_21476_load    |    9|          2|   32|         64|
    |ap_sig_allocacmp_add171_5_22477_load    |    9|          2|   32|         64|
    |ap_sig_allocacmp_add171_5_23478_load    |    9|          2|   32|         64|
    |ap_sig_allocacmp_add171_5_24479_load    |    9|          2|   32|         64|
    |ap_sig_allocacmp_add171_5_2457_load     |    9|          2|   32|         64|
    |ap_sig_allocacmp_add171_5_25480_load    |    9|          2|   32|         64|
    |ap_sig_allocacmp_add171_5_26481_load    |    9|          2|   32|         64|
    |ap_sig_allocacmp_add171_5_27482_load    |    9|          2|   32|         64|
    |ap_sig_allocacmp_add171_5_28483_load    |    9|          2|   32|         64|
    |ap_sig_allocacmp_add171_5_29484_load    |    9|          2|   32|         64|
    |ap_sig_allocacmp_add171_5_30485_load    |    9|          2|   32|         64|
    |ap_sig_allocacmp_add171_5_31486_load    |    9|          2|   32|         64|
    |ap_sig_allocacmp_add171_5_3458_load     |    9|          2|   32|         64|
    |ap_sig_allocacmp_add171_5_4459_load     |    9|          2|   32|         64|
    |ap_sig_allocacmp_add171_5_5460_load     |    9|          2|   32|         64|
    |ap_sig_allocacmp_add171_5_6461_load     |    9|          2|   32|         64|
    |ap_sig_allocacmp_add171_5_7462_load     |    9|          2|   32|         64|
    |ap_sig_allocacmp_add171_5_8463_load     |    9|          2|   32|         64|
    |ap_sig_allocacmp_add171_5_9464_load     |    9|          2|   32|         64|
    |ap_sig_allocacmp_add171_6142301_load    |    9|          2|   32|         64|
    |ap_sig_allocacmp_add171_6487_load       |    9|          2|   32|         64|
    |ap_sig_allocacmp_add171_6_10497_load    |    9|          2|   32|         64|
    |ap_sig_allocacmp_add171_6_11498_load    |    9|          2|   32|         64|
    |ap_sig_allocacmp_add171_6_12499_load    |    9|          2|   32|         64|
    |ap_sig_allocacmp_add171_6_13500_load    |    9|          2|   32|         64|
    |ap_sig_allocacmp_add171_6_14501_load    |    9|          2|   32|         64|
    |ap_sig_allocacmp_add171_6_1488_load     |    9|          2|   32|         64|
    |ap_sig_allocacmp_add171_6_15502_load    |    9|          2|   32|         64|
    |ap_sig_allocacmp_add171_6_16503_load    |    9|          2|   32|         64|
    |ap_sig_allocacmp_add171_6_17504_load    |    9|          2|   32|         64|
    |ap_sig_allocacmp_add171_6_18505_load    |    9|          2|   32|         64|
    |ap_sig_allocacmp_add171_6_19506_load    |    9|          2|   32|         64|
    |ap_sig_allocacmp_add171_6_20507_load    |    9|          2|   32|         64|
    |ap_sig_allocacmp_add171_6_21508_load    |    9|          2|   32|         64|
    |ap_sig_allocacmp_add171_6_22509_load    |    9|          2|   32|         64|
    |ap_sig_allocacmp_add171_6_23510_load    |    9|          2|   32|         64|
    |ap_sig_allocacmp_add171_6_24511_load    |    9|          2|   32|         64|
    |ap_sig_allocacmp_add171_6_2489_load     |    9|          2|   32|         64|
    |ap_sig_allocacmp_add171_6_25512_load    |    9|          2|   32|         64|
    |ap_sig_allocacmp_add171_6_26513_load    |    9|          2|   32|         64|
    |ap_sig_allocacmp_add171_6_27514_load    |    9|          2|   32|         64|
    |ap_sig_allocacmp_add171_6_28515_load    |    9|          2|   32|         64|
    |ap_sig_allocacmp_add171_6_29516_load    |    9|          2|   32|         64|
    |ap_sig_allocacmp_add171_6_30517_load    |    9|          2|   32|         64|
    |ap_sig_allocacmp_add171_6_31518_load    |    9|          2|   32|         64|
    |ap_sig_allocacmp_add171_6_3490_load     |    9|          2|   32|         64|
    |ap_sig_allocacmp_add171_6_4491_load     |    9|          2|   32|         64|
    |ap_sig_allocacmp_add171_6_5492_load     |    9|          2|   32|         64|
    |ap_sig_allocacmp_add171_6_6493_load     |    9|          2|   32|         64|
    |ap_sig_allocacmp_add171_6_7494_load     |    9|          2|   32|         64|
    |ap_sig_allocacmp_add171_6_8495_load     |    9|          2|   32|         64|
    |ap_sig_allocacmp_add171_6_9496_load     |    9|          2|   32|         64|
    |ap_sig_allocacmp_add171_7148302_load    |    9|          2|   32|         64|
    |ap_sig_allocacmp_add171_7519_load       |    9|          2|   32|         64|
    |ap_sig_allocacmp_add171_7_10529_load    |    9|          2|   32|         64|
    |ap_sig_allocacmp_add171_7_11530_load    |    9|          2|   32|         64|
    |ap_sig_allocacmp_add171_7_12531_load    |    9|          2|   32|         64|
    |ap_sig_allocacmp_add171_7_13532_load    |    9|          2|   32|         64|
    |ap_sig_allocacmp_add171_7_14533_load    |    9|          2|   32|         64|
    |ap_sig_allocacmp_add171_7_1520_load     |    9|          2|   32|         64|
    |ap_sig_allocacmp_add171_7_15534_load    |    9|          2|   32|         64|
    |ap_sig_allocacmp_add171_7_16535_load    |    9|          2|   32|         64|
    |ap_sig_allocacmp_add171_7_17536_load    |    9|          2|   32|         64|
    |ap_sig_allocacmp_add171_7_18537_load    |    9|          2|   32|         64|
    |ap_sig_allocacmp_add171_7_19538_load    |    9|          2|   32|         64|
    |ap_sig_allocacmp_add171_7_20539_load    |    9|          2|   32|         64|
    |ap_sig_allocacmp_add171_7_21540_load    |    9|          2|   32|         64|
    |ap_sig_allocacmp_add171_7_22541_load    |    9|          2|   32|         64|
    |ap_sig_allocacmp_add171_7_23542_load    |    9|          2|   32|         64|
    |ap_sig_allocacmp_add171_7_24543_load    |    9|          2|   32|         64|
    |ap_sig_allocacmp_add171_7_2521_load     |    9|          2|   32|         64|
    |ap_sig_allocacmp_add171_7_25544_load    |    9|          2|   32|         64|
    |ap_sig_allocacmp_add171_7_26545_load    |    9|          2|   32|         64|
    |ap_sig_allocacmp_add171_7_27546_load    |    9|          2|   32|         64|
    |ap_sig_allocacmp_add171_7_28547_load    |    9|          2|   32|         64|
    |ap_sig_allocacmp_add171_7_29548_load    |    9|          2|   32|         64|
    |ap_sig_allocacmp_add171_7_30549_load    |    9|          2|   32|         64|
    |ap_sig_allocacmp_add171_7_31550_load    |    9|          2|   32|         64|
    |ap_sig_allocacmp_add171_7_3522_load     |    9|          2|   32|         64|
    |ap_sig_allocacmp_add171_7_4523_load     |    9|          2|   32|         64|
    |ap_sig_allocacmp_add171_7_5524_load     |    9|          2|   32|         64|
    |ap_sig_allocacmp_add171_7_6525_load     |    9|          2|   32|         64|
    |ap_sig_allocacmp_add171_7_7526_load     |    9|          2|   32|         64|
    |ap_sig_allocacmp_add171_7_8527_load     |    9|          2|   32|         64|
    |ap_sig_allocacmp_add171_7_9528_load     |    9|          2|   32|         64|
    |ap_sig_allocacmp_add171_8154303_load    |    9|          2|   32|         64|
    |ap_sig_allocacmp_add171_8551_load       |    9|          2|   32|         64|
    |ap_sig_allocacmp_add171_8_10561_load    |    9|          2|   32|         64|
    |ap_sig_allocacmp_add171_8_11562_load    |    9|          2|   32|         64|
    |ap_sig_allocacmp_add171_8_12563_load    |    9|          2|   32|         64|
    |ap_sig_allocacmp_add171_8_13564_load    |    9|          2|   32|         64|
    |ap_sig_allocacmp_add171_8_14565_load    |    9|          2|   32|         64|
    |ap_sig_allocacmp_add171_8_1552_load     |    9|          2|   32|         64|
    |ap_sig_allocacmp_add171_8_15566_load    |    9|          2|   32|         64|
    |ap_sig_allocacmp_add171_8_16567_load    |    9|          2|   32|         64|
    |ap_sig_allocacmp_add171_8_17568_load    |    9|          2|   32|         64|
    |ap_sig_allocacmp_add171_8_18569_load    |    9|          2|   32|         64|
    |ap_sig_allocacmp_add171_8_19570_load    |    9|          2|   32|         64|
    |ap_sig_allocacmp_add171_8_20571_load    |    9|          2|   32|         64|
    |ap_sig_allocacmp_add171_8_21572_load    |    9|          2|   32|         64|
    |ap_sig_allocacmp_add171_8_22573_load    |    9|          2|   32|         64|
    |ap_sig_allocacmp_add171_8_23574_load    |    9|          2|   32|         64|
    |ap_sig_allocacmp_add171_8_24575_load    |    9|          2|   32|         64|
    |ap_sig_allocacmp_add171_8_2553_load     |    9|          2|   32|         64|
    |ap_sig_allocacmp_add171_8_25576_load    |    9|          2|   32|         64|
    |ap_sig_allocacmp_add171_8_26577_load    |    9|          2|   32|         64|
    |ap_sig_allocacmp_add171_8_27578_load    |    9|          2|   32|         64|
    |ap_sig_allocacmp_add171_8_28579_load    |    9|          2|   32|         64|
    |ap_sig_allocacmp_add171_8_29580_load    |    9|          2|   32|         64|
    |ap_sig_allocacmp_add171_8_30581_load    |    9|          2|   32|         64|
    |ap_sig_allocacmp_add171_8_31582_load    |    9|          2|   32|         64|
    |ap_sig_allocacmp_add171_8_3554_load     |    9|          2|   32|         64|
    |ap_sig_allocacmp_add171_8_4555_load     |    9|          2|   32|         64|
    |ap_sig_allocacmp_add171_8_5556_load     |    9|          2|   32|         64|
    |ap_sig_allocacmp_add171_8_6557_load     |    9|          2|   32|         64|
    |ap_sig_allocacmp_add171_8_7558_load     |    9|          2|   32|         64|
    |ap_sig_allocacmp_add171_8_8559_load     |    9|          2|   32|         64|
    |ap_sig_allocacmp_add171_8_9560_load     |    9|          2|   32|         64|
    |ap_sig_allocacmp_add171_9160304_load    |    9|          2|   32|         64|
    |ap_sig_allocacmp_add171_9583_load       |    9|          2|   32|         64|
    |ap_sig_allocacmp_add171_9_10593_load    |    9|          2|   32|         64|
    |ap_sig_allocacmp_add171_9_11594_load    |    9|          2|   32|         64|
    |ap_sig_allocacmp_add171_9_12595_load    |    9|          2|   32|         64|
    |ap_sig_allocacmp_add171_9_13596_load    |    9|          2|   32|         64|
    |ap_sig_allocacmp_add171_9_14597_load    |    9|          2|   32|         64|
    |ap_sig_allocacmp_add171_9_15598_load    |    9|          2|   32|         64|
    |ap_sig_allocacmp_add171_9_1584_load     |    9|          2|   32|         64|
    |ap_sig_allocacmp_add171_9_16599_load    |    9|          2|   32|         64|
    |ap_sig_allocacmp_add171_9_17600_load    |    9|          2|   32|         64|
    |ap_sig_allocacmp_add171_9_18601_load    |    9|          2|   32|         64|
    |ap_sig_allocacmp_add171_9_19602_load    |    9|          2|   32|         64|
    |ap_sig_allocacmp_add171_9_20603_load    |    9|          2|   32|         64|
    |ap_sig_allocacmp_add171_9_21604_load    |    9|          2|   32|         64|
    |ap_sig_allocacmp_add171_9_22605_load    |    9|          2|   32|         64|
    |ap_sig_allocacmp_add171_9_23606_load    |    9|          2|   32|         64|
    |ap_sig_allocacmp_add171_9_24607_load    |    9|          2|   32|         64|
    |ap_sig_allocacmp_add171_9_25608_load    |    9|          2|   32|         64|
    |ap_sig_allocacmp_add171_9_2585_load     |    9|          2|   32|         64|
    |ap_sig_allocacmp_add171_9_26609_load    |    9|          2|   32|         64|
    |ap_sig_allocacmp_add171_9_27610_load    |    9|          2|   32|         64|
    |ap_sig_allocacmp_add171_9_28611_load    |    9|          2|   32|         64|
    |ap_sig_allocacmp_add171_9_29612_load    |    9|          2|   32|         64|
    |ap_sig_allocacmp_add171_9_30613_load    |    9|          2|   32|         64|
    |ap_sig_allocacmp_add171_9_31614_load    |    9|          2|   32|         64|
    |ap_sig_allocacmp_add171_9_3586_load     |    9|          2|   32|         64|
    |ap_sig_allocacmp_add171_9_4587_load     |    9|          2|   32|         64|
    |ap_sig_allocacmp_add171_9_5588_load     |    9|          2|   32|         64|
    |ap_sig_allocacmp_add171_9_6589_load     |    9|          2|   32|         64|
    |ap_sig_allocacmp_add171_9_7590_load     |    9|          2|   32|         64|
    |ap_sig_allocacmp_add171_9_8591_load     |    9|          2|   32|         64|
    |ap_sig_allocacmp_add171_9_9592_load     |    9|          2|   32|         64|
    |ap_sig_allocacmp_kk_2                   |    9|          2|    6|         12|
    |ap_sig_allocacmp_p_load                 |    9|          2|   32|         64|
    |empty_fu_8222                           |    9|          2|   32|         64|
    |kk_fu_12318                             |    9|          2|    6|         12|
    +----------------------------------------+-----+-----------+-----+-----------+
    |Total                                   |18468|       4104|65550|     131100|
    +----------------------------------------+-----+-----------+-----+-----------+

    * Register: 
    +------------------------------------+-----+----+-----+-----------+
    |                Name                |  FF | LUT| Bits| Const Bits|
    +------------------------------------+-----+----+-----+-----------+
    |add171_10166305_fu_8262             |   32|   0|   32|          0|
    |add171_10615_fu_9502                |   32|   0|   32|          0|
    |add171_10_10625_fu_9542             |   32|   0|   32|          0|
    |add171_10_11626_fu_9546             |   32|   0|   32|          0|
    |add171_10_12627_fu_9550             |   32|   0|   32|          0|
    |add171_10_13628_fu_9554             |   32|   0|   32|          0|
    |add171_10_14629_fu_9558             |   32|   0|   32|          0|
    |add171_10_15630_fu_9562             |   32|   0|   32|          0|
    |add171_10_1616_fu_9506              |   32|   0|   32|          0|
    |add171_10_16631_fu_9566             |   32|   0|   32|          0|
    |add171_10_17632_fu_9570             |   32|   0|   32|          0|
    |add171_10_18633_fu_9574             |   32|   0|   32|          0|
    |add171_10_19634_fu_9578             |   32|   0|   32|          0|
    |add171_10_20635_fu_9582             |   32|   0|   32|          0|
    |add171_10_21636_fu_9586             |   32|   0|   32|          0|
    |add171_10_22637_fu_9590             |   32|   0|   32|          0|
    |add171_10_23638_fu_9594             |   32|   0|   32|          0|
    |add171_10_24639_fu_9598             |   32|   0|   32|          0|
    |add171_10_25640_fu_9602             |   32|   0|   32|          0|
    |add171_10_2617_fu_9510              |   32|   0|   32|          0|
    |add171_10_26641_fu_9606             |   32|   0|   32|          0|
    |add171_10_27642_fu_9610             |   32|   0|   32|          0|
    |add171_10_28643_fu_9614             |   32|   0|   32|          0|
    |add171_10_29644_fu_9618             |   32|   0|   32|          0|
    |add171_10_30645_fu_9622             |   32|   0|   32|          0|
    |add171_10_31646_fu_9626             |   32|   0|   32|          0|
    |add171_10_3618_fu_9514              |   32|   0|   32|          0|
    |add171_10_4619_fu_9518              |   32|   0|   32|          0|
    |add171_10_5620_fu_9522              |   32|   0|   32|          0|
    |add171_10_6621_fu_9526              |   32|   0|   32|          0|
    |add171_10_7622_fu_9530              |   32|   0|   32|          0|
    |add171_10_8623_fu_9534              |   32|   0|   32|          0|
    |add171_10_9624_fu_9538              |   32|   0|   32|          0|
    |add171_1112296_fu_8226              |   32|   0|   32|          0|
    |add171_11172306_fu_8266             |   32|   0|   32|          0|
    |add171_11647_fu_9630                |   32|   0|   32|          0|
    |add171_11_10657_fu_9670             |   32|   0|   32|          0|
    |add171_11_11658_fu_9674             |   32|   0|   32|          0|
    |add171_11_12659_fu_9678             |   32|   0|   32|          0|
    |add171_11_13660_fu_9682             |   32|   0|   32|          0|
    |add171_11_14661_fu_9686             |   32|   0|   32|          0|
    |add171_11_15662_fu_9690             |   32|   0|   32|          0|
    |add171_11_1648_fu_9634              |   32|   0|   32|          0|
    |add171_11_16663_fu_9694             |   32|   0|   32|          0|
    |add171_11_17664_fu_9698             |   32|   0|   32|          0|
    |add171_11_18665_fu_9702             |   32|   0|   32|          0|
    |add171_11_19666_fu_9706             |   32|   0|   32|          0|
    |add171_11_20667_fu_9710             |   32|   0|   32|          0|
    |add171_11_21668_fu_9714             |   32|   0|   32|          0|
    |add171_11_22669_fu_9718             |   32|   0|   32|          0|
    |add171_11_23670_fu_9722             |   32|   0|   32|          0|
    |add171_11_24671_fu_9726             |   32|   0|   32|          0|
    |add171_11_25672_fu_9730             |   32|   0|   32|          0|
    |add171_11_2649_fu_9638              |   32|   0|   32|          0|
    |add171_11_26673_fu_9734             |   32|   0|   32|          0|
    |add171_11_27674_fu_9738             |   32|   0|   32|          0|
    |add171_11_28675_fu_9742             |   32|   0|   32|          0|
    |add171_11_29676_fu_9746             |   32|   0|   32|          0|
    |add171_11_30677_fu_9750             |   32|   0|   32|          0|
    |add171_11_31678_fu_9754             |   32|   0|   32|          0|
    |add171_11_3650_fu_9642              |   32|   0|   32|          0|
    |add171_11_4651_fu_9646              |   32|   0|   32|          0|
    |add171_11_5652_fu_9650              |   32|   0|   32|          0|
    |add171_11_6653_fu_9654              |   32|   0|   32|          0|
    |add171_11_7654_fu_9658              |   32|   0|   32|          0|
    |add171_11_8655_fu_9662              |   32|   0|   32|          0|
    |add171_11_9656_fu_9666              |   32|   0|   32|          0|
    |add171_12178307_fu_8270             |   32|   0|   32|          0|
    |add171_12679_fu_9758                |   32|   0|   32|          0|
    |add171_12_10689_fu_9798             |   32|   0|   32|          0|
    |add171_12_11690_fu_9802             |   32|   0|   32|          0|
    |add171_12_12691_fu_9806             |   32|   0|   32|          0|
    |add171_12_13692_fu_9810             |   32|   0|   32|          0|
    |add171_12_14693_fu_9814             |   32|   0|   32|          0|
    |add171_12_15694_fu_9818             |   32|   0|   32|          0|
    |add171_12_16695_fu_9822             |   32|   0|   32|          0|
    |add171_12_1680_fu_9762              |   32|   0|   32|          0|
    |add171_12_17696_fu_9826             |   32|   0|   32|          0|
    |add171_12_18697_fu_9830             |   32|   0|   32|          0|
    |add171_12_19698_fu_9834             |   32|   0|   32|          0|
    |add171_12_20699_fu_9838             |   32|   0|   32|          0|
    |add171_12_21700_fu_9842             |   32|   0|   32|          0|
    |add171_12_22701_fu_9846             |   32|   0|   32|          0|
    |add171_12_23702_fu_9850             |   32|   0|   32|          0|
    |add171_12_24703_fu_9854             |   32|   0|   32|          0|
    |add171_12_25704_fu_9858             |   32|   0|   32|          0|
    |add171_12_26705_fu_9862             |   32|   0|   32|          0|
    |add171_12_2681_fu_9766              |   32|   0|   32|          0|
    |add171_12_27706_fu_9866             |   32|   0|   32|          0|
    |add171_12_28707_fu_9870             |   32|   0|   32|          0|
    |add171_12_29708_fu_9874             |   32|   0|   32|          0|
    |add171_12_30709_fu_9878             |   32|   0|   32|          0|
    |add171_12_31710_fu_9882             |   32|   0|   32|          0|
    |add171_12_3682_fu_9770              |   32|   0|   32|          0|
    |add171_12_4683_fu_9774              |   32|   0|   32|          0|
    |add171_12_5684_fu_9778              |   32|   0|   32|          0|
    |add171_12_6685_fu_9782              |   32|   0|   32|          0|
    |add171_12_7686_fu_9786              |   32|   0|   32|          0|
    |add171_12_8687_fu_9790              |   32|   0|   32|          0|
    |add171_12_9688_fu_9794              |   32|   0|   32|          0|
    |add171_13184308_fu_8274             |   32|   0|   32|          0|
    |add171_1327_fu_8350                 |   32|   0|   32|          0|
    |add171_13711_fu_9886                |   32|   0|   32|          0|
    |add171_13_10721_fu_9926             |   32|   0|   32|          0|
    |add171_13_11722_fu_9930             |   32|   0|   32|          0|
    |add171_13_12723_fu_9934             |   32|   0|   32|          0|
    |add171_13_13724_fu_9938             |   32|   0|   32|          0|
    |add171_13_14725_fu_9942             |   32|   0|   32|          0|
    |add171_13_15726_fu_9946             |   32|   0|   32|          0|
    |add171_13_16727_fu_9950             |   32|   0|   32|          0|
    |add171_13_1712_fu_9890              |   32|   0|   32|          0|
    |add171_13_17728_fu_9954             |   32|   0|   32|          0|
    |add171_13_18729_fu_9958             |   32|   0|   32|          0|
    |add171_13_19730_fu_9962             |   32|   0|   32|          0|
    |add171_13_20731_fu_9966             |   32|   0|   32|          0|
    |add171_13_21732_fu_9970             |   32|   0|   32|          0|
    |add171_13_22733_fu_9974             |   32|   0|   32|          0|
    |add171_13_23734_fu_9978             |   32|   0|   32|          0|
    |add171_13_24735_fu_9982             |   32|   0|   32|          0|
    |add171_13_25736_fu_9986             |   32|   0|   32|          0|
    |add171_13_26737_fu_9990             |   32|   0|   32|          0|
    |add171_13_2713_fu_9894              |   32|   0|   32|          0|
    |add171_13_27738_fu_9994             |   32|   0|   32|          0|
    |add171_13_28739_fu_9998             |   32|   0|   32|          0|
    |add171_13_29740_fu_10002            |   32|   0|   32|          0|
    |add171_13_30741_fu_10006            |   32|   0|   32|          0|
    |add171_13_31742_fu_10010            |   32|   0|   32|          0|
    |add171_13_3714_fu_9898              |   32|   0|   32|          0|
    |add171_13_4715_fu_9902              |   32|   0|   32|          0|
    |add171_13_5716_fu_9906              |   32|   0|   32|          0|
    |add171_13_6717_fu_9910              |   32|   0|   32|          0|
    |add171_13_7718_fu_9914              |   32|   0|   32|          0|
    |add171_13_8719_fu_9918              |   32|   0|   32|          0|
    |add171_13_9720_fu_9922              |   32|   0|   32|          0|
    |add171_14190309_fu_8278             |   32|   0|   32|          0|
    |add171_14743_fu_10014               |   32|   0|   32|          0|
    |add171_14_10753_fu_10054            |   32|   0|   32|          0|
    |add171_14_11754_fu_10058            |   32|   0|   32|          0|
    |add171_14_12755_fu_10062            |   32|   0|   32|          0|
    |add171_14_13756_fu_10066            |   32|   0|   32|          0|
    |add171_14_14757_fu_10070            |   32|   0|   32|          0|
    |add171_14_15758_fu_10074            |   32|   0|   32|          0|
    |add171_14_16759_fu_10078            |   32|   0|   32|          0|
    |add171_14_1744_fu_10018             |   32|   0|   32|          0|
    |add171_14_17760_fu_10082            |   32|   0|   32|          0|
    |add171_14_18761_fu_10086            |   32|   0|   32|          0|
    |add171_14_19762_fu_10090            |   32|   0|   32|          0|
    |add171_14_20763_fu_10094            |   32|   0|   32|          0|
    |add171_14_21764_fu_10098            |   32|   0|   32|          0|
    |add171_14_22765_fu_10102            |   32|   0|   32|          0|
    |add171_14_23766_fu_10106            |   32|   0|   32|          0|
    |add171_14_24767_fu_10110            |   32|   0|   32|          0|
    |add171_14_25768_fu_10114            |   32|   0|   32|          0|
    |add171_14_26769_fu_10118            |   32|   0|   32|          0|
    |add171_14_2745_fu_10022             |   32|   0|   32|          0|
    |add171_14_27770_fu_10122            |   32|   0|   32|          0|
    |add171_14_28771_fu_10126            |   32|   0|   32|          0|
    |add171_14_29772_fu_10130            |   32|   0|   32|          0|
    |add171_14_30773_fu_10134            |   32|   0|   32|          0|
    |add171_14_31774_fu_10138            |   32|   0|   32|          0|
    |add171_14_3746_fu_10026             |   32|   0|   32|          0|
    |add171_14_4747_fu_10030             |   32|   0|   32|          0|
    |add171_14_5748_fu_10034             |   32|   0|   32|          0|
    |add171_14_6749_fu_10038             |   32|   0|   32|          0|
    |add171_14_7750_fu_10042             |   32|   0|   32|          0|
    |add171_14_8751_fu_10046             |   32|   0|   32|          0|
    |add171_14_9752_fu_10050             |   32|   0|   32|          0|
    |add171_15196310_fu_8282             |   32|   0|   32|          0|
    |add171_15775_fu_10142               |   32|   0|   32|          0|
    |add171_15_10785_fu_10182            |   32|   0|   32|          0|
    |add171_15_11786_fu_10186            |   32|   0|   32|          0|
    |add171_15_12787_fu_10190            |   32|   0|   32|          0|
    |add171_15_13788_fu_10194            |   32|   0|   32|          0|
    |add171_15_14789_fu_10198            |   32|   0|   32|          0|
    |add171_15_15790_fu_10202            |   32|   0|   32|          0|
    |add171_15_16791_fu_10206            |   32|   0|   32|          0|
    |add171_15_1776_fu_10146             |   32|   0|   32|          0|
    |add171_15_17792_fu_10210            |   32|   0|   32|          0|
    |add171_15_18793_fu_10214            |   32|   0|   32|          0|
    |add171_15_19794_fu_10218            |   32|   0|   32|          0|
    |add171_15_20795_fu_10222            |   32|   0|   32|          0|
    |add171_15_21796_fu_10226            |   32|   0|   32|          0|
    |add171_15_22797_fu_10230            |   32|   0|   32|          0|
    |add171_15_23798_fu_10234            |   32|   0|   32|          0|
    |add171_15_24799_fu_10238            |   32|   0|   32|          0|
    |add171_15_25800_fu_10242            |   32|   0|   32|          0|
    |add171_15_26801_fu_10246            |   32|   0|   32|          0|
    |add171_15_2777_fu_10150             |   32|   0|   32|          0|
    |add171_15_27802_fu_10250            |   32|   0|   32|          0|
    |add171_15_28803_fu_10254            |   32|   0|   32|          0|
    |add171_15_29804_fu_10258            |   32|   0|   32|          0|
    |add171_15_30805_fu_10262            |   32|   0|   32|          0|
    |add171_15_31806_fu_10266            |   32|   0|   32|          0|
    |add171_15_3778_fu_10154             |   32|   0|   32|          0|
    |add171_15_4779_fu_10158             |   32|   0|   32|          0|
    |add171_15_5780_fu_10162             |   32|   0|   32|          0|
    |add171_15_6781_fu_10166             |   32|   0|   32|          0|
    |add171_15_7782_fu_10170             |   32|   0|   32|          0|
    |add171_15_8783_fu_10174             |   32|   0|   32|          0|
    |add171_15_9784_fu_10178             |   32|   0|   32|          0|
    |add171_16202311_fu_8286             |   32|   0|   32|          0|
    |add171_16807_fu_10270               |   32|   0|   32|          0|
    |add171_16_10817_fu_10310            |   32|   0|   32|          0|
    |add171_16_11818_fu_10314            |   32|   0|   32|          0|
    |add171_16_12819_fu_10318            |   32|   0|   32|          0|
    |add171_16_13820_fu_10322            |   32|   0|   32|          0|
    |add171_16_14821_fu_10326            |   32|   0|   32|          0|
    |add171_16_15822_fu_10330            |   32|   0|   32|          0|
    |add171_16_16823_fu_10334            |   32|   0|   32|          0|
    |add171_16_17824_fu_10338            |   32|   0|   32|          0|
    |add171_16_1808_fu_10274             |   32|   0|   32|          0|
    |add171_16_18825_fu_10342            |   32|   0|   32|          0|
    |add171_16_19826_fu_10346            |   32|   0|   32|          0|
    |add171_16_20827_fu_10350            |   32|   0|   32|          0|
    |add171_16_21828_fu_10354            |   32|   0|   32|          0|
    |add171_16_22829_fu_10358            |   32|   0|   32|          0|
    |add171_16_23830_fu_10362            |   32|   0|   32|          0|
    |add171_16_24831_fu_10366            |   32|   0|   32|          0|
    |add171_16_25832_fu_10370            |   32|   0|   32|          0|
    |add171_16_26833_fu_10374            |   32|   0|   32|          0|
    |add171_16_27834_fu_10378            |   32|   0|   32|          0|
    |add171_16_2809_fu_10278             |   32|   0|   32|          0|
    |add171_16_28835_fu_10382            |   32|   0|   32|          0|
    |add171_16_29836_fu_10386            |   32|   0|   32|          0|
    |add171_16_30837_fu_10390            |   32|   0|   32|          0|
    |add171_16_31838_fu_10394            |   32|   0|   32|          0|
    |add171_16_3810_fu_10282             |   32|   0|   32|          0|
    |add171_16_4811_fu_10286             |   32|   0|   32|          0|
    |add171_16_5812_fu_10290             |   32|   0|   32|          0|
    |add171_16_6813_fu_10294             |   32|   0|   32|          0|
    |add171_16_7814_fu_10298             |   32|   0|   32|          0|
    |add171_16_8815_fu_10302             |   32|   0|   32|          0|
    |add171_16_9816_fu_10306             |   32|   0|   32|          0|
    |add171_17208312_fu_8290             |   32|   0|   32|          0|
    |add171_17839_fu_10398               |   32|   0|   32|          0|
    |add171_17_10849_fu_10438            |   32|   0|   32|          0|
    |add171_17_11850_fu_10442            |   32|   0|   32|          0|
    |add171_17_12851_fu_10446            |   32|   0|   32|          0|
    |add171_17_13852_fu_10450            |   32|   0|   32|          0|
    |add171_17_14853_fu_10454            |   32|   0|   32|          0|
    |add171_17_15854_fu_10458            |   32|   0|   32|          0|
    |add171_17_16855_fu_10462            |   32|   0|   32|          0|
    |add171_17_17856_fu_10466            |   32|   0|   32|          0|
    |add171_17_1840_fu_10402             |   32|   0|   32|          0|
    |add171_17_18857_fu_10470            |   32|   0|   32|          0|
    |add171_17_19858_fu_10474            |   32|   0|   32|          0|
    |add171_17_20859_fu_10478            |   32|   0|   32|          0|
    |add171_17_21860_fu_10482            |   32|   0|   32|          0|
    |add171_17_22861_fu_10486            |   32|   0|   32|          0|
    |add171_17_23862_fu_10490            |   32|   0|   32|          0|
    |add171_17_24863_fu_10494            |   32|   0|   32|          0|
    |add171_17_25864_fu_10498            |   32|   0|   32|          0|
    |add171_17_26865_fu_10502            |   32|   0|   32|          0|
    |add171_17_27866_fu_10506            |   32|   0|   32|          0|
    |add171_17_2841_fu_10406             |   32|   0|   32|          0|
    |add171_17_28867_fu_10510            |   32|   0|   32|          0|
    |add171_17_29868_fu_10514            |   32|   0|   32|          0|
    |add171_17_30869_fu_10518            |   32|   0|   32|          0|
    |add171_17_31870_fu_10522            |   32|   0|   32|          0|
    |add171_17_3842_fu_10410             |   32|   0|   32|          0|
    |add171_17_4843_fu_10414             |   32|   0|   32|          0|
    |add171_17_5844_fu_10418             |   32|   0|   32|          0|
    |add171_17_6845_fu_10422             |   32|   0|   32|          0|
    |add171_17_7846_fu_10426             |   32|   0|   32|          0|
    |add171_17_8847_fu_10430             |   32|   0|   32|          0|
    |add171_17_9848_fu_10434             |   32|   0|   32|          0|
    |add171_18214313_fu_8294             |   32|   0|   32|          0|
    |add171_18871_fu_10526               |   32|   0|   32|          0|
    |add171_18_10881_fu_10566            |   32|   0|   32|          0|
    |add171_18_11882_fu_10570            |   32|   0|   32|          0|
    |add171_18_12883_fu_10574            |   32|   0|   32|          0|
    |add171_18_13884_fu_10578            |   32|   0|   32|          0|
    |add171_18_14885_fu_10582            |   32|   0|   32|          0|
    |add171_18_15886_fu_10586            |   32|   0|   32|          0|
    |add171_18_16887_fu_10590            |   32|   0|   32|          0|
    |add171_18_17888_fu_10594            |   32|   0|   32|          0|
    |add171_18_1872_fu_10530             |   32|   0|   32|          0|
    |add171_18_18889_fu_10598            |   32|   0|   32|          0|
    |add171_18_19890_fu_10602            |   32|   0|   32|          0|
    |add171_18_20891_fu_10606            |   32|   0|   32|          0|
    |add171_18_21892_fu_10610            |   32|   0|   32|          0|
    |add171_18_22893_fu_10614            |   32|   0|   32|          0|
    |add171_18_23894_fu_10618            |   32|   0|   32|          0|
    |add171_18_24895_fu_10622            |   32|   0|   32|          0|
    |add171_18_25896_fu_10626            |   32|   0|   32|          0|
    |add171_18_26897_fu_10630            |   32|   0|   32|          0|
    |add171_18_27898_fu_10634            |   32|   0|   32|          0|
    |add171_18_2873_fu_10534             |   32|   0|   32|          0|
    |add171_18_28899_fu_10638            |   32|   0|   32|          0|
    |add171_18_29900_fu_10642            |   32|   0|   32|          0|
    |add171_18_30901_fu_10646            |   32|   0|   32|          0|
    |add171_18_31902_fu_10650            |   32|   0|   32|          0|
    |add171_18_3874_fu_10538             |   32|   0|   32|          0|
    |add171_18_4875_fu_10542             |   32|   0|   32|          0|
    |add171_18_5876_fu_10546             |   32|   0|   32|          0|
    |add171_18_6877_fu_10550             |   32|   0|   32|          0|
    |add171_18_7878_fu_10554             |   32|   0|   32|          0|
    |add171_18_8879_fu_10558             |   32|   0|   32|          0|
    |add171_18_9880_fu_10562             |   32|   0|   32|          0|
    |add171_19220314_fu_8298             |   32|   0|   32|          0|
    |add171_19903_fu_10654               |   32|   0|   32|          0|
    |add171_19_10913_fu_10694            |   32|   0|   32|          0|
    |add171_19_11914_fu_10698            |   32|   0|   32|          0|
    |add171_19_12915_fu_10702            |   32|   0|   32|          0|
    |add171_19_13916_fu_10706            |   32|   0|   32|          0|
    |add171_19_14917_fu_10710            |   32|   0|   32|          0|
    |add171_19_15918_fu_10714            |   32|   0|   32|          0|
    |add171_19_16919_fu_10718            |   32|   0|   32|          0|
    |add171_19_17920_fu_10722            |   32|   0|   32|          0|
    |add171_19_18921_fu_10726            |   32|   0|   32|          0|
    |add171_19_1904_fu_10658             |   32|   0|   32|          0|
    |add171_19_19922_fu_10730            |   32|   0|   32|          0|
    |add171_19_20923_fu_10734            |   32|   0|   32|          0|
    |add171_19_21924_fu_10738            |   32|   0|   32|          0|
    |add171_19_22925_fu_10742            |   32|   0|   32|          0|
    |add171_19_23926_fu_10746            |   32|   0|   32|          0|
    |add171_19_24927_fu_10750            |   32|   0|   32|          0|
    |add171_19_25928_fu_10754            |   32|   0|   32|          0|
    |add171_19_26929_fu_10758            |   32|   0|   32|          0|
    |add171_19_27930_fu_10762            |   32|   0|   32|          0|
    |add171_19_28931_fu_10766            |   32|   0|   32|          0|
    |add171_19_2905_fu_10662             |   32|   0|   32|          0|
    |add171_19_29932_fu_10770            |   32|   0|   32|          0|
    |add171_19_30933_fu_10774            |   32|   0|   32|          0|
    |add171_19_31934_fu_10778            |   32|   0|   32|          0|
    |add171_19_3906_fu_10666             |   32|   0|   32|          0|
    |add171_19_4907_fu_10670             |   32|   0|   32|          0|
    |add171_19_5908_fu_10674             |   32|   0|   32|          0|
    |add171_19_6909_fu_10678             |   32|   0|   32|          0|
    |add171_19_7910_fu_10682             |   32|   0|   32|          0|
    |add171_19_8911_fu_10686             |   32|   0|   32|          0|
    |add171_19_9912_fu_10690             |   32|   0|   32|          0|
    |add171_1_10337_fu_8390              |   32|   0|   32|          0|
    |add171_1_11338_fu_8394              |   32|   0|   32|          0|
    |add171_1_12339_fu_8398              |   32|   0|   32|          0|
    |add171_1_1328_fu_8354               |   32|   0|   32|          0|
    |add171_1_13340_fu_8402              |   32|   0|   32|          0|
    |add171_1_14341_fu_8406              |   32|   0|   32|          0|
    |add171_1_15342_fu_8410              |   32|   0|   32|          0|
    |add171_1_16343_fu_8414              |   32|   0|   32|          0|
    |add171_1_17344_fu_8418              |   32|   0|   32|          0|
    |add171_1_18345_fu_8422              |   32|   0|   32|          0|
    |add171_1_19346_fu_8426              |   32|   0|   32|          0|
    |add171_1_20347_fu_8430              |   32|   0|   32|          0|
    |add171_1_21348_fu_8434              |   32|   0|   32|          0|
    |add171_1_22349_fu_8438              |   32|   0|   32|          0|
    |add171_1_2329_fu_8358               |   32|   0|   32|          0|
    |add171_1_23350_fu_8442              |   32|   0|   32|          0|
    |add171_1_24351_fu_8446              |   32|   0|   32|          0|
    |add171_1_25352_fu_8450              |   32|   0|   32|          0|
    |add171_1_26353_fu_8454              |   32|   0|   32|          0|
    |add171_1_27354_fu_8458              |   32|   0|   32|          0|
    |add171_1_28355_fu_8462              |   32|   0|   32|          0|
    |add171_1_29356_fu_8466              |   32|   0|   32|          0|
    |add171_1_30357_fu_8470              |   32|   0|   32|          0|
    |add171_1_31358_fu_8474              |   32|   0|   32|          0|
    |add171_1_3330_fu_8362               |   32|   0|   32|          0|
    |add171_1_4331_fu_8366               |   32|   0|   32|          0|
    |add171_1_5332_fu_8370               |   32|   0|   32|          0|
    |add171_1_6333_fu_8374               |   32|   0|   32|          0|
    |add171_1_7334_fu_8378               |   32|   0|   32|          0|
    |add171_1_8335_fu_8382               |   32|   0|   32|          0|
    |add171_1_9336_fu_8386               |   32|   0|   32|          0|
    |add171_20226315_fu_8302             |   32|   0|   32|          0|
    |add171_20935_fu_10782               |   32|   0|   32|          0|
    |add171_20_10945_fu_10822            |   32|   0|   32|          0|
    |add171_20_11946_fu_10826            |   32|   0|   32|          0|
    |add171_20_12947_fu_10830            |   32|   0|   32|          0|
    |add171_20_13948_fu_10834            |   32|   0|   32|          0|
    |add171_20_14949_fu_10838            |   32|   0|   32|          0|
    |add171_20_15950_fu_10842            |   32|   0|   32|          0|
    |add171_20_16951_fu_10846            |   32|   0|   32|          0|
    |add171_20_17952_fu_10850            |   32|   0|   32|          0|
    |add171_20_18953_fu_10854            |   32|   0|   32|          0|
    |add171_20_1936_fu_10786             |   32|   0|   32|          0|
    |add171_20_19954_fu_10858            |   32|   0|   32|          0|
    |add171_20_20955_fu_10862            |   32|   0|   32|          0|
    |add171_20_21956_fu_10866            |   32|   0|   32|          0|
    |add171_20_22957_fu_10870            |   32|   0|   32|          0|
    |add171_20_23958_fu_10874            |   32|   0|   32|          0|
    |add171_20_24959_fu_10878            |   32|   0|   32|          0|
    |add171_20_25960_fu_10882            |   32|   0|   32|          0|
    |add171_20_26961_fu_10886            |   32|   0|   32|          0|
    |add171_20_27962_fu_10890            |   32|   0|   32|          0|
    |add171_20_28963_fu_10894            |   32|   0|   32|          0|
    |add171_20_2937_fu_10790             |   32|   0|   32|          0|
    |add171_20_29964_fu_10898            |   32|   0|   32|          0|
    |add171_20_30965_fu_10902            |   32|   0|   32|          0|
    |add171_20_31966_fu_10906            |   32|   0|   32|          0|
    |add171_20_3938_fu_10794             |   32|   0|   32|          0|
    |add171_20_4939_fu_10798             |   32|   0|   32|          0|
    |add171_20_5940_fu_10802             |   32|   0|   32|          0|
    |add171_20_6941_fu_10806             |   32|   0|   32|          0|
    |add171_20_7942_fu_10810             |   32|   0|   32|          0|
    |add171_20_8943_fu_10814             |   32|   0|   32|          0|
    |add171_20_9944_fu_10818             |   32|   0|   32|          0|
    |add171_2118297_fu_8230              |   32|   0|   32|          0|
    |add171_21232316_fu_8306             |   32|   0|   32|          0|
    |add171_21967_fu_10910               |   32|   0|   32|          0|
    |add171_21_10977_fu_10950            |   32|   0|   32|          0|
    |add171_21_11978_fu_10954            |   32|   0|   32|          0|
    |add171_21_12979_fu_10958            |   32|   0|   32|          0|
    |add171_21_13980_fu_10962            |   32|   0|   32|          0|
    |add171_21_14981_fu_10966            |   32|   0|   32|          0|
    |add171_21_15982_fu_10970            |   32|   0|   32|          0|
    |add171_21_16983_fu_10974            |   32|   0|   32|          0|
    |add171_21_17984_fu_10978            |   32|   0|   32|          0|
    |add171_21_18985_fu_10982            |   32|   0|   32|          0|
    |add171_21_1968_fu_10914             |   32|   0|   32|          0|
    |add171_21_19986_fu_10986            |   32|   0|   32|          0|
    |add171_21_20987_fu_10990            |   32|   0|   32|          0|
    |add171_21_21988_fu_10994            |   32|   0|   32|          0|
    |add171_21_22989_fu_10998            |   32|   0|   32|          0|
    |add171_21_23990_fu_11002            |   32|   0|   32|          0|
    |add171_21_24991_fu_11006            |   32|   0|   32|          0|
    |add171_21_25992_fu_11010            |   32|   0|   32|          0|
    |add171_21_26993_fu_11014            |   32|   0|   32|          0|
    |add171_21_27994_fu_11018            |   32|   0|   32|          0|
    |add171_21_28995_fu_11022            |   32|   0|   32|          0|
    |add171_21_2969_fu_10918             |   32|   0|   32|          0|
    |add171_21_29996_fu_11026            |   32|   0|   32|          0|
    |add171_21_30997_fu_11030            |   32|   0|   32|          0|
    |add171_21_31998_fu_11034            |   32|   0|   32|          0|
    |add171_21_3970_fu_10922             |   32|   0|   32|          0|
    |add171_21_4971_fu_10926             |   32|   0|   32|          0|
    |add171_21_5972_fu_10930             |   32|   0|   32|          0|
    |add171_21_6973_fu_10934             |   32|   0|   32|          0|
    |add171_21_7974_fu_10938             |   32|   0|   32|          0|
    |add171_21_8975_fu_10942             |   32|   0|   32|          0|
    |add171_21_9976_fu_10946             |   32|   0|   32|          0|
    |add171_22238317_fu_8310             |   32|   0|   32|          0|
    |add171_22999_fu_11038               |   32|   0|   32|          0|
    |add171_22_101009_fu_11078           |   32|   0|   32|          0|
    |add171_22_11000_fu_11042            |   32|   0|   32|          0|
    |add171_22_111010_fu_11082           |   32|   0|   32|          0|
    |add171_22_121011_fu_11086           |   32|   0|   32|          0|
    |add171_22_131012_fu_11090           |   32|   0|   32|          0|
    |add171_22_141013_fu_11094           |   32|   0|   32|          0|
    |add171_22_151014_fu_11098           |   32|   0|   32|          0|
    |add171_22_161015_fu_11102           |   32|   0|   32|          0|
    |add171_22_171016_fu_11106           |   32|   0|   32|          0|
    |add171_22_181017_fu_11110           |   32|   0|   32|          0|
    |add171_22_191018_fu_11114           |   32|   0|   32|          0|
    |add171_22_201019_fu_11118           |   32|   0|   32|          0|
    |add171_22_21001_fu_11046            |   32|   0|   32|          0|
    |add171_22_211020_fu_11122           |   32|   0|   32|          0|
    |add171_22_221021_fu_11126           |   32|   0|   32|          0|
    |add171_22_231022_fu_11130           |   32|   0|   32|          0|
    |add171_22_241023_fu_11134           |   32|   0|   32|          0|
    |add171_22_251024_fu_11138           |   32|   0|   32|          0|
    |add171_22_261025_fu_11142           |   32|   0|   32|          0|
    |add171_22_271026_fu_11146           |   32|   0|   32|          0|
    |add171_22_281027_fu_11150           |   32|   0|   32|          0|
    |add171_22_291028_fu_11154           |   32|   0|   32|          0|
    |add171_22_301029_fu_11158           |   32|   0|   32|          0|
    |add171_22_31002_fu_11050            |   32|   0|   32|          0|
    |add171_22_311030_fu_11162           |   32|   0|   32|          0|
    |add171_22_41003_fu_11054            |   32|   0|   32|          0|
    |add171_22_51004_fu_11058            |   32|   0|   32|          0|
    |add171_22_61005_fu_11062            |   32|   0|   32|          0|
    |add171_22_71006_fu_11066            |   32|   0|   32|          0|
    |add171_22_81007_fu_11070            |   32|   0|   32|          0|
    |add171_22_91008_fu_11074            |   32|   0|   32|          0|
    |add171_231031_fu_11166              |   32|   0|   32|          0|
    |add171_23244318_fu_8314             |   32|   0|   32|          0|
    |add171_2359_fu_8478                 |   32|   0|   32|          0|
    |add171_23_101041_fu_11206           |   32|   0|   32|          0|
    |add171_23_11032_fu_11170            |   32|   0|   32|          0|
    |add171_23_111042_fu_11210           |   32|   0|   32|          0|
    |add171_23_121043_fu_11214           |   32|   0|   32|          0|
    |add171_23_131044_fu_11218           |   32|   0|   32|          0|
    |add171_23_141045_fu_11222           |   32|   0|   32|          0|
    |add171_23_151046_fu_11226           |   32|   0|   32|          0|
    |add171_23_161047_fu_11230           |   32|   0|   32|          0|
    |add171_23_171048_fu_11234           |   32|   0|   32|          0|
    |add171_23_181049_fu_11238           |   32|   0|   32|          0|
    |add171_23_191050_fu_11242           |   32|   0|   32|          0|
    |add171_23_201051_fu_11246           |   32|   0|   32|          0|
    |add171_23_21033_fu_11174            |   32|   0|   32|          0|
    |add171_23_211052_fu_11250           |   32|   0|   32|          0|
    |add171_23_221053_fu_11254           |   32|   0|   32|          0|
    |add171_23_231054_fu_11258           |   32|   0|   32|          0|
    |add171_23_241055_fu_11262           |   32|   0|   32|          0|
    |add171_23_251056_fu_11266           |   32|   0|   32|          0|
    |add171_23_261057_fu_11270           |   32|   0|   32|          0|
    |add171_23_271058_fu_11274           |   32|   0|   32|          0|
    |add171_23_281059_fu_11278           |   32|   0|   32|          0|
    |add171_23_291060_fu_11282           |   32|   0|   32|          0|
    |add171_23_301061_fu_11286           |   32|   0|   32|          0|
    |add171_23_31034_fu_11178            |   32|   0|   32|          0|
    |add171_23_311062_fu_11290           |   32|   0|   32|          0|
    |add171_23_41035_fu_11182            |   32|   0|   32|          0|
    |add171_23_51036_fu_11186            |   32|   0|   32|          0|
    |add171_23_61037_fu_11190            |   32|   0|   32|          0|
    |add171_23_71038_fu_11194            |   32|   0|   32|          0|
    |add171_23_81039_fu_11198            |   32|   0|   32|          0|
    |add171_23_91040_fu_11202            |   32|   0|   32|          0|
    |add171_241063_fu_11294              |   32|   0|   32|          0|
    |add171_24250319_fu_8318             |   32|   0|   32|          0|
    |add171_24_101073_fu_11334           |   32|   0|   32|          0|
    |add171_24_11064_fu_11298            |   32|   0|   32|          0|
    |add171_24_111074_fu_11338           |   32|   0|   32|          0|
    |add171_24_121075_fu_11342           |   32|   0|   32|          0|
    |add171_24_131076_fu_11346           |   32|   0|   32|          0|
    |add171_24_141077_fu_11350           |   32|   0|   32|          0|
    |add171_24_151078_fu_11354           |   32|   0|   32|          0|
    |add171_24_161079_fu_11358           |   32|   0|   32|          0|
    |add171_24_171080_fu_11362           |   32|   0|   32|          0|
    |add171_24_181081_fu_11366           |   32|   0|   32|          0|
    |add171_24_191082_fu_11370           |   32|   0|   32|          0|
    |add171_24_201083_fu_11374           |   32|   0|   32|          0|
    |add171_24_21065_fu_11302            |   32|   0|   32|          0|
    |add171_24_211084_fu_11378           |   32|   0|   32|          0|
    |add171_24_221085_fu_11382           |   32|   0|   32|          0|
    |add171_24_231086_fu_11386           |   32|   0|   32|          0|
    |add171_24_241087_fu_11390           |   32|   0|   32|          0|
    |add171_24_251088_fu_11394           |   32|   0|   32|          0|
    |add171_24_261089_fu_11398           |   32|   0|   32|          0|
    |add171_24_271090_fu_11402           |   32|   0|   32|          0|
    |add171_24_281091_fu_11406           |   32|   0|   32|          0|
    |add171_24_291092_fu_11410           |   32|   0|   32|          0|
    |add171_24_301093_fu_11414           |   32|   0|   32|          0|
    |add171_24_31066_fu_11306            |   32|   0|   32|          0|
    |add171_24_311094_fu_11418           |   32|   0|   32|          0|
    |add171_24_41067_fu_11310            |   32|   0|   32|          0|
    |add171_24_51068_fu_11314            |   32|   0|   32|          0|
    |add171_24_61069_fu_11318            |   32|   0|   32|          0|
    |add171_24_71070_fu_11322            |   32|   0|   32|          0|
    |add171_24_81071_fu_11326            |   32|   0|   32|          0|
    |add171_24_91072_fu_11330            |   32|   0|   32|          0|
    |add171_251095_fu_11422              |   32|   0|   32|          0|
    |add171_25256320_fu_8322             |   32|   0|   32|          0|
    |add171_25_101105_fu_11462           |   32|   0|   32|          0|
    |add171_25_11096_fu_11426            |   32|   0|   32|          0|
    |add171_25_111106_fu_11466           |   32|   0|   32|          0|
    |add171_25_121107_fu_11470           |   32|   0|   32|          0|
    |add171_25_131108_fu_11474           |   32|   0|   32|          0|
    |add171_25_141109_fu_11478           |   32|   0|   32|          0|
    |add171_25_151110_fu_11482           |   32|   0|   32|          0|
    |add171_25_161111_fu_11486           |   32|   0|   32|          0|
    |add171_25_171112_fu_11490           |   32|   0|   32|          0|
    |add171_25_181113_fu_11494           |   32|   0|   32|          0|
    |add171_25_191114_fu_11498           |   32|   0|   32|          0|
    |add171_25_201115_fu_11502           |   32|   0|   32|          0|
    |add171_25_21097_fu_11430            |   32|   0|   32|          0|
    |add171_25_211116_fu_11506           |   32|   0|   32|          0|
    |add171_25_221117_fu_11510           |   32|   0|   32|          0|
    |add171_25_231118_fu_11514           |   32|   0|   32|          0|
    |add171_25_241119_fu_11518           |   32|   0|   32|          0|
    |add171_25_251120_fu_11522           |   32|   0|   32|          0|
    |add171_25_261121_fu_11526           |   32|   0|   32|          0|
    |add171_25_271122_fu_11530           |   32|   0|   32|          0|
    |add171_25_281123_fu_11534           |   32|   0|   32|          0|
    |add171_25_291124_fu_11538           |   32|   0|   32|          0|
    |add171_25_301125_fu_11542           |   32|   0|   32|          0|
    |add171_25_31098_fu_11434            |   32|   0|   32|          0|
    |add171_25_311126_fu_11546           |   32|   0|   32|          0|
    |add171_25_41099_fu_11438            |   32|   0|   32|          0|
    |add171_25_51100_fu_11442            |   32|   0|   32|          0|
    |add171_25_61101_fu_11446            |   32|   0|   32|          0|
    |add171_25_71102_fu_11450            |   32|   0|   32|          0|
    |add171_25_81103_fu_11454            |   32|   0|   32|          0|
    |add171_25_91104_fu_11458            |   32|   0|   32|          0|
    |add171_261127_fu_11550              |   32|   0|   32|          0|
    |add171_26262321_fu_8326             |   32|   0|   32|          0|
    |add171_26_101137_fu_11590           |   32|   0|   32|          0|
    |add171_26_111138_fu_11594           |   32|   0|   32|          0|
    |add171_26_11128_fu_11554            |   32|   0|   32|          0|
    |add171_26_121139_fu_11598           |   32|   0|   32|          0|
    |add171_26_131140_fu_11602           |   32|   0|   32|          0|
    |add171_26_141141_fu_11606           |   32|   0|   32|          0|
    |add171_26_151142_fu_11610           |   32|   0|   32|          0|
    |add171_26_161143_fu_11614           |   32|   0|   32|          0|
    |add171_26_171144_fu_11618           |   32|   0|   32|          0|
    |add171_26_181145_fu_11622           |   32|   0|   32|          0|
    |add171_26_191146_fu_11626           |   32|   0|   32|          0|
    |add171_26_201147_fu_11630           |   32|   0|   32|          0|
    |add171_26_211148_fu_11634           |   32|   0|   32|          0|
    |add171_26_21129_fu_11558            |   32|   0|   32|          0|
    |add171_26_221149_fu_11638           |   32|   0|   32|          0|
    |add171_26_231150_fu_11642           |   32|   0|   32|          0|
    |add171_26_241151_fu_11646           |   32|   0|   32|          0|
    |add171_26_251152_fu_11650           |   32|   0|   32|          0|
    |add171_26_261153_fu_11654           |   32|   0|   32|          0|
    |add171_26_271154_fu_11658           |   32|   0|   32|          0|
    |add171_26_281155_fu_11662           |   32|   0|   32|          0|
    |add171_26_291156_fu_11666           |   32|   0|   32|          0|
    |add171_26_301157_fu_11670           |   32|   0|   32|          0|
    |add171_26_311158_fu_11674           |   32|   0|   32|          0|
    |add171_26_31130_fu_11562            |   32|   0|   32|          0|
    |add171_26_41131_fu_11566            |   32|   0|   32|          0|
    |add171_26_51132_fu_11570            |   32|   0|   32|          0|
    |add171_26_61133_fu_11574            |   32|   0|   32|          0|
    |add171_26_71134_fu_11578            |   32|   0|   32|          0|
    |add171_26_81135_fu_11582            |   32|   0|   32|          0|
    |add171_26_91136_fu_11586            |   32|   0|   32|          0|
    |add171_271159_fu_11678              |   32|   0|   32|          0|
    |add171_27268322_fu_8330             |   32|   0|   32|          0|
    |add171_27_101169_fu_11718           |   32|   0|   32|          0|
    |add171_27_111170_fu_11722           |   32|   0|   32|          0|
    |add171_27_11160_fu_11682            |   32|   0|   32|          0|
    |add171_27_121171_fu_11726           |   32|   0|   32|          0|
    |add171_27_131172_fu_11730           |   32|   0|   32|          0|
    |add171_27_141173_fu_11734           |   32|   0|   32|          0|
    |add171_27_151174_fu_11738           |   32|   0|   32|          0|
    |add171_27_161175_fu_11742           |   32|   0|   32|          0|
    |add171_27_171176_fu_11746           |   32|   0|   32|          0|
    |add171_27_181177_fu_11750           |   32|   0|   32|          0|
    |add171_27_191178_fu_11754           |   32|   0|   32|          0|
    |add171_27_201179_fu_11758           |   32|   0|   32|          0|
    |add171_27_211180_fu_11762           |   32|   0|   32|          0|
    |add171_27_21161_fu_11686            |   32|   0|   32|          0|
    |add171_27_221181_fu_11766           |   32|   0|   32|          0|
    |add171_27_231182_fu_11770           |   32|   0|   32|          0|
    |add171_27_241183_fu_11774           |   32|   0|   32|          0|
    |add171_27_251184_fu_11778           |   32|   0|   32|          0|
    |add171_27_261185_fu_11782           |   32|   0|   32|          0|
    |add171_27_271186_fu_11786           |   32|   0|   32|          0|
    |add171_27_281187_fu_11790           |   32|   0|   32|          0|
    |add171_27_291188_fu_11794           |   32|   0|   32|          0|
    |add171_27_301189_fu_11798           |   32|   0|   32|          0|
    |add171_27_311190_fu_11802           |   32|   0|   32|          0|
    |add171_27_31162_fu_11690            |   32|   0|   32|          0|
    |add171_27_41163_fu_11694            |   32|   0|   32|          0|
    |add171_27_51164_fu_11698            |   32|   0|   32|          0|
    |add171_27_61165_fu_11702            |   32|   0|   32|          0|
    |add171_27_71166_fu_11706            |   32|   0|   32|          0|
    |add171_27_81167_fu_11710            |   32|   0|   32|          0|
    |add171_27_91168_fu_11714            |   32|   0|   32|          0|
    |add171_281191_fu_11806              |   32|   0|   32|          0|
    |add171_28274323_fu_8334             |   32|   0|   32|          0|
    |add171_28_101201_fu_11846           |   32|   0|   32|          0|
    |add171_28_111202_fu_11850           |   32|   0|   32|          0|
    |add171_28_11192_fu_11810            |   32|   0|   32|          0|
    |add171_28_121203_fu_11854           |   32|   0|   32|          0|
    |add171_28_131204_fu_11858           |   32|   0|   32|          0|
    |add171_28_141205_fu_11862           |   32|   0|   32|          0|
    |add171_28_151206_fu_11866           |   32|   0|   32|          0|
    |add171_28_161207_fu_11870           |   32|   0|   32|          0|
    |add171_28_171208_fu_11874           |   32|   0|   32|          0|
    |add171_28_181209_fu_11878           |   32|   0|   32|          0|
    |add171_28_191210_fu_11882           |   32|   0|   32|          0|
    |add171_28_201211_fu_11886           |   32|   0|   32|          0|
    |add171_28_211212_fu_11890           |   32|   0|   32|          0|
    |add171_28_21193_fu_11814            |   32|   0|   32|          0|
    |add171_28_221213_fu_11894           |   32|   0|   32|          0|
    |add171_28_231214_fu_11898           |   32|   0|   32|          0|
    |add171_28_241215_fu_11902           |   32|   0|   32|          0|
    |add171_28_251216_fu_11906           |   32|   0|   32|          0|
    |add171_28_261217_fu_11910           |   32|   0|   32|          0|
    |add171_28_271218_fu_11914           |   32|   0|   32|          0|
    |add171_28_281219_fu_11918           |   32|   0|   32|          0|
    |add171_28_291220_fu_11922           |   32|   0|   32|          0|
    |add171_28_301221_fu_11926           |   32|   0|   32|          0|
    |add171_28_311222_fu_11930           |   32|   0|   32|          0|
    |add171_28_31194_fu_11818            |   32|   0|   32|          0|
    |add171_28_41195_fu_11822            |   32|   0|   32|          0|
    |add171_28_51196_fu_11826            |   32|   0|   32|          0|
    |add171_28_61197_fu_11830            |   32|   0|   32|          0|
    |add171_28_71198_fu_11834            |   32|   0|   32|          0|
    |add171_28_81199_fu_11838            |   32|   0|   32|          0|
    |add171_28_91200_fu_11842            |   32|   0|   32|          0|
    |add171_291223_fu_11934              |   32|   0|   32|          0|
    |add171_29280324_fu_8338             |   32|   0|   32|          0|
    |add171_29_101233_fu_11974           |   32|   0|   32|          0|
    |add171_29_111234_fu_11978           |   32|   0|   32|          0|
    |add171_29_11224_fu_11938            |   32|   0|   32|          0|
    |add171_29_121235_fu_11982           |   32|   0|   32|          0|
    |add171_29_131236_fu_11986           |   32|   0|   32|          0|
    |add171_29_141237_fu_11990           |   32|   0|   32|          0|
    |add171_29_151238_fu_11994           |   32|   0|   32|          0|
    |add171_29_161239_fu_11998           |   32|   0|   32|          0|
    |add171_29_171240_fu_12002           |   32|   0|   32|          0|
    |add171_29_181241_fu_12006           |   32|   0|   32|          0|
    |add171_29_191242_fu_12010           |   32|   0|   32|          0|
    |add171_29_201243_fu_12014           |   32|   0|   32|          0|
    |add171_29_211244_fu_12018           |   32|   0|   32|          0|
    |add171_29_21225_fu_11942            |   32|   0|   32|          0|
    |add171_29_221245_fu_12022           |   32|   0|   32|          0|
    |add171_29_231246_fu_12026           |   32|   0|   32|          0|
    |add171_29_241247_fu_12030           |   32|   0|   32|          0|
    |add171_29_251248_fu_12034           |   32|   0|   32|          0|
    |add171_29_261249_fu_12038           |   32|   0|   32|          0|
    |add171_29_271250_fu_12042           |   32|   0|   32|          0|
    |add171_29_281251_fu_12046           |   32|   0|   32|          0|
    |add171_29_291252_fu_12050           |   32|   0|   32|          0|
    |add171_29_301253_fu_12054           |   32|   0|   32|          0|
    |add171_29_311254_fu_12058           |   32|   0|   32|          0|
    |add171_29_31226_fu_11946            |   32|   0|   32|          0|
    |add171_29_41227_fu_11950            |   32|   0|   32|          0|
    |add171_29_51228_fu_11954            |   32|   0|   32|          0|
    |add171_29_61229_fu_11958            |   32|   0|   32|          0|
    |add171_29_71230_fu_11962            |   32|   0|   32|          0|
    |add171_29_81231_fu_11966            |   32|   0|   32|          0|
    |add171_29_91232_fu_11970            |   32|   0|   32|          0|
    |add171_2_10369_fu_8518              |   32|   0|   32|          0|
    |add171_2_11370_fu_8522              |   32|   0|   32|          0|
    |add171_2_12371_fu_8526              |   32|   0|   32|          0|
    |add171_2_13372_fu_8530              |   32|   0|   32|          0|
    |add171_2_1360_fu_8482               |   32|   0|   32|          0|
    |add171_2_14373_fu_8534              |   32|   0|   32|          0|
    |add171_2_15374_fu_8538              |   32|   0|   32|          0|
    |add171_2_16375_fu_8542              |   32|   0|   32|          0|
    |add171_2_17376_fu_8546              |   32|   0|   32|          0|
    |add171_2_18377_fu_8550              |   32|   0|   32|          0|
    |add171_2_19378_fu_8554              |   32|   0|   32|          0|
    |add171_2_20379_fu_8558              |   32|   0|   32|          0|
    |add171_2_21380_fu_8562              |   32|   0|   32|          0|
    |add171_2_22381_fu_8566              |   32|   0|   32|          0|
    |add171_2_23382_fu_8570              |   32|   0|   32|          0|
    |add171_2_2361_fu_8486               |   32|   0|   32|          0|
    |add171_2_24383_fu_8574              |   32|   0|   32|          0|
    |add171_2_25384_fu_8578              |   32|   0|   32|          0|
    |add171_2_26385_fu_8582              |   32|   0|   32|          0|
    |add171_2_27386_fu_8586              |   32|   0|   32|          0|
    |add171_2_28387_fu_8590              |   32|   0|   32|          0|
    |add171_2_29388_fu_8594              |   32|   0|   32|          0|
    |add171_2_30389_fu_8598              |   32|   0|   32|          0|
    |add171_2_31390_fu_8602              |   32|   0|   32|          0|
    |add171_2_3362_fu_8490               |   32|   0|   32|          0|
    |add171_2_4363_fu_8494               |   32|   0|   32|          0|
    |add171_2_5364_fu_8498               |   32|   0|   32|          0|
    |add171_2_6365_fu_8502               |   32|   0|   32|          0|
    |add171_2_7366_fu_8506               |   32|   0|   32|          0|
    |add171_2_8367_fu_8510               |   32|   0|   32|          0|
    |add171_2_9368_fu_8514               |   32|   0|   32|          0|
    |add171_301255_fu_12062              |   32|   0|   32|          0|
    |add171_30286325_fu_8342             |   32|   0|   32|          0|
    |add171_30_101265_fu_12102           |   32|   0|   32|          0|
    |add171_30_111266_fu_12106           |   32|   0|   32|          0|
    |add171_30_11256_fu_12066            |   32|   0|   32|          0|
    |add171_30_121267_fu_12110           |   32|   0|   32|          0|
    |add171_30_131268_fu_12114           |   32|   0|   32|          0|
    |add171_30_141269_fu_12118           |   32|   0|   32|          0|
    |add171_30_151270_fu_12122           |   32|   0|   32|          0|
    |add171_30_161271_fu_12126           |   32|   0|   32|          0|
    |add171_30_171272_fu_12130           |   32|   0|   32|          0|
    |add171_30_181273_fu_12134           |   32|   0|   32|          0|
    |add171_30_191274_fu_12138           |   32|   0|   32|          0|
    |add171_30_201275_fu_12142           |   32|   0|   32|          0|
    |add171_30_211276_fu_12146           |   32|   0|   32|          0|
    |add171_30_21257_fu_12070            |   32|   0|   32|          0|
    |add171_30_221277_fu_12150           |   32|   0|   32|          0|
    |add171_30_231278_fu_12154           |   32|   0|   32|          0|
    |add171_30_241279_fu_12158           |   32|   0|   32|          0|
    |add171_30_251280_fu_12162           |   32|   0|   32|          0|
    |add171_30_261281_fu_12166           |   32|   0|   32|          0|
    |add171_30_271282_fu_12170           |   32|   0|   32|          0|
    |add171_30_281283_fu_12174           |   32|   0|   32|          0|
    |add171_30_291284_fu_12178           |   32|   0|   32|          0|
    |add171_30_301285_fu_12182           |   32|   0|   32|          0|
    |add171_30_311286_fu_12186           |   32|   0|   32|          0|
    |add171_30_31258_fu_12074            |   32|   0|   32|          0|
    |add171_30_41259_fu_12078            |   32|   0|   32|          0|
    |add171_30_51260_fu_12082            |   32|   0|   32|          0|
    |add171_30_61261_fu_12086            |   32|   0|   32|          0|
    |add171_30_71262_fu_12090            |   32|   0|   32|          0|
    |add171_30_81263_fu_12094            |   32|   0|   32|          0|
    |add171_30_91264_fu_12098            |   32|   0|   32|          0|
    |add171_311287_fu_12190              |   32|   0|   32|          0|
    |add171_3124298_fu_8234              |   32|   0|   32|          0|
    |add171_31292326_fu_8346             |   32|   0|   32|          0|
    |add171_31_101297_fu_12230           |   32|   0|   32|          0|
    |add171_31_111298_fu_12234           |   32|   0|   32|          0|
    |add171_31_11288_fu_12194            |   32|   0|   32|          0|
    |add171_31_121299_fu_12238           |   32|   0|   32|          0|
    |add171_31_131300_fu_12242           |   32|   0|   32|          0|
    |add171_31_141301_fu_12246           |   32|   0|   32|          0|
    |add171_31_151302_fu_12250           |   32|   0|   32|          0|
    |add171_31_161303_fu_12254           |   32|   0|   32|          0|
    |add171_31_171304_fu_12258           |   32|   0|   32|          0|
    |add171_31_181305_fu_12262           |   32|   0|   32|          0|
    |add171_31_191306_fu_12266           |   32|   0|   32|          0|
    |add171_31_201307_fu_12270           |   32|   0|   32|          0|
    |add171_31_211308_fu_12274           |   32|   0|   32|          0|
    |add171_31_21289_fu_12198            |   32|   0|   32|          0|
    |add171_31_221309_fu_12278           |   32|   0|   32|          0|
    |add171_31_231310_fu_12282           |   32|   0|   32|          0|
    |add171_31_241311_fu_12286           |   32|   0|   32|          0|
    |add171_31_251312_fu_12290           |   32|   0|   32|          0|
    |add171_31_261313_fu_12294           |   32|   0|   32|          0|
    |add171_31_271314_fu_12298           |   32|   0|   32|          0|
    |add171_31_281315_fu_12302           |   32|   0|   32|          0|
    |add171_31_291316_fu_12306           |   32|   0|   32|          0|
    |add171_31_301317_fu_12310           |   32|   0|   32|          0|
    |add171_31_311318_fu_12314           |   32|   0|   32|          0|
    |add171_31_31290_fu_12202            |   32|   0|   32|          0|
    |add171_31_41291_fu_12206            |   32|   0|   32|          0|
    |add171_31_51292_fu_12210            |   32|   0|   32|          0|
    |add171_31_61293_fu_12214            |   32|   0|   32|          0|
    |add171_31_71294_fu_12218            |   32|   0|   32|          0|
    |add171_31_81295_fu_12222            |   32|   0|   32|          0|
    |add171_31_91296_fu_12226            |   32|   0|   32|          0|
    |add171_3391_fu_8606                 |   32|   0|   32|          0|
    |add171_3_10401_fu_8646              |   32|   0|   32|          0|
    |add171_3_11402_fu_8650              |   32|   0|   32|          0|
    |add171_3_12403_fu_8654              |   32|   0|   32|          0|
    |add171_3_13404_fu_8658              |   32|   0|   32|          0|
    |add171_3_1392_fu_8610               |   32|   0|   32|          0|
    |add171_3_14405_fu_8662              |   32|   0|   32|          0|
    |add171_3_15406_fu_8666              |   32|   0|   32|          0|
    |add171_3_16407_fu_8670              |   32|   0|   32|          0|
    |add171_3_17408_fu_8674              |   32|   0|   32|          0|
    |add171_3_18409_fu_8678              |   32|   0|   32|          0|
    |add171_3_19410_fu_8682              |   32|   0|   32|          0|
    |add171_3_20411_fu_8686              |   32|   0|   32|          0|
    |add171_3_21412_fu_8690              |   32|   0|   32|          0|
    |add171_3_22413_fu_8694              |   32|   0|   32|          0|
    |add171_3_23414_fu_8698              |   32|   0|   32|          0|
    |add171_3_2393_fu_8614               |   32|   0|   32|          0|
    |add171_3_24415_fu_8702              |   32|   0|   32|          0|
    |add171_3_25416_fu_8706              |   32|   0|   32|          0|
    |add171_3_26417_fu_8710              |   32|   0|   32|          0|
    |add171_3_27418_fu_8714              |   32|   0|   32|          0|
    |add171_3_28419_fu_8718              |   32|   0|   32|          0|
    |add171_3_29420_fu_8722              |   32|   0|   32|          0|
    |add171_3_30421_fu_8726              |   32|   0|   32|          0|
    |add171_3_31422_fu_8730              |   32|   0|   32|          0|
    |add171_3_3394_fu_8618               |   32|   0|   32|          0|
    |add171_3_4395_fu_8622               |   32|   0|   32|          0|
    |add171_3_5396_fu_8626               |   32|   0|   32|          0|
    |add171_3_6397_fu_8630               |   32|   0|   32|          0|
    |add171_3_7398_fu_8634               |   32|   0|   32|          0|
    |add171_3_8399_fu_8638               |   32|   0|   32|          0|
    |add171_3_9400_fu_8642               |   32|   0|   32|          0|
    |add171_4130299_fu_8238              |   32|   0|   32|          0|
    |add171_4423_fu_8734                 |   32|   0|   32|          0|
    |add171_4_10433_fu_8774              |   32|   0|   32|          0|
    |add171_4_11434_fu_8778              |   32|   0|   32|          0|
    |add171_4_12435_fu_8782              |   32|   0|   32|          0|
    |add171_4_13436_fu_8786              |   32|   0|   32|          0|
    |add171_4_1424_fu_8738               |   32|   0|   32|          0|
    |add171_4_14437_fu_8790              |   32|   0|   32|          0|
    |add171_4_15438_fu_8794              |   32|   0|   32|          0|
    |add171_4_16439_fu_8798              |   32|   0|   32|          0|
    |add171_4_17440_fu_8802              |   32|   0|   32|          0|
    |add171_4_18441_fu_8806              |   32|   0|   32|          0|
    |add171_4_19442_fu_8810              |   32|   0|   32|          0|
    |add171_4_20443_fu_8814              |   32|   0|   32|          0|
    |add171_4_21444_fu_8818              |   32|   0|   32|          0|
    |add171_4_22445_fu_8822              |   32|   0|   32|          0|
    |add171_4_23446_fu_8826              |   32|   0|   32|          0|
    |add171_4_2425_fu_8742               |   32|   0|   32|          0|
    |add171_4_24447_fu_8830              |   32|   0|   32|          0|
    |add171_4_25448_fu_8834              |   32|   0|   32|          0|
    |add171_4_26449_fu_8838              |   32|   0|   32|          0|
    |add171_4_27450_fu_8842              |   32|   0|   32|          0|
    |add171_4_28451_fu_8846              |   32|   0|   32|          0|
    |add171_4_29452_fu_8850              |   32|   0|   32|          0|
    |add171_4_30453_fu_8854              |   32|   0|   32|          0|
    |add171_4_31454_fu_8858              |   32|   0|   32|          0|
    |add171_4_3426_fu_8746               |   32|   0|   32|          0|
    |add171_4_4427_fu_8750               |   32|   0|   32|          0|
    |add171_4_5428_fu_8754               |   32|   0|   32|          0|
    |add171_4_6429_fu_8758               |   32|   0|   32|          0|
    |add171_4_7430_fu_8762               |   32|   0|   32|          0|
    |add171_4_8431_fu_8766               |   32|   0|   32|          0|
    |add171_4_9432_fu_8770               |   32|   0|   32|          0|
    |add171_5136300_fu_8242              |   32|   0|   32|          0|
    |add171_5455_fu_8862                 |   32|   0|   32|          0|
    |add171_5_10465_fu_8902              |   32|   0|   32|          0|
    |add171_5_11466_fu_8906              |   32|   0|   32|          0|
    |add171_5_12467_fu_8910              |   32|   0|   32|          0|
    |add171_5_13468_fu_8914              |   32|   0|   32|          0|
    |add171_5_14469_fu_8918              |   32|   0|   32|          0|
    |add171_5_1456_fu_8866               |   32|   0|   32|          0|
    |add171_5_15470_fu_8922              |   32|   0|   32|          0|
    |add171_5_16471_fu_8926              |   32|   0|   32|          0|
    |add171_5_17472_fu_8930              |   32|   0|   32|          0|
    |add171_5_18473_fu_8934              |   32|   0|   32|          0|
    |add171_5_19474_fu_8938              |   32|   0|   32|          0|
    |add171_5_20475_fu_8942              |   32|   0|   32|          0|
    |add171_5_21476_fu_8946              |   32|   0|   32|          0|
    |add171_5_22477_fu_8950              |   32|   0|   32|          0|
    |add171_5_23478_fu_8954              |   32|   0|   32|          0|
    |add171_5_24479_fu_8958              |   32|   0|   32|          0|
    |add171_5_2457_fu_8870               |   32|   0|   32|          0|
    |add171_5_25480_fu_8962              |   32|   0|   32|          0|
    |add171_5_26481_fu_8966              |   32|   0|   32|          0|
    |add171_5_27482_fu_8970              |   32|   0|   32|          0|
    |add171_5_28483_fu_8974              |   32|   0|   32|          0|
    |add171_5_29484_fu_8978              |   32|   0|   32|          0|
    |add171_5_30485_fu_8982              |   32|   0|   32|          0|
    |add171_5_31486_fu_8986              |   32|   0|   32|          0|
    |add171_5_3458_fu_8874               |   32|   0|   32|          0|
    |add171_5_4459_fu_8878               |   32|   0|   32|          0|
    |add171_5_5460_fu_8882               |   32|   0|   32|          0|
    |add171_5_6461_fu_8886               |   32|   0|   32|          0|
    |add171_5_7462_fu_8890               |   32|   0|   32|          0|
    |add171_5_8463_fu_8894               |   32|   0|   32|          0|
    |add171_5_9464_fu_8898               |   32|   0|   32|          0|
    |add171_6142301_fu_8246              |   32|   0|   32|          0|
    |add171_6487_fu_8990                 |   32|   0|   32|          0|
    |add171_6_10497_fu_9030              |   32|   0|   32|          0|
    |add171_6_11498_fu_9034              |   32|   0|   32|          0|
    |add171_6_12499_fu_9038              |   32|   0|   32|          0|
    |add171_6_13500_fu_9042              |   32|   0|   32|          0|
    |add171_6_14501_fu_9046              |   32|   0|   32|          0|
    |add171_6_1488_fu_8994               |   32|   0|   32|          0|
    |add171_6_15502_fu_9050              |   32|   0|   32|          0|
    |add171_6_16503_fu_9054              |   32|   0|   32|          0|
    |add171_6_17504_fu_9058              |   32|   0|   32|          0|
    |add171_6_18505_fu_9062              |   32|   0|   32|          0|
    |add171_6_19506_fu_9066              |   32|   0|   32|          0|
    |add171_6_20507_fu_9070              |   32|   0|   32|          0|
    |add171_6_21508_fu_9074              |   32|   0|   32|          0|
    |add171_6_22509_fu_9078              |   32|   0|   32|          0|
    |add171_6_23510_fu_9082              |   32|   0|   32|          0|
    |add171_6_24511_fu_9086              |   32|   0|   32|          0|
    |add171_6_2489_fu_8998               |   32|   0|   32|          0|
    |add171_6_25512_fu_9090              |   32|   0|   32|          0|
    |add171_6_26513_fu_9094              |   32|   0|   32|          0|
    |add171_6_27514_fu_9098              |   32|   0|   32|          0|
    |add171_6_28515_fu_9102              |   32|   0|   32|          0|
    |add171_6_29516_fu_9106              |   32|   0|   32|          0|
    |add171_6_30517_fu_9110              |   32|   0|   32|          0|
    |add171_6_31518_fu_9114              |   32|   0|   32|          0|
    |add171_6_3490_fu_9002               |   32|   0|   32|          0|
    |add171_6_4491_fu_9006               |   32|   0|   32|          0|
    |add171_6_5492_fu_9010               |   32|   0|   32|          0|
    |add171_6_6493_fu_9014               |   32|   0|   32|          0|
    |add171_6_7494_fu_9018               |   32|   0|   32|          0|
    |add171_6_8495_fu_9022               |   32|   0|   32|          0|
    |add171_6_9496_fu_9026               |   32|   0|   32|          0|
    |add171_7148302_fu_8250              |   32|   0|   32|          0|
    |add171_7519_fu_9118                 |   32|   0|   32|          0|
    |add171_7_10529_fu_9158              |   32|   0|   32|          0|
    |add171_7_11530_fu_9162              |   32|   0|   32|          0|
    |add171_7_12531_fu_9166              |   32|   0|   32|          0|
    |add171_7_13532_fu_9170              |   32|   0|   32|          0|
    |add171_7_14533_fu_9174              |   32|   0|   32|          0|
    |add171_7_1520_fu_9122               |   32|   0|   32|          0|
    |add171_7_15534_fu_9178              |   32|   0|   32|          0|
    |add171_7_16535_fu_9182              |   32|   0|   32|          0|
    |add171_7_17536_fu_9186              |   32|   0|   32|          0|
    |add171_7_18537_fu_9190              |   32|   0|   32|          0|
    |add171_7_19538_fu_9194              |   32|   0|   32|          0|
    |add171_7_20539_fu_9198              |   32|   0|   32|          0|
    |add171_7_21540_fu_9202              |   32|   0|   32|          0|
    |add171_7_22541_fu_9206              |   32|   0|   32|          0|
    |add171_7_23542_fu_9210              |   32|   0|   32|          0|
    |add171_7_24543_fu_9214              |   32|   0|   32|          0|
    |add171_7_2521_fu_9126               |   32|   0|   32|          0|
    |add171_7_25544_fu_9218              |   32|   0|   32|          0|
    |add171_7_26545_fu_9222              |   32|   0|   32|          0|
    |add171_7_27546_fu_9226              |   32|   0|   32|          0|
    |add171_7_28547_fu_9230              |   32|   0|   32|          0|
    |add171_7_29548_fu_9234              |   32|   0|   32|          0|
    |add171_7_30549_fu_9238              |   32|   0|   32|          0|
    |add171_7_31550_fu_9242              |   32|   0|   32|          0|
    |add171_7_3522_fu_9130               |   32|   0|   32|          0|
    |add171_7_4523_fu_9134               |   32|   0|   32|          0|
    |add171_7_5524_fu_9138               |   32|   0|   32|          0|
    |add171_7_6525_fu_9142               |   32|   0|   32|          0|
    |add171_7_7526_fu_9146               |   32|   0|   32|          0|
    |add171_7_8527_fu_9150               |   32|   0|   32|          0|
    |add171_7_9528_fu_9154               |   32|   0|   32|          0|
    |add171_8154303_fu_8254              |   32|   0|   32|          0|
    |add171_8551_fu_9246                 |   32|   0|   32|          0|
    |add171_8_10561_fu_9286              |   32|   0|   32|          0|
    |add171_8_11562_fu_9290              |   32|   0|   32|          0|
    |add171_8_12563_fu_9294              |   32|   0|   32|          0|
    |add171_8_13564_fu_9298              |   32|   0|   32|          0|
    |add171_8_14565_fu_9302              |   32|   0|   32|          0|
    |add171_8_1552_fu_9250               |   32|   0|   32|          0|
    |add171_8_15566_fu_9306              |   32|   0|   32|          0|
    |add171_8_16567_fu_9310              |   32|   0|   32|          0|
    |add171_8_17568_fu_9314              |   32|   0|   32|          0|
    |add171_8_18569_fu_9318              |   32|   0|   32|          0|
    |add171_8_19570_fu_9322              |   32|   0|   32|          0|
    |add171_8_20571_fu_9326              |   32|   0|   32|          0|
    |add171_8_21572_fu_9330              |   32|   0|   32|          0|
    |add171_8_22573_fu_9334              |   32|   0|   32|          0|
    |add171_8_23574_fu_9338              |   32|   0|   32|          0|
    |add171_8_24575_fu_9342              |   32|   0|   32|          0|
    |add171_8_2553_fu_9254               |   32|   0|   32|          0|
    |add171_8_25576_fu_9346              |   32|   0|   32|          0|
    |add171_8_26577_fu_9350              |   32|   0|   32|          0|
    |add171_8_27578_fu_9354              |   32|   0|   32|          0|
    |add171_8_28579_fu_9358              |   32|   0|   32|          0|
    |add171_8_29580_fu_9362              |   32|   0|   32|          0|
    |add171_8_30581_fu_9366              |   32|   0|   32|          0|
    |add171_8_31582_fu_9370              |   32|   0|   32|          0|
    |add171_8_3554_fu_9258               |   32|   0|   32|          0|
    |add171_8_4555_fu_9262               |   32|   0|   32|          0|
    |add171_8_5556_fu_9266               |   32|   0|   32|          0|
    |add171_8_6557_fu_9270               |   32|   0|   32|          0|
    |add171_8_7558_fu_9274               |   32|   0|   32|          0|
    |add171_8_8559_fu_9278               |   32|   0|   32|          0|
    |add171_8_9560_fu_9282               |   32|   0|   32|          0|
    |add171_9160304_fu_8258              |   32|   0|   32|          0|
    |add171_9583_fu_9374                 |   32|   0|   32|          0|
    |add171_9_10593_fu_9414              |   32|   0|   32|          0|
    |add171_9_11594_fu_9418              |   32|   0|   32|          0|
    |add171_9_12595_fu_9422              |   32|   0|   32|          0|
    |add171_9_13596_fu_9426              |   32|   0|   32|          0|
    |add171_9_14597_fu_9430              |   32|   0|   32|          0|
    |add171_9_15598_fu_9434              |   32|   0|   32|          0|
    |add171_9_1584_fu_9378               |   32|   0|   32|          0|
    |add171_9_16599_fu_9438              |   32|   0|   32|          0|
    |add171_9_17600_fu_9442              |   32|   0|   32|          0|
    |add171_9_18601_fu_9446              |   32|   0|   32|          0|
    |add171_9_19602_fu_9450              |   32|   0|   32|          0|
    |add171_9_20603_fu_9454              |   32|   0|   32|          0|
    |add171_9_21604_fu_9458              |   32|   0|   32|          0|
    |add171_9_22605_fu_9462              |   32|   0|   32|          0|
    |add171_9_23606_fu_9466              |   32|   0|   32|          0|
    |add171_9_24607_fu_9470              |   32|   0|   32|          0|
    |add171_9_25608_fu_9474              |   32|   0|   32|          0|
    |add171_9_2585_fu_9382               |   32|   0|   32|          0|
    |add171_9_26609_fu_9478              |   32|   0|   32|          0|
    |add171_9_27610_fu_9482              |   32|   0|   32|          0|
    |add171_9_28611_fu_9486              |   32|   0|   32|          0|
    |add171_9_29612_fu_9490              |   32|   0|   32|          0|
    |add171_9_30613_fu_9494              |   32|   0|   32|          0|
    |add171_9_31614_fu_9498              |   32|   0|   32|          0|
    |add171_9_3586_fu_9386               |   32|   0|   32|          0|
    |add171_9_4587_fu_9390               |   32|   0|   32|          0|
    |add171_9_5588_fu_9394               |   32|   0|   32|          0|
    |add171_9_6589_fu_9398               |   32|   0|   32|          0|
    |add171_9_7590_fu_9402               |   32|   0|   32|          0|
    |add171_9_8591_fu_9406               |   32|   0|   32|          0|
    |add171_9_9592_fu_9410               |   32|   0|   32|          0|
    |ap_CS_fsm                           |    1|   0|    1|          0|
    |ap_done_reg                         |    1|   0|    1|          0|
    |ap_enable_reg_pp0_iter1             |    1|   0|    1|          0|
    |ap_enable_reg_pp0_iter2             |    1|   0|    1|          0|
    |ap_enable_reg_pp0_iter3             |    1|   0|    1|          0|
    |ap_loop_exit_ready_pp0_iter1_reg    |    1|   0|    1|          0|
    |ap_loop_exit_ready_pp0_iter2_reg    |    1|   0|    1|          0|
    |empty_fu_8222                       |   32|   0|   32|          0|
    |icmp_ln200_reg_76486                |    1|   0|    1|          0|
    |icmp_ln200_reg_76486_pp0_iter1_reg  |    1|   0|    1|          0|
    |kk_fu_12318                         |    6|   0|    6|          0|
    +------------------------------------+-----+----+-----+-----------+
    |Total                               |32783|   0|32783|          0|
    +------------------------------------+-----+----+-----+-----------+



================================================================
== Interface
================================================================
* Summary: 
+-----------------------------+-----+-----+------------+------------------------------+--------------+
|          RTL Ports          | Dir | Bits|  Protocol  |         Source Object        |    C Type    |
+-----------------------------+-----+-----+------------+------------------------------+--------------+
|ap_clk                       |   in|    1|  ap_ctrl_hs|  mmult_accel_Pipeline_compute|  return value|
|ap_rst                       |   in|    1|  ap_ctrl_hs|  mmult_accel_Pipeline_compute|  return value|
|ap_start                     |   in|    1|  ap_ctrl_hs|  mmult_accel_Pipeline_compute|  return value|
|ap_done                      |  out|    1|  ap_ctrl_hs|  mmult_accel_Pipeline_compute|  return value|
|ap_idle                      |  out|    1|  ap_ctrl_hs|  mmult_accel_Pipeline_compute|  return value|
|ap_ready                     |  out|    1|  ap_ctrl_hs|  mmult_accel_Pipeline_compute|  return value|
|localC                       |   in|   32|     ap_none|                        localC|        scalar|
|localC_1                     |   in|   32|     ap_none|                      localC_1|        scalar|
|localC_2                     |   in|   32|     ap_none|                      localC_2|        scalar|
|localC_3                     |   in|   32|     ap_none|                      localC_3|        scalar|
|localC_4                     |   in|   32|     ap_none|                      localC_4|        scalar|
|localC_5                     |   in|   32|     ap_none|                      localC_5|        scalar|
|localC_6                     |   in|   32|     ap_none|                      localC_6|        scalar|
|localC_7                     |   in|   32|     ap_none|                      localC_7|        scalar|
|localC_8                     |   in|   32|     ap_none|                      localC_8|        scalar|
|localC_9                     |   in|   32|     ap_none|                      localC_9|        scalar|
|localC_10                    |   in|   32|     ap_none|                     localC_10|        scalar|
|localC_11                    |   in|   32|     ap_none|                     localC_11|        scalar|
|localC_12                    |   in|   32|     ap_none|                     localC_12|        scalar|
|localC_13                    |   in|   32|     ap_none|                     localC_13|        scalar|
|localC_14                    |   in|   32|     ap_none|                     localC_14|        scalar|
|localC_15                    |   in|   32|     ap_none|                     localC_15|        scalar|
|localC_16                    |   in|   32|     ap_none|                     localC_16|        scalar|
|localC_17                    |   in|   32|     ap_none|                     localC_17|        scalar|
|localC_18                    |   in|   32|     ap_none|                     localC_18|        scalar|
|localC_19                    |   in|   32|     ap_none|                     localC_19|        scalar|
|localC_20                    |   in|   32|     ap_none|                     localC_20|        scalar|
|localC_21                    |   in|   32|     ap_none|                     localC_21|        scalar|
|localC_22                    |   in|   32|     ap_none|                     localC_22|        scalar|
|localC_23                    |   in|   32|     ap_none|                     localC_23|        scalar|
|localC_24                    |   in|   32|     ap_none|                     localC_24|        scalar|
|localC_25                    |   in|   32|     ap_none|                     localC_25|        scalar|
|localC_26                    |   in|   32|     ap_none|                     localC_26|        scalar|
|localC_27                    |   in|   32|     ap_none|                     localC_27|        scalar|
|localC_28                    |   in|   32|     ap_none|                     localC_28|        scalar|
|localC_29                    |   in|   32|     ap_none|                     localC_29|        scalar|
|localC_30                    |   in|   32|     ap_none|                     localC_30|        scalar|
|localC_31                    |   in|   32|     ap_none|                     localC_31|        scalar|
|localC_32                    |   in|   32|     ap_none|                     localC_32|        scalar|
|localC_33                    |   in|   32|     ap_none|                     localC_33|        scalar|
|localC_34                    |   in|   32|     ap_none|                     localC_34|        scalar|
|localC_35                    |   in|   32|     ap_none|                     localC_35|        scalar|
|localC_36                    |   in|   32|     ap_none|                     localC_36|        scalar|
|localC_37                    |   in|   32|     ap_none|                     localC_37|        scalar|
|localC_38                    |   in|   32|     ap_none|                     localC_38|        scalar|
|localC_39                    |   in|   32|     ap_none|                     localC_39|        scalar|
|localC_40                    |   in|   32|     ap_none|                     localC_40|        scalar|
|localC_41                    |   in|   32|     ap_none|                     localC_41|        scalar|
|localC_42                    |   in|   32|     ap_none|                     localC_42|        scalar|
|localC_43                    |   in|   32|     ap_none|                     localC_43|        scalar|
|localC_44                    |   in|   32|     ap_none|                     localC_44|        scalar|
|localC_45                    |   in|   32|     ap_none|                     localC_45|        scalar|
|localC_46                    |   in|   32|     ap_none|                     localC_46|        scalar|
|localC_47                    |   in|   32|     ap_none|                     localC_47|        scalar|
|localC_48                    |   in|   32|     ap_none|                     localC_48|        scalar|
|localC_49                    |   in|   32|     ap_none|                     localC_49|        scalar|
|localC_50                    |   in|   32|     ap_none|                     localC_50|        scalar|
|localC_51                    |   in|   32|     ap_none|                     localC_51|        scalar|
|localC_52                    |   in|   32|     ap_none|                     localC_52|        scalar|
|localC_53                    |   in|   32|     ap_none|                     localC_53|        scalar|
|localC_54                    |   in|   32|     ap_none|                     localC_54|        scalar|
|localC_55                    |   in|   32|     ap_none|                     localC_55|        scalar|
|localC_56                    |   in|   32|     ap_none|                     localC_56|        scalar|
|localC_57                    |   in|   32|     ap_none|                     localC_57|        scalar|
|localC_58                    |   in|   32|     ap_none|                     localC_58|        scalar|
|localC_59                    |   in|   32|     ap_none|                     localC_59|        scalar|
|localC_60                    |   in|   32|     ap_none|                     localC_60|        scalar|
|localC_61                    |   in|   32|     ap_none|                     localC_61|        scalar|
|localC_62                    |   in|   32|     ap_none|                     localC_62|        scalar|
|localC_63                    |   in|   32|     ap_none|                     localC_63|        scalar|
|localC_64                    |   in|   32|     ap_none|                     localC_64|        scalar|
|localC_65                    |   in|   32|     ap_none|                     localC_65|        scalar|
|localC_66                    |   in|   32|     ap_none|                     localC_66|        scalar|
|localC_67                    |   in|   32|     ap_none|                     localC_67|        scalar|
|localC_68                    |   in|   32|     ap_none|                     localC_68|        scalar|
|localC_69                    |   in|   32|     ap_none|                     localC_69|        scalar|
|localC_70                    |   in|   32|     ap_none|                     localC_70|        scalar|
|localC_71                    |   in|   32|     ap_none|                     localC_71|        scalar|
|localC_72                    |   in|   32|     ap_none|                     localC_72|        scalar|
|localC_73                    |   in|   32|     ap_none|                     localC_73|        scalar|
|localC_74                    |   in|   32|     ap_none|                     localC_74|        scalar|
|localC_75                    |   in|   32|     ap_none|                     localC_75|        scalar|
|localC_76                    |   in|   32|     ap_none|                     localC_76|        scalar|
|localC_77                    |   in|   32|     ap_none|                     localC_77|        scalar|
|localC_78                    |   in|   32|     ap_none|                     localC_78|        scalar|
|localC_79                    |   in|   32|     ap_none|                     localC_79|        scalar|
|localC_80                    |   in|   32|     ap_none|                     localC_80|        scalar|
|localC_81                    |   in|   32|     ap_none|                     localC_81|        scalar|
|localC_82                    |   in|   32|     ap_none|                     localC_82|        scalar|
|localC_83                    |   in|   32|     ap_none|                     localC_83|        scalar|
|localC_84                    |   in|   32|     ap_none|                     localC_84|        scalar|
|localC_85                    |   in|   32|     ap_none|                     localC_85|        scalar|
|localC_86                    |   in|   32|     ap_none|                     localC_86|        scalar|
|localC_87                    |   in|   32|     ap_none|                     localC_87|        scalar|
|localC_88                    |   in|   32|     ap_none|                     localC_88|        scalar|
|localC_89                    |   in|   32|     ap_none|                     localC_89|        scalar|
|localC_90                    |   in|   32|     ap_none|                     localC_90|        scalar|
|localC_91                    |   in|   32|     ap_none|                     localC_91|        scalar|
|localC_92                    |   in|   32|     ap_none|                     localC_92|        scalar|
|localC_93                    |   in|   32|     ap_none|                     localC_93|        scalar|
|localC_94                    |   in|   32|     ap_none|                     localC_94|        scalar|
|localC_95                    |   in|   32|     ap_none|                     localC_95|        scalar|
|localC_96                    |   in|   32|     ap_none|                     localC_96|        scalar|
|localC_97                    |   in|   32|     ap_none|                     localC_97|        scalar|
|localC_98                    |   in|   32|     ap_none|                     localC_98|        scalar|
|localC_99                    |   in|   32|     ap_none|                     localC_99|        scalar|
|localC_100                   |   in|   32|     ap_none|                    localC_100|        scalar|
|localC_101                   |   in|   32|     ap_none|                    localC_101|        scalar|
|localC_102                   |   in|   32|     ap_none|                    localC_102|        scalar|
|localC_103                   |   in|   32|     ap_none|                    localC_103|        scalar|
|localC_104                   |   in|   32|     ap_none|                    localC_104|        scalar|
|localC_105                   |   in|   32|     ap_none|                    localC_105|        scalar|
|localC_106                   |   in|   32|     ap_none|                    localC_106|        scalar|
|localC_107                   |   in|   32|     ap_none|                    localC_107|        scalar|
|localC_108                   |   in|   32|     ap_none|                    localC_108|        scalar|
|localC_109                   |   in|   32|     ap_none|                    localC_109|        scalar|
|localC_110                   |   in|   32|     ap_none|                    localC_110|        scalar|
|localC_111                   |   in|   32|     ap_none|                    localC_111|        scalar|
|localC_112                   |   in|   32|     ap_none|                    localC_112|        scalar|
|localC_113                   |   in|   32|     ap_none|                    localC_113|        scalar|
|localC_114                   |   in|   32|     ap_none|                    localC_114|        scalar|
|localC_115                   |   in|   32|     ap_none|                    localC_115|        scalar|
|localC_116                   |   in|   32|     ap_none|                    localC_116|        scalar|
|localC_117                   |   in|   32|     ap_none|                    localC_117|        scalar|
|localC_118                   |   in|   32|     ap_none|                    localC_118|        scalar|
|localC_119                   |   in|   32|     ap_none|                    localC_119|        scalar|
|localC_120                   |   in|   32|     ap_none|                    localC_120|        scalar|
|localC_121                   |   in|   32|     ap_none|                    localC_121|        scalar|
|localC_122                   |   in|   32|     ap_none|                    localC_122|        scalar|
|localC_123                   |   in|   32|     ap_none|                    localC_123|        scalar|
|localC_124                   |   in|   32|     ap_none|                    localC_124|        scalar|
|localC_125                   |   in|   32|     ap_none|                    localC_125|        scalar|
|localC_126                   |   in|   32|     ap_none|                    localC_126|        scalar|
|localC_127                   |   in|   32|     ap_none|                    localC_127|        scalar|
|localC_128                   |   in|   32|     ap_none|                    localC_128|        scalar|
|localC_129                   |   in|   32|     ap_none|                    localC_129|        scalar|
|localC_130                   |   in|   32|     ap_none|                    localC_130|        scalar|
|localC_131                   |   in|   32|     ap_none|                    localC_131|        scalar|
|localC_132                   |   in|   32|     ap_none|                    localC_132|        scalar|
|localC_133                   |   in|   32|     ap_none|                    localC_133|        scalar|
|localC_134                   |   in|   32|     ap_none|                    localC_134|        scalar|
|localC_135                   |   in|   32|     ap_none|                    localC_135|        scalar|
|localC_136                   |   in|   32|     ap_none|                    localC_136|        scalar|
|localC_137                   |   in|   32|     ap_none|                    localC_137|        scalar|
|localC_138                   |   in|   32|     ap_none|                    localC_138|        scalar|
|localC_139                   |   in|   32|     ap_none|                    localC_139|        scalar|
|localC_140                   |   in|   32|     ap_none|                    localC_140|        scalar|
|localC_141                   |   in|   32|     ap_none|                    localC_141|        scalar|
|localC_142                   |   in|   32|     ap_none|                    localC_142|        scalar|
|localC_143                   |   in|   32|     ap_none|                    localC_143|        scalar|
|localC_144                   |   in|   32|     ap_none|                    localC_144|        scalar|
|localC_145                   |   in|   32|     ap_none|                    localC_145|        scalar|
|localC_146                   |   in|   32|     ap_none|                    localC_146|        scalar|
|localC_147                   |   in|   32|     ap_none|                    localC_147|        scalar|
|localC_148                   |   in|   32|     ap_none|                    localC_148|        scalar|
|localC_149                   |   in|   32|     ap_none|                    localC_149|        scalar|
|localC_150                   |   in|   32|     ap_none|                    localC_150|        scalar|
|localC_151                   |   in|   32|     ap_none|                    localC_151|        scalar|
|localC_152                   |   in|   32|     ap_none|                    localC_152|        scalar|
|localC_153                   |   in|   32|     ap_none|                    localC_153|        scalar|
|localC_154                   |   in|   32|     ap_none|                    localC_154|        scalar|
|localC_155                   |   in|   32|     ap_none|                    localC_155|        scalar|
|localC_156                   |   in|   32|     ap_none|                    localC_156|        scalar|
|localC_157                   |   in|   32|     ap_none|                    localC_157|        scalar|
|localC_158                   |   in|   32|     ap_none|                    localC_158|        scalar|
|localC_159                   |   in|   32|     ap_none|                    localC_159|        scalar|
|localC_160                   |   in|   32|     ap_none|                    localC_160|        scalar|
|localC_161                   |   in|   32|     ap_none|                    localC_161|        scalar|
|localC_162                   |   in|   32|     ap_none|                    localC_162|        scalar|
|localC_163                   |   in|   32|     ap_none|                    localC_163|        scalar|
|localC_164                   |   in|   32|     ap_none|                    localC_164|        scalar|
|localC_165                   |   in|   32|     ap_none|                    localC_165|        scalar|
|localC_166                   |   in|   32|     ap_none|                    localC_166|        scalar|
|localC_167                   |   in|   32|     ap_none|                    localC_167|        scalar|
|localC_168                   |   in|   32|     ap_none|                    localC_168|        scalar|
|localC_169                   |   in|   32|     ap_none|                    localC_169|        scalar|
|localC_170                   |   in|   32|     ap_none|                    localC_170|        scalar|
|localC_171                   |   in|   32|     ap_none|                    localC_171|        scalar|
|localC_172                   |   in|   32|     ap_none|                    localC_172|        scalar|
|localC_173                   |   in|   32|     ap_none|                    localC_173|        scalar|
|localC_174                   |   in|   32|     ap_none|                    localC_174|        scalar|
|localC_175                   |   in|   32|     ap_none|                    localC_175|        scalar|
|localC_176                   |   in|   32|     ap_none|                    localC_176|        scalar|
|localC_177                   |   in|   32|     ap_none|                    localC_177|        scalar|
|localC_178                   |   in|   32|     ap_none|                    localC_178|        scalar|
|localC_179                   |   in|   32|     ap_none|                    localC_179|        scalar|
|localC_180                   |   in|   32|     ap_none|                    localC_180|        scalar|
|localC_181                   |   in|   32|     ap_none|                    localC_181|        scalar|
|localC_182                   |   in|   32|     ap_none|                    localC_182|        scalar|
|localC_183                   |   in|   32|     ap_none|                    localC_183|        scalar|
|localC_184                   |   in|   32|     ap_none|                    localC_184|        scalar|
|localC_185                   |   in|   32|     ap_none|                    localC_185|        scalar|
|localC_186                   |   in|   32|     ap_none|                    localC_186|        scalar|
|localC_187                   |   in|   32|     ap_none|                    localC_187|        scalar|
|localC_188                   |   in|   32|     ap_none|                    localC_188|        scalar|
|localC_189                   |   in|   32|     ap_none|                    localC_189|        scalar|
|localC_190                   |   in|   32|     ap_none|                    localC_190|        scalar|
|localC_191                   |   in|   32|     ap_none|                    localC_191|        scalar|
|localC_192                   |   in|   32|     ap_none|                    localC_192|        scalar|
|localC_193                   |   in|   32|     ap_none|                    localC_193|        scalar|
|localC_194                   |   in|   32|     ap_none|                    localC_194|        scalar|
|localC_195                   |   in|   32|     ap_none|                    localC_195|        scalar|
|localC_196                   |   in|   32|     ap_none|                    localC_196|        scalar|
|localC_197                   |   in|   32|     ap_none|                    localC_197|        scalar|
|localC_198                   |   in|   32|     ap_none|                    localC_198|        scalar|
|localC_199                   |   in|   32|     ap_none|                    localC_199|        scalar|
|localC_200                   |   in|   32|     ap_none|                    localC_200|        scalar|
|localC_201                   |   in|   32|     ap_none|                    localC_201|        scalar|
|localC_202                   |   in|   32|     ap_none|                    localC_202|        scalar|
|localC_203                   |   in|   32|     ap_none|                    localC_203|        scalar|
|localC_204                   |   in|   32|     ap_none|                    localC_204|        scalar|
|localC_205                   |   in|   32|     ap_none|                    localC_205|        scalar|
|localC_206                   |   in|   32|     ap_none|                    localC_206|        scalar|
|localC_207                   |   in|   32|     ap_none|                    localC_207|        scalar|
|localC_208                   |   in|   32|     ap_none|                    localC_208|        scalar|
|localC_209                   |   in|   32|     ap_none|                    localC_209|        scalar|
|localC_210                   |   in|   32|     ap_none|                    localC_210|        scalar|
|localC_211                   |   in|   32|     ap_none|                    localC_211|        scalar|
|localC_212                   |   in|   32|     ap_none|                    localC_212|        scalar|
|localC_213                   |   in|   32|     ap_none|                    localC_213|        scalar|
|localC_214                   |   in|   32|     ap_none|                    localC_214|        scalar|
|localC_215                   |   in|   32|     ap_none|                    localC_215|        scalar|
|localC_216                   |   in|   32|     ap_none|                    localC_216|        scalar|
|localC_217                   |   in|   32|     ap_none|                    localC_217|        scalar|
|localC_218                   |   in|   32|     ap_none|                    localC_218|        scalar|
|localC_219                   |   in|   32|     ap_none|                    localC_219|        scalar|
|localC_220                   |   in|   32|     ap_none|                    localC_220|        scalar|
|localC_221                   |   in|   32|     ap_none|                    localC_221|        scalar|
|localC_222                   |   in|   32|     ap_none|                    localC_222|        scalar|
|localC_223                   |   in|   32|     ap_none|                    localC_223|        scalar|
|localC_224                   |   in|   32|     ap_none|                    localC_224|        scalar|
|localC_225                   |   in|   32|     ap_none|                    localC_225|        scalar|
|localC_226                   |   in|   32|     ap_none|                    localC_226|        scalar|
|localC_227                   |   in|   32|     ap_none|                    localC_227|        scalar|
|localC_228                   |   in|   32|     ap_none|                    localC_228|        scalar|
|localC_229                   |   in|   32|     ap_none|                    localC_229|        scalar|
|localC_230                   |   in|   32|     ap_none|                    localC_230|        scalar|
|localC_231                   |   in|   32|     ap_none|                    localC_231|        scalar|
|localC_232                   |   in|   32|     ap_none|                    localC_232|        scalar|
|localC_233                   |   in|   32|     ap_none|                    localC_233|        scalar|
|localC_234                   |   in|   32|     ap_none|                    localC_234|        scalar|
|localC_235                   |   in|   32|     ap_none|                    localC_235|        scalar|
|localC_236                   |   in|   32|     ap_none|                    localC_236|        scalar|
|localC_237                   |   in|   32|     ap_none|                    localC_237|        scalar|
|localC_238                   |   in|   32|     ap_none|                    localC_238|        scalar|
|localC_239                   |   in|   32|     ap_none|                    localC_239|        scalar|
|localC_240                   |   in|   32|     ap_none|                    localC_240|        scalar|
|localC_241                   |   in|   32|     ap_none|                    localC_241|        scalar|
|localC_242                   |   in|   32|     ap_none|                    localC_242|        scalar|
|localC_243                   |   in|   32|     ap_none|                    localC_243|        scalar|
|localC_244                   |   in|   32|     ap_none|                    localC_244|        scalar|
|localC_245                   |   in|   32|     ap_none|                    localC_245|        scalar|
|localC_246                   |   in|   32|     ap_none|                    localC_246|        scalar|
|localC_247                   |   in|   32|     ap_none|                    localC_247|        scalar|
|localC_248                   |   in|   32|     ap_none|                    localC_248|        scalar|
|localC_249                   |   in|   32|     ap_none|                    localC_249|        scalar|
|localC_250                   |   in|   32|     ap_none|                    localC_250|        scalar|
|localC_251                   |   in|   32|     ap_none|                    localC_251|        scalar|
|localC_252                   |   in|   32|     ap_none|                    localC_252|        scalar|
|localC_253                   |   in|   32|     ap_none|                    localC_253|        scalar|
|localC_254                   |   in|   32|     ap_none|                    localC_254|        scalar|
|localC_255                   |   in|   32|     ap_none|                    localC_255|        scalar|
|localC_256                   |   in|   32|     ap_none|                    localC_256|        scalar|
|localC_257                   |   in|   32|     ap_none|                    localC_257|        scalar|
|localC_258                   |   in|   32|     ap_none|                    localC_258|        scalar|
|localC_259                   |   in|   32|     ap_none|                    localC_259|        scalar|
|localC_260                   |   in|   32|     ap_none|                    localC_260|        scalar|
|localC_261                   |   in|   32|     ap_none|                    localC_261|        scalar|
|localC_262                   |   in|   32|     ap_none|                    localC_262|        scalar|
|localC_263                   |   in|   32|     ap_none|                    localC_263|        scalar|
|localC_264                   |   in|   32|     ap_none|                    localC_264|        scalar|
|localC_265                   |   in|   32|     ap_none|                    localC_265|        scalar|
|localC_266                   |   in|   32|     ap_none|                    localC_266|        scalar|
|localC_267                   |   in|   32|     ap_none|                    localC_267|        scalar|
|localC_268                   |   in|   32|     ap_none|                    localC_268|        scalar|
|localC_269                   |   in|   32|     ap_none|                    localC_269|        scalar|
|localC_270                   |   in|   32|     ap_none|                    localC_270|        scalar|
|localC_271                   |   in|   32|     ap_none|                    localC_271|        scalar|
|localC_272                   |   in|   32|     ap_none|                    localC_272|        scalar|
|localC_273                   |   in|   32|     ap_none|                    localC_273|        scalar|
|localC_274                   |   in|   32|     ap_none|                    localC_274|        scalar|
|localC_275                   |   in|   32|     ap_none|                    localC_275|        scalar|
|localC_276                   |   in|   32|     ap_none|                    localC_276|        scalar|
|localC_277                   |   in|   32|     ap_none|                    localC_277|        scalar|
|localC_278                   |   in|   32|     ap_none|                    localC_278|        scalar|
|localC_279                   |   in|   32|     ap_none|                    localC_279|        scalar|
|localC_280                   |   in|   32|     ap_none|                    localC_280|        scalar|
|localC_281                   |   in|   32|     ap_none|                    localC_281|        scalar|
|localC_282                   |   in|   32|     ap_none|                    localC_282|        scalar|
|localC_283                   |   in|   32|     ap_none|                    localC_283|        scalar|
|localC_284                   |   in|   32|     ap_none|                    localC_284|        scalar|
|localC_285                   |   in|   32|     ap_none|                    localC_285|        scalar|
|localC_286                   |   in|   32|     ap_none|                    localC_286|        scalar|
|localC_287                   |   in|   32|     ap_none|                    localC_287|        scalar|
|localC_288                   |   in|   32|     ap_none|                    localC_288|        scalar|
|localC_289                   |   in|   32|     ap_none|                    localC_289|        scalar|
|localC_290                   |   in|   32|     ap_none|                    localC_290|        scalar|
|localC_291                   |   in|   32|     ap_none|                    localC_291|        scalar|
|localC_292                   |   in|   32|     ap_none|                    localC_292|        scalar|
|localC_293                   |   in|   32|     ap_none|                    localC_293|        scalar|
|localC_294                   |   in|   32|     ap_none|                    localC_294|        scalar|
|localC_295                   |   in|   32|     ap_none|                    localC_295|        scalar|
|localC_296                   |   in|   32|     ap_none|                    localC_296|        scalar|
|localC_297                   |   in|   32|     ap_none|                    localC_297|        scalar|
|localC_298                   |   in|   32|     ap_none|                    localC_298|        scalar|
|localC_299                   |   in|   32|     ap_none|                    localC_299|        scalar|
|localC_300                   |   in|   32|     ap_none|                    localC_300|        scalar|
|localC_301                   |   in|   32|     ap_none|                    localC_301|        scalar|
|localC_302                   |   in|   32|     ap_none|                    localC_302|        scalar|
|localC_303                   |   in|   32|     ap_none|                    localC_303|        scalar|
|localC_304                   |   in|   32|     ap_none|                    localC_304|        scalar|
|localC_305                   |   in|   32|     ap_none|                    localC_305|        scalar|
|localC_306                   |   in|   32|     ap_none|                    localC_306|        scalar|
|localC_307                   |   in|   32|     ap_none|                    localC_307|        scalar|
|localC_308                   |   in|   32|     ap_none|                    localC_308|        scalar|
|localC_309                   |   in|   32|     ap_none|                    localC_309|        scalar|
|localC_310                   |   in|   32|     ap_none|                    localC_310|        scalar|
|localC_311                   |   in|   32|     ap_none|                    localC_311|        scalar|
|localC_312                   |   in|   32|     ap_none|                    localC_312|        scalar|
|localC_313                   |   in|   32|     ap_none|                    localC_313|        scalar|
|localC_314                   |   in|   32|     ap_none|                    localC_314|        scalar|
|localC_315                   |   in|   32|     ap_none|                    localC_315|        scalar|
|localC_316                   |   in|   32|     ap_none|                    localC_316|        scalar|
|localC_317                   |   in|   32|     ap_none|                    localC_317|        scalar|
|localC_318                   |   in|   32|     ap_none|                    localC_318|        scalar|
|localC_319                   |   in|   32|     ap_none|                    localC_319|        scalar|
|localC_320                   |   in|   32|     ap_none|                    localC_320|        scalar|
|localC_321                   |   in|   32|     ap_none|                    localC_321|        scalar|
|localC_322                   |   in|   32|     ap_none|                    localC_322|        scalar|
|localC_323                   |   in|   32|     ap_none|                    localC_323|        scalar|
|localC_324                   |   in|   32|     ap_none|                    localC_324|        scalar|
|localC_325                   |   in|   32|     ap_none|                    localC_325|        scalar|
|localC_326                   |   in|   32|     ap_none|                    localC_326|        scalar|
|localC_327                   |   in|   32|     ap_none|                    localC_327|        scalar|
|localC_328                   |   in|   32|     ap_none|                    localC_328|        scalar|
|localC_329                   |   in|   32|     ap_none|                    localC_329|        scalar|
|localC_330                   |   in|   32|     ap_none|                    localC_330|        scalar|
|localC_331                   |   in|   32|     ap_none|                    localC_331|        scalar|
|localC_332                   |   in|   32|     ap_none|                    localC_332|        scalar|
|localC_333                   |   in|   32|     ap_none|                    localC_333|        scalar|
|localC_334                   |   in|   32|     ap_none|                    localC_334|        scalar|
|localC_335                   |   in|   32|     ap_none|                    localC_335|        scalar|
|localC_336                   |   in|   32|     ap_none|                    localC_336|        scalar|
|localC_337                   |   in|   32|     ap_none|                    localC_337|        scalar|
|localC_338                   |   in|   32|     ap_none|                    localC_338|        scalar|
|localC_339                   |   in|   32|     ap_none|                    localC_339|        scalar|
|localC_340                   |   in|   32|     ap_none|                    localC_340|        scalar|
|localC_341                   |   in|   32|     ap_none|                    localC_341|        scalar|
|localC_342                   |   in|   32|     ap_none|                    localC_342|        scalar|
|localC_343                   |   in|   32|     ap_none|                    localC_343|        scalar|
|localC_344                   |   in|   32|     ap_none|                    localC_344|        scalar|
|localC_345                   |   in|   32|     ap_none|                    localC_345|        scalar|
|localC_346                   |   in|   32|     ap_none|                    localC_346|        scalar|
|localC_347                   |   in|   32|     ap_none|                    localC_347|        scalar|
|localC_348                   |   in|   32|     ap_none|                    localC_348|        scalar|
|localC_349                   |   in|   32|     ap_none|                    localC_349|        scalar|
|localC_350                   |   in|   32|     ap_none|                    localC_350|        scalar|
|localC_351                   |   in|   32|     ap_none|                    localC_351|        scalar|
|localC_352                   |   in|   32|     ap_none|                    localC_352|        scalar|
|localC_353                   |   in|   32|     ap_none|                    localC_353|        scalar|
|localC_354                   |   in|   32|     ap_none|                    localC_354|        scalar|
|localC_355                   |   in|   32|     ap_none|                    localC_355|        scalar|
|localC_356                   |   in|   32|     ap_none|                    localC_356|        scalar|
|localC_357                   |   in|   32|     ap_none|                    localC_357|        scalar|
|localC_358                   |   in|   32|     ap_none|                    localC_358|        scalar|
|localC_359                   |   in|   32|     ap_none|                    localC_359|        scalar|
|localC_360                   |   in|   32|     ap_none|                    localC_360|        scalar|
|localC_361                   |   in|   32|     ap_none|                    localC_361|        scalar|
|localC_362                   |   in|   32|     ap_none|                    localC_362|        scalar|
|localC_363                   |   in|   32|     ap_none|                    localC_363|        scalar|
|localC_364                   |   in|   32|     ap_none|                    localC_364|        scalar|
|localC_365                   |   in|   32|     ap_none|                    localC_365|        scalar|
|localC_366                   |   in|   32|     ap_none|                    localC_366|        scalar|
|localC_367                   |   in|   32|     ap_none|                    localC_367|        scalar|
|localC_368                   |   in|   32|     ap_none|                    localC_368|        scalar|
|localC_369                   |   in|   32|     ap_none|                    localC_369|        scalar|
|localC_370                   |   in|   32|     ap_none|                    localC_370|        scalar|
|localC_371                   |   in|   32|     ap_none|                    localC_371|        scalar|
|localC_372                   |   in|   32|     ap_none|                    localC_372|        scalar|
|localC_373                   |   in|   32|     ap_none|                    localC_373|        scalar|
|localC_374                   |   in|   32|     ap_none|                    localC_374|        scalar|
|localC_375                   |   in|   32|     ap_none|                    localC_375|        scalar|
|localC_376                   |   in|   32|     ap_none|                    localC_376|        scalar|
|localC_377                   |   in|   32|     ap_none|                    localC_377|        scalar|
|localC_378                   |   in|   32|     ap_none|                    localC_378|        scalar|
|localC_379                   |   in|   32|     ap_none|                    localC_379|        scalar|
|localC_380                   |   in|   32|     ap_none|                    localC_380|        scalar|
|localC_381                   |   in|   32|     ap_none|                    localC_381|        scalar|
|localC_382                   |   in|   32|     ap_none|                    localC_382|        scalar|
|localC_383                   |   in|   32|     ap_none|                    localC_383|        scalar|
|localC_384                   |   in|   32|     ap_none|                    localC_384|        scalar|
|localC_385                   |   in|   32|     ap_none|                    localC_385|        scalar|
|localC_386                   |   in|   32|     ap_none|                    localC_386|        scalar|
|localC_387                   |   in|   32|     ap_none|                    localC_387|        scalar|
|localC_388                   |   in|   32|     ap_none|                    localC_388|        scalar|
|localC_389                   |   in|   32|     ap_none|                    localC_389|        scalar|
|localC_390                   |   in|   32|     ap_none|                    localC_390|        scalar|
|localC_391                   |   in|   32|     ap_none|                    localC_391|        scalar|
|localC_392                   |   in|   32|     ap_none|                    localC_392|        scalar|
|localC_393                   |   in|   32|     ap_none|                    localC_393|        scalar|
|localC_394                   |   in|   32|     ap_none|                    localC_394|        scalar|
|localC_395                   |   in|   32|     ap_none|                    localC_395|        scalar|
|localC_396                   |   in|   32|     ap_none|                    localC_396|        scalar|
|localC_397                   |   in|   32|     ap_none|                    localC_397|        scalar|
|localC_398                   |   in|   32|     ap_none|                    localC_398|        scalar|
|localC_399                   |   in|   32|     ap_none|                    localC_399|        scalar|
|localC_400                   |   in|   32|     ap_none|                    localC_400|        scalar|
|localC_401                   |   in|   32|     ap_none|                    localC_401|        scalar|
|localC_402                   |   in|   32|     ap_none|                    localC_402|        scalar|
|localC_403                   |   in|   32|     ap_none|                    localC_403|        scalar|
|localC_404                   |   in|   32|     ap_none|                    localC_404|        scalar|
|localC_405                   |   in|   32|     ap_none|                    localC_405|        scalar|
|localC_406                   |   in|   32|     ap_none|                    localC_406|        scalar|
|localC_407                   |   in|   32|     ap_none|                    localC_407|        scalar|
|localC_408                   |   in|   32|     ap_none|                    localC_408|        scalar|
|localC_409                   |   in|   32|     ap_none|                    localC_409|        scalar|
|localC_410                   |   in|   32|     ap_none|                    localC_410|        scalar|
|localC_411                   |   in|   32|     ap_none|                    localC_411|        scalar|
|localC_412                   |   in|   32|     ap_none|                    localC_412|        scalar|
|localC_413                   |   in|   32|     ap_none|                    localC_413|        scalar|
|localC_414                   |   in|   32|     ap_none|                    localC_414|        scalar|
|localC_415                   |   in|   32|     ap_none|                    localC_415|        scalar|
|localC_416                   |   in|   32|     ap_none|                    localC_416|        scalar|
|localC_417                   |   in|   32|     ap_none|                    localC_417|        scalar|
|localC_418                   |   in|   32|     ap_none|                    localC_418|        scalar|
|localC_419                   |   in|   32|     ap_none|                    localC_419|        scalar|
|localC_420                   |   in|   32|     ap_none|                    localC_420|        scalar|
|localC_421                   |   in|   32|     ap_none|                    localC_421|        scalar|
|localC_422                   |   in|   32|     ap_none|                    localC_422|        scalar|
|localC_423                   |   in|   32|     ap_none|                    localC_423|        scalar|
|localC_424                   |   in|   32|     ap_none|                    localC_424|        scalar|
|localC_425                   |   in|   32|     ap_none|                    localC_425|        scalar|
|localC_426                   |   in|   32|     ap_none|                    localC_426|        scalar|
|localC_427                   |   in|   32|     ap_none|                    localC_427|        scalar|
|localC_428                   |   in|   32|     ap_none|                    localC_428|        scalar|
|localC_429                   |   in|   32|     ap_none|                    localC_429|        scalar|
|localC_430                   |   in|   32|     ap_none|                    localC_430|        scalar|
|localC_431                   |   in|   32|     ap_none|                    localC_431|        scalar|
|localC_432                   |   in|   32|     ap_none|                    localC_432|        scalar|
|localC_433                   |   in|   32|     ap_none|                    localC_433|        scalar|
|localC_434                   |   in|   32|     ap_none|                    localC_434|        scalar|
|localC_435                   |   in|   32|     ap_none|                    localC_435|        scalar|
|localC_436                   |   in|   32|     ap_none|                    localC_436|        scalar|
|localC_437                   |   in|   32|     ap_none|                    localC_437|        scalar|
|localC_438                   |   in|   32|     ap_none|                    localC_438|        scalar|
|localC_439                   |   in|   32|     ap_none|                    localC_439|        scalar|
|localC_440                   |   in|   32|     ap_none|                    localC_440|        scalar|
|localC_441                   |   in|   32|     ap_none|                    localC_441|        scalar|
|localC_442                   |   in|   32|     ap_none|                    localC_442|        scalar|
|localC_443                   |   in|   32|     ap_none|                    localC_443|        scalar|
|localC_444                   |   in|   32|     ap_none|                    localC_444|        scalar|
|localC_445                   |   in|   32|     ap_none|                    localC_445|        scalar|
|localC_446                   |   in|   32|     ap_none|                    localC_446|        scalar|
|localC_447                   |   in|   32|     ap_none|                    localC_447|        scalar|
|localC_448                   |   in|   32|     ap_none|                    localC_448|        scalar|
|localC_449                   |   in|   32|     ap_none|                    localC_449|        scalar|
|localC_450                   |   in|   32|     ap_none|                    localC_450|        scalar|
|localC_451                   |   in|   32|     ap_none|                    localC_451|        scalar|
|localC_452                   |   in|   32|     ap_none|                    localC_452|        scalar|
|localC_453                   |   in|   32|     ap_none|                    localC_453|        scalar|
|localC_454                   |   in|   32|     ap_none|                    localC_454|        scalar|
|localC_455                   |   in|   32|     ap_none|                    localC_455|        scalar|
|localC_456                   |   in|   32|     ap_none|                    localC_456|        scalar|
|localC_457                   |   in|   32|     ap_none|                    localC_457|        scalar|
|localC_458                   |   in|   32|     ap_none|                    localC_458|        scalar|
|localC_459                   |   in|   32|     ap_none|                    localC_459|        scalar|
|localC_460                   |   in|   32|     ap_none|                    localC_460|        scalar|
|localC_461                   |   in|   32|     ap_none|                    localC_461|        scalar|
|localC_462                   |   in|   32|     ap_none|                    localC_462|        scalar|
|localC_463                   |   in|   32|     ap_none|                    localC_463|        scalar|
|localC_464                   |   in|   32|     ap_none|                    localC_464|        scalar|
|localC_465                   |   in|   32|     ap_none|                    localC_465|        scalar|
|localC_466                   |   in|   32|     ap_none|                    localC_466|        scalar|
|localC_467                   |   in|   32|     ap_none|                    localC_467|        scalar|
|localC_468                   |   in|   32|     ap_none|                    localC_468|        scalar|
|localC_469                   |   in|   32|     ap_none|                    localC_469|        scalar|
|localC_470                   |   in|   32|     ap_none|                    localC_470|        scalar|
|localC_471                   |   in|   32|     ap_none|                    localC_471|        scalar|
|localC_472                   |   in|   32|     ap_none|                    localC_472|        scalar|
|localC_473                   |   in|   32|     ap_none|                    localC_473|        scalar|
|localC_474                   |   in|   32|     ap_none|                    localC_474|        scalar|
|localC_475                   |   in|   32|     ap_none|                    localC_475|        scalar|
|localC_476                   |   in|   32|     ap_none|                    localC_476|        scalar|
|localC_477                   |   in|   32|     ap_none|                    localC_477|        scalar|
|localC_478                   |   in|   32|     ap_none|                    localC_478|        scalar|
|localC_479                   |   in|   32|     ap_none|                    localC_479|        scalar|
|localC_480                   |   in|   32|     ap_none|                    localC_480|        scalar|
|localC_481                   |   in|   32|     ap_none|                    localC_481|        scalar|
|localC_482                   |   in|   32|     ap_none|                    localC_482|        scalar|
|localC_483                   |   in|   32|     ap_none|                    localC_483|        scalar|
|localC_484                   |   in|   32|     ap_none|                    localC_484|        scalar|
|localC_485                   |   in|   32|     ap_none|                    localC_485|        scalar|
|localC_486                   |   in|   32|     ap_none|                    localC_486|        scalar|
|localC_487                   |   in|   32|     ap_none|                    localC_487|        scalar|
|localC_488                   |   in|   32|     ap_none|                    localC_488|        scalar|
|localC_489                   |   in|   32|     ap_none|                    localC_489|        scalar|
|localC_490                   |   in|   32|     ap_none|                    localC_490|        scalar|
|localC_491                   |   in|   32|     ap_none|                    localC_491|        scalar|
|localC_492                   |   in|   32|     ap_none|                    localC_492|        scalar|
|localC_493                   |   in|   32|     ap_none|                    localC_493|        scalar|
|localC_494                   |   in|   32|     ap_none|                    localC_494|        scalar|
|localC_495                   |   in|   32|     ap_none|                    localC_495|        scalar|
|localC_496                   |   in|   32|     ap_none|                    localC_496|        scalar|
|localC_497                   |   in|   32|     ap_none|                    localC_497|        scalar|
|localC_498                   |   in|   32|     ap_none|                    localC_498|        scalar|
|localC_499                   |   in|   32|     ap_none|                    localC_499|        scalar|
|localC_500                   |   in|   32|     ap_none|                    localC_500|        scalar|
|localC_501                   |   in|   32|     ap_none|                    localC_501|        scalar|
|localC_502                   |   in|   32|     ap_none|                    localC_502|        scalar|
|localC_503                   |   in|   32|     ap_none|                    localC_503|        scalar|
|localC_504                   |   in|   32|     ap_none|                    localC_504|        scalar|
|localC_505                   |   in|   32|     ap_none|                    localC_505|        scalar|
|localC_506                   |   in|   32|     ap_none|                    localC_506|        scalar|
|localC_507                   |   in|   32|     ap_none|                    localC_507|        scalar|
|localC_508                   |   in|   32|     ap_none|                    localC_508|        scalar|
|localC_509                   |   in|   32|     ap_none|                    localC_509|        scalar|
|localC_510                   |   in|   32|     ap_none|                    localC_510|        scalar|
|localC_511                   |   in|   32|     ap_none|                    localC_511|        scalar|
|localC_512                   |   in|   32|     ap_none|                    localC_512|        scalar|
|localC_513                   |   in|   32|     ap_none|                    localC_513|        scalar|
|localC_514                   |   in|   32|     ap_none|                    localC_514|        scalar|
|localC_515                   |   in|   32|     ap_none|                    localC_515|        scalar|
|localC_516                   |   in|   32|     ap_none|                    localC_516|        scalar|
|localC_517                   |   in|   32|     ap_none|                    localC_517|        scalar|
|localC_518                   |   in|   32|     ap_none|                    localC_518|        scalar|
|localC_519                   |   in|   32|     ap_none|                    localC_519|        scalar|
|localC_520                   |   in|   32|     ap_none|                    localC_520|        scalar|
|localC_521                   |   in|   32|     ap_none|                    localC_521|        scalar|
|localC_522                   |   in|   32|     ap_none|                    localC_522|        scalar|
|localC_523                   |   in|   32|     ap_none|                    localC_523|        scalar|
|localC_524                   |   in|   32|     ap_none|                    localC_524|        scalar|
|localC_525                   |   in|   32|     ap_none|                    localC_525|        scalar|
|localC_526                   |   in|   32|     ap_none|                    localC_526|        scalar|
|localC_527                   |   in|   32|     ap_none|                    localC_527|        scalar|
|localC_528                   |   in|   32|     ap_none|                    localC_528|        scalar|
|localC_529                   |   in|   32|     ap_none|                    localC_529|        scalar|
|localC_530                   |   in|   32|     ap_none|                    localC_530|        scalar|
|localC_531                   |   in|   32|     ap_none|                    localC_531|        scalar|
|localC_532                   |   in|   32|     ap_none|                    localC_532|        scalar|
|localC_533                   |   in|   32|     ap_none|                    localC_533|        scalar|
|localC_534                   |   in|   32|     ap_none|                    localC_534|        scalar|
|localC_535                   |   in|   32|     ap_none|                    localC_535|        scalar|
|localC_536                   |   in|   32|     ap_none|                    localC_536|        scalar|
|localC_537                   |   in|   32|     ap_none|                    localC_537|        scalar|
|localC_538                   |   in|   32|     ap_none|                    localC_538|        scalar|
|localC_539                   |   in|   32|     ap_none|                    localC_539|        scalar|
|localC_540                   |   in|   32|     ap_none|                    localC_540|        scalar|
|localC_541                   |   in|   32|     ap_none|                    localC_541|        scalar|
|localC_542                   |   in|   32|     ap_none|                    localC_542|        scalar|
|localC_543                   |   in|   32|     ap_none|                    localC_543|        scalar|
|localC_544                   |   in|   32|     ap_none|                    localC_544|        scalar|
|localC_545                   |   in|   32|     ap_none|                    localC_545|        scalar|
|localC_546                   |   in|   32|     ap_none|                    localC_546|        scalar|
|localC_547                   |   in|   32|     ap_none|                    localC_547|        scalar|
|localC_548                   |   in|   32|     ap_none|                    localC_548|        scalar|
|localC_549                   |   in|   32|     ap_none|                    localC_549|        scalar|
|localC_550                   |   in|   32|     ap_none|                    localC_550|        scalar|
|localC_551                   |   in|   32|     ap_none|                    localC_551|        scalar|
|localC_552                   |   in|   32|     ap_none|                    localC_552|        scalar|
|localC_553                   |   in|   32|     ap_none|                    localC_553|        scalar|
|localC_554                   |   in|   32|     ap_none|                    localC_554|        scalar|
|localC_555                   |   in|   32|     ap_none|                    localC_555|        scalar|
|localC_556                   |   in|   32|     ap_none|                    localC_556|        scalar|
|localC_557                   |   in|   32|     ap_none|                    localC_557|        scalar|
|localC_558                   |   in|   32|     ap_none|                    localC_558|        scalar|
|localC_559                   |   in|   32|     ap_none|                    localC_559|        scalar|
|localC_560                   |   in|   32|     ap_none|                    localC_560|        scalar|
|localC_561                   |   in|   32|     ap_none|                    localC_561|        scalar|
|localC_562                   |   in|   32|     ap_none|                    localC_562|        scalar|
|localC_563                   |   in|   32|     ap_none|                    localC_563|        scalar|
|localC_564                   |   in|   32|     ap_none|                    localC_564|        scalar|
|localC_565                   |   in|   32|     ap_none|                    localC_565|        scalar|
|localC_566                   |   in|   32|     ap_none|                    localC_566|        scalar|
|localC_567                   |   in|   32|     ap_none|                    localC_567|        scalar|
|localC_568                   |   in|   32|     ap_none|                    localC_568|        scalar|
|localC_569                   |   in|   32|     ap_none|                    localC_569|        scalar|
|localC_570                   |   in|   32|     ap_none|                    localC_570|        scalar|
|localC_571                   |   in|   32|     ap_none|                    localC_571|        scalar|
|localC_572                   |   in|   32|     ap_none|                    localC_572|        scalar|
|localC_573                   |   in|   32|     ap_none|                    localC_573|        scalar|
|localC_574                   |   in|   32|     ap_none|                    localC_574|        scalar|
|localC_575                   |   in|   32|     ap_none|                    localC_575|        scalar|
|localC_576                   |   in|   32|     ap_none|                    localC_576|        scalar|
|localC_577                   |   in|   32|     ap_none|                    localC_577|        scalar|
|localC_578                   |   in|   32|     ap_none|                    localC_578|        scalar|
|localC_579                   |   in|   32|     ap_none|                    localC_579|        scalar|
|localC_580                   |   in|   32|     ap_none|                    localC_580|        scalar|
|localC_581                   |   in|   32|     ap_none|                    localC_581|        scalar|
|localC_582                   |   in|   32|     ap_none|                    localC_582|        scalar|
|localC_583                   |   in|   32|     ap_none|                    localC_583|        scalar|
|localC_584                   |   in|   32|     ap_none|                    localC_584|        scalar|
|localC_585                   |   in|   32|     ap_none|                    localC_585|        scalar|
|localC_586                   |   in|   32|     ap_none|                    localC_586|        scalar|
|localC_587                   |   in|   32|     ap_none|                    localC_587|        scalar|
|localC_588                   |   in|   32|     ap_none|                    localC_588|        scalar|
|localC_589                   |   in|   32|     ap_none|                    localC_589|        scalar|
|localC_590                   |   in|   32|     ap_none|                    localC_590|        scalar|
|localC_591                   |   in|   32|     ap_none|                    localC_591|        scalar|
|localC_592                   |   in|   32|     ap_none|                    localC_592|        scalar|
|localC_593                   |   in|   32|     ap_none|                    localC_593|        scalar|
|localC_594                   |   in|   32|     ap_none|                    localC_594|        scalar|
|localC_595                   |   in|   32|     ap_none|                    localC_595|        scalar|
|localC_596                   |   in|   32|     ap_none|                    localC_596|        scalar|
|localC_597                   |   in|   32|     ap_none|                    localC_597|        scalar|
|localC_598                   |   in|   32|     ap_none|                    localC_598|        scalar|
|localC_599                   |   in|   32|     ap_none|                    localC_599|        scalar|
|localC_600                   |   in|   32|     ap_none|                    localC_600|        scalar|
|localC_601                   |   in|   32|     ap_none|                    localC_601|        scalar|
|localC_602                   |   in|   32|     ap_none|                    localC_602|        scalar|
|localC_603                   |   in|   32|     ap_none|                    localC_603|        scalar|
|localC_604                   |   in|   32|     ap_none|                    localC_604|        scalar|
|localC_605                   |   in|   32|     ap_none|                    localC_605|        scalar|
|localC_606                   |   in|   32|     ap_none|                    localC_606|        scalar|
|localC_607                   |   in|   32|     ap_none|                    localC_607|        scalar|
|localC_608                   |   in|   32|     ap_none|                    localC_608|        scalar|
|localC_609                   |   in|   32|     ap_none|                    localC_609|        scalar|
|localC_610                   |   in|   32|     ap_none|                    localC_610|        scalar|
|localC_611                   |   in|   32|     ap_none|                    localC_611|        scalar|
|localC_612                   |   in|   32|     ap_none|                    localC_612|        scalar|
|localC_613                   |   in|   32|     ap_none|                    localC_613|        scalar|
|localC_614                   |   in|   32|     ap_none|                    localC_614|        scalar|
|localC_615                   |   in|   32|     ap_none|                    localC_615|        scalar|
|localC_616                   |   in|   32|     ap_none|                    localC_616|        scalar|
|localC_617                   |   in|   32|     ap_none|                    localC_617|        scalar|
|localC_618                   |   in|   32|     ap_none|                    localC_618|        scalar|
|localC_619                   |   in|   32|     ap_none|                    localC_619|        scalar|
|localC_620                   |   in|   32|     ap_none|                    localC_620|        scalar|
|localC_621                   |   in|   32|     ap_none|                    localC_621|        scalar|
|localC_622                   |   in|   32|     ap_none|                    localC_622|        scalar|
|localC_623                   |   in|   32|     ap_none|                    localC_623|        scalar|
|localC_624                   |   in|   32|     ap_none|                    localC_624|        scalar|
|localC_625                   |   in|   32|     ap_none|                    localC_625|        scalar|
|localC_626                   |   in|   32|     ap_none|                    localC_626|        scalar|
|localC_627                   |   in|   32|     ap_none|                    localC_627|        scalar|
|localC_628                   |   in|   32|     ap_none|                    localC_628|        scalar|
|localC_629                   |   in|   32|     ap_none|                    localC_629|        scalar|
|localC_630                   |   in|   32|     ap_none|                    localC_630|        scalar|
|localC_631                   |   in|   32|     ap_none|                    localC_631|        scalar|
|localC_632                   |   in|   32|     ap_none|                    localC_632|        scalar|
|localC_633                   |   in|   32|     ap_none|                    localC_633|        scalar|
|localC_634                   |   in|   32|     ap_none|                    localC_634|        scalar|
|localC_635                   |   in|   32|     ap_none|                    localC_635|        scalar|
|localC_636                   |   in|   32|     ap_none|                    localC_636|        scalar|
|localC_637                   |   in|   32|     ap_none|                    localC_637|        scalar|
|localC_638                   |   in|   32|     ap_none|                    localC_638|        scalar|
|localC_639                   |   in|   32|     ap_none|                    localC_639|        scalar|
|localC_640                   |   in|   32|     ap_none|                    localC_640|        scalar|
|localC_641                   |   in|   32|     ap_none|                    localC_641|        scalar|
|localC_642                   |   in|   32|     ap_none|                    localC_642|        scalar|
|localC_643                   |   in|   32|     ap_none|                    localC_643|        scalar|
|localC_644                   |   in|   32|     ap_none|                    localC_644|        scalar|
|localC_645                   |   in|   32|     ap_none|                    localC_645|        scalar|
|localC_646                   |   in|   32|     ap_none|                    localC_646|        scalar|
|localC_647                   |   in|   32|     ap_none|                    localC_647|        scalar|
|localC_648                   |   in|   32|     ap_none|                    localC_648|        scalar|
|localC_649                   |   in|   32|     ap_none|                    localC_649|        scalar|
|localC_650                   |   in|   32|     ap_none|                    localC_650|        scalar|
|localC_651                   |   in|   32|     ap_none|                    localC_651|        scalar|
|localC_652                   |   in|   32|     ap_none|                    localC_652|        scalar|
|localC_653                   |   in|   32|     ap_none|                    localC_653|        scalar|
|localC_654                   |   in|   32|     ap_none|                    localC_654|        scalar|
|localC_655                   |   in|   32|     ap_none|                    localC_655|        scalar|
|localC_656                   |   in|   32|     ap_none|                    localC_656|        scalar|
|localC_657                   |   in|   32|     ap_none|                    localC_657|        scalar|
|localC_658                   |   in|   32|     ap_none|                    localC_658|        scalar|
|localC_659                   |   in|   32|     ap_none|                    localC_659|        scalar|
|localC_660                   |   in|   32|     ap_none|                    localC_660|        scalar|
|localC_661                   |   in|   32|     ap_none|                    localC_661|        scalar|
|localC_662                   |   in|   32|     ap_none|                    localC_662|        scalar|
|localC_663                   |   in|   32|     ap_none|                    localC_663|        scalar|
|localC_664                   |   in|   32|     ap_none|                    localC_664|        scalar|
|localC_665                   |   in|   32|     ap_none|                    localC_665|        scalar|
|localC_666                   |   in|   32|     ap_none|                    localC_666|        scalar|
|localC_667                   |   in|   32|     ap_none|                    localC_667|        scalar|
|localC_668                   |   in|   32|     ap_none|                    localC_668|        scalar|
|localC_669                   |   in|   32|     ap_none|                    localC_669|        scalar|
|localC_670                   |   in|   32|     ap_none|                    localC_670|        scalar|
|localC_671                   |   in|   32|     ap_none|                    localC_671|        scalar|
|localC_672                   |   in|   32|     ap_none|                    localC_672|        scalar|
|localC_673                   |   in|   32|     ap_none|                    localC_673|        scalar|
|localC_674                   |   in|   32|     ap_none|                    localC_674|        scalar|
|localC_675                   |   in|   32|     ap_none|                    localC_675|        scalar|
|localC_676                   |   in|   32|     ap_none|                    localC_676|        scalar|
|localC_677                   |   in|   32|     ap_none|                    localC_677|        scalar|
|localC_678                   |   in|   32|     ap_none|                    localC_678|        scalar|
|localC_679                   |   in|   32|     ap_none|                    localC_679|        scalar|
|localC_680                   |   in|   32|     ap_none|                    localC_680|        scalar|
|localC_681                   |   in|   32|     ap_none|                    localC_681|        scalar|
|localC_682                   |   in|   32|     ap_none|                    localC_682|        scalar|
|localC_683                   |   in|   32|     ap_none|                    localC_683|        scalar|
|localC_684                   |   in|   32|     ap_none|                    localC_684|        scalar|
|localC_685                   |   in|   32|     ap_none|                    localC_685|        scalar|
|localC_686                   |   in|   32|     ap_none|                    localC_686|        scalar|
|localC_687                   |   in|   32|     ap_none|                    localC_687|        scalar|
|localC_688                   |   in|   32|     ap_none|                    localC_688|        scalar|
|localC_689                   |   in|   32|     ap_none|                    localC_689|        scalar|
|localC_690                   |   in|   32|     ap_none|                    localC_690|        scalar|
|localC_691                   |   in|   32|     ap_none|                    localC_691|        scalar|
|localC_692                   |   in|   32|     ap_none|                    localC_692|        scalar|
|localC_693                   |   in|   32|     ap_none|                    localC_693|        scalar|
|localC_694                   |   in|   32|     ap_none|                    localC_694|        scalar|
|localC_695                   |   in|   32|     ap_none|                    localC_695|        scalar|
|localC_696                   |   in|   32|     ap_none|                    localC_696|        scalar|
|localC_697                   |   in|   32|     ap_none|                    localC_697|        scalar|
|localC_698                   |   in|   32|     ap_none|                    localC_698|        scalar|
|localC_699                   |   in|   32|     ap_none|                    localC_699|        scalar|
|localC_700                   |   in|   32|     ap_none|                    localC_700|        scalar|
|localC_701                   |   in|   32|     ap_none|                    localC_701|        scalar|
|localC_702                   |   in|   32|     ap_none|                    localC_702|        scalar|
|localC_703                   |   in|   32|     ap_none|                    localC_703|        scalar|
|localC_704                   |   in|   32|     ap_none|                    localC_704|        scalar|
|localC_705                   |   in|   32|     ap_none|                    localC_705|        scalar|
|localC_706                   |   in|   32|     ap_none|                    localC_706|        scalar|
|localC_707                   |   in|   32|     ap_none|                    localC_707|        scalar|
|localC_708                   |   in|   32|     ap_none|                    localC_708|        scalar|
|localC_709                   |   in|   32|     ap_none|                    localC_709|        scalar|
|localC_710                   |   in|   32|     ap_none|                    localC_710|        scalar|
|localC_711                   |   in|   32|     ap_none|                    localC_711|        scalar|
|localC_712                   |   in|   32|     ap_none|                    localC_712|        scalar|
|localC_713                   |   in|   32|     ap_none|                    localC_713|        scalar|
|localC_714                   |   in|   32|     ap_none|                    localC_714|        scalar|
|localC_715                   |   in|   32|     ap_none|                    localC_715|        scalar|
|localC_716                   |   in|   32|     ap_none|                    localC_716|        scalar|
|localC_717                   |   in|   32|     ap_none|                    localC_717|        scalar|
|localC_718                   |   in|   32|     ap_none|                    localC_718|        scalar|
|localC_719                   |   in|   32|     ap_none|                    localC_719|        scalar|
|localC_720                   |   in|   32|     ap_none|                    localC_720|        scalar|
|localC_721                   |   in|   32|     ap_none|                    localC_721|        scalar|
|localC_722                   |   in|   32|     ap_none|                    localC_722|        scalar|
|localC_723                   |   in|   32|     ap_none|                    localC_723|        scalar|
|localC_724                   |   in|   32|     ap_none|                    localC_724|        scalar|
|localC_725                   |   in|   32|     ap_none|                    localC_725|        scalar|
|localC_726                   |   in|   32|     ap_none|                    localC_726|        scalar|
|localC_727                   |   in|   32|     ap_none|                    localC_727|        scalar|
|localC_728                   |   in|   32|     ap_none|                    localC_728|        scalar|
|localC_729                   |   in|   32|     ap_none|                    localC_729|        scalar|
|localC_730                   |   in|   32|     ap_none|                    localC_730|        scalar|
|localC_731                   |   in|   32|     ap_none|                    localC_731|        scalar|
|localC_732                   |   in|   32|     ap_none|                    localC_732|        scalar|
|localC_733                   |   in|   32|     ap_none|                    localC_733|        scalar|
|localC_734                   |   in|   32|     ap_none|                    localC_734|        scalar|
|localC_735                   |   in|   32|     ap_none|                    localC_735|        scalar|
|localC_736                   |   in|   32|     ap_none|                    localC_736|        scalar|
|localC_737                   |   in|   32|     ap_none|                    localC_737|        scalar|
|localC_738                   |   in|   32|     ap_none|                    localC_738|        scalar|
|localC_739                   |   in|   32|     ap_none|                    localC_739|        scalar|
|localC_740                   |   in|   32|     ap_none|                    localC_740|        scalar|
|localC_741                   |   in|   32|     ap_none|                    localC_741|        scalar|
|localC_742                   |   in|   32|     ap_none|                    localC_742|        scalar|
|localC_743                   |   in|   32|     ap_none|                    localC_743|        scalar|
|localC_744                   |   in|   32|     ap_none|                    localC_744|        scalar|
|localC_745                   |   in|   32|     ap_none|                    localC_745|        scalar|
|localC_746                   |   in|   32|     ap_none|                    localC_746|        scalar|
|localC_747                   |   in|   32|     ap_none|                    localC_747|        scalar|
|localC_748                   |   in|   32|     ap_none|                    localC_748|        scalar|
|localC_749                   |   in|   32|     ap_none|                    localC_749|        scalar|
|localC_750                   |   in|   32|     ap_none|                    localC_750|        scalar|
|localC_751                   |   in|   32|     ap_none|                    localC_751|        scalar|
|localC_752                   |   in|   32|     ap_none|                    localC_752|        scalar|
|localC_753                   |   in|   32|     ap_none|                    localC_753|        scalar|
|localC_754                   |   in|   32|     ap_none|                    localC_754|        scalar|
|localC_755                   |   in|   32|     ap_none|                    localC_755|        scalar|
|localC_756                   |   in|   32|     ap_none|                    localC_756|        scalar|
|localC_757                   |   in|   32|     ap_none|                    localC_757|        scalar|
|localC_758                   |   in|   32|     ap_none|                    localC_758|        scalar|
|localC_759                   |   in|   32|     ap_none|                    localC_759|        scalar|
|localC_760                   |   in|   32|     ap_none|                    localC_760|        scalar|
|localC_761                   |   in|   32|     ap_none|                    localC_761|        scalar|
|localC_762                   |   in|   32|     ap_none|                    localC_762|        scalar|
|localC_763                   |   in|   32|     ap_none|                    localC_763|        scalar|
|localC_764                   |   in|   32|     ap_none|                    localC_764|        scalar|
|localC_765                   |   in|   32|     ap_none|                    localC_765|        scalar|
|localC_766                   |   in|   32|     ap_none|                    localC_766|        scalar|
|localC_767                   |   in|   32|     ap_none|                    localC_767|        scalar|
|localC_768                   |   in|   32|     ap_none|                    localC_768|        scalar|
|localC_769                   |   in|   32|     ap_none|                    localC_769|        scalar|
|localC_770                   |   in|   32|     ap_none|                    localC_770|        scalar|
|localC_771                   |   in|   32|     ap_none|                    localC_771|        scalar|
|localC_772                   |   in|   32|     ap_none|                    localC_772|        scalar|
|localC_773                   |   in|   32|     ap_none|                    localC_773|        scalar|
|localC_774                   |   in|   32|     ap_none|                    localC_774|        scalar|
|localC_775                   |   in|   32|     ap_none|                    localC_775|        scalar|
|localC_776                   |   in|   32|     ap_none|                    localC_776|        scalar|
|localC_777                   |   in|   32|     ap_none|                    localC_777|        scalar|
|localC_778                   |   in|   32|     ap_none|                    localC_778|        scalar|
|localC_779                   |   in|   32|     ap_none|                    localC_779|        scalar|
|localC_780                   |   in|   32|     ap_none|                    localC_780|        scalar|
|localC_781                   |   in|   32|     ap_none|                    localC_781|        scalar|
|localC_782                   |   in|   32|     ap_none|                    localC_782|        scalar|
|localC_783                   |   in|   32|     ap_none|                    localC_783|        scalar|
|localC_784                   |   in|   32|     ap_none|                    localC_784|        scalar|
|localC_785                   |   in|   32|     ap_none|                    localC_785|        scalar|
|localC_786                   |   in|   32|     ap_none|                    localC_786|        scalar|
|localC_787                   |   in|   32|     ap_none|                    localC_787|        scalar|
|localC_788                   |   in|   32|     ap_none|                    localC_788|        scalar|
|localC_789                   |   in|   32|     ap_none|                    localC_789|        scalar|
|localC_790                   |   in|   32|     ap_none|                    localC_790|        scalar|
|localC_791                   |   in|   32|     ap_none|                    localC_791|        scalar|
|localC_792                   |   in|   32|     ap_none|                    localC_792|        scalar|
|localC_793                   |   in|   32|     ap_none|                    localC_793|        scalar|
|localC_794                   |   in|   32|     ap_none|                    localC_794|        scalar|
|localC_795                   |   in|   32|     ap_none|                    localC_795|        scalar|
|localC_796                   |   in|   32|     ap_none|                    localC_796|        scalar|
|localC_797                   |   in|   32|     ap_none|                    localC_797|        scalar|
|localC_798                   |   in|   32|     ap_none|                    localC_798|        scalar|
|localC_799                   |   in|   32|     ap_none|                    localC_799|        scalar|
|localC_800                   |   in|   32|     ap_none|                    localC_800|        scalar|
|localC_801                   |   in|   32|     ap_none|                    localC_801|        scalar|
|localC_802                   |   in|   32|     ap_none|                    localC_802|        scalar|
|localC_803                   |   in|   32|     ap_none|                    localC_803|        scalar|
|localC_804                   |   in|   32|     ap_none|                    localC_804|        scalar|
|localC_805                   |   in|   32|     ap_none|                    localC_805|        scalar|
|localC_806                   |   in|   32|     ap_none|                    localC_806|        scalar|
|localC_807                   |   in|   32|     ap_none|                    localC_807|        scalar|
|localC_808                   |   in|   32|     ap_none|                    localC_808|        scalar|
|localC_809                   |   in|   32|     ap_none|                    localC_809|        scalar|
|localC_810                   |   in|   32|     ap_none|                    localC_810|        scalar|
|localC_811                   |   in|   32|     ap_none|                    localC_811|        scalar|
|localC_812                   |   in|   32|     ap_none|                    localC_812|        scalar|
|localC_813                   |   in|   32|     ap_none|                    localC_813|        scalar|
|localC_814                   |   in|   32|     ap_none|                    localC_814|        scalar|
|localC_815                   |   in|   32|     ap_none|                    localC_815|        scalar|
|localC_816                   |   in|   32|     ap_none|                    localC_816|        scalar|
|localC_817                   |   in|   32|     ap_none|                    localC_817|        scalar|
|localC_818                   |   in|   32|     ap_none|                    localC_818|        scalar|
|localC_819                   |   in|   32|     ap_none|                    localC_819|        scalar|
|localC_820                   |   in|   32|     ap_none|                    localC_820|        scalar|
|localC_821                   |   in|   32|     ap_none|                    localC_821|        scalar|
|localC_822                   |   in|   32|     ap_none|                    localC_822|        scalar|
|localC_823                   |   in|   32|     ap_none|                    localC_823|        scalar|
|localC_824                   |   in|   32|     ap_none|                    localC_824|        scalar|
|localC_825                   |   in|   32|     ap_none|                    localC_825|        scalar|
|localC_826                   |   in|   32|     ap_none|                    localC_826|        scalar|
|localC_827                   |   in|   32|     ap_none|                    localC_827|        scalar|
|localC_828                   |   in|   32|     ap_none|                    localC_828|        scalar|
|localC_829                   |   in|   32|     ap_none|                    localC_829|        scalar|
|localC_830                   |   in|   32|     ap_none|                    localC_830|        scalar|
|localC_831                   |   in|   32|     ap_none|                    localC_831|        scalar|
|localC_832                   |   in|   32|     ap_none|                    localC_832|        scalar|
|localC_833                   |   in|   32|     ap_none|                    localC_833|        scalar|
|localC_834                   |   in|   32|     ap_none|                    localC_834|        scalar|
|localC_835                   |   in|   32|     ap_none|                    localC_835|        scalar|
|localC_836                   |   in|   32|     ap_none|                    localC_836|        scalar|
|localC_837                   |   in|   32|     ap_none|                    localC_837|        scalar|
|localC_838                   |   in|   32|     ap_none|                    localC_838|        scalar|
|localC_839                   |   in|   32|     ap_none|                    localC_839|        scalar|
|localC_840                   |   in|   32|     ap_none|                    localC_840|        scalar|
|localC_841                   |   in|   32|     ap_none|                    localC_841|        scalar|
|localC_842                   |   in|   32|     ap_none|                    localC_842|        scalar|
|localC_843                   |   in|   32|     ap_none|                    localC_843|        scalar|
|localC_844                   |   in|   32|     ap_none|                    localC_844|        scalar|
|localC_845                   |   in|   32|     ap_none|                    localC_845|        scalar|
|localC_846                   |   in|   32|     ap_none|                    localC_846|        scalar|
|localC_847                   |   in|   32|     ap_none|                    localC_847|        scalar|
|localC_848                   |   in|   32|     ap_none|                    localC_848|        scalar|
|localC_849                   |   in|   32|     ap_none|                    localC_849|        scalar|
|localC_850                   |   in|   32|     ap_none|                    localC_850|        scalar|
|localC_851                   |   in|   32|     ap_none|                    localC_851|        scalar|
|localC_852                   |   in|   32|     ap_none|                    localC_852|        scalar|
|localC_853                   |   in|   32|     ap_none|                    localC_853|        scalar|
|localC_854                   |   in|   32|     ap_none|                    localC_854|        scalar|
|localC_855                   |   in|   32|     ap_none|                    localC_855|        scalar|
|localC_856                   |   in|   32|     ap_none|                    localC_856|        scalar|
|localC_857                   |   in|   32|     ap_none|                    localC_857|        scalar|
|localC_858                   |   in|   32|     ap_none|                    localC_858|        scalar|
|localC_859                   |   in|   32|     ap_none|                    localC_859|        scalar|
|localC_860                   |   in|   32|     ap_none|                    localC_860|        scalar|
|localC_861                   |   in|   32|     ap_none|                    localC_861|        scalar|
|localC_862                   |   in|   32|     ap_none|                    localC_862|        scalar|
|localC_863                   |   in|   32|     ap_none|                    localC_863|        scalar|
|localC_864                   |   in|   32|     ap_none|                    localC_864|        scalar|
|localC_865                   |   in|   32|     ap_none|                    localC_865|        scalar|
|localC_866                   |   in|   32|     ap_none|                    localC_866|        scalar|
|localC_867                   |   in|   32|     ap_none|                    localC_867|        scalar|
|localC_868                   |   in|   32|     ap_none|                    localC_868|        scalar|
|localC_869                   |   in|   32|     ap_none|                    localC_869|        scalar|
|localC_870                   |   in|   32|     ap_none|                    localC_870|        scalar|
|localC_871                   |   in|   32|     ap_none|                    localC_871|        scalar|
|localC_872                   |   in|   32|     ap_none|                    localC_872|        scalar|
|localC_873                   |   in|   32|     ap_none|                    localC_873|        scalar|
|localC_874                   |   in|   32|     ap_none|                    localC_874|        scalar|
|localC_875                   |   in|   32|     ap_none|                    localC_875|        scalar|
|localC_876                   |   in|   32|     ap_none|                    localC_876|        scalar|
|localC_877                   |   in|   32|     ap_none|                    localC_877|        scalar|
|localC_878                   |   in|   32|     ap_none|                    localC_878|        scalar|
|localC_879                   |   in|   32|     ap_none|                    localC_879|        scalar|
|localC_880                   |   in|   32|     ap_none|                    localC_880|        scalar|
|localC_881                   |   in|   32|     ap_none|                    localC_881|        scalar|
|localC_882                   |   in|   32|     ap_none|                    localC_882|        scalar|
|localC_883                   |   in|   32|     ap_none|                    localC_883|        scalar|
|localC_884                   |   in|   32|     ap_none|                    localC_884|        scalar|
|localC_885                   |   in|   32|     ap_none|                    localC_885|        scalar|
|localC_886                   |   in|   32|     ap_none|                    localC_886|        scalar|
|localC_887                   |   in|   32|     ap_none|                    localC_887|        scalar|
|localC_888                   |   in|   32|     ap_none|                    localC_888|        scalar|
|localC_889                   |   in|   32|     ap_none|                    localC_889|        scalar|
|localC_890                   |   in|   32|     ap_none|                    localC_890|        scalar|
|localC_891                   |   in|   32|     ap_none|                    localC_891|        scalar|
|localC_892                   |   in|   32|     ap_none|                    localC_892|        scalar|
|localC_893                   |   in|   32|     ap_none|                    localC_893|        scalar|
|localC_894                   |   in|   32|     ap_none|                    localC_894|        scalar|
|localC_895                   |   in|   32|     ap_none|                    localC_895|        scalar|
|localC_896                   |   in|   32|     ap_none|                    localC_896|        scalar|
|localC_897                   |   in|   32|     ap_none|                    localC_897|        scalar|
|localC_898                   |   in|   32|     ap_none|                    localC_898|        scalar|
|localC_899                   |   in|   32|     ap_none|                    localC_899|        scalar|
|localC_900                   |   in|   32|     ap_none|                    localC_900|        scalar|
|localC_901                   |   in|   32|     ap_none|                    localC_901|        scalar|
|localC_902                   |   in|   32|     ap_none|                    localC_902|        scalar|
|localC_903                   |   in|   32|     ap_none|                    localC_903|        scalar|
|localC_904                   |   in|   32|     ap_none|                    localC_904|        scalar|
|localC_905                   |   in|   32|     ap_none|                    localC_905|        scalar|
|localC_906                   |   in|   32|     ap_none|                    localC_906|        scalar|
|localC_907                   |   in|   32|     ap_none|                    localC_907|        scalar|
|localC_908                   |   in|   32|     ap_none|                    localC_908|        scalar|
|localC_909                   |   in|   32|     ap_none|                    localC_909|        scalar|
|localC_910                   |   in|   32|     ap_none|                    localC_910|        scalar|
|localC_911                   |   in|   32|     ap_none|                    localC_911|        scalar|
|localC_912                   |   in|   32|     ap_none|                    localC_912|        scalar|
|localC_913                   |   in|   32|     ap_none|                    localC_913|        scalar|
|localC_914                   |   in|   32|     ap_none|                    localC_914|        scalar|
|localC_915                   |   in|   32|     ap_none|                    localC_915|        scalar|
|localC_916                   |   in|   32|     ap_none|                    localC_916|        scalar|
|localC_917                   |   in|   32|     ap_none|                    localC_917|        scalar|
|localC_918                   |   in|   32|     ap_none|                    localC_918|        scalar|
|localC_919                   |   in|   32|     ap_none|                    localC_919|        scalar|
|localC_920                   |   in|   32|     ap_none|                    localC_920|        scalar|
|localC_921                   |   in|   32|     ap_none|                    localC_921|        scalar|
|localC_922                   |   in|   32|     ap_none|                    localC_922|        scalar|
|localC_923                   |   in|   32|     ap_none|                    localC_923|        scalar|
|localC_924                   |   in|   32|     ap_none|                    localC_924|        scalar|
|localC_925                   |   in|   32|     ap_none|                    localC_925|        scalar|
|localC_926                   |   in|   32|     ap_none|                    localC_926|        scalar|
|localC_927                   |   in|   32|     ap_none|                    localC_927|        scalar|
|localC_928                   |   in|   32|     ap_none|                    localC_928|        scalar|
|localC_929                   |   in|   32|     ap_none|                    localC_929|        scalar|
|localC_930                   |   in|   32|     ap_none|                    localC_930|        scalar|
|localC_931                   |   in|   32|     ap_none|                    localC_931|        scalar|
|localC_932                   |   in|   32|     ap_none|                    localC_932|        scalar|
|localC_933                   |   in|   32|     ap_none|                    localC_933|        scalar|
|localC_934                   |   in|   32|     ap_none|                    localC_934|        scalar|
|localC_935                   |   in|   32|     ap_none|                    localC_935|        scalar|
|localC_936                   |   in|   32|     ap_none|                    localC_936|        scalar|
|localC_937                   |   in|   32|     ap_none|                    localC_937|        scalar|
|localC_938                   |   in|   32|     ap_none|                    localC_938|        scalar|
|localC_939                   |   in|   32|     ap_none|                    localC_939|        scalar|
|localC_940                   |   in|   32|     ap_none|                    localC_940|        scalar|
|localC_941                   |   in|   32|     ap_none|                    localC_941|        scalar|
|localC_942                   |   in|   32|     ap_none|                    localC_942|        scalar|
|localC_943                   |   in|   32|     ap_none|                    localC_943|        scalar|
|localC_944                   |   in|   32|     ap_none|                    localC_944|        scalar|
|localC_945                   |   in|   32|     ap_none|                    localC_945|        scalar|
|localC_946                   |   in|   32|     ap_none|                    localC_946|        scalar|
|localC_947                   |   in|   32|     ap_none|                    localC_947|        scalar|
|localC_948                   |   in|   32|     ap_none|                    localC_948|        scalar|
|localC_949                   |   in|   32|     ap_none|                    localC_949|        scalar|
|localC_950                   |   in|   32|     ap_none|                    localC_950|        scalar|
|localC_951                   |   in|   32|     ap_none|                    localC_951|        scalar|
|localC_952                   |   in|   32|     ap_none|                    localC_952|        scalar|
|localC_953                   |   in|   32|     ap_none|                    localC_953|        scalar|
|localC_954                   |   in|   32|     ap_none|                    localC_954|        scalar|
|localC_955                   |   in|   32|     ap_none|                    localC_955|        scalar|
|localC_956                   |   in|   32|     ap_none|                    localC_956|        scalar|
|localC_957                   |   in|   32|     ap_none|                    localC_957|        scalar|
|localC_958                   |   in|   32|     ap_none|                    localC_958|        scalar|
|localC_959                   |   in|   32|     ap_none|                    localC_959|        scalar|
|localC_960                   |   in|   32|     ap_none|                    localC_960|        scalar|
|localC_961                   |   in|   32|     ap_none|                    localC_961|        scalar|
|localC_962                   |   in|   32|     ap_none|                    localC_962|        scalar|
|localC_963                   |   in|   32|     ap_none|                    localC_963|        scalar|
|localC_964                   |   in|   32|     ap_none|                    localC_964|        scalar|
|localC_965                   |   in|   32|     ap_none|                    localC_965|        scalar|
|localC_966                   |   in|   32|     ap_none|                    localC_966|        scalar|
|localC_967                   |   in|   32|     ap_none|                    localC_967|        scalar|
|localC_968                   |   in|   32|     ap_none|                    localC_968|        scalar|
|localC_969                   |   in|   32|     ap_none|                    localC_969|        scalar|
|localC_970                   |   in|   32|     ap_none|                    localC_970|        scalar|
|localC_971                   |   in|   32|     ap_none|                    localC_971|        scalar|
|localC_972                   |   in|   32|     ap_none|                    localC_972|        scalar|
|localC_973                   |   in|   32|     ap_none|                    localC_973|        scalar|
|localC_974                   |   in|   32|     ap_none|                    localC_974|        scalar|
|localC_975                   |   in|   32|     ap_none|                    localC_975|        scalar|
|localC_976                   |   in|   32|     ap_none|                    localC_976|        scalar|
|localC_977                   |   in|   32|     ap_none|                    localC_977|        scalar|
|localC_978                   |   in|   32|     ap_none|                    localC_978|        scalar|
|localC_979                   |   in|   32|     ap_none|                    localC_979|        scalar|
|localC_980                   |   in|   32|     ap_none|                    localC_980|        scalar|
|localC_981                   |   in|   32|     ap_none|                    localC_981|        scalar|
|localC_982                   |   in|   32|     ap_none|                    localC_982|        scalar|
|localC_983                   |   in|   32|     ap_none|                    localC_983|        scalar|
|localC_984                   |   in|   32|     ap_none|                    localC_984|        scalar|
|localC_985                   |   in|   32|     ap_none|                    localC_985|        scalar|
|localC_986                   |   in|   32|     ap_none|                    localC_986|        scalar|
|localC_987                   |   in|   32|     ap_none|                    localC_987|        scalar|
|localC_988                   |   in|   32|     ap_none|                    localC_988|        scalar|
|localC_989                   |   in|   32|     ap_none|                    localC_989|        scalar|
|localC_990                   |   in|   32|     ap_none|                    localC_990|        scalar|
|localC_991                   |   in|   32|     ap_none|                    localC_991|        scalar|
|localC_992                   |   in|   32|     ap_none|                    localC_992|        scalar|
|localC_993                   |   in|   32|     ap_none|                    localC_993|        scalar|
|localC_994                   |   in|   32|     ap_none|                    localC_994|        scalar|
|localC_995                   |   in|   32|     ap_none|                    localC_995|        scalar|
|localC_996                   |   in|   32|     ap_none|                    localC_996|        scalar|
|localC_997                   |   in|   32|     ap_none|                    localC_997|        scalar|
|localC_998                   |   in|   32|     ap_none|                    localC_998|        scalar|
|localC_999                   |   in|   32|     ap_none|                    localC_999|        scalar|
|localC_1000                  |   in|   32|     ap_none|                   localC_1000|        scalar|
|localC_1001                  |   in|   32|     ap_none|                   localC_1001|        scalar|
|localC_1002                  |   in|   32|     ap_none|                   localC_1002|        scalar|
|localC_1003                  |   in|   32|     ap_none|                   localC_1003|        scalar|
|localC_1004                  |   in|   32|     ap_none|                   localC_1004|        scalar|
|localC_1005                  |   in|   32|     ap_none|                   localC_1005|        scalar|
|localC_1006                  |   in|   32|     ap_none|                   localC_1006|        scalar|
|localC_1007                  |   in|   32|     ap_none|                   localC_1007|        scalar|
|localC_1008                  |   in|   32|     ap_none|                   localC_1008|        scalar|
|localC_1009                  |   in|   32|     ap_none|                   localC_1009|        scalar|
|localC_1010                  |   in|   32|     ap_none|                   localC_1010|        scalar|
|localC_1011                  |   in|   32|     ap_none|                   localC_1011|        scalar|
|localC_1012                  |   in|   32|     ap_none|                   localC_1012|        scalar|
|localC_1013                  |   in|   32|     ap_none|                   localC_1013|        scalar|
|localC_1014                  |   in|   32|     ap_none|                   localC_1014|        scalar|
|localC_1015                  |   in|   32|     ap_none|                   localC_1015|        scalar|
|localC_1016                  |   in|   32|     ap_none|                   localC_1016|        scalar|
|localC_1017                  |   in|   32|     ap_none|                   localC_1017|        scalar|
|localC_1018                  |   in|   32|     ap_none|                   localC_1018|        scalar|
|localC_1019                  |   in|   32|     ap_none|                   localC_1019|        scalar|
|localC_1020                  |   in|   32|     ap_none|                   localC_1020|        scalar|
|localC_1021                  |   in|   32|     ap_none|                   localC_1021|        scalar|
|localC_1022                  |   in|   32|     ap_none|                   localC_1022|        scalar|
|localC_1023                  |   in|   32|     ap_none|                   localC_1023|        scalar|
|localA_4103_reload           |   in|    8|     ap_none|            localA_4103_reload|        scalar|
|localA_1_4_reload            |   in|    8|     ap_none|             localA_1_4_reload|        scalar|
|localA_2_4_reload            |   in|    8|     ap_none|             localA_2_4_reload|        scalar|
|localA_3_4_reload            |   in|    8|     ap_none|             localA_3_4_reload|        scalar|
|localA_4_4_reload            |   in|    8|     ap_none|             localA_4_4_reload|        scalar|
|localA_5_4_reload            |   in|    8|     ap_none|             localA_5_4_reload|        scalar|
|localA_6_4_reload            |   in|    8|     ap_none|             localA_6_4_reload|        scalar|
|localA_7_4_reload            |   in|    8|     ap_none|             localA_7_4_reload|        scalar|
|localA_8_4_reload            |   in|    8|     ap_none|             localA_8_4_reload|        scalar|
|localA_9_4_reload            |   in|    8|     ap_none|             localA_9_4_reload|        scalar|
|localA_10_4_reload           |   in|    8|     ap_none|            localA_10_4_reload|        scalar|
|localA_11_4_reload           |   in|    8|     ap_none|            localA_11_4_reload|        scalar|
|localA_12_4_reload           |   in|    8|     ap_none|            localA_12_4_reload|        scalar|
|localA_13_4_reload           |   in|    8|     ap_none|            localA_13_4_reload|        scalar|
|localA_14_4_reload           |   in|    8|     ap_none|            localA_14_4_reload|        scalar|
|localA_15_4_reload           |   in|    8|     ap_none|            localA_15_4_reload|        scalar|
|localA_16_4_reload           |   in|    8|     ap_none|            localA_16_4_reload|        scalar|
|localA_17_4_reload           |   in|    8|     ap_none|            localA_17_4_reload|        scalar|
|localA_18_4_reload           |   in|    8|     ap_none|            localA_18_4_reload|        scalar|
|localA_19_4_reload           |   in|    8|     ap_none|            localA_19_4_reload|        scalar|
|localA_20_4_reload           |   in|    8|     ap_none|            localA_20_4_reload|        scalar|
|localA_21_4_reload           |   in|    8|     ap_none|            localA_21_4_reload|        scalar|
|localA_22_4_reload           |   in|    8|     ap_none|            localA_22_4_reload|        scalar|
|localA_23_4_reload           |   in|    8|     ap_none|            localA_23_4_reload|        scalar|
|localA_24_4_reload           |   in|    8|     ap_none|            localA_24_4_reload|        scalar|
|localA_25_4_reload           |   in|    8|     ap_none|            localA_25_4_reload|        scalar|
|localA_26_4_reload           |   in|    8|     ap_none|            localA_26_4_reload|        scalar|
|localA_27_4_reload           |   in|    8|     ap_none|            localA_27_4_reload|        scalar|
|localA_28_4_reload           |   in|    8|     ap_none|            localA_28_4_reload|        scalar|
|localA_29_4_reload           |   in|    8|     ap_none|            localA_29_4_reload|        scalar|
|localA_30_4_reload           |   in|    8|     ap_none|            localA_30_4_reload|        scalar|
|localA_31_4_reload           |   in|    8|     ap_none|            localA_31_4_reload|        scalar|
|localB_4113_reload           |   in|    8|     ap_none|            localB_4113_reload|        scalar|
|localB_32_4_reload           |   in|    8|     ap_none|            localB_32_4_reload|        scalar|
|localB_64_4_reload           |   in|    8|     ap_none|            localB_64_4_reload|        scalar|
|localB_96_4_reload           |   in|    8|     ap_none|            localB_96_4_reload|        scalar|
|localB_128_4_reload          |   in|    8|     ap_none|           localB_128_4_reload|        scalar|
|localB_160_4_reload          |   in|    8|     ap_none|           localB_160_4_reload|        scalar|
|localB_192_4_reload          |   in|    8|     ap_none|           localB_192_4_reload|        scalar|
|localB_224_4_reload          |   in|    8|     ap_none|           localB_224_4_reload|        scalar|
|localB_256_4_reload          |   in|    8|     ap_none|           localB_256_4_reload|        scalar|
|localB_288_4_reload          |   in|    8|     ap_none|           localB_288_4_reload|        scalar|
|localB_320_4_reload          |   in|    8|     ap_none|           localB_320_4_reload|        scalar|
|localB_352_4_reload          |   in|    8|     ap_none|           localB_352_4_reload|        scalar|
|localB_384_4_reload          |   in|    8|     ap_none|           localB_384_4_reload|        scalar|
|localB_416_4_reload          |   in|    8|     ap_none|           localB_416_4_reload|        scalar|
|localB_448_4_reload          |   in|    8|     ap_none|           localB_448_4_reload|        scalar|
|localB_480_4_reload          |   in|    8|     ap_none|           localB_480_4_reload|        scalar|
|localB_512_4_reload          |   in|    8|     ap_none|           localB_512_4_reload|        scalar|
|localB_544_4_reload          |   in|    8|     ap_none|           localB_544_4_reload|        scalar|
|localB_576_4_reload          |   in|    8|     ap_none|           localB_576_4_reload|        scalar|
|localB_608_4_reload          |   in|    8|     ap_none|           localB_608_4_reload|        scalar|
|localB_640_4_reload          |   in|    8|     ap_none|           localB_640_4_reload|        scalar|
|localB_672_4_reload          |   in|    8|     ap_none|           localB_672_4_reload|        scalar|
|localB_704_4_reload          |   in|    8|     ap_none|           localB_704_4_reload|        scalar|
|localB_736_4_reload          |   in|    8|     ap_none|           localB_736_4_reload|        scalar|
|localB_768_4_reload          |   in|    8|     ap_none|           localB_768_4_reload|        scalar|
|localB_800_4_reload          |   in|    8|     ap_none|           localB_800_4_reload|        scalar|
|localB_832_4_reload          |   in|    8|     ap_none|           localB_832_4_reload|        scalar|
|localB_864_4_reload          |   in|    8|     ap_none|           localB_864_4_reload|        scalar|
|localB_896_4_reload          |   in|    8|     ap_none|           localB_896_4_reload|        scalar|
|localB_928_4_reload          |   in|    8|     ap_none|           localB_928_4_reload|        scalar|
|localB_960_4_reload          |   in|    8|     ap_none|           localB_960_4_reload|        scalar|
|localB_992_4_reload          |   in|    8|     ap_none|           localB_992_4_reload|        scalar|
|localB_1_4_reload            |   in|    8|     ap_none|             localB_1_4_reload|        scalar|
|localB_33_4_reload           |   in|    8|     ap_none|            localB_33_4_reload|        scalar|
|localB_65_4_reload           |   in|    8|     ap_none|            localB_65_4_reload|        scalar|
|localB_97_4_reload           |   in|    8|     ap_none|            localB_97_4_reload|        scalar|
|localB_129_4_reload          |   in|    8|     ap_none|           localB_129_4_reload|        scalar|
|localB_161_4_reload          |   in|    8|     ap_none|           localB_161_4_reload|        scalar|
|localB_193_4_reload          |   in|    8|     ap_none|           localB_193_4_reload|        scalar|
|localB_225_4_reload          |   in|    8|     ap_none|           localB_225_4_reload|        scalar|
|localB_257_4_reload          |   in|    8|     ap_none|           localB_257_4_reload|        scalar|
|localB_289_4_reload          |   in|    8|     ap_none|           localB_289_4_reload|        scalar|
|localB_321_4_reload          |   in|    8|     ap_none|           localB_321_4_reload|        scalar|
|localB_353_4_reload          |   in|    8|     ap_none|           localB_353_4_reload|        scalar|
|localB_385_4_reload          |   in|    8|     ap_none|           localB_385_4_reload|        scalar|
|localB_417_4_reload          |   in|    8|     ap_none|           localB_417_4_reload|        scalar|
|localB_449_4_reload          |   in|    8|     ap_none|           localB_449_4_reload|        scalar|
|localB_481_4_reload          |   in|    8|     ap_none|           localB_481_4_reload|        scalar|
|localB_513_4_reload          |   in|    8|     ap_none|           localB_513_4_reload|        scalar|
|localB_545_4_reload          |   in|    8|     ap_none|           localB_545_4_reload|        scalar|
|localB_577_4_reload          |   in|    8|     ap_none|           localB_577_4_reload|        scalar|
|localB_609_4_reload          |   in|    8|     ap_none|           localB_609_4_reload|        scalar|
|localB_641_4_reload          |   in|    8|     ap_none|           localB_641_4_reload|        scalar|
|localB_673_4_reload          |   in|    8|     ap_none|           localB_673_4_reload|        scalar|
|localB_705_4_reload          |   in|    8|     ap_none|           localB_705_4_reload|        scalar|
|localB_737_4_reload          |   in|    8|     ap_none|           localB_737_4_reload|        scalar|
|localB_769_4_reload          |   in|    8|     ap_none|           localB_769_4_reload|        scalar|
|localB_801_4_reload          |   in|    8|     ap_none|           localB_801_4_reload|        scalar|
|localB_833_4_reload          |   in|    8|     ap_none|           localB_833_4_reload|        scalar|
|localB_865_4_reload          |   in|    8|     ap_none|           localB_865_4_reload|        scalar|
|localB_897_4_reload          |   in|    8|     ap_none|           localB_897_4_reload|        scalar|
|localB_929_4_reload          |   in|    8|     ap_none|           localB_929_4_reload|        scalar|
|localB_961_4_reload          |   in|    8|     ap_none|           localB_961_4_reload|        scalar|
|localB_993_4_reload          |   in|    8|     ap_none|           localB_993_4_reload|        scalar|
|localB_2_4_reload            |   in|    8|     ap_none|             localB_2_4_reload|        scalar|
|localB_34_4_reload           |   in|    8|     ap_none|            localB_34_4_reload|        scalar|
|localB_66_4_reload           |   in|    8|     ap_none|            localB_66_4_reload|        scalar|
|localB_98_4_reload           |   in|    8|     ap_none|            localB_98_4_reload|        scalar|
|localB_130_4_reload          |   in|    8|     ap_none|           localB_130_4_reload|        scalar|
|localB_162_4_reload          |   in|    8|     ap_none|           localB_162_4_reload|        scalar|
|localB_194_4_reload          |   in|    8|     ap_none|           localB_194_4_reload|        scalar|
|localB_226_4_reload          |   in|    8|     ap_none|           localB_226_4_reload|        scalar|
|localB_258_4_reload          |   in|    8|     ap_none|           localB_258_4_reload|        scalar|
|localB_290_4_reload          |   in|    8|     ap_none|           localB_290_4_reload|        scalar|
|localB_322_4_reload          |   in|    8|     ap_none|           localB_322_4_reload|        scalar|
|localB_354_4_reload          |   in|    8|     ap_none|           localB_354_4_reload|        scalar|
|localB_386_4_reload          |   in|    8|     ap_none|           localB_386_4_reload|        scalar|
|localB_418_4_reload          |   in|    8|     ap_none|           localB_418_4_reload|        scalar|
|localB_450_4_reload          |   in|    8|     ap_none|           localB_450_4_reload|        scalar|
|localB_482_4_reload          |   in|    8|     ap_none|           localB_482_4_reload|        scalar|
|localB_514_4_reload          |   in|    8|     ap_none|           localB_514_4_reload|        scalar|
|localB_546_4_reload          |   in|    8|     ap_none|           localB_546_4_reload|        scalar|
|localB_578_4_reload          |   in|    8|     ap_none|           localB_578_4_reload|        scalar|
|localB_610_4_reload          |   in|    8|     ap_none|           localB_610_4_reload|        scalar|
|localB_642_4_reload          |   in|    8|     ap_none|           localB_642_4_reload|        scalar|
|localB_674_4_reload          |   in|    8|     ap_none|           localB_674_4_reload|        scalar|
|localB_706_4_reload          |   in|    8|     ap_none|           localB_706_4_reload|        scalar|
|localB_738_4_reload          |   in|    8|     ap_none|           localB_738_4_reload|        scalar|
|localB_770_4_reload          |   in|    8|     ap_none|           localB_770_4_reload|        scalar|
|localB_802_4_reload          |   in|    8|     ap_none|           localB_802_4_reload|        scalar|
|localB_834_4_reload          |   in|    8|     ap_none|           localB_834_4_reload|        scalar|
|localB_866_4_reload          |   in|    8|     ap_none|           localB_866_4_reload|        scalar|
|localB_898_4_reload          |   in|    8|     ap_none|           localB_898_4_reload|        scalar|
|localB_930_4_reload          |   in|    8|     ap_none|           localB_930_4_reload|        scalar|
|localB_962_4_reload          |   in|    8|     ap_none|           localB_962_4_reload|        scalar|
|localB_994_4_reload          |   in|    8|     ap_none|           localB_994_4_reload|        scalar|
|localB_3_4_reload            |   in|    8|     ap_none|             localB_3_4_reload|        scalar|
|localB_35_4_reload           |   in|    8|     ap_none|            localB_35_4_reload|        scalar|
|localB_67_4_reload           |   in|    8|     ap_none|            localB_67_4_reload|        scalar|
|localB_99_4_reload           |   in|    8|     ap_none|            localB_99_4_reload|        scalar|
|localB_131_4_reload          |   in|    8|     ap_none|           localB_131_4_reload|        scalar|
|localB_163_4_reload          |   in|    8|     ap_none|           localB_163_4_reload|        scalar|
|localB_195_4_reload          |   in|    8|     ap_none|           localB_195_4_reload|        scalar|
|localB_227_4_reload          |   in|    8|     ap_none|           localB_227_4_reload|        scalar|
|localB_259_4_reload          |   in|    8|     ap_none|           localB_259_4_reload|        scalar|
|localB_291_4_reload          |   in|    8|     ap_none|           localB_291_4_reload|        scalar|
|localB_323_4_reload          |   in|    8|     ap_none|           localB_323_4_reload|        scalar|
|localB_355_4_reload          |   in|    8|     ap_none|           localB_355_4_reload|        scalar|
|localB_387_4_reload          |   in|    8|     ap_none|           localB_387_4_reload|        scalar|
|localB_419_4_reload          |   in|    8|     ap_none|           localB_419_4_reload|        scalar|
|localB_451_4_reload          |   in|    8|     ap_none|           localB_451_4_reload|        scalar|
|localB_483_4_reload          |   in|    8|     ap_none|           localB_483_4_reload|        scalar|
|localB_515_4_reload          |   in|    8|     ap_none|           localB_515_4_reload|        scalar|
|localB_547_4_reload          |   in|    8|     ap_none|           localB_547_4_reload|        scalar|
|localB_579_4_reload          |   in|    8|     ap_none|           localB_579_4_reload|        scalar|
|localB_611_4_reload          |   in|    8|     ap_none|           localB_611_4_reload|        scalar|
|localB_643_4_reload          |   in|    8|     ap_none|           localB_643_4_reload|        scalar|
|localB_675_4_reload          |   in|    8|     ap_none|           localB_675_4_reload|        scalar|
|localB_707_4_reload          |   in|    8|     ap_none|           localB_707_4_reload|        scalar|
|localB_739_4_reload          |   in|    8|     ap_none|           localB_739_4_reload|        scalar|
|localB_771_4_reload          |   in|    8|     ap_none|           localB_771_4_reload|        scalar|
|localB_803_4_reload          |   in|    8|     ap_none|           localB_803_4_reload|        scalar|
|localB_835_4_reload          |   in|    8|     ap_none|           localB_835_4_reload|        scalar|
|localB_867_4_reload          |   in|    8|     ap_none|           localB_867_4_reload|        scalar|
|localB_899_4_reload          |   in|    8|     ap_none|           localB_899_4_reload|        scalar|
|localB_931_4_reload          |   in|    8|     ap_none|           localB_931_4_reload|        scalar|
|localB_963_4_reload          |   in|    8|     ap_none|           localB_963_4_reload|        scalar|
|localB_995_4_reload          |   in|    8|     ap_none|           localB_995_4_reload|        scalar|
|localB_4_4_reload            |   in|    8|     ap_none|             localB_4_4_reload|        scalar|
|localB_36_4_reload           |   in|    8|     ap_none|            localB_36_4_reload|        scalar|
|localB_68_4_reload           |   in|    8|     ap_none|            localB_68_4_reload|        scalar|
|localB_100_4_reload          |   in|    8|     ap_none|           localB_100_4_reload|        scalar|
|localB_132_4_reload          |   in|    8|     ap_none|           localB_132_4_reload|        scalar|
|localB_164_4_reload          |   in|    8|     ap_none|           localB_164_4_reload|        scalar|
|localB_196_4_reload          |   in|    8|     ap_none|           localB_196_4_reload|        scalar|
|localB_228_4_reload          |   in|    8|     ap_none|           localB_228_4_reload|        scalar|
|localB_260_4_reload          |   in|    8|     ap_none|           localB_260_4_reload|        scalar|
|localB_292_4_reload          |   in|    8|     ap_none|           localB_292_4_reload|        scalar|
|localB_324_4_reload          |   in|    8|     ap_none|           localB_324_4_reload|        scalar|
|localB_356_4_reload          |   in|    8|     ap_none|           localB_356_4_reload|        scalar|
|localB_388_4_reload          |   in|    8|     ap_none|           localB_388_4_reload|        scalar|
|localB_420_4_reload          |   in|    8|     ap_none|           localB_420_4_reload|        scalar|
|localB_452_4_reload          |   in|    8|     ap_none|           localB_452_4_reload|        scalar|
|localB_484_4_reload          |   in|    8|     ap_none|           localB_484_4_reload|        scalar|
|localB_516_4_reload          |   in|    8|     ap_none|           localB_516_4_reload|        scalar|
|localB_548_4_reload          |   in|    8|     ap_none|           localB_548_4_reload|        scalar|
|localB_580_4_reload          |   in|    8|     ap_none|           localB_580_4_reload|        scalar|
|localB_612_4_reload          |   in|    8|     ap_none|           localB_612_4_reload|        scalar|
|localB_644_4_reload          |   in|    8|     ap_none|           localB_644_4_reload|        scalar|
|localB_676_4_reload          |   in|    8|     ap_none|           localB_676_4_reload|        scalar|
|localB_708_4_reload          |   in|    8|     ap_none|           localB_708_4_reload|        scalar|
|localB_740_4_reload          |   in|    8|     ap_none|           localB_740_4_reload|        scalar|
|localB_772_4_reload          |   in|    8|     ap_none|           localB_772_4_reload|        scalar|
|localB_804_4_reload          |   in|    8|     ap_none|           localB_804_4_reload|        scalar|
|localB_836_4_reload          |   in|    8|     ap_none|           localB_836_4_reload|        scalar|
|localB_868_4_reload          |   in|    8|     ap_none|           localB_868_4_reload|        scalar|
|localB_900_4_reload          |   in|    8|     ap_none|           localB_900_4_reload|        scalar|
|localB_932_4_reload          |   in|    8|     ap_none|           localB_932_4_reload|        scalar|
|localB_964_4_reload          |   in|    8|     ap_none|           localB_964_4_reload|        scalar|
|localB_996_4_reload          |   in|    8|     ap_none|           localB_996_4_reload|        scalar|
|localB_5_4_reload            |   in|    8|     ap_none|             localB_5_4_reload|        scalar|
|localB_37_4_reload           |   in|    8|     ap_none|            localB_37_4_reload|        scalar|
|localB_69_4_reload           |   in|    8|     ap_none|            localB_69_4_reload|        scalar|
|localB_101_4_reload          |   in|    8|     ap_none|           localB_101_4_reload|        scalar|
|localB_133_4_reload          |   in|    8|     ap_none|           localB_133_4_reload|        scalar|
|localB_165_4_reload          |   in|    8|     ap_none|           localB_165_4_reload|        scalar|
|localB_197_4_reload          |   in|    8|     ap_none|           localB_197_4_reload|        scalar|
|localB_229_4_reload          |   in|    8|     ap_none|           localB_229_4_reload|        scalar|
|localB_261_4_reload          |   in|    8|     ap_none|           localB_261_4_reload|        scalar|
|localB_293_4_reload          |   in|    8|     ap_none|           localB_293_4_reload|        scalar|
|localB_325_4_reload          |   in|    8|     ap_none|           localB_325_4_reload|        scalar|
|localB_357_4_reload          |   in|    8|     ap_none|           localB_357_4_reload|        scalar|
|localB_389_4_reload          |   in|    8|     ap_none|           localB_389_4_reload|        scalar|
|localB_421_4_reload          |   in|    8|     ap_none|           localB_421_4_reload|        scalar|
|localB_453_4_reload          |   in|    8|     ap_none|           localB_453_4_reload|        scalar|
|localB_485_4_reload          |   in|    8|     ap_none|           localB_485_4_reload|        scalar|
|localB_517_4_reload          |   in|    8|     ap_none|           localB_517_4_reload|        scalar|
|localB_549_4_reload          |   in|    8|     ap_none|           localB_549_4_reload|        scalar|
|localB_581_4_reload          |   in|    8|     ap_none|           localB_581_4_reload|        scalar|
|localB_613_4_reload          |   in|    8|     ap_none|           localB_613_4_reload|        scalar|
|localB_645_4_reload          |   in|    8|     ap_none|           localB_645_4_reload|        scalar|
|localB_677_4_reload          |   in|    8|     ap_none|           localB_677_4_reload|        scalar|
|localB_709_4_reload          |   in|    8|     ap_none|           localB_709_4_reload|        scalar|
|localB_741_4_reload          |   in|    8|     ap_none|           localB_741_4_reload|        scalar|
|localB_773_4_reload          |   in|    8|     ap_none|           localB_773_4_reload|        scalar|
|localB_805_4_reload          |   in|    8|     ap_none|           localB_805_4_reload|        scalar|
|localB_837_4_reload          |   in|    8|     ap_none|           localB_837_4_reload|        scalar|
|localB_869_4_reload          |   in|    8|     ap_none|           localB_869_4_reload|        scalar|
|localB_901_4_reload          |   in|    8|     ap_none|           localB_901_4_reload|        scalar|
|localB_933_4_reload          |   in|    8|     ap_none|           localB_933_4_reload|        scalar|
|localB_965_4_reload          |   in|    8|     ap_none|           localB_965_4_reload|        scalar|
|localB_997_4_reload          |   in|    8|     ap_none|           localB_997_4_reload|        scalar|
|localB_6_4_reload            |   in|    8|     ap_none|             localB_6_4_reload|        scalar|
|localB_38_4_reload           |   in|    8|     ap_none|            localB_38_4_reload|        scalar|
|localB_70_4_reload           |   in|    8|     ap_none|            localB_70_4_reload|        scalar|
|localB_102_4_reload          |   in|    8|     ap_none|           localB_102_4_reload|        scalar|
|localB_134_4_reload          |   in|    8|     ap_none|           localB_134_4_reload|        scalar|
|localB_166_4_reload          |   in|    8|     ap_none|           localB_166_4_reload|        scalar|
|localB_198_4_reload          |   in|    8|     ap_none|           localB_198_4_reload|        scalar|
|localB_230_4_reload          |   in|    8|     ap_none|           localB_230_4_reload|        scalar|
|localB_262_4_reload          |   in|    8|     ap_none|           localB_262_4_reload|        scalar|
|localB_294_4_reload          |   in|    8|     ap_none|           localB_294_4_reload|        scalar|
|localB_326_4_reload          |   in|    8|     ap_none|           localB_326_4_reload|        scalar|
|localB_358_4_reload          |   in|    8|     ap_none|           localB_358_4_reload|        scalar|
|localB_390_4_reload          |   in|    8|     ap_none|           localB_390_4_reload|        scalar|
|localB_422_4_reload          |   in|    8|     ap_none|           localB_422_4_reload|        scalar|
|localB_454_4_reload          |   in|    8|     ap_none|           localB_454_4_reload|        scalar|
|localB_486_4_reload          |   in|    8|     ap_none|           localB_486_4_reload|        scalar|
|localB_518_4_reload          |   in|    8|     ap_none|           localB_518_4_reload|        scalar|
|localB_550_4_reload          |   in|    8|     ap_none|           localB_550_4_reload|        scalar|
|localB_582_4_reload          |   in|    8|     ap_none|           localB_582_4_reload|        scalar|
|localB_614_4_reload          |   in|    8|     ap_none|           localB_614_4_reload|        scalar|
|localB_646_4_reload          |   in|    8|     ap_none|           localB_646_4_reload|        scalar|
|localB_678_4_reload          |   in|    8|     ap_none|           localB_678_4_reload|        scalar|
|localB_710_4_reload          |   in|    8|     ap_none|           localB_710_4_reload|        scalar|
|localB_742_4_reload          |   in|    8|     ap_none|           localB_742_4_reload|        scalar|
|localB_774_4_reload          |   in|    8|     ap_none|           localB_774_4_reload|        scalar|
|localB_806_4_reload          |   in|    8|     ap_none|           localB_806_4_reload|        scalar|
|localB_838_4_reload          |   in|    8|     ap_none|           localB_838_4_reload|        scalar|
|localB_870_4_reload          |   in|    8|     ap_none|           localB_870_4_reload|        scalar|
|localB_902_4_reload          |   in|    8|     ap_none|           localB_902_4_reload|        scalar|
|localB_934_4_reload          |   in|    8|     ap_none|           localB_934_4_reload|        scalar|
|localB_966_4_reload          |   in|    8|     ap_none|           localB_966_4_reload|        scalar|
|localB_998_4_reload          |   in|    8|     ap_none|           localB_998_4_reload|        scalar|
|localB_7_4_reload            |   in|    8|     ap_none|             localB_7_4_reload|        scalar|
|localB_39_4_reload           |   in|    8|     ap_none|            localB_39_4_reload|        scalar|
|localB_71_4_reload           |   in|    8|     ap_none|            localB_71_4_reload|        scalar|
|localB_103_4_reload          |   in|    8|     ap_none|           localB_103_4_reload|        scalar|
|localB_135_4_reload          |   in|    8|     ap_none|           localB_135_4_reload|        scalar|
|localB_167_4_reload          |   in|    8|     ap_none|           localB_167_4_reload|        scalar|
|localB_199_4_reload          |   in|    8|     ap_none|           localB_199_4_reload|        scalar|
|localB_231_4_reload          |   in|    8|     ap_none|           localB_231_4_reload|        scalar|
|localB_263_4_reload          |   in|    8|     ap_none|           localB_263_4_reload|        scalar|
|localB_295_4_reload          |   in|    8|     ap_none|           localB_295_4_reload|        scalar|
|localB_327_4_reload          |   in|    8|     ap_none|           localB_327_4_reload|        scalar|
|localB_359_4_reload          |   in|    8|     ap_none|           localB_359_4_reload|        scalar|
|localB_391_4_reload          |   in|    8|     ap_none|           localB_391_4_reload|        scalar|
|localB_423_4_reload          |   in|    8|     ap_none|           localB_423_4_reload|        scalar|
|localB_455_4_reload          |   in|    8|     ap_none|           localB_455_4_reload|        scalar|
|localB_487_4_reload          |   in|    8|     ap_none|           localB_487_4_reload|        scalar|
|localB_519_4_reload          |   in|    8|     ap_none|           localB_519_4_reload|        scalar|
|localB_551_4_reload          |   in|    8|     ap_none|           localB_551_4_reload|        scalar|
|localB_583_4_reload          |   in|    8|     ap_none|           localB_583_4_reload|        scalar|
|localB_615_4_reload          |   in|    8|     ap_none|           localB_615_4_reload|        scalar|
|localB_647_4_reload          |   in|    8|     ap_none|           localB_647_4_reload|        scalar|
|localB_679_4_reload          |   in|    8|     ap_none|           localB_679_4_reload|        scalar|
|localB_711_4_reload          |   in|    8|     ap_none|           localB_711_4_reload|        scalar|
|localB_743_4_reload          |   in|    8|     ap_none|           localB_743_4_reload|        scalar|
|localB_775_4_reload          |   in|    8|     ap_none|           localB_775_4_reload|        scalar|
|localB_807_4_reload          |   in|    8|     ap_none|           localB_807_4_reload|        scalar|
|localB_839_4_reload          |   in|    8|     ap_none|           localB_839_4_reload|        scalar|
|localB_871_4_reload          |   in|    8|     ap_none|           localB_871_4_reload|        scalar|
|localB_903_4_reload          |   in|    8|     ap_none|           localB_903_4_reload|        scalar|
|localB_935_4_reload          |   in|    8|     ap_none|           localB_935_4_reload|        scalar|
|localB_967_4_reload          |   in|    8|     ap_none|           localB_967_4_reload|        scalar|
|localB_999_4_reload          |   in|    8|     ap_none|           localB_999_4_reload|        scalar|
|localB_8_4_reload            |   in|    8|     ap_none|             localB_8_4_reload|        scalar|
|localB_40_4_reload           |   in|    8|     ap_none|            localB_40_4_reload|        scalar|
|localB_72_4_reload           |   in|    8|     ap_none|            localB_72_4_reload|        scalar|
|localB_104_4_reload          |   in|    8|     ap_none|           localB_104_4_reload|        scalar|
|localB_136_4_reload          |   in|    8|     ap_none|           localB_136_4_reload|        scalar|
|localB_168_4_reload          |   in|    8|     ap_none|           localB_168_4_reload|        scalar|
|localB_200_4_reload          |   in|    8|     ap_none|           localB_200_4_reload|        scalar|
|localB_232_4_reload          |   in|    8|     ap_none|           localB_232_4_reload|        scalar|
|localB_264_4_reload          |   in|    8|     ap_none|           localB_264_4_reload|        scalar|
|localB_296_4_reload          |   in|    8|     ap_none|           localB_296_4_reload|        scalar|
|localB_328_4_reload          |   in|    8|     ap_none|           localB_328_4_reload|        scalar|
|localB_360_4_reload          |   in|    8|     ap_none|           localB_360_4_reload|        scalar|
|localB_392_4_reload          |   in|    8|     ap_none|           localB_392_4_reload|        scalar|
|localB_424_4_reload          |   in|    8|     ap_none|           localB_424_4_reload|        scalar|
|localB_456_4_reload          |   in|    8|     ap_none|           localB_456_4_reload|        scalar|
|localB_488_4_reload          |   in|    8|     ap_none|           localB_488_4_reload|        scalar|
|localB_520_4_reload          |   in|    8|     ap_none|           localB_520_4_reload|        scalar|
|localB_552_4_reload          |   in|    8|     ap_none|           localB_552_4_reload|        scalar|
|localB_584_4_reload          |   in|    8|     ap_none|           localB_584_4_reload|        scalar|
|localB_616_4_reload          |   in|    8|     ap_none|           localB_616_4_reload|        scalar|
|localB_648_4_reload          |   in|    8|     ap_none|           localB_648_4_reload|        scalar|
|localB_680_4_reload          |   in|    8|     ap_none|           localB_680_4_reload|        scalar|
|localB_712_4_reload          |   in|    8|     ap_none|           localB_712_4_reload|        scalar|
|localB_744_4_reload          |   in|    8|     ap_none|           localB_744_4_reload|        scalar|
|localB_776_4_reload          |   in|    8|     ap_none|           localB_776_4_reload|        scalar|
|localB_808_4_reload          |   in|    8|     ap_none|           localB_808_4_reload|        scalar|
|localB_840_4_reload          |   in|    8|     ap_none|           localB_840_4_reload|        scalar|
|localB_872_4_reload          |   in|    8|     ap_none|           localB_872_4_reload|        scalar|
|localB_904_4_reload          |   in|    8|     ap_none|           localB_904_4_reload|        scalar|
|localB_936_4_reload          |   in|    8|     ap_none|           localB_936_4_reload|        scalar|
|localB_968_4_reload          |   in|    8|     ap_none|           localB_968_4_reload|        scalar|
|localB_1000_4_reload         |   in|    8|     ap_none|          localB_1000_4_reload|        scalar|
|localB_9_4_reload            |   in|    8|     ap_none|             localB_9_4_reload|        scalar|
|localB_41_4_reload           |   in|    8|     ap_none|            localB_41_4_reload|        scalar|
|localB_73_4_reload           |   in|    8|     ap_none|            localB_73_4_reload|        scalar|
|localB_105_4_reload          |   in|    8|     ap_none|           localB_105_4_reload|        scalar|
|localB_137_4_reload          |   in|    8|     ap_none|           localB_137_4_reload|        scalar|
|localB_169_4_reload          |   in|    8|     ap_none|           localB_169_4_reload|        scalar|
|localB_201_4_reload          |   in|    8|     ap_none|           localB_201_4_reload|        scalar|
|localB_233_4_reload          |   in|    8|     ap_none|           localB_233_4_reload|        scalar|
|localB_265_4_reload          |   in|    8|     ap_none|           localB_265_4_reload|        scalar|
|localB_297_4_reload          |   in|    8|     ap_none|           localB_297_4_reload|        scalar|
|localB_329_4_reload          |   in|    8|     ap_none|           localB_329_4_reload|        scalar|
|localB_361_4_reload          |   in|    8|     ap_none|           localB_361_4_reload|        scalar|
|localB_393_4_reload          |   in|    8|     ap_none|           localB_393_4_reload|        scalar|
|localB_425_4_reload          |   in|    8|     ap_none|           localB_425_4_reload|        scalar|
|localB_457_4_reload          |   in|    8|     ap_none|           localB_457_4_reload|        scalar|
|localB_489_4_reload          |   in|    8|     ap_none|           localB_489_4_reload|        scalar|
|localB_521_4_reload          |   in|    8|     ap_none|           localB_521_4_reload|        scalar|
|localB_553_4_reload          |   in|    8|     ap_none|           localB_553_4_reload|        scalar|
|localB_585_4_reload          |   in|    8|     ap_none|           localB_585_4_reload|        scalar|
|localB_617_4_reload          |   in|    8|     ap_none|           localB_617_4_reload|        scalar|
|localB_649_4_reload          |   in|    8|     ap_none|           localB_649_4_reload|        scalar|
|localB_681_4_reload          |   in|    8|     ap_none|           localB_681_4_reload|        scalar|
|localB_713_4_reload          |   in|    8|     ap_none|           localB_713_4_reload|        scalar|
|localB_745_4_reload          |   in|    8|     ap_none|           localB_745_4_reload|        scalar|
|localB_777_4_reload          |   in|    8|     ap_none|           localB_777_4_reload|        scalar|
|localB_809_4_reload          |   in|    8|     ap_none|           localB_809_4_reload|        scalar|
|localB_841_4_reload          |   in|    8|     ap_none|           localB_841_4_reload|        scalar|
|localB_873_4_reload          |   in|    8|     ap_none|           localB_873_4_reload|        scalar|
|localB_905_4_reload          |   in|    8|     ap_none|           localB_905_4_reload|        scalar|
|localB_937_4_reload          |   in|    8|     ap_none|           localB_937_4_reload|        scalar|
|localB_969_4_reload          |   in|    8|     ap_none|           localB_969_4_reload|        scalar|
|localB_1001_4_reload         |   in|    8|     ap_none|          localB_1001_4_reload|        scalar|
|localB_10_4_reload           |   in|    8|     ap_none|            localB_10_4_reload|        scalar|
|localB_42_4_reload           |   in|    8|     ap_none|            localB_42_4_reload|        scalar|
|localB_74_4_reload           |   in|    8|     ap_none|            localB_74_4_reload|        scalar|
|localB_106_4_reload          |   in|    8|     ap_none|           localB_106_4_reload|        scalar|
|localB_138_4_reload          |   in|    8|     ap_none|           localB_138_4_reload|        scalar|
|localB_170_4_reload          |   in|    8|     ap_none|           localB_170_4_reload|        scalar|
|localB_202_4_reload          |   in|    8|     ap_none|           localB_202_4_reload|        scalar|
|localB_234_4_reload          |   in|    8|     ap_none|           localB_234_4_reload|        scalar|
|localB_266_4_reload          |   in|    8|     ap_none|           localB_266_4_reload|        scalar|
|localB_298_4_reload          |   in|    8|     ap_none|           localB_298_4_reload|        scalar|
|localB_330_4_reload          |   in|    8|     ap_none|           localB_330_4_reload|        scalar|
|localB_362_4_reload          |   in|    8|     ap_none|           localB_362_4_reload|        scalar|
|localB_394_4_reload          |   in|    8|     ap_none|           localB_394_4_reload|        scalar|
|localB_426_4_reload          |   in|    8|     ap_none|           localB_426_4_reload|        scalar|
|localB_458_4_reload          |   in|    8|     ap_none|           localB_458_4_reload|        scalar|
|localB_490_4_reload          |   in|    8|     ap_none|           localB_490_4_reload|        scalar|
|localB_522_4_reload          |   in|    8|     ap_none|           localB_522_4_reload|        scalar|
|localB_554_4_reload          |   in|    8|     ap_none|           localB_554_4_reload|        scalar|
|localB_586_4_reload          |   in|    8|     ap_none|           localB_586_4_reload|        scalar|
|localB_618_4_reload          |   in|    8|     ap_none|           localB_618_4_reload|        scalar|
|localB_650_4_reload          |   in|    8|     ap_none|           localB_650_4_reload|        scalar|
|localB_682_4_reload          |   in|    8|     ap_none|           localB_682_4_reload|        scalar|
|localB_714_4_reload          |   in|    8|     ap_none|           localB_714_4_reload|        scalar|
|localB_746_4_reload          |   in|    8|     ap_none|           localB_746_4_reload|        scalar|
|localB_778_4_reload          |   in|    8|     ap_none|           localB_778_4_reload|        scalar|
|localB_810_4_reload          |   in|    8|     ap_none|           localB_810_4_reload|        scalar|
|localB_842_4_reload          |   in|    8|     ap_none|           localB_842_4_reload|        scalar|
|localB_874_4_reload          |   in|    8|     ap_none|           localB_874_4_reload|        scalar|
|localB_906_4_reload          |   in|    8|     ap_none|           localB_906_4_reload|        scalar|
|localB_938_4_reload          |   in|    8|     ap_none|           localB_938_4_reload|        scalar|
|localB_970_4_reload          |   in|    8|     ap_none|           localB_970_4_reload|        scalar|
|localB_1002_4_reload         |   in|    8|     ap_none|          localB_1002_4_reload|        scalar|
|localB_11_4_reload           |   in|    8|     ap_none|            localB_11_4_reload|        scalar|
|localB_43_4_reload           |   in|    8|     ap_none|            localB_43_4_reload|        scalar|
|localB_75_4_reload           |   in|    8|     ap_none|            localB_75_4_reload|        scalar|
|localB_107_4_reload          |   in|    8|     ap_none|           localB_107_4_reload|        scalar|
|localB_139_4_reload          |   in|    8|     ap_none|           localB_139_4_reload|        scalar|
|localB_171_4_reload          |   in|    8|     ap_none|           localB_171_4_reload|        scalar|
|localB_203_4_reload          |   in|    8|     ap_none|           localB_203_4_reload|        scalar|
|localB_235_4_reload          |   in|    8|     ap_none|           localB_235_4_reload|        scalar|
|localB_267_4_reload          |   in|    8|     ap_none|           localB_267_4_reload|        scalar|
|localB_299_4_reload          |   in|    8|     ap_none|           localB_299_4_reload|        scalar|
|localB_331_4_reload          |   in|    8|     ap_none|           localB_331_4_reload|        scalar|
|localB_363_4_reload          |   in|    8|     ap_none|           localB_363_4_reload|        scalar|
|localB_395_4_reload          |   in|    8|     ap_none|           localB_395_4_reload|        scalar|
|localB_427_4_reload          |   in|    8|     ap_none|           localB_427_4_reload|        scalar|
|localB_459_4_reload          |   in|    8|     ap_none|           localB_459_4_reload|        scalar|
|localB_491_4_reload          |   in|    8|     ap_none|           localB_491_4_reload|        scalar|
|localB_523_4_reload          |   in|    8|     ap_none|           localB_523_4_reload|        scalar|
|localB_555_4_reload          |   in|    8|     ap_none|           localB_555_4_reload|        scalar|
|localB_587_4_reload          |   in|    8|     ap_none|           localB_587_4_reload|        scalar|
|localB_619_4_reload          |   in|    8|     ap_none|           localB_619_4_reload|        scalar|
|localB_651_4_reload          |   in|    8|     ap_none|           localB_651_4_reload|        scalar|
|localB_683_4_reload          |   in|    8|     ap_none|           localB_683_4_reload|        scalar|
|localB_715_4_reload          |   in|    8|     ap_none|           localB_715_4_reload|        scalar|
|localB_747_4_reload          |   in|    8|     ap_none|           localB_747_4_reload|        scalar|
|localB_779_4_reload          |   in|    8|     ap_none|           localB_779_4_reload|        scalar|
|localB_811_4_reload          |   in|    8|     ap_none|           localB_811_4_reload|        scalar|
|localB_843_4_reload          |   in|    8|     ap_none|           localB_843_4_reload|        scalar|
|localB_875_4_reload          |   in|    8|     ap_none|           localB_875_4_reload|        scalar|
|localB_907_4_reload          |   in|    8|     ap_none|           localB_907_4_reload|        scalar|
|localB_939_4_reload          |   in|    8|     ap_none|           localB_939_4_reload|        scalar|
|localB_971_4_reload          |   in|    8|     ap_none|           localB_971_4_reload|        scalar|
|localB_1003_4_reload         |   in|    8|     ap_none|          localB_1003_4_reload|        scalar|
|localB_12_4_reload           |   in|    8|     ap_none|            localB_12_4_reload|        scalar|
|localB_44_4_reload           |   in|    8|     ap_none|            localB_44_4_reload|        scalar|
|localB_76_4_reload           |   in|    8|     ap_none|            localB_76_4_reload|        scalar|
|localB_108_4_reload          |   in|    8|     ap_none|           localB_108_4_reload|        scalar|
|localB_140_4_reload          |   in|    8|     ap_none|           localB_140_4_reload|        scalar|
|localB_172_4_reload          |   in|    8|     ap_none|           localB_172_4_reload|        scalar|
|localB_204_4_reload          |   in|    8|     ap_none|           localB_204_4_reload|        scalar|
|localB_236_4_reload          |   in|    8|     ap_none|           localB_236_4_reload|        scalar|
|localB_268_4_reload          |   in|    8|     ap_none|           localB_268_4_reload|        scalar|
|localB_300_4_reload          |   in|    8|     ap_none|           localB_300_4_reload|        scalar|
|localB_332_4_reload          |   in|    8|     ap_none|           localB_332_4_reload|        scalar|
|localB_364_4_reload          |   in|    8|     ap_none|           localB_364_4_reload|        scalar|
|localB_396_4_reload          |   in|    8|     ap_none|           localB_396_4_reload|        scalar|
|localB_428_4_reload          |   in|    8|     ap_none|           localB_428_4_reload|        scalar|
|localB_460_4_reload          |   in|    8|     ap_none|           localB_460_4_reload|        scalar|
|localB_492_4_reload          |   in|    8|     ap_none|           localB_492_4_reload|        scalar|
|localB_524_4_reload          |   in|    8|     ap_none|           localB_524_4_reload|        scalar|
|localB_556_4_reload          |   in|    8|     ap_none|           localB_556_4_reload|        scalar|
|localB_588_4_reload          |   in|    8|     ap_none|           localB_588_4_reload|        scalar|
|localB_620_4_reload          |   in|    8|     ap_none|           localB_620_4_reload|        scalar|
|localB_652_4_reload          |   in|    8|     ap_none|           localB_652_4_reload|        scalar|
|localB_684_4_reload          |   in|    8|     ap_none|           localB_684_4_reload|        scalar|
|localB_716_4_reload          |   in|    8|     ap_none|           localB_716_4_reload|        scalar|
|localB_748_4_reload          |   in|    8|     ap_none|           localB_748_4_reload|        scalar|
|localB_780_4_reload          |   in|    8|     ap_none|           localB_780_4_reload|        scalar|
|localB_812_4_reload          |   in|    8|     ap_none|           localB_812_4_reload|        scalar|
|localB_844_4_reload          |   in|    8|     ap_none|           localB_844_4_reload|        scalar|
|localB_876_4_reload          |   in|    8|     ap_none|           localB_876_4_reload|        scalar|
|localB_908_4_reload          |   in|    8|     ap_none|           localB_908_4_reload|        scalar|
|localB_940_4_reload          |   in|    8|     ap_none|           localB_940_4_reload|        scalar|
|localB_972_4_reload          |   in|    8|     ap_none|           localB_972_4_reload|        scalar|
|localB_1004_4_reload         |   in|    8|     ap_none|          localB_1004_4_reload|        scalar|
|localB_13_4_reload           |   in|    8|     ap_none|            localB_13_4_reload|        scalar|
|localB_45_4_reload           |   in|    8|     ap_none|            localB_45_4_reload|        scalar|
|localB_77_4_reload           |   in|    8|     ap_none|            localB_77_4_reload|        scalar|
|localB_109_4_reload          |   in|    8|     ap_none|           localB_109_4_reload|        scalar|
|localB_141_4_reload          |   in|    8|     ap_none|           localB_141_4_reload|        scalar|
|localB_173_4_reload          |   in|    8|     ap_none|           localB_173_4_reload|        scalar|
|localB_205_4_reload          |   in|    8|     ap_none|           localB_205_4_reload|        scalar|
|localB_237_4_reload          |   in|    8|     ap_none|           localB_237_4_reload|        scalar|
|localB_269_4_reload          |   in|    8|     ap_none|           localB_269_4_reload|        scalar|
|localB_301_4_reload          |   in|    8|     ap_none|           localB_301_4_reload|        scalar|
|localB_333_4_reload          |   in|    8|     ap_none|           localB_333_4_reload|        scalar|
|localB_365_4_reload          |   in|    8|     ap_none|           localB_365_4_reload|        scalar|
|localB_397_4_reload          |   in|    8|     ap_none|           localB_397_4_reload|        scalar|
|localB_429_4_reload          |   in|    8|     ap_none|           localB_429_4_reload|        scalar|
|localB_461_4_reload          |   in|    8|     ap_none|           localB_461_4_reload|        scalar|
|localB_493_4_reload          |   in|    8|     ap_none|           localB_493_4_reload|        scalar|
|localB_525_4_reload          |   in|    8|     ap_none|           localB_525_4_reload|        scalar|
|localB_557_4_reload          |   in|    8|     ap_none|           localB_557_4_reload|        scalar|
|localB_589_4_reload          |   in|    8|     ap_none|           localB_589_4_reload|        scalar|
|localB_621_4_reload          |   in|    8|     ap_none|           localB_621_4_reload|        scalar|
|localB_653_4_reload          |   in|    8|     ap_none|           localB_653_4_reload|        scalar|
|localB_685_4_reload          |   in|    8|     ap_none|           localB_685_4_reload|        scalar|
|localB_717_4_reload          |   in|    8|     ap_none|           localB_717_4_reload|        scalar|
|localB_749_4_reload          |   in|    8|     ap_none|           localB_749_4_reload|        scalar|
|localB_781_4_reload          |   in|    8|     ap_none|           localB_781_4_reload|        scalar|
|localB_813_4_reload          |   in|    8|     ap_none|           localB_813_4_reload|        scalar|
|localB_845_4_reload          |   in|    8|     ap_none|           localB_845_4_reload|        scalar|
|localB_877_4_reload          |   in|    8|     ap_none|           localB_877_4_reload|        scalar|
|localB_909_4_reload          |   in|    8|     ap_none|           localB_909_4_reload|        scalar|
|localB_941_4_reload          |   in|    8|     ap_none|           localB_941_4_reload|        scalar|
|localB_973_4_reload          |   in|    8|     ap_none|           localB_973_4_reload|        scalar|
|localB_1005_4_reload         |   in|    8|     ap_none|          localB_1005_4_reload|        scalar|
|localB_14_4_reload           |   in|    8|     ap_none|            localB_14_4_reload|        scalar|
|localB_46_4_reload           |   in|    8|     ap_none|            localB_46_4_reload|        scalar|
|localB_78_4_reload           |   in|    8|     ap_none|            localB_78_4_reload|        scalar|
|localB_110_4_reload          |   in|    8|     ap_none|           localB_110_4_reload|        scalar|
|localB_142_4_reload          |   in|    8|     ap_none|           localB_142_4_reload|        scalar|
|localB_174_4_reload          |   in|    8|     ap_none|           localB_174_4_reload|        scalar|
|localB_206_4_reload          |   in|    8|     ap_none|           localB_206_4_reload|        scalar|
|localB_238_4_reload          |   in|    8|     ap_none|           localB_238_4_reload|        scalar|
|localB_270_4_reload          |   in|    8|     ap_none|           localB_270_4_reload|        scalar|
|localB_302_4_reload          |   in|    8|     ap_none|           localB_302_4_reload|        scalar|
|localB_334_4_reload          |   in|    8|     ap_none|           localB_334_4_reload|        scalar|
|localB_366_4_reload          |   in|    8|     ap_none|           localB_366_4_reload|        scalar|
|localB_398_4_reload          |   in|    8|     ap_none|           localB_398_4_reload|        scalar|
|localB_430_4_reload          |   in|    8|     ap_none|           localB_430_4_reload|        scalar|
|localB_462_4_reload          |   in|    8|     ap_none|           localB_462_4_reload|        scalar|
|localB_494_4_reload          |   in|    8|     ap_none|           localB_494_4_reload|        scalar|
|localB_526_4_reload          |   in|    8|     ap_none|           localB_526_4_reload|        scalar|
|localB_558_4_reload          |   in|    8|     ap_none|           localB_558_4_reload|        scalar|
|localB_590_4_reload          |   in|    8|     ap_none|           localB_590_4_reload|        scalar|
|localB_622_4_reload          |   in|    8|     ap_none|           localB_622_4_reload|        scalar|
|localB_654_4_reload          |   in|    8|     ap_none|           localB_654_4_reload|        scalar|
|localB_686_4_reload          |   in|    8|     ap_none|           localB_686_4_reload|        scalar|
|localB_718_4_reload          |   in|    8|     ap_none|           localB_718_4_reload|        scalar|
|localB_750_4_reload          |   in|    8|     ap_none|           localB_750_4_reload|        scalar|
|localB_782_4_reload          |   in|    8|     ap_none|           localB_782_4_reload|        scalar|
|localB_814_4_reload          |   in|    8|     ap_none|           localB_814_4_reload|        scalar|
|localB_846_4_reload          |   in|    8|     ap_none|           localB_846_4_reload|        scalar|
|localB_878_4_reload          |   in|    8|     ap_none|           localB_878_4_reload|        scalar|
|localB_910_4_reload          |   in|    8|     ap_none|           localB_910_4_reload|        scalar|
|localB_942_4_reload          |   in|    8|     ap_none|           localB_942_4_reload|        scalar|
|localB_974_4_reload          |   in|    8|     ap_none|           localB_974_4_reload|        scalar|
|localB_1006_4_reload         |   in|    8|     ap_none|          localB_1006_4_reload|        scalar|
|localB_15_4_reload           |   in|    8|     ap_none|            localB_15_4_reload|        scalar|
|localB_47_4_reload           |   in|    8|     ap_none|            localB_47_4_reload|        scalar|
|localB_79_4_reload           |   in|    8|     ap_none|            localB_79_4_reload|        scalar|
|localB_111_4_reload          |   in|    8|     ap_none|           localB_111_4_reload|        scalar|
|localB_143_4_reload          |   in|    8|     ap_none|           localB_143_4_reload|        scalar|
|localB_175_4_reload          |   in|    8|     ap_none|           localB_175_4_reload|        scalar|
|localB_207_4_reload          |   in|    8|     ap_none|           localB_207_4_reload|        scalar|
|localB_239_4_reload          |   in|    8|     ap_none|           localB_239_4_reload|        scalar|
|localB_271_4_reload          |   in|    8|     ap_none|           localB_271_4_reload|        scalar|
|localB_303_4_reload          |   in|    8|     ap_none|           localB_303_4_reload|        scalar|
|localB_335_4_reload          |   in|    8|     ap_none|           localB_335_4_reload|        scalar|
|localB_367_4_reload          |   in|    8|     ap_none|           localB_367_4_reload|        scalar|
|localB_399_4_reload          |   in|    8|     ap_none|           localB_399_4_reload|        scalar|
|localB_431_4_reload          |   in|    8|     ap_none|           localB_431_4_reload|        scalar|
|localB_463_4_reload          |   in|    8|     ap_none|           localB_463_4_reload|        scalar|
|localB_495_4_reload          |   in|    8|     ap_none|           localB_495_4_reload|        scalar|
|localB_527_4_reload          |   in|    8|     ap_none|           localB_527_4_reload|        scalar|
|localB_559_4_reload          |   in|    8|     ap_none|           localB_559_4_reload|        scalar|
|localB_591_4_reload          |   in|    8|     ap_none|           localB_591_4_reload|        scalar|
|localB_623_4_reload          |   in|    8|     ap_none|           localB_623_4_reload|        scalar|
|localB_655_4_reload          |   in|    8|     ap_none|           localB_655_4_reload|        scalar|
|localB_687_4_reload          |   in|    8|     ap_none|           localB_687_4_reload|        scalar|
|localB_719_4_reload          |   in|    8|     ap_none|           localB_719_4_reload|        scalar|
|localB_751_4_reload          |   in|    8|     ap_none|           localB_751_4_reload|        scalar|
|localB_783_4_reload          |   in|    8|     ap_none|           localB_783_4_reload|        scalar|
|localB_815_4_reload          |   in|    8|     ap_none|           localB_815_4_reload|        scalar|
|localB_847_4_reload          |   in|    8|     ap_none|           localB_847_4_reload|        scalar|
|localB_879_4_reload          |   in|    8|     ap_none|           localB_879_4_reload|        scalar|
|localB_911_4_reload          |   in|    8|     ap_none|           localB_911_4_reload|        scalar|
|localB_943_4_reload          |   in|    8|     ap_none|           localB_943_4_reload|        scalar|
|localB_975_4_reload          |   in|    8|     ap_none|           localB_975_4_reload|        scalar|
|localB_1007_4_reload         |   in|    8|     ap_none|          localB_1007_4_reload|        scalar|
|localB_16_4_reload           |   in|    8|     ap_none|            localB_16_4_reload|        scalar|
|localB_48_4_reload           |   in|    8|     ap_none|            localB_48_4_reload|        scalar|
|localB_80_4_reload           |   in|    8|     ap_none|            localB_80_4_reload|        scalar|
|localB_112_4_reload          |   in|    8|     ap_none|           localB_112_4_reload|        scalar|
|localB_144_4_reload          |   in|    8|     ap_none|           localB_144_4_reload|        scalar|
|localB_176_4_reload          |   in|    8|     ap_none|           localB_176_4_reload|        scalar|
|localB_208_4_reload          |   in|    8|     ap_none|           localB_208_4_reload|        scalar|
|localB_240_4_reload          |   in|    8|     ap_none|           localB_240_4_reload|        scalar|
|localB_272_4_reload          |   in|    8|     ap_none|           localB_272_4_reload|        scalar|
|localB_304_4_reload          |   in|    8|     ap_none|           localB_304_4_reload|        scalar|
|localB_336_4_reload          |   in|    8|     ap_none|           localB_336_4_reload|        scalar|
|localB_368_4_reload          |   in|    8|     ap_none|           localB_368_4_reload|        scalar|
|localB_400_4_reload          |   in|    8|     ap_none|           localB_400_4_reload|        scalar|
|localB_432_4_reload          |   in|    8|     ap_none|           localB_432_4_reload|        scalar|
|localB_464_4_reload          |   in|    8|     ap_none|           localB_464_4_reload|        scalar|
|localB_496_4_reload          |   in|    8|     ap_none|           localB_496_4_reload|        scalar|
|localB_528_4_reload          |   in|    8|     ap_none|           localB_528_4_reload|        scalar|
|localB_560_4_reload          |   in|    8|     ap_none|           localB_560_4_reload|        scalar|
|localB_592_4_reload          |   in|    8|     ap_none|           localB_592_4_reload|        scalar|
|localB_624_4_reload          |   in|    8|     ap_none|           localB_624_4_reload|        scalar|
|localB_656_4_reload          |   in|    8|     ap_none|           localB_656_4_reload|        scalar|
|localB_688_4_reload          |   in|    8|     ap_none|           localB_688_4_reload|        scalar|
|localB_720_4_reload          |   in|    8|     ap_none|           localB_720_4_reload|        scalar|
|localB_752_4_reload          |   in|    8|     ap_none|           localB_752_4_reload|        scalar|
|localB_784_4_reload          |   in|    8|     ap_none|           localB_784_4_reload|        scalar|
|localB_816_4_reload          |   in|    8|     ap_none|           localB_816_4_reload|        scalar|
|localB_848_4_reload          |   in|    8|     ap_none|           localB_848_4_reload|        scalar|
|localB_880_4_reload          |   in|    8|     ap_none|           localB_880_4_reload|        scalar|
|localB_912_4_reload          |   in|    8|     ap_none|           localB_912_4_reload|        scalar|
|localB_944_4_reload          |   in|    8|     ap_none|           localB_944_4_reload|        scalar|
|localB_976_4_reload          |   in|    8|     ap_none|           localB_976_4_reload|        scalar|
|localB_1008_4_reload         |   in|    8|     ap_none|          localB_1008_4_reload|        scalar|
|localB_17_4_reload           |   in|    8|     ap_none|            localB_17_4_reload|        scalar|
|localB_49_4_reload           |   in|    8|     ap_none|            localB_49_4_reload|        scalar|
|localB_81_4_reload           |   in|    8|     ap_none|            localB_81_4_reload|        scalar|
|localB_113_4_reload          |   in|    8|     ap_none|           localB_113_4_reload|        scalar|
|localB_145_4_reload          |   in|    8|     ap_none|           localB_145_4_reload|        scalar|
|localB_177_4_reload          |   in|    8|     ap_none|           localB_177_4_reload|        scalar|
|localB_209_4_reload          |   in|    8|     ap_none|           localB_209_4_reload|        scalar|
|localB_241_4_reload          |   in|    8|     ap_none|           localB_241_4_reload|        scalar|
|localB_273_4_reload          |   in|    8|     ap_none|           localB_273_4_reload|        scalar|
|localB_305_4_reload          |   in|    8|     ap_none|           localB_305_4_reload|        scalar|
|localB_337_4_reload          |   in|    8|     ap_none|           localB_337_4_reload|        scalar|
|localB_369_4_reload          |   in|    8|     ap_none|           localB_369_4_reload|        scalar|
|localB_401_4_reload          |   in|    8|     ap_none|           localB_401_4_reload|        scalar|
|localB_433_4_reload          |   in|    8|     ap_none|           localB_433_4_reload|        scalar|
|localB_465_4_reload          |   in|    8|     ap_none|           localB_465_4_reload|        scalar|
|localB_497_4_reload          |   in|    8|     ap_none|           localB_497_4_reload|        scalar|
|localB_529_4_reload          |   in|    8|     ap_none|           localB_529_4_reload|        scalar|
|localB_561_4_reload          |   in|    8|     ap_none|           localB_561_4_reload|        scalar|
|localB_593_4_reload          |   in|    8|     ap_none|           localB_593_4_reload|        scalar|
|localB_625_4_reload          |   in|    8|     ap_none|           localB_625_4_reload|        scalar|
|localB_657_4_reload          |   in|    8|     ap_none|           localB_657_4_reload|        scalar|
|localB_689_4_reload          |   in|    8|     ap_none|           localB_689_4_reload|        scalar|
|localB_721_4_reload          |   in|    8|     ap_none|           localB_721_4_reload|        scalar|
|localB_753_4_reload          |   in|    8|     ap_none|           localB_753_4_reload|        scalar|
|localB_785_4_reload          |   in|    8|     ap_none|           localB_785_4_reload|        scalar|
|localB_817_4_reload          |   in|    8|     ap_none|           localB_817_4_reload|        scalar|
|localB_849_4_reload          |   in|    8|     ap_none|           localB_849_4_reload|        scalar|
|localB_881_4_reload          |   in|    8|     ap_none|           localB_881_4_reload|        scalar|
|localB_913_4_reload          |   in|    8|     ap_none|           localB_913_4_reload|        scalar|
|localB_945_4_reload          |   in|    8|     ap_none|           localB_945_4_reload|        scalar|
|localB_977_4_reload          |   in|    8|     ap_none|           localB_977_4_reload|        scalar|
|localB_1009_4_reload         |   in|    8|     ap_none|          localB_1009_4_reload|        scalar|
|localB_18_4_reload           |   in|    8|     ap_none|            localB_18_4_reload|        scalar|
|localB_50_4_reload           |   in|    8|     ap_none|            localB_50_4_reload|        scalar|
|localB_82_4_reload           |   in|    8|     ap_none|            localB_82_4_reload|        scalar|
|localB_114_4_reload          |   in|    8|     ap_none|           localB_114_4_reload|        scalar|
|localB_146_4_reload          |   in|    8|     ap_none|           localB_146_4_reload|        scalar|
|localB_178_4_reload          |   in|    8|     ap_none|           localB_178_4_reload|        scalar|
|localB_210_4_reload          |   in|    8|     ap_none|           localB_210_4_reload|        scalar|
|localB_242_4_reload          |   in|    8|     ap_none|           localB_242_4_reload|        scalar|
|localB_274_4_reload          |   in|    8|     ap_none|           localB_274_4_reload|        scalar|
|localB_306_4_reload          |   in|    8|     ap_none|           localB_306_4_reload|        scalar|
|localB_338_4_reload          |   in|    8|     ap_none|           localB_338_4_reload|        scalar|
|localB_370_4_reload          |   in|    8|     ap_none|           localB_370_4_reload|        scalar|
|localB_402_4_reload          |   in|    8|     ap_none|           localB_402_4_reload|        scalar|
|localB_434_4_reload          |   in|    8|     ap_none|           localB_434_4_reload|        scalar|
|localB_466_4_reload          |   in|    8|     ap_none|           localB_466_4_reload|        scalar|
|localB_498_4_reload          |   in|    8|     ap_none|           localB_498_4_reload|        scalar|
|localB_530_4_reload          |   in|    8|     ap_none|           localB_530_4_reload|        scalar|
|localB_562_4_reload          |   in|    8|     ap_none|           localB_562_4_reload|        scalar|
|localB_594_4_reload          |   in|    8|     ap_none|           localB_594_4_reload|        scalar|
|localB_626_4_reload          |   in|    8|     ap_none|           localB_626_4_reload|        scalar|
|localB_658_4_reload          |   in|    8|     ap_none|           localB_658_4_reload|        scalar|
|localB_690_4_reload          |   in|    8|     ap_none|           localB_690_4_reload|        scalar|
|localB_722_4_reload          |   in|    8|     ap_none|           localB_722_4_reload|        scalar|
|localB_754_4_reload          |   in|    8|     ap_none|           localB_754_4_reload|        scalar|
|localB_786_4_reload          |   in|    8|     ap_none|           localB_786_4_reload|        scalar|
|localB_818_4_reload          |   in|    8|     ap_none|           localB_818_4_reload|        scalar|
|localB_850_4_reload          |   in|    8|     ap_none|           localB_850_4_reload|        scalar|
|localB_882_4_reload          |   in|    8|     ap_none|           localB_882_4_reload|        scalar|
|localB_914_4_reload          |   in|    8|     ap_none|           localB_914_4_reload|        scalar|
|localB_946_4_reload          |   in|    8|     ap_none|           localB_946_4_reload|        scalar|
|localB_978_4_reload          |   in|    8|     ap_none|           localB_978_4_reload|        scalar|
|localB_1010_4_reload         |   in|    8|     ap_none|          localB_1010_4_reload|        scalar|
|localB_19_4_reload           |   in|    8|     ap_none|            localB_19_4_reload|        scalar|
|localB_51_4_reload           |   in|    8|     ap_none|            localB_51_4_reload|        scalar|
|localB_83_4_reload           |   in|    8|     ap_none|            localB_83_4_reload|        scalar|
|localB_115_4_reload          |   in|    8|     ap_none|           localB_115_4_reload|        scalar|
|localB_147_4_reload          |   in|    8|     ap_none|           localB_147_4_reload|        scalar|
|localB_179_4_reload          |   in|    8|     ap_none|           localB_179_4_reload|        scalar|
|localB_211_4_reload          |   in|    8|     ap_none|           localB_211_4_reload|        scalar|
|localB_243_4_reload          |   in|    8|     ap_none|           localB_243_4_reload|        scalar|
|localB_275_4_reload          |   in|    8|     ap_none|           localB_275_4_reload|        scalar|
|localB_307_4_reload          |   in|    8|     ap_none|           localB_307_4_reload|        scalar|
|localB_339_4_reload          |   in|    8|     ap_none|           localB_339_4_reload|        scalar|
|localB_371_4_reload          |   in|    8|     ap_none|           localB_371_4_reload|        scalar|
|localB_403_4_reload          |   in|    8|     ap_none|           localB_403_4_reload|        scalar|
|localB_435_4_reload          |   in|    8|     ap_none|           localB_435_4_reload|        scalar|
|localB_467_4_reload          |   in|    8|     ap_none|           localB_467_4_reload|        scalar|
|localB_499_4_reload          |   in|    8|     ap_none|           localB_499_4_reload|        scalar|
|localB_531_4_reload          |   in|    8|     ap_none|           localB_531_4_reload|        scalar|
|localB_563_4_reload          |   in|    8|     ap_none|           localB_563_4_reload|        scalar|
|localB_595_4_reload          |   in|    8|     ap_none|           localB_595_4_reload|        scalar|
|localB_627_4_reload          |   in|    8|     ap_none|           localB_627_4_reload|        scalar|
|localB_659_4_reload          |   in|    8|     ap_none|           localB_659_4_reload|        scalar|
|localB_691_4_reload          |   in|    8|     ap_none|           localB_691_4_reload|        scalar|
|localB_723_4_reload          |   in|    8|     ap_none|           localB_723_4_reload|        scalar|
|localB_755_4_reload          |   in|    8|     ap_none|           localB_755_4_reload|        scalar|
|localB_787_4_reload          |   in|    8|     ap_none|           localB_787_4_reload|        scalar|
|localB_819_4_reload          |   in|    8|     ap_none|           localB_819_4_reload|        scalar|
|localB_851_4_reload          |   in|    8|     ap_none|           localB_851_4_reload|        scalar|
|localB_883_4_reload          |   in|    8|     ap_none|           localB_883_4_reload|        scalar|
|localB_915_4_reload          |   in|    8|     ap_none|           localB_915_4_reload|        scalar|
|localB_947_4_reload          |   in|    8|     ap_none|           localB_947_4_reload|        scalar|
|localB_979_4_reload          |   in|    8|     ap_none|           localB_979_4_reload|        scalar|
|localB_1011_4_reload         |   in|    8|     ap_none|          localB_1011_4_reload|        scalar|
|localB_20_4_reload           |   in|    8|     ap_none|            localB_20_4_reload|        scalar|
|localB_52_4_reload           |   in|    8|     ap_none|            localB_52_4_reload|        scalar|
|localB_84_4_reload           |   in|    8|     ap_none|            localB_84_4_reload|        scalar|
|localB_116_4_reload          |   in|    8|     ap_none|           localB_116_4_reload|        scalar|
|localB_148_4_reload          |   in|    8|     ap_none|           localB_148_4_reload|        scalar|
|localB_180_4_reload          |   in|    8|     ap_none|           localB_180_4_reload|        scalar|
|localB_212_4_reload          |   in|    8|     ap_none|           localB_212_4_reload|        scalar|
|localB_244_4_reload          |   in|    8|     ap_none|           localB_244_4_reload|        scalar|
|localB_276_4_reload          |   in|    8|     ap_none|           localB_276_4_reload|        scalar|
|localB_308_4_reload          |   in|    8|     ap_none|           localB_308_4_reload|        scalar|
|localB_340_4_reload          |   in|    8|     ap_none|           localB_340_4_reload|        scalar|
|localB_372_4_reload          |   in|    8|     ap_none|           localB_372_4_reload|        scalar|
|localB_404_4_reload          |   in|    8|     ap_none|           localB_404_4_reload|        scalar|
|localB_436_4_reload          |   in|    8|     ap_none|           localB_436_4_reload|        scalar|
|localB_468_4_reload          |   in|    8|     ap_none|           localB_468_4_reload|        scalar|
|localB_500_4_reload          |   in|    8|     ap_none|           localB_500_4_reload|        scalar|
|localB_532_4_reload          |   in|    8|     ap_none|           localB_532_4_reload|        scalar|
|localB_564_4_reload          |   in|    8|     ap_none|           localB_564_4_reload|        scalar|
|localB_596_4_reload          |   in|    8|     ap_none|           localB_596_4_reload|        scalar|
|localB_628_4_reload          |   in|    8|     ap_none|           localB_628_4_reload|        scalar|
|localB_660_4_reload          |   in|    8|     ap_none|           localB_660_4_reload|        scalar|
|localB_692_4_reload          |   in|    8|     ap_none|           localB_692_4_reload|        scalar|
|localB_724_4_reload          |   in|    8|     ap_none|           localB_724_4_reload|        scalar|
|localB_756_4_reload          |   in|    8|     ap_none|           localB_756_4_reload|        scalar|
|localB_788_4_reload          |   in|    8|     ap_none|           localB_788_4_reload|        scalar|
|localB_820_4_reload          |   in|    8|     ap_none|           localB_820_4_reload|        scalar|
|localB_852_4_reload          |   in|    8|     ap_none|           localB_852_4_reload|        scalar|
|localB_884_4_reload          |   in|    8|     ap_none|           localB_884_4_reload|        scalar|
|localB_916_4_reload          |   in|    8|     ap_none|           localB_916_4_reload|        scalar|
|localB_948_4_reload          |   in|    8|     ap_none|           localB_948_4_reload|        scalar|
|localB_980_4_reload          |   in|    8|     ap_none|           localB_980_4_reload|        scalar|
|localB_1012_4_reload         |   in|    8|     ap_none|          localB_1012_4_reload|        scalar|
|localB_21_4_reload           |   in|    8|     ap_none|            localB_21_4_reload|        scalar|
|localB_53_4_reload           |   in|    8|     ap_none|            localB_53_4_reload|        scalar|
|localB_85_4_reload           |   in|    8|     ap_none|            localB_85_4_reload|        scalar|
|localB_117_4_reload          |   in|    8|     ap_none|           localB_117_4_reload|        scalar|
|localB_149_4_reload          |   in|    8|     ap_none|           localB_149_4_reload|        scalar|
|localB_181_4_reload          |   in|    8|     ap_none|           localB_181_4_reload|        scalar|
|localB_213_4_reload          |   in|    8|     ap_none|           localB_213_4_reload|        scalar|
|localB_245_4_reload          |   in|    8|     ap_none|           localB_245_4_reload|        scalar|
|localB_277_4_reload          |   in|    8|     ap_none|           localB_277_4_reload|        scalar|
|localB_309_4_reload          |   in|    8|     ap_none|           localB_309_4_reload|        scalar|
|localB_341_4_reload          |   in|    8|     ap_none|           localB_341_4_reload|        scalar|
|localB_373_4_reload          |   in|    8|     ap_none|           localB_373_4_reload|        scalar|
|localB_405_4_reload          |   in|    8|     ap_none|           localB_405_4_reload|        scalar|
|localB_437_4_reload          |   in|    8|     ap_none|           localB_437_4_reload|        scalar|
|localB_469_4_reload          |   in|    8|     ap_none|           localB_469_4_reload|        scalar|
|localB_501_4_reload          |   in|    8|     ap_none|           localB_501_4_reload|        scalar|
|localB_533_4_reload          |   in|    8|     ap_none|           localB_533_4_reload|        scalar|
|localB_565_4_reload          |   in|    8|     ap_none|           localB_565_4_reload|        scalar|
|localB_597_4_reload          |   in|    8|     ap_none|           localB_597_4_reload|        scalar|
|localB_629_4_reload          |   in|    8|     ap_none|           localB_629_4_reload|        scalar|
|localB_661_4_reload          |   in|    8|     ap_none|           localB_661_4_reload|        scalar|
|localB_693_4_reload          |   in|    8|     ap_none|           localB_693_4_reload|        scalar|
|localB_725_4_reload          |   in|    8|     ap_none|           localB_725_4_reload|        scalar|
|localB_757_4_reload          |   in|    8|     ap_none|           localB_757_4_reload|        scalar|
|localB_789_4_reload          |   in|    8|     ap_none|           localB_789_4_reload|        scalar|
|localB_821_4_reload          |   in|    8|     ap_none|           localB_821_4_reload|        scalar|
|localB_853_4_reload          |   in|    8|     ap_none|           localB_853_4_reload|        scalar|
|localB_885_4_reload          |   in|    8|     ap_none|           localB_885_4_reload|        scalar|
|localB_917_4_reload          |   in|    8|     ap_none|           localB_917_4_reload|        scalar|
|localB_949_4_reload          |   in|    8|     ap_none|           localB_949_4_reload|        scalar|
|localB_981_4_reload          |   in|    8|     ap_none|           localB_981_4_reload|        scalar|
|localB_1013_4_reload         |   in|    8|     ap_none|          localB_1013_4_reload|        scalar|
|localB_22_4_reload           |   in|    8|     ap_none|            localB_22_4_reload|        scalar|
|localB_54_4_reload           |   in|    8|     ap_none|            localB_54_4_reload|        scalar|
|localB_86_4_reload           |   in|    8|     ap_none|            localB_86_4_reload|        scalar|
|localB_118_4_reload          |   in|    8|     ap_none|           localB_118_4_reload|        scalar|
|localB_150_4_reload          |   in|    8|     ap_none|           localB_150_4_reload|        scalar|
|localB_182_4_reload          |   in|    8|     ap_none|           localB_182_4_reload|        scalar|
|localB_214_4_reload          |   in|    8|     ap_none|           localB_214_4_reload|        scalar|
|localB_246_4_reload          |   in|    8|     ap_none|           localB_246_4_reload|        scalar|
|localB_278_4_reload          |   in|    8|     ap_none|           localB_278_4_reload|        scalar|
|localB_310_4_reload          |   in|    8|     ap_none|           localB_310_4_reload|        scalar|
|localB_342_4_reload          |   in|    8|     ap_none|           localB_342_4_reload|        scalar|
|localB_374_4_reload          |   in|    8|     ap_none|           localB_374_4_reload|        scalar|
|localB_406_4_reload          |   in|    8|     ap_none|           localB_406_4_reload|        scalar|
|localB_438_4_reload          |   in|    8|     ap_none|           localB_438_4_reload|        scalar|
|localB_470_4_reload          |   in|    8|     ap_none|           localB_470_4_reload|        scalar|
|localB_502_4_reload          |   in|    8|     ap_none|           localB_502_4_reload|        scalar|
|localB_534_4_reload          |   in|    8|     ap_none|           localB_534_4_reload|        scalar|
|localB_566_4_reload          |   in|    8|     ap_none|           localB_566_4_reload|        scalar|
|localB_598_4_reload          |   in|    8|     ap_none|           localB_598_4_reload|        scalar|
|localB_630_4_reload          |   in|    8|     ap_none|           localB_630_4_reload|        scalar|
|localB_662_4_reload          |   in|    8|     ap_none|           localB_662_4_reload|        scalar|
|localB_694_4_reload          |   in|    8|     ap_none|           localB_694_4_reload|        scalar|
|localB_726_4_reload          |   in|    8|     ap_none|           localB_726_4_reload|        scalar|
|localB_758_4_reload          |   in|    8|     ap_none|           localB_758_4_reload|        scalar|
|localB_790_4_reload          |   in|    8|     ap_none|           localB_790_4_reload|        scalar|
|localB_822_4_reload          |   in|    8|     ap_none|           localB_822_4_reload|        scalar|
|localB_854_4_reload          |   in|    8|     ap_none|           localB_854_4_reload|        scalar|
|localB_886_4_reload          |   in|    8|     ap_none|           localB_886_4_reload|        scalar|
|localB_918_4_reload          |   in|    8|     ap_none|           localB_918_4_reload|        scalar|
|localB_950_4_reload          |   in|    8|     ap_none|           localB_950_4_reload|        scalar|
|localB_982_4_reload          |   in|    8|     ap_none|           localB_982_4_reload|        scalar|
|localB_1014_4_reload         |   in|    8|     ap_none|          localB_1014_4_reload|        scalar|
|localB_23_4_reload           |   in|    8|     ap_none|            localB_23_4_reload|        scalar|
|localB_55_4_reload           |   in|    8|     ap_none|            localB_55_4_reload|        scalar|
|localB_87_4_reload           |   in|    8|     ap_none|            localB_87_4_reload|        scalar|
|localB_119_4_reload          |   in|    8|     ap_none|           localB_119_4_reload|        scalar|
|localB_151_4_reload          |   in|    8|     ap_none|           localB_151_4_reload|        scalar|
|localB_183_4_reload          |   in|    8|     ap_none|           localB_183_4_reload|        scalar|
|localB_215_4_reload          |   in|    8|     ap_none|           localB_215_4_reload|        scalar|
|localB_247_4_reload          |   in|    8|     ap_none|           localB_247_4_reload|        scalar|
|localB_279_4_reload          |   in|    8|     ap_none|           localB_279_4_reload|        scalar|
|localB_311_4_reload          |   in|    8|     ap_none|           localB_311_4_reload|        scalar|
|localB_343_4_reload          |   in|    8|     ap_none|           localB_343_4_reload|        scalar|
|localB_375_4_reload          |   in|    8|     ap_none|           localB_375_4_reload|        scalar|
|localB_407_4_reload          |   in|    8|     ap_none|           localB_407_4_reload|        scalar|
|localB_439_4_reload          |   in|    8|     ap_none|           localB_439_4_reload|        scalar|
|localB_471_4_reload          |   in|    8|     ap_none|           localB_471_4_reload|        scalar|
|localB_503_4_reload          |   in|    8|     ap_none|           localB_503_4_reload|        scalar|
|localB_535_4_reload          |   in|    8|     ap_none|           localB_535_4_reload|        scalar|
|localB_567_4_reload          |   in|    8|     ap_none|           localB_567_4_reload|        scalar|
|localB_599_4_reload          |   in|    8|     ap_none|           localB_599_4_reload|        scalar|
|localB_631_4_reload          |   in|    8|     ap_none|           localB_631_4_reload|        scalar|
|localB_663_4_reload          |   in|    8|     ap_none|           localB_663_4_reload|        scalar|
|localB_695_4_reload          |   in|    8|     ap_none|           localB_695_4_reload|        scalar|
|localB_727_4_reload          |   in|    8|     ap_none|           localB_727_4_reload|        scalar|
|localB_759_4_reload          |   in|    8|     ap_none|           localB_759_4_reload|        scalar|
|localB_791_4_reload          |   in|    8|     ap_none|           localB_791_4_reload|        scalar|
|localB_823_4_reload          |   in|    8|     ap_none|           localB_823_4_reload|        scalar|
|localB_855_4_reload          |   in|    8|     ap_none|           localB_855_4_reload|        scalar|
|localB_887_4_reload          |   in|    8|     ap_none|           localB_887_4_reload|        scalar|
|localB_919_4_reload          |   in|    8|     ap_none|           localB_919_4_reload|        scalar|
|localB_951_4_reload          |   in|    8|     ap_none|           localB_951_4_reload|        scalar|
|localB_983_4_reload          |   in|    8|     ap_none|           localB_983_4_reload|        scalar|
|localB_1015_4_reload         |   in|    8|     ap_none|          localB_1015_4_reload|        scalar|
|localB_24_4_reload           |   in|    8|     ap_none|            localB_24_4_reload|        scalar|
|localB_56_4_reload           |   in|    8|     ap_none|            localB_56_4_reload|        scalar|
|localB_88_4_reload           |   in|    8|     ap_none|            localB_88_4_reload|        scalar|
|localB_120_4_reload          |   in|    8|     ap_none|           localB_120_4_reload|        scalar|
|localB_152_4_reload          |   in|    8|     ap_none|           localB_152_4_reload|        scalar|
|localB_184_4_reload          |   in|    8|     ap_none|           localB_184_4_reload|        scalar|
|localB_216_4_reload          |   in|    8|     ap_none|           localB_216_4_reload|        scalar|
|localB_248_4_reload          |   in|    8|     ap_none|           localB_248_4_reload|        scalar|
|localB_280_4_reload          |   in|    8|     ap_none|           localB_280_4_reload|        scalar|
|localB_312_4_reload          |   in|    8|     ap_none|           localB_312_4_reload|        scalar|
|localB_344_4_reload          |   in|    8|     ap_none|           localB_344_4_reload|        scalar|
|localB_376_4_reload          |   in|    8|     ap_none|           localB_376_4_reload|        scalar|
|localB_408_4_reload          |   in|    8|     ap_none|           localB_408_4_reload|        scalar|
|localB_440_4_reload          |   in|    8|     ap_none|           localB_440_4_reload|        scalar|
|localB_472_4_reload          |   in|    8|     ap_none|           localB_472_4_reload|        scalar|
|localB_504_4_reload          |   in|    8|     ap_none|           localB_504_4_reload|        scalar|
|localB_536_4_reload          |   in|    8|     ap_none|           localB_536_4_reload|        scalar|
|localB_568_4_reload          |   in|    8|     ap_none|           localB_568_4_reload|        scalar|
|localB_600_4_reload          |   in|    8|     ap_none|           localB_600_4_reload|        scalar|
|localB_632_4_reload          |   in|    8|     ap_none|           localB_632_4_reload|        scalar|
|localB_664_4_reload          |   in|    8|     ap_none|           localB_664_4_reload|        scalar|
|localB_696_4_reload          |   in|    8|     ap_none|           localB_696_4_reload|        scalar|
|localB_728_4_reload          |   in|    8|     ap_none|           localB_728_4_reload|        scalar|
|localB_760_4_reload          |   in|    8|     ap_none|           localB_760_4_reload|        scalar|
|localB_792_4_reload          |   in|    8|     ap_none|           localB_792_4_reload|        scalar|
|localB_824_4_reload          |   in|    8|     ap_none|           localB_824_4_reload|        scalar|
|localB_856_4_reload          |   in|    8|     ap_none|           localB_856_4_reload|        scalar|
|localB_888_4_reload          |   in|    8|     ap_none|           localB_888_4_reload|        scalar|
|localB_920_4_reload          |   in|    8|     ap_none|           localB_920_4_reload|        scalar|
|localB_952_4_reload          |   in|    8|     ap_none|           localB_952_4_reload|        scalar|
|localB_984_4_reload          |   in|    8|     ap_none|           localB_984_4_reload|        scalar|
|localB_1016_4_reload         |   in|    8|     ap_none|          localB_1016_4_reload|        scalar|
|localB_25_4_reload           |   in|    8|     ap_none|            localB_25_4_reload|        scalar|
|localB_57_4_reload           |   in|    8|     ap_none|            localB_57_4_reload|        scalar|
|localB_89_4_reload           |   in|    8|     ap_none|            localB_89_4_reload|        scalar|
|localB_121_4_reload          |   in|    8|     ap_none|           localB_121_4_reload|        scalar|
|localB_153_4_reload          |   in|    8|     ap_none|           localB_153_4_reload|        scalar|
|localB_185_4_reload          |   in|    8|     ap_none|           localB_185_4_reload|        scalar|
|localB_217_4_reload          |   in|    8|     ap_none|           localB_217_4_reload|        scalar|
|localB_249_4_reload          |   in|    8|     ap_none|           localB_249_4_reload|        scalar|
|localB_281_4_reload          |   in|    8|     ap_none|           localB_281_4_reload|        scalar|
|localB_313_4_reload          |   in|    8|     ap_none|           localB_313_4_reload|        scalar|
|localB_345_4_reload          |   in|    8|     ap_none|           localB_345_4_reload|        scalar|
|localB_377_4_reload          |   in|    8|     ap_none|           localB_377_4_reload|        scalar|
|localB_409_4_reload          |   in|    8|     ap_none|           localB_409_4_reload|        scalar|
|localB_441_4_reload          |   in|    8|     ap_none|           localB_441_4_reload|        scalar|
|localB_473_4_reload          |   in|    8|     ap_none|           localB_473_4_reload|        scalar|
|localB_505_4_reload          |   in|    8|     ap_none|           localB_505_4_reload|        scalar|
|localB_537_4_reload          |   in|    8|     ap_none|           localB_537_4_reload|        scalar|
|localB_569_4_reload          |   in|    8|     ap_none|           localB_569_4_reload|        scalar|
|localB_601_4_reload          |   in|    8|     ap_none|           localB_601_4_reload|        scalar|
|localB_633_4_reload          |   in|    8|     ap_none|           localB_633_4_reload|        scalar|
|localB_665_4_reload          |   in|    8|     ap_none|           localB_665_4_reload|        scalar|
|localB_697_4_reload          |   in|    8|     ap_none|           localB_697_4_reload|        scalar|
|localB_729_4_reload          |   in|    8|     ap_none|           localB_729_4_reload|        scalar|
|localB_761_4_reload          |   in|    8|     ap_none|           localB_761_4_reload|        scalar|
|localB_793_4_reload          |   in|    8|     ap_none|           localB_793_4_reload|        scalar|
|localB_825_4_reload          |   in|    8|     ap_none|           localB_825_4_reload|        scalar|
|localB_857_4_reload          |   in|    8|     ap_none|           localB_857_4_reload|        scalar|
|localB_889_4_reload          |   in|    8|     ap_none|           localB_889_4_reload|        scalar|
|localB_921_4_reload          |   in|    8|     ap_none|           localB_921_4_reload|        scalar|
|localB_953_4_reload          |   in|    8|     ap_none|           localB_953_4_reload|        scalar|
|localB_985_4_reload          |   in|    8|     ap_none|           localB_985_4_reload|        scalar|
|localB_1017_4_reload         |   in|    8|     ap_none|          localB_1017_4_reload|        scalar|
|localB_26_4_reload           |   in|    8|     ap_none|            localB_26_4_reload|        scalar|
|localB_58_4_reload           |   in|    8|     ap_none|            localB_58_4_reload|        scalar|
|localB_90_4_reload           |   in|    8|     ap_none|            localB_90_4_reload|        scalar|
|localB_122_4_reload          |   in|    8|     ap_none|           localB_122_4_reload|        scalar|
|localB_154_4_reload          |   in|    8|     ap_none|           localB_154_4_reload|        scalar|
|localB_186_4_reload          |   in|    8|     ap_none|           localB_186_4_reload|        scalar|
|localB_218_4_reload          |   in|    8|     ap_none|           localB_218_4_reload|        scalar|
|localB_250_4_reload          |   in|    8|     ap_none|           localB_250_4_reload|        scalar|
|localB_282_4_reload          |   in|    8|     ap_none|           localB_282_4_reload|        scalar|
|localB_314_4_reload          |   in|    8|     ap_none|           localB_314_4_reload|        scalar|
|localB_346_4_reload          |   in|    8|     ap_none|           localB_346_4_reload|        scalar|
|localB_378_4_reload          |   in|    8|     ap_none|           localB_378_4_reload|        scalar|
|localB_410_4_reload          |   in|    8|     ap_none|           localB_410_4_reload|        scalar|
|localB_442_4_reload          |   in|    8|     ap_none|           localB_442_4_reload|        scalar|
|localB_474_4_reload          |   in|    8|     ap_none|           localB_474_4_reload|        scalar|
|localB_506_4_reload          |   in|    8|     ap_none|           localB_506_4_reload|        scalar|
|localB_538_4_reload          |   in|    8|     ap_none|           localB_538_4_reload|        scalar|
|localB_570_4_reload          |   in|    8|     ap_none|           localB_570_4_reload|        scalar|
|localB_602_4_reload          |   in|    8|     ap_none|           localB_602_4_reload|        scalar|
|localB_634_4_reload          |   in|    8|     ap_none|           localB_634_4_reload|        scalar|
|localB_666_4_reload          |   in|    8|     ap_none|           localB_666_4_reload|        scalar|
|localB_698_4_reload          |   in|    8|     ap_none|           localB_698_4_reload|        scalar|
|localB_730_4_reload          |   in|    8|     ap_none|           localB_730_4_reload|        scalar|
|localB_762_4_reload          |   in|    8|     ap_none|           localB_762_4_reload|        scalar|
|localB_794_4_reload          |   in|    8|     ap_none|           localB_794_4_reload|        scalar|
|localB_826_4_reload          |   in|    8|     ap_none|           localB_826_4_reload|        scalar|
|localB_858_4_reload          |   in|    8|     ap_none|           localB_858_4_reload|        scalar|
|localB_890_4_reload          |   in|    8|     ap_none|           localB_890_4_reload|        scalar|
|localB_922_4_reload          |   in|    8|     ap_none|           localB_922_4_reload|        scalar|
|localB_954_4_reload          |   in|    8|     ap_none|           localB_954_4_reload|        scalar|
|localB_986_4_reload          |   in|    8|     ap_none|           localB_986_4_reload|        scalar|
|localB_1018_4_reload         |   in|    8|     ap_none|          localB_1018_4_reload|        scalar|
|localB_27_4_reload           |   in|    8|     ap_none|            localB_27_4_reload|        scalar|
|localB_59_4_reload           |   in|    8|     ap_none|            localB_59_4_reload|        scalar|
|localB_91_4_reload           |   in|    8|     ap_none|            localB_91_4_reload|        scalar|
|localB_123_4_reload          |   in|    8|     ap_none|           localB_123_4_reload|        scalar|
|localB_155_4_reload          |   in|    8|     ap_none|           localB_155_4_reload|        scalar|
|localB_187_4_reload          |   in|    8|     ap_none|           localB_187_4_reload|        scalar|
|localB_219_4_reload          |   in|    8|     ap_none|           localB_219_4_reload|        scalar|
|localB_251_4_reload          |   in|    8|     ap_none|           localB_251_4_reload|        scalar|
|localB_283_4_reload          |   in|    8|     ap_none|           localB_283_4_reload|        scalar|
|localB_315_4_reload          |   in|    8|     ap_none|           localB_315_4_reload|        scalar|
|localB_347_4_reload          |   in|    8|     ap_none|           localB_347_4_reload|        scalar|
|localB_379_4_reload          |   in|    8|     ap_none|           localB_379_4_reload|        scalar|
|localB_411_4_reload          |   in|    8|     ap_none|           localB_411_4_reload|        scalar|
|localB_443_4_reload          |   in|    8|     ap_none|           localB_443_4_reload|        scalar|
|localB_475_4_reload          |   in|    8|     ap_none|           localB_475_4_reload|        scalar|
|localB_507_4_reload          |   in|    8|     ap_none|           localB_507_4_reload|        scalar|
|localB_539_4_reload          |   in|    8|     ap_none|           localB_539_4_reload|        scalar|
|localB_571_4_reload          |   in|    8|     ap_none|           localB_571_4_reload|        scalar|
|localB_603_4_reload          |   in|    8|     ap_none|           localB_603_4_reload|        scalar|
|localB_635_4_reload          |   in|    8|     ap_none|           localB_635_4_reload|        scalar|
|localB_667_4_reload          |   in|    8|     ap_none|           localB_667_4_reload|        scalar|
|localB_699_4_reload          |   in|    8|     ap_none|           localB_699_4_reload|        scalar|
|localB_731_4_reload          |   in|    8|     ap_none|           localB_731_4_reload|        scalar|
|localB_763_4_reload          |   in|    8|     ap_none|           localB_763_4_reload|        scalar|
|localB_795_4_reload          |   in|    8|     ap_none|           localB_795_4_reload|        scalar|
|localB_827_4_reload          |   in|    8|     ap_none|           localB_827_4_reload|        scalar|
|localB_859_4_reload          |   in|    8|     ap_none|           localB_859_4_reload|        scalar|
|localB_891_4_reload          |   in|    8|     ap_none|           localB_891_4_reload|        scalar|
|localB_923_4_reload          |   in|    8|     ap_none|           localB_923_4_reload|        scalar|
|localB_955_4_reload          |   in|    8|     ap_none|           localB_955_4_reload|        scalar|
|localB_987_4_reload          |   in|    8|     ap_none|           localB_987_4_reload|        scalar|
|localB_1019_4_reload         |   in|    8|     ap_none|          localB_1019_4_reload|        scalar|
|localB_28_4_reload           |   in|    8|     ap_none|            localB_28_4_reload|        scalar|
|localB_60_4_reload           |   in|    8|     ap_none|            localB_60_4_reload|        scalar|
|localB_92_4_reload           |   in|    8|     ap_none|            localB_92_4_reload|        scalar|
|localB_124_4_reload          |   in|    8|     ap_none|           localB_124_4_reload|        scalar|
|localB_156_4_reload          |   in|    8|     ap_none|           localB_156_4_reload|        scalar|
|localB_188_4_reload          |   in|    8|     ap_none|           localB_188_4_reload|        scalar|
|localB_220_4_reload          |   in|    8|     ap_none|           localB_220_4_reload|        scalar|
|localB_252_4_reload          |   in|    8|     ap_none|           localB_252_4_reload|        scalar|
|localB_284_4_reload          |   in|    8|     ap_none|           localB_284_4_reload|        scalar|
|localB_316_4_reload          |   in|    8|     ap_none|           localB_316_4_reload|        scalar|
|localB_348_4_reload          |   in|    8|     ap_none|           localB_348_4_reload|        scalar|
|localB_380_4_reload          |   in|    8|     ap_none|           localB_380_4_reload|        scalar|
|localB_412_4_reload          |   in|    8|     ap_none|           localB_412_4_reload|        scalar|
|localB_444_4_reload          |   in|    8|     ap_none|           localB_444_4_reload|        scalar|
|localB_476_4_reload          |   in|    8|     ap_none|           localB_476_4_reload|        scalar|
|localB_508_4_reload          |   in|    8|     ap_none|           localB_508_4_reload|        scalar|
|localB_540_4_reload          |   in|    8|     ap_none|           localB_540_4_reload|        scalar|
|localB_572_4_reload          |   in|    8|     ap_none|           localB_572_4_reload|        scalar|
|localB_604_4_reload          |   in|    8|     ap_none|           localB_604_4_reload|        scalar|
|localB_636_4_reload          |   in|    8|     ap_none|           localB_636_4_reload|        scalar|
|localB_668_4_reload          |   in|    8|     ap_none|           localB_668_4_reload|        scalar|
|localB_700_4_reload          |   in|    8|     ap_none|           localB_700_4_reload|        scalar|
|localB_732_4_reload          |   in|    8|     ap_none|           localB_732_4_reload|        scalar|
|localB_764_4_reload          |   in|    8|     ap_none|           localB_764_4_reload|        scalar|
|localB_796_4_reload          |   in|    8|     ap_none|           localB_796_4_reload|        scalar|
|localB_828_4_reload          |   in|    8|     ap_none|           localB_828_4_reload|        scalar|
|localB_860_4_reload          |   in|    8|     ap_none|           localB_860_4_reload|        scalar|
|localB_892_4_reload          |   in|    8|     ap_none|           localB_892_4_reload|        scalar|
|localB_924_4_reload          |   in|    8|     ap_none|           localB_924_4_reload|        scalar|
|localB_956_4_reload          |   in|    8|     ap_none|           localB_956_4_reload|        scalar|
|localB_988_4_reload          |   in|    8|     ap_none|           localB_988_4_reload|        scalar|
|localB_1020_4_reload         |   in|    8|     ap_none|          localB_1020_4_reload|        scalar|
|localB_29_4_reload           |   in|    8|     ap_none|            localB_29_4_reload|        scalar|
|localB_61_4_reload           |   in|    8|     ap_none|            localB_61_4_reload|        scalar|
|localB_93_4_reload           |   in|    8|     ap_none|            localB_93_4_reload|        scalar|
|localB_125_4_reload          |   in|    8|     ap_none|           localB_125_4_reload|        scalar|
|localB_157_4_reload          |   in|    8|     ap_none|           localB_157_4_reload|        scalar|
|localB_189_4_reload          |   in|    8|     ap_none|           localB_189_4_reload|        scalar|
|localB_221_4_reload          |   in|    8|     ap_none|           localB_221_4_reload|        scalar|
|localB_253_4_reload          |   in|    8|     ap_none|           localB_253_4_reload|        scalar|
|localB_285_4_reload          |   in|    8|     ap_none|           localB_285_4_reload|        scalar|
|localB_317_4_reload          |   in|    8|     ap_none|           localB_317_4_reload|        scalar|
|localB_349_4_reload          |   in|    8|     ap_none|           localB_349_4_reload|        scalar|
|localB_381_4_reload          |   in|    8|     ap_none|           localB_381_4_reload|        scalar|
|localB_413_4_reload          |   in|    8|     ap_none|           localB_413_4_reload|        scalar|
|localB_445_4_reload          |   in|    8|     ap_none|           localB_445_4_reload|        scalar|
|localB_477_4_reload          |   in|    8|     ap_none|           localB_477_4_reload|        scalar|
|localB_509_4_reload          |   in|    8|     ap_none|           localB_509_4_reload|        scalar|
|localB_541_4_reload          |   in|    8|     ap_none|           localB_541_4_reload|        scalar|
|localB_573_4_reload          |   in|    8|     ap_none|           localB_573_4_reload|        scalar|
|localB_605_4_reload          |   in|    8|     ap_none|           localB_605_4_reload|        scalar|
|localB_637_4_reload          |   in|    8|     ap_none|           localB_637_4_reload|        scalar|
|localB_669_4_reload          |   in|    8|     ap_none|           localB_669_4_reload|        scalar|
|localB_701_4_reload          |   in|    8|     ap_none|           localB_701_4_reload|        scalar|
|localB_733_4_reload          |   in|    8|     ap_none|           localB_733_4_reload|        scalar|
|localB_765_4_reload          |   in|    8|     ap_none|           localB_765_4_reload|        scalar|
|localB_797_4_reload          |   in|    8|     ap_none|           localB_797_4_reload|        scalar|
|localB_829_4_reload          |   in|    8|     ap_none|           localB_829_4_reload|        scalar|
|localB_861_4_reload          |   in|    8|     ap_none|           localB_861_4_reload|        scalar|
|localB_893_4_reload          |   in|    8|     ap_none|           localB_893_4_reload|        scalar|
|localB_925_4_reload          |   in|    8|     ap_none|           localB_925_4_reload|        scalar|
|localB_957_4_reload          |   in|    8|     ap_none|           localB_957_4_reload|        scalar|
|localB_989_4_reload          |   in|    8|     ap_none|           localB_989_4_reload|        scalar|
|localB_1021_4_reload         |   in|    8|     ap_none|          localB_1021_4_reload|        scalar|
|localB_30_4_reload           |   in|    8|     ap_none|            localB_30_4_reload|        scalar|
|localB_62_4_reload           |   in|    8|     ap_none|            localB_62_4_reload|        scalar|
|localB_94_4_reload           |   in|    8|     ap_none|            localB_94_4_reload|        scalar|
|localB_126_4_reload          |   in|    8|     ap_none|           localB_126_4_reload|        scalar|
|localB_158_4_reload          |   in|    8|     ap_none|           localB_158_4_reload|        scalar|
|localB_190_4_reload          |   in|    8|     ap_none|           localB_190_4_reload|        scalar|
|localB_222_4_reload          |   in|    8|     ap_none|           localB_222_4_reload|        scalar|
|localB_254_4_reload          |   in|    8|     ap_none|           localB_254_4_reload|        scalar|
|localB_286_4_reload          |   in|    8|     ap_none|           localB_286_4_reload|        scalar|
|localB_318_4_reload          |   in|    8|     ap_none|           localB_318_4_reload|        scalar|
|localB_350_4_reload          |   in|    8|     ap_none|           localB_350_4_reload|        scalar|
|localB_382_4_reload          |   in|    8|     ap_none|           localB_382_4_reload|        scalar|
|localB_414_4_reload          |   in|    8|     ap_none|           localB_414_4_reload|        scalar|
|localB_446_4_reload          |   in|    8|     ap_none|           localB_446_4_reload|        scalar|
|localB_478_4_reload          |   in|    8|     ap_none|           localB_478_4_reload|        scalar|
|localB_510_4_reload          |   in|    8|     ap_none|           localB_510_4_reload|        scalar|
|localB_542_4_reload          |   in|    8|     ap_none|           localB_542_4_reload|        scalar|
|localB_574_4_reload          |   in|    8|     ap_none|           localB_574_4_reload|        scalar|
|localB_606_4_reload          |   in|    8|     ap_none|           localB_606_4_reload|        scalar|
|localB_638_4_reload          |   in|    8|     ap_none|           localB_638_4_reload|        scalar|
|localB_670_4_reload          |   in|    8|     ap_none|           localB_670_4_reload|        scalar|
|localB_702_4_reload          |   in|    8|     ap_none|           localB_702_4_reload|        scalar|
|localB_734_4_reload          |   in|    8|     ap_none|           localB_734_4_reload|        scalar|
|localB_766_4_reload          |   in|    8|     ap_none|           localB_766_4_reload|        scalar|
|localB_798_4_reload          |   in|    8|     ap_none|           localB_798_4_reload|        scalar|
|localB_830_4_reload          |   in|    8|     ap_none|           localB_830_4_reload|        scalar|
|localB_862_4_reload          |   in|    8|     ap_none|           localB_862_4_reload|        scalar|
|localB_894_4_reload          |   in|    8|     ap_none|           localB_894_4_reload|        scalar|
|localB_926_4_reload          |   in|    8|     ap_none|           localB_926_4_reload|        scalar|
|localB_958_4_reload          |   in|    8|     ap_none|           localB_958_4_reload|        scalar|
|localB_990_4_reload          |   in|    8|     ap_none|           localB_990_4_reload|        scalar|
|localB_1022_4_reload         |   in|    8|     ap_none|          localB_1022_4_reload|        scalar|
|localB_31_4_reload           |   in|    8|     ap_none|            localB_31_4_reload|        scalar|
|localB_63_4_reload           |   in|    8|     ap_none|            localB_63_4_reload|        scalar|
|localB_95_4_reload           |   in|    8|     ap_none|            localB_95_4_reload|        scalar|
|localB_127_4_reload          |   in|    8|     ap_none|           localB_127_4_reload|        scalar|
|localB_159_4_reload          |   in|    8|     ap_none|           localB_159_4_reload|        scalar|
|localB_191_4_reload          |   in|    8|     ap_none|           localB_191_4_reload|        scalar|
|localB_223_4_reload          |   in|    8|     ap_none|           localB_223_4_reload|        scalar|
|localB_255_4_reload          |   in|    8|     ap_none|           localB_255_4_reload|        scalar|
|localB_287_4_reload          |   in|    8|     ap_none|           localB_287_4_reload|        scalar|
|localB_319_4_reload          |   in|    8|     ap_none|           localB_319_4_reload|        scalar|
|localB_351_4_reload          |   in|    8|     ap_none|           localB_351_4_reload|        scalar|
|localB_383_4_reload          |   in|    8|     ap_none|           localB_383_4_reload|        scalar|
|localB_415_4_reload          |   in|    8|     ap_none|           localB_415_4_reload|        scalar|
|localB_447_4_reload          |   in|    8|     ap_none|           localB_447_4_reload|        scalar|
|localB_479_4_reload          |   in|    8|     ap_none|           localB_479_4_reload|        scalar|
|localB_511_4_reload          |   in|    8|     ap_none|           localB_511_4_reload|        scalar|
|localB_543_4_reload          |   in|    8|     ap_none|           localB_543_4_reload|        scalar|
|localB_575_4_reload          |   in|    8|     ap_none|           localB_575_4_reload|        scalar|
|localB_607_4_reload          |   in|    8|     ap_none|           localB_607_4_reload|        scalar|
|localB_639_4_reload          |   in|    8|     ap_none|           localB_639_4_reload|        scalar|
|localB_671_4_reload          |   in|    8|     ap_none|           localB_671_4_reload|        scalar|
|localB_703_4_reload          |   in|    8|     ap_none|           localB_703_4_reload|        scalar|
|localB_735_4_reload          |   in|    8|     ap_none|           localB_735_4_reload|        scalar|
|localB_767_4_reload          |   in|    8|     ap_none|           localB_767_4_reload|        scalar|
|localB_799_4_reload          |   in|    8|     ap_none|           localB_799_4_reload|        scalar|
|localB_831_4_reload          |   in|    8|     ap_none|           localB_831_4_reload|        scalar|
|localB_863_4_reload          |   in|    8|     ap_none|           localB_863_4_reload|        scalar|
|localB_895_4_reload          |   in|    8|     ap_none|           localB_895_4_reload|        scalar|
|localB_927_4_reload          |   in|    8|     ap_none|           localB_927_4_reload|        scalar|
|localB_959_4_reload          |   in|    8|     ap_none|           localB_959_4_reload|        scalar|
|localB_991_4_reload          |   in|    8|     ap_none|           localB_991_4_reload|        scalar|
|localB_1023_4_reload         |   in|    8|     ap_none|          localB_1023_4_reload|        scalar|
|localA_32_4_reload           |   in|    8|     ap_none|            localA_32_4_reload|        scalar|
|localA_33_4_reload           |   in|    8|     ap_none|            localA_33_4_reload|        scalar|
|localA_34_4_reload           |   in|    8|     ap_none|            localA_34_4_reload|        scalar|
|localA_35_4_reload           |   in|    8|     ap_none|            localA_35_4_reload|        scalar|
|localA_36_4_reload           |   in|    8|     ap_none|            localA_36_4_reload|        scalar|
|localA_37_4_reload           |   in|    8|     ap_none|            localA_37_4_reload|        scalar|
|localA_38_4_reload           |   in|    8|     ap_none|            localA_38_4_reload|        scalar|
|localA_39_4_reload           |   in|    8|     ap_none|            localA_39_4_reload|        scalar|
|localA_40_4_reload           |   in|    8|     ap_none|            localA_40_4_reload|        scalar|
|localA_41_4_reload           |   in|    8|     ap_none|            localA_41_4_reload|        scalar|
|localA_42_4_reload           |   in|    8|     ap_none|            localA_42_4_reload|        scalar|
|localA_43_4_reload           |   in|    8|     ap_none|            localA_43_4_reload|        scalar|
|localA_44_4_reload           |   in|    8|     ap_none|            localA_44_4_reload|        scalar|
|localA_45_4_reload           |   in|    8|     ap_none|            localA_45_4_reload|        scalar|
|localA_46_4_reload           |   in|    8|     ap_none|            localA_46_4_reload|        scalar|
|localA_47_4_reload           |   in|    8|     ap_none|            localA_47_4_reload|        scalar|
|localA_48_4_reload           |   in|    8|     ap_none|            localA_48_4_reload|        scalar|
|localA_49_4_reload           |   in|    8|     ap_none|            localA_49_4_reload|        scalar|
|localA_50_4_reload           |   in|    8|     ap_none|            localA_50_4_reload|        scalar|
|localA_51_4_reload           |   in|    8|     ap_none|            localA_51_4_reload|        scalar|
|localA_52_4_reload           |   in|    8|     ap_none|            localA_52_4_reload|        scalar|
|localA_53_4_reload           |   in|    8|     ap_none|            localA_53_4_reload|        scalar|
|localA_54_4_reload           |   in|    8|     ap_none|            localA_54_4_reload|        scalar|
|localA_55_4_reload           |   in|    8|     ap_none|            localA_55_4_reload|        scalar|
|localA_56_4_reload           |   in|    8|     ap_none|            localA_56_4_reload|        scalar|
|localA_57_4_reload           |   in|    8|     ap_none|            localA_57_4_reload|        scalar|
|localA_58_4_reload           |   in|    8|     ap_none|            localA_58_4_reload|        scalar|
|localA_59_4_reload           |   in|    8|     ap_none|            localA_59_4_reload|        scalar|
|localA_60_4_reload           |   in|    8|     ap_none|            localA_60_4_reload|        scalar|
|localA_61_4_reload           |   in|    8|     ap_none|            localA_61_4_reload|        scalar|
|localA_62_4_reload           |   in|    8|     ap_none|            localA_62_4_reload|        scalar|
|localA_63_4_reload           |   in|    8|     ap_none|            localA_63_4_reload|        scalar|
|localA_64_4_reload           |   in|    8|     ap_none|            localA_64_4_reload|        scalar|
|localA_65_4_reload           |   in|    8|     ap_none|            localA_65_4_reload|        scalar|
|localA_66_4_reload           |   in|    8|     ap_none|            localA_66_4_reload|        scalar|
|localA_67_4_reload           |   in|    8|     ap_none|            localA_67_4_reload|        scalar|
|localA_68_4_reload           |   in|    8|     ap_none|            localA_68_4_reload|        scalar|
|localA_69_4_reload           |   in|    8|     ap_none|            localA_69_4_reload|        scalar|
|localA_70_4_reload           |   in|    8|     ap_none|            localA_70_4_reload|        scalar|
|localA_71_4_reload           |   in|    8|     ap_none|            localA_71_4_reload|        scalar|
|localA_72_4_reload           |   in|    8|     ap_none|            localA_72_4_reload|        scalar|
|localA_73_4_reload           |   in|    8|     ap_none|            localA_73_4_reload|        scalar|
|localA_74_4_reload           |   in|    8|     ap_none|            localA_74_4_reload|        scalar|
|localA_75_4_reload           |   in|    8|     ap_none|            localA_75_4_reload|        scalar|
|localA_76_4_reload           |   in|    8|     ap_none|            localA_76_4_reload|        scalar|
|localA_77_4_reload           |   in|    8|     ap_none|            localA_77_4_reload|        scalar|
|localA_78_4_reload           |   in|    8|     ap_none|            localA_78_4_reload|        scalar|
|localA_79_4_reload           |   in|    8|     ap_none|            localA_79_4_reload|        scalar|
|localA_80_4_reload           |   in|    8|     ap_none|            localA_80_4_reload|        scalar|
|localA_81_4_reload           |   in|    8|     ap_none|            localA_81_4_reload|        scalar|
|localA_82_4_reload           |   in|    8|     ap_none|            localA_82_4_reload|        scalar|
|localA_83_4_reload           |   in|    8|     ap_none|            localA_83_4_reload|        scalar|
|localA_84_4_reload           |   in|    8|     ap_none|            localA_84_4_reload|        scalar|
|localA_85_4_reload           |   in|    8|     ap_none|            localA_85_4_reload|        scalar|
|localA_86_4_reload           |   in|    8|     ap_none|            localA_86_4_reload|        scalar|
|localA_87_4_reload           |   in|    8|     ap_none|            localA_87_4_reload|        scalar|
|localA_88_4_reload           |   in|    8|     ap_none|            localA_88_4_reload|        scalar|
|localA_89_4_reload           |   in|    8|     ap_none|            localA_89_4_reload|        scalar|
|localA_90_4_reload           |   in|    8|     ap_none|            localA_90_4_reload|        scalar|
|localA_91_4_reload           |   in|    8|     ap_none|            localA_91_4_reload|        scalar|
|localA_92_4_reload           |   in|    8|     ap_none|            localA_92_4_reload|        scalar|
|localA_93_4_reload           |   in|    8|     ap_none|            localA_93_4_reload|        scalar|
|localA_94_4_reload           |   in|    8|     ap_none|            localA_94_4_reload|        scalar|
|localA_95_4_reload           |   in|    8|     ap_none|            localA_95_4_reload|        scalar|
|localA_96_4_reload           |   in|    8|     ap_none|            localA_96_4_reload|        scalar|
|localA_97_4_reload           |   in|    8|     ap_none|            localA_97_4_reload|        scalar|
|localA_98_4_reload           |   in|    8|     ap_none|            localA_98_4_reload|        scalar|
|localA_99_4_reload           |   in|    8|     ap_none|            localA_99_4_reload|        scalar|
|localA_100_4_reload          |   in|    8|     ap_none|           localA_100_4_reload|        scalar|
|localA_101_4_reload          |   in|    8|     ap_none|           localA_101_4_reload|        scalar|
|localA_102_4_reload          |   in|    8|     ap_none|           localA_102_4_reload|        scalar|
|localA_103_4_reload          |   in|    8|     ap_none|           localA_103_4_reload|        scalar|
|localA_104_4_reload          |   in|    8|     ap_none|           localA_104_4_reload|        scalar|
|localA_105_4_reload          |   in|    8|     ap_none|           localA_105_4_reload|        scalar|
|localA_106_4_reload          |   in|    8|     ap_none|           localA_106_4_reload|        scalar|
|localA_107_4_reload          |   in|    8|     ap_none|           localA_107_4_reload|        scalar|
|localA_108_4_reload          |   in|    8|     ap_none|           localA_108_4_reload|        scalar|
|localA_109_4_reload          |   in|    8|     ap_none|           localA_109_4_reload|        scalar|
|localA_110_4_reload          |   in|    8|     ap_none|           localA_110_4_reload|        scalar|
|localA_111_4_reload          |   in|    8|     ap_none|           localA_111_4_reload|        scalar|
|localA_112_4_reload          |   in|    8|     ap_none|           localA_112_4_reload|        scalar|
|localA_113_4_reload          |   in|    8|     ap_none|           localA_113_4_reload|        scalar|
|localA_114_4_reload          |   in|    8|     ap_none|           localA_114_4_reload|        scalar|
|localA_115_4_reload          |   in|    8|     ap_none|           localA_115_4_reload|        scalar|
|localA_116_4_reload          |   in|    8|     ap_none|           localA_116_4_reload|        scalar|
|localA_117_4_reload          |   in|    8|     ap_none|           localA_117_4_reload|        scalar|
|localA_118_4_reload          |   in|    8|     ap_none|           localA_118_4_reload|        scalar|
|localA_119_4_reload          |   in|    8|     ap_none|           localA_119_4_reload|        scalar|
|localA_120_4_reload          |   in|    8|     ap_none|           localA_120_4_reload|        scalar|
|localA_121_4_reload          |   in|    8|     ap_none|           localA_121_4_reload|        scalar|
|localA_122_4_reload          |   in|    8|     ap_none|           localA_122_4_reload|        scalar|
|localA_123_4_reload          |   in|    8|     ap_none|           localA_123_4_reload|        scalar|
|localA_124_4_reload          |   in|    8|     ap_none|           localA_124_4_reload|        scalar|
|localA_125_4_reload          |   in|    8|     ap_none|           localA_125_4_reload|        scalar|
|localA_126_4_reload          |   in|    8|     ap_none|           localA_126_4_reload|        scalar|
|localA_127_4_reload          |   in|    8|     ap_none|           localA_127_4_reload|        scalar|
|localA_128_4_reload          |   in|    8|     ap_none|           localA_128_4_reload|        scalar|
|localA_129_4_reload          |   in|    8|     ap_none|           localA_129_4_reload|        scalar|
|localA_130_4_reload          |   in|    8|     ap_none|           localA_130_4_reload|        scalar|
|localA_131_4_reload          |   in|    8|     ap_none|           localA_131_4_reload|        scalar|
|localA_132_4_reload          |   in|    8|     ap_none|           localA_132_4_reload|        scalar|
|localA_133_4_reload          |   in|    8|     ap_none|           localA_133_4_reload|        scalar|
|localA_134_4_reload          |   in|    8|     ap_none|           localA_134_4_reload|        scalar|
|localA_135_4_reload          |   in|    8|     ap_none|           localA_135_4_reload|        scalar|
|localA_136_4_reload          |   in|    8|     ap_none|           localA_136_4_reload|        scalar|
|localA_137_4_reload          |   in|    8|     ap_none|           localA_137_4_reload|        scalar|
|localA_138_4_reload          |   in|    8|     ap_none|           localA_138_4_reload|        scalar|
|localA_139_4_reload          |   in|    8|     ap_none|           localA_139_4_reload|        scalar|
|localA_140_4_reload          |   in|    8|     ap_none|           localA_140_4_reload|        scalar|
|localA_141_4_reload          |   in|    8|     ap_none|           localA_141_4_reload|        scalar|
|localA_142_4_reload          |   in|    8|     ap_none|           localA_142_4_reload|        scalar|
|localA_143_4_reload          |   in|    8|     ap_none|           localA_143_4_reload|        scalar|
|localA_144_4_reload          |   in|    8|     ap_none|           localA_144_4_reload|        scalar|
|localA_145_4_reload          |   in|    8|     ap_none|           localA_145_4_reload|        scalar|
|localA_146_4_reload          |   in|    8|     ap_none|           localA_146_4_reload|        scalar|
|localA_147_4_reload          |   in|    8|     ap_none|           localA_147_4_reload|        scalar|
|localA_148_4_reload          |   in|    8|     ap_none|           localA_148_4_reload|        scalar|
|localA_149_4_reload          |   in|    8|     ap_none|           localA_149_4_reload|        scalar|
|localA_150_4_reload          |   in|    8|     ap_none|           localA_150_4_reload|        scalar|
|localA_151_4_reload          |   in|    8|     ap_none|           localA_151_4_reload|        scalar|
|localA_152_4_reload          |   in|    8|     ap_none|           localA_152_4_reload|        scalar|
|localA_153_4_reload          |   in|    8|     ap_none|           localA_153_4_reload|        scalar|
|localA_154_4_reload          |   in|    8|     ap_none|           localA_154_4_reload|        scalar|
|localA_155_4_reload          |   in|    8|     ap_none|           localA_155_4_reload|        scalar|
|localA_156_4_reload          |   in|    8|     ap_none|           localA_156_4_reload|        scalar|
|localA_157_4_reload          |   in|    8|     ap_none|           localA_157_4_reload|        scalar|
|localA_158_4_reload          |   in|    8|     ap_none|           localA_158_4_reload|        scalar|
|localA_159_4_reload          |   in|    8|     ap_none|           localA_159_4_reload|        scalar|
|localA_160_4_reload          |   in|    8|     ap_none|           localA_160_4_reload|        scalar|
|localA_161_4_reload          |   in|    8|     ap_none|           localA_161_4_reload|        scalar|
|localA_162_4_reload          |   in|    8|     ap_none|           localA_162_4_reload|        scalar|
|localA_163_4_reload          |   in|    8|     ap_none|           localA_163_4_reload|        scalar|
|localA_164_4_reload          |   in|    8|     ap_none|           localA_164_4_reload|        scalar|
|localA_165_4_reload          |   in|    8|     ap_none|           localA_165_4_reload|        scalar|
|localA_166_4_reload          |   in|    8|     ap_none|           localA_166_4_reload|        scalar|
|localA_167_4_reload          |   in|    8|     ap_none|           localA_167_4_reload|        scalar|
|localA_168_4_reload          |   in|    8|     ap_none|           localA_168_4_reload|        scalar|
|localA_169_4_reload          |   in|    8|     ap_none|           localA_169_4_reload|        scalar|
|localA_170_4_reload          |   in|    8|     ap_none|           localA_170_4_reload|        scalar|
|localA_171_4_reload          |   in|    8|     ap_none|           localA_171_4_reload|        scalar|
|localA_172_4_reload          |   in|    8|     ap_none|           localA_172_4_reload|        scalar|
|localA_173_4_reload          |   in|    8|     ap_none|           localA_173_4_reload|        scalar|
|localA_174_4_reload          |   in|    8|     ap_none|           localA_174_4_reload|        scalar|
|localA_175_4_reload          |   in|    8|     ap_none|           localA_175_4_reload|        scalar|
|localA_176_4_reload          |   in|    8|     ap_none|           localA_176_4_reload|        scalar|
|localA_177_4_reload          |   in|    8|     ap_none|           localA_177_4_reload|        scalar|
|localA_178_4_reload          |   in|    8|     ap_none|           localA_178_4_reload|        scalar|
|localA_179_4_reload          |   in|    8|     ap_none|           localA_179_4_reload|        scalar|
|localA_180_4_reload          |   in|    8|     ap_none|           localA_180_4_reload|        scalar|
|localA_181_4_reload          |   in|    8|     ap_none|           localA_181_4_reload|        scalar|
|localA_182_4_reload          |   in|    8|     ap_none|           localA_182_4_reload|        scalar|
|localA_183_4_reload          |   in|    8|     ap_none|           localA_183_4_reload|        scalar|
|localA_184_4_reload          |   in|    8|     ap_none|           localA_184_4_reload|        scalar|
|localA_185_4_reload          |   in|    8|     ap_none|           localA_185_4_reload|        scalar|
|localA_186_4_reload          |   in|    8|     ap_none|           localA_186_4_reload|        scalar|
|localA_187_4_reload          |   in|    8|     ap_none|           localA_187_4_reload|        scalar|
|localA_188_4_reload          |   in|    8|     ap_none|           localA_188_4_reload|        scalar|
|localA_189_4_reload          |   in|    8|     ap_none|           localA_189_4_reload|        scalar|
|localA_190_4_reload          |   in|    8|     ap_none|           localA_190_4_reload|        scalar|
|localA_191_4_reload          |   in|    8|     ap_none|           localA_191_4_reload|        scalar|
|localA_192_4_reload          |   in|    8|     ap_none|           localA_192_4_reload|        scalar|
|localA_193_4_reload          |   in|    8|     ap_none|           localA_193_4_reload|        scalar|
|localA_194_4_reload          |   in|    8|     ap_none|           localA_194_4_reload|        scalar|
|localA_195_4_reload          |   in|    8|     ap_none|           localA_195_4_reload|        scalar|
|localA_196_4_reload          |   in|    8|     ap_none|           localA_196_4_reload|        scalar|
|localA_197_4_reload          |   in|    8|     ap_none|           localA_197_4_reload|        scalar|
|localA_198_4_reload          |   in|    8|     ap_none|           localA_198_4_reload|        scalar|
|localA_199_4_reload          |   in|    8|     ap_none|           localA_199_4_reload|        scalar|
|localA_200_4_reload          |   in|    8|     ap_none|           localA_200_4_reload|        scalar|
|localA_201_4_reload          |   in|    8|     ap_none|           localA_201_4_reload|        scalar|
|localA_202_4_reload          |   in|    8|     ap_none|           localA_202_4_reload|        scalar|
|localA_203_4_reload          |   in|    8|     ap_none|           localA_203_4_reload|        scalar|
|localA_204_4_reload          |   in|    8|     ap_none|           localA_204_4_reload|        scalar|
|localA_205_4_reload          |   in|    8|     ap_none|           localA_205_4_reload|        scalar|
|localA_206_4_reload          |   in|    8|     ap_none|           localA_206_4_reload|        scalar|
|localA_207_4_reload          |   in|    8|     ap_none|           localA_207_4_reload|        scalar|
|localA_208_4_reload          |   in|    8|     ap_none|           localA_208_4_reload|        scalar|
|localA_209_4_reload          |   in|    8|     ap_none|           localA_209_4_reload|        scalar|
|localA_210_4_reload          |   in|    8|     ap_none|           localA_210_4_reload|        scalar|
|localA_211_4_reload          |   in|    8|     ap_none|           localA_211_4_reload|        scalar|
|localA_212_4_reload          |   in|    8|     ap_none|           localA_212_4_reload|        scalar|
|localA_213_4_reload          |   in|    8|     ap_none|           localA_213_4_reload|        scalar|
|localA_214_4_reload          |   in|    8|     ap_none|           localA_214_4_reload|        scalar|
|localA_215_4_reload          |   in|    8|     ap_none|           localA_215_4_reload|        scalar|
|localA_216_4_reload          |   in|    8|     ap_none|           localA_216_4_reload|        scalar|
|localA_217_4_reload          |   in|    8|     ap_none|           localA_217_4_reload|        scalar|
|localA_218_4_reload          |   in|    8|     ap_none|           localA_218_4_reload|        scalar|
|localA_219_4_reload          |   in|    8|     ap_none|           localA_219_4_reload|        scalar|
|localA_220_4_reload          |   in|    8|     ap_none|           localA_220_4_reload|        scalar|
|localA_221_4_reload          |   in|    8|     ap_none|           localA_221_4_reload|        scalar|
|localA_222_4_reload          |   in|    8|     ap_none|           localA_222_4_reload|        scalar|
|localA_223_4_reload          |   in|    8|     ap_none|           localA_223_4_reload|        scalar|
|localA_224_4_reload          |   in|    8|     ap_none|           localA_224_4_reload|        scalar|
|localA_225_4_reload          |   in|    8|     ap_none|           localA_225_4_reload|        scalar|
|localA_226_4_reload          |   in|    8|     ap_none|           localA_226_4_reload|        scalar|
|localA_227_4_reload          |   in|    8|     ap_none|           localA_227_4_reload|        scalar|
|localA_228_4_reload          |   in|    8|     ap_none|           localA_228_4_reload|        scalar|
|localA_229_4_reload          |   in|    8|     ap_none|           localA_229_4_reload|        scalar|
|localA_230_4_reload          |   in|    8|     ap_none|           localA_230_4_reload|        scalar|
|localA_231_4_reload          |   in|    8|     ap_none|           localA_231_4_reload|        scalar|
|localA_232_4_reload          |   in|    8|     ap_none|           localA_232_4_reload|        scalar|
|localA_233_4_reload          |   in|    8|     ap_none|           localA_233_4_reload|        scalar|
|localA_234_4_reload          |   in|    8|     ap_none|           localA_234_4_reload|        scalar|
|localA_235_4_reload          |   in|    8|     ap_none|           localA_235_4_reload|        scalar|
|localA_236_4_reload          |   in|    8|     ap_none|           localA_236_4_reload|        scalar|
|localA_237_4_reload          |   in|    8|     ap_none|           localA_237_4_reload|        scalar|
|localA_238_4_reload          |   in|    8|     ap_none|           localA_238_4_reload|        scalar|
|localA_239_4_reload          |   in|    8|     ap_none|           localA_239_4_reload|        scalar|
|localA_240_4_reload          |   in|    8|     ap_none|           localA_240_4_reload|        scalar|
|localA_241_4_reload          |   in|    8|     ap_none|           localA_241_4_reload|        scalar|
|localA_242_4_reload          |   in|    8|     ap_none|           localA_242_4_reload|        scalar|
|localA_243_4_reload          |   in|    8|     ap_none|           localA_243_4_reload|        scalar|
|localA_244_4_reload          |   in|    8|     ap_none|           localA_244_4_reload|        scalar|
|localA_245_4_reload          |   in|    8|     ap_none|           localA_245_4_reload|        scalar|
|localA_246_4_reload          |   in|    8|     ap_none|           localA_246_4_reload|        scalar|
|localA_247_4_reload          |   in|    8|     ap_none|           localA_247_4_reload|        scalar|
|localA_248_4_reload          |   in|    8|     ap_none|           localA_248_4_reload|        scalar|
|localA_249_4_reload          |   in|    8|     ap_none|           localA_249_4_reload|        scalar|
|localA_250_4_reload          |   in|    8|     ap_none|           localA_250_4_reload|        scalar|
|localA_251_4_reload          |   in|    8|     ap_none|           localA_251_4_reload|        scalar|
|localA_252_4_reload          |   in|    8|     ap_none|           localA_252_4_reload|        scalar|
|localA_253_4_reload          |   in|    8|     ap_none|           localA_253_4_reload|        scalar|
|localA_254_4_reload          |   in|    8|     ap_none|           localA_254_4_reload|        scalar|
|localA_255_4_reload          |   in|    8|     ap_none|           localA_255_4_reload|        scalar|
|localA_256_4_reload          |   in|    8|     ap_none|           localA_256_4_reload|        scalar|
|localA_257_4_reload          |   in|    8|     ap_none|           localA_257_4_reload|        scalar|
|localA_258_4_reload          |   in|    8|     ap_none|           localA_258_4_reload|        scalar|
|localA_259_4_reload          |   in|    8|     ap_none|           localA_259_4_reload|        scalar|
|localA_260_4_reload          |   in|    8|     ap_none|           localA_260_4_reload|        scalar|
|localA_261_4_reload          |   in|    8|     ap_none|           localA_261_4_reload|        scalar|
|localA_262_4_reload          |   in|    8|     ap_none|           localA_262_4_reload|        scalar|
|localA_263_4_reload          |   in|    8|     ap_none|           localA_263_4_reload|        scalar|
|localA_264_4_reload          |   in|    8|     ap_none|           localA_264_4_reload|        scalar|
|localA_265_4_reload          |   in|    8|     ap_none|           localA_265_4_reload|        scalar|
|localA_266_4_reload          |   in|    8|     ap_none|           localA_266_4_reload|        scalar|
|localA_267_4_reload          |   in|    8|     ap_none|           localA_267_4_reload|        scalar|
|localA_268_4_reload          |   in|    8|     ap_none|           localA_268_4_reload|        scalar|
|localA_269_4_reload          |   in|    8|     ap_none|           localA_269_4_reload|        scalar|
|localA_270_4_reload          |   in|    8|     ap_none|           localA_270_4_reload|        scalar|
|localA_271_4_reload          |   in|    8|     ap_none|           localA_271_4_reload|        scalar|
|localA_272_4_reload          |   in|    8|     ap_none|           localA_272_4_reload|        scalar|
|localA_273_4_reload          |   in|    8|     ap_none|           localA_273_4_reload|        scalar|
|localA_274_4_reload          |   in|    8|     ap_none|           localA_274_4_reload|        scalar|
|localA_275_4_reload          |   in|    8|     ap_none|           localA_275_4_reload|        scalar|
|localA_276_4_reload          |   in|    8|     ap_none|           localA_276_4_reload|        scalar|
|localA_277_4_reload          |   in|    8|     ap_none|           localA_277_4_reload|        scalar|
|localA_278_4_reload          |   in|    8|     ap_none|           localA_278_4_reload|        scalar|
|localA_279_4_reload          |   in|    8|     ap_none|           localA_279_4_reload|        scalar|
|localA_280_4_reload          |   in|    8|     ap_none|           localA_280_4_reload|        scalar|
|localA_281_4_reload          |   in|    8|     ap_none|           localA_281_4_reload|        scalar|
|localA_282_4_reload          |   in|    8|     ap_none|           localA_282_4_reload|        scalar|
|localA_283_4_reload          |   in|    8|     ap_none|           localA_283_4_reload|        scalar|
|localA_284_4_reload          |   in|    8|     ap_none|           localA_284_4_reload|        scalar|
|localA_285_4_reload          |   in|    8|     ap_none|           localA_285_4_reload|        scalar|
|localA_286_4_reload          |   in|    8|     ap_none|           localA_286_4_reload|        scalar|
|localA_287_4_reload          |   in|    8|     ap_none|           localA_287_4_reload|        scalar|
|localA_288_4_reload          |   in|    8|     ap_none|           localA_288_4_reload|        scalar|
|localA_289_4_reload          |   in|    8|     ap_none|           localA_289_4_reload|        scalar|
|localA_290_4_reload          |   in|    8|     ap_none|           localA_290_4_reload|        scalar|
|localA_291_4_reload          |   in|    8|     ap_none|           localA_291_4_reload|        scalar|
|localA_292_4_reload          |   in|    8|     ap_none|           localA_292_4_reload|        scalar|
|localA_293_4_reload          |   in|    8|     ap_none|           localA_293_4_reload|        scalar|
|localA_294_4_reload          |   in|    8|     ap_none|           localA_294_4_reload|        scalar|
|localA_295_4_reload          |   in|    8|     ap_none|           localA_295_4_reload|        scalar|
|localA_296_4_reload          |   in|    8|     ap_none|           localA_296_4_reload|        scalar|
|localA_297_4_reload          |   in|    8|     ap_none|           localA_297_4_reload|        scalar|
|localA_298_4_reload          |   in|    8|     ap_none|           localA_298_4_reload|        scalar|
|localA_299_4_reload          |   in|    8|     ap_none|           localA_299_4_reload|        scalar|
|localA_300_4_reload          |   in|    8|     ap_none|           localA_300_4_reload|        scalar|
|localA_301_4_reload          |   in|    8|     ap_none|           localA_301_4_reload|        scalar|
|localA_302_4_reload          |   in|    8|     ap_none|           localA_302_4_reload|        scalar|
|localA_303_4_reload          |   in|    8|     ap_none|           localA_303_4_reload|        scalar|
|localA_304_4_reload          |   in|    8|     ap_none|           localA_304_4_reload|        scalar|
|localA_305_4_reload          |   in|    8|     ap_none|           localA_305_4_reload|        scalar|
|localA_306_4_reload          |   in|    8|     ap_none|           localA_306_4_reload|        scalar|
|localA_307_4_reload          |   in|    8|     ap_none|           localA_307_4_reload|        scalar|
|localA_308_4_reload          |   in|    8|     ap_none|           localA_308_4_reload|        scalar|
|localA_309_4_reload          |   in|    8|     ap_none|           localA_309_4_reload|        scalar|
|localA_310_4_reload          |   in|    8|     ap_none|           localA_310_4_reload|        scalar|
|localA_311_4_reload          |   in|    8|     ap_none|           localA_311_4_reload|        scalar|
|localA_312_4_reload          |   in|    8|     ap_none|           localA_312_4_reload|        scalar|
|localA_313_4_reload          |   in|    8|     ap_none|           localA_313_4_reload|        scalar|
|localA_314_4_reload          |   in|    8|     ap_none|           localA_314_4_reload|        scalar|
|localA_315_4_reload          |   in|    8|     ap_none|           localA_315_4_reload|        scalar|
|localA_316_4_reload          |   in|    8|     ap_none|           localA_316_4_reload|        scalar|
|localA_317_4_reload          |   in|    8|     ap_none|           localA_317_4_reload|        scalar|
|localA_318_4_reload          |   in|    8|     ap_none|           localA_318_4_reload|        scalar|
|localA_319_4_reload          |   in|    8|     ap_none|           localA_319_4_reload|        scalar|
|localA_320_4_reload          |   in|    8|     ap_none|           localA_320_4_reload|        scalar|
|localA_321_4_reload          |   in|    8|     ap_none|           localA_321_4_reload|        scalar|
|localA_322_4_reload          |   in|    8|     ap_none|           localA_322_4_reload|        scalar|
|localA_323_4_reload          |   in|    8|     ap_none|           localA_323_4_reload|        scalar|
|localA_324_4_reload          |   in|    8|     ap_none|           localA_324_4_reload|        scalar|
|localA_325_4_reload          |   in|    8|     ap_none|           localA_325_4_reload|        scalar|
|localA_326_4_reload          |   in|    8|     ap_none|           localA_326_4_reload|        scalar|
|localA_327_4_reload          |   in|    8|     ap_none|           localA_327_4_reload|        scalar|
|localA_328_4_reload          |   in|    8|     ap_none|           localA_328_4_reload|        scalar|
|localA_329_4_reload          |   in|    8|     ap_none|           localA_329_4_reload|        scalar|
|localA_330_4_reload          |   in|    8|     ap_none|           localA_330_4_reload|        scalar|
|localA_331_4_reload          |   in|    8|     ap_none|           localA_331_4_reload|        scalar|
|localA_332_4_reload          |   in|    8|     ap_none|           localA_332_4_reload|        scalar|
|localA_333_4_reload          |   in|    8|     ap_none|           localA_333_4_reload|        scalar|
|localA_334_4_reload          |   in|    8|     ap_none|           localA_334_4_reload|        scalar|
|localA_335_4_reload          |   in|    8|     ap_none|           localA_335_4_reload|        scalar|
|localA_336_4_reload          |   in|    8|     ap_none|           localA_336_4_reload|        scalar|
|localA_337_4_reload          |   in|    8|     ap_none|           localA_337_4_reload|        scalar|
|localA_338_4_reload          |   in|    8|     ap_none|           localA_338_4_reload|        scalar|
|localA_339_4_reload          |   in|    8|     ap_none|           localA_339_4_reload|        scalar|
|localA_340_4_reload          |   in|    8|     ap_none|           localA_340_4_reload|        scalar|
|localA_341_4_reload          |   in|    8|     ap_none|           localA_341_4_reload|        scalar|
|localA_342_4_reload          |   in|    8|     ap_none|           localA_342_4_reload|        scalar|
|localA_343_4_reload          |   in|    8|     ap_none|           localA_343_4_reload|        scalar|
|localA_344_4_reload          |   in|    8|     ap_none|           localA_344_4_reload|        scalar|
|localA_345_4_reload          |   in|    8|     ap_none|           localA_345_4_reload|        scalar|
|localA_346_4_reload          |   in|    8|     ap_none|           localA_346_4_reload|        scalar|
|localA_347_4_reload          |   in|    8|     ap_none|           localA_347_4_reload|        scalar|
|localA_348_4_reload          |   in|    8|     ap_none|           localA_348_4_reload|        scalar|
|localA_349_4_reload          |   in|    8|     ap_none|           localA_349_4_reload|        scalar|
|localA_350_4_reload          |   in|    8|     ap_none|           localA_350_4_reload|        scalar|
|localA_351_4_reload          |   in|    8|     ap_none|           localA_351_4_reload|        scalar|
|localA_352_4_reload          |   in|    8|     ap_none|           localA_352_4_reload|        scalar|
|localA_353_4_reload          |   in|    8|     ap_none|           localA_353_4_reload|        scalar|
|localA_354_4_reload          |   in|    8|     ap_none|           localA_354_4_reload|        scalar|
|localA_355_4_reload          |   in|    8|     ap_none|           localA_355_4_reload|        scalar|
|localA_356_4_reload          |   in|    8|     ap_none|           localA_356_4_reload|        scalar|
|localA_357_4_reload          |   in|    8|     ap_none|           localA_357_4_reload|        scalar|
|localA_358_4_reload          |   in|    8|     ap_none|           localA_358_4_reload|        scalar|
|localA_359_4_reload          |   in|    8|     ap_none|           localA_359_4_reload|        scalar|
|localA_360_4_reload          |   in|    8|     ap_none|           localA_360_4_reload|        scalar|
|localA_361_4_reload          |   in|    8|     ap_none|           localA_361_4_reload|        scalar|
|localA_362_4_reload          |   in|    8|     ap_none|           localA_362_4_reload|        scalar|
|localA_363_4_reload          |   in|    8|     ap_none|           localA_363_4_reload|        scalar|
|localA_364_4_reload          |   in|    8|     ap_none|           localA_364_4_reload|        scalar|
|localA_365_4_reload          |   in|    8|     ap_none|           localA_365_4_reload|        scalar|
|localA_366_4_reload          |   in|    8|     ap_none|           localA_366_4_reload|        scalar|
|localA_367_4_reload          |   in|    8|     ap_none|           localA_367_4_reload|        scalar|
|localA_368_4_reload          |   in|    8|     ap_none|           localA_368_4_reload|        scalar|
|localA_369_4_reload          |   in|    8|     ap_none|           localA_369_4_reload|        scalar|
|localA_370_4_reload          |   in|    8|     ap_none|           localA_370_4_reload|        scalar|
|localA_371_4_reload          |   in|    8|     ap_none|           localA_371_4_reload|        scalar|
|localA_372_4_reload          |   in|    8|     ap_none|           localA_372_4_reload|        scalar|
|localA_373_4_reload          |   in|    8|     ap_none|           localA_373_4_reload|        scalar|
|localA_374_4_reload          |   in|    8|     ap_none|           localA_374_4_reload|        scalar|
|localA_375_4_reload          |   in|    8|     ap_none|           localA_375_4_reload|        scalar|
|localA_376_4_reload          |   in|    8|     ap_none|           localA_376_4_reload|        scalar|
|localA_377_4_reload          |   in|    8|     ap_none|           localA_377_4_reload|        scalar|
|localA_378_4_reload          |   in|    8|     ap_none|           localA_378_4_reload|        scalar|
|localA_379_4_reload          |   in|    8|     ap_none|           localA_379_4_reload|        scalar|
|localA_380_4_reload          |   in|    8|     ap_none|           localA_380_4_reload|        scalar|
|localA_381_4_reload          |   in|    8|     ap_none|           localA_381_4_reload|        scalar|
|localA_382_4_reload          |   in|    8|     ap_none|           localA_382_4_reload|        scalar|
|localA_383_4_reload          |   in|    8|     ap_none|           localA_383_4_reload|        scalar|
|localA_384_4_reload          |   in|    8|     ap_none|           localA_384_4_reload|        scalar|
|localA_385_4_reload          |   in|    8|     ap_none|           localA_385_4_reload|        scalar|
|localA_386_4_reload          |   in|    8|     ap_none|           localA_386_4_reload|        scalar|
|localA_387_4_reload          |   in|    8|     ap_none|           localA_387_4_reload|        scalar|
|localA_388_4_reload          |   in|    8|     ap_none|           localA_388_4_reload|        scalar|
|localA_389_4_reload          |   in|    8|     ap_none|           localA_389_4_reload|        scalar|
|localA_390_4_reload          |   in|    8|     ap_none|           localA_390_4_reload|        scalar|
|localA_391_4_reload          |   in|    8|     ap_none|           localA_391_4_reload|        scalar|
|localA_392_4_reload          |   in|    8|     ap_none|           localA_392_4_reload|        scalar|
|localA_393_4_reload          |   in|    8|     ap_none|           localA_393_4_reload|        scalar|
|localA_394_4_reload          |   in|    8|     ap_none|           localA_394_4_reload|        scalar|
|localA_395_4_reload          |   in|    8|     ap_none|           localA_395_4_reload|        scalar|
|localA_396_4_reload          |   in|    8|     ap_none|           localA_396_4_reload|        scalar|
|localA_397_4_reload          |   in|    8|     ap_none|           localA_397_4_reload|        scalar|
|localA_398_4_reload          |   in|    8|     ap_none|           localA_398_4_reload|        scalar|
|localA_399_4_reload          |   in|    8|     ap_none|           localA_399_4_reload|        scalar|
|localA_400_4_reload          |   in|    8|     ap_none|           localA_400_4_reload|        scalar|
|localA_401_4_reload          |   in|    8|     ap_none|           localA_401_4_reload|        scalar|
|localA_402_4_reload          |   in|    8|     ap_none|           localA_402_4_reload|        scalar|
|localA_403_4_reload          |   in|    8|     ap_none|           localA_403_4_reload|        scalar|
|localA_404_4_reload          |   in|    8|     ap_none|           localA_404_4_reload|        scalar|
|localA_405_4_reload          |   in|    8|     ap_none|           localA_405_4_reload|        scalar|
|localA_406_4_reload          |   in|    8|     ap_none|           localA_406_4_reload|        scalar|
|localA_407_4_reload          |   in|    8|     ap_none|           localA_407_4_reload|        scalar|
|localA_408_4_reload          |   in|    8|     ap_none|           localA_408_4_reload|        scalar|
|localA_409_4_reload          |   in|    8|     ap_none|           localA_409_4_reload|        scalar|
|localA_410_4_reload          |   in|    8|     ap_none|           localA_410_4_reload|        scalar|
|localA_411_4_reload          |   in|    8|     ap_none|           localA_411_4_reload|        scalar|
|localA_412_4_reload          |   in|    8|     ap_none|           localA_412_4_reload|        scalar|
|localA_413_4_reload          |   in|    8|     ap_none|           localA_413_4_reload|        scalar|
|localA_414_4_reload          |   in|    8|     ap_none|           localA_414_4_reload|        scalar|
|localA_415_4_reload          |   in|    8|     ap_none|           localA_415_4_reload|        scalar|
|localA_416_4_reload          |   in|    8|     ap_none|           localA_416_4_reload|        scalar|
|localA_417_4_reload          |   in|    8|     ap_none|           localA_417_4_reload|        scalar|
|localA_418_4_reload          |   in|    8|     ap_none|           localA_418_4_reload|        scalar|
|localA_419_4_reload          |   in|    8|     ap_none|           localA_419_4_reload|        scalar|
|localA_420_4_reload          |   in|    8|     ap_none|           localA_420_4_reload|        scalar|
|localA_421_4_reload          |   in|    8|     ap_none|           localA_421_4_reload|        scalar|
|localA_422_4_reload          |   in|    8|     ap_none|           localA_422_4_reload|        scalar|
|localA_423_4_reload          |   in|    8|     ap_none|           localA_423_4_reload|        scalar|
|localA_424_4_reload          |   in|    8|     ap_none|           localA_424_4_reload|        scalar|
|localA_425_4_reload          |   in|    8|     ap_none|           localA_425_4_reload|        scalar|
|localA_426_4_reload          |   in|    8|     ap_none|           localA_426_4_reload|        scalar|
|localA_427_4_reload          |   in|    8|     ap_none|           localA_427_4_reload|        scalar|
|localA_428_4_reload          |   in|    8|     ap_none|           localA_428_4_reload|        scalar|
|localA_429_4_reload          |   in|    8|     ap_none|           localA_429_4_reload|        scalar|
|localA_430_4_reload          |   in|    8|     ap_none|           localA_430_4_reload|        scalar|
|localA_431_4_reload          |   in|    8|     ap_none|           localA_431_4_reload|        scalar|
|localA_432_4_reload          |   in|    8|     ap_none|           localA_432_4_reload|        scalar|
|localA_433_4_reload          |   in|    8|     ap_none|           localA_433_4_reload|        scalar|
|localA_434_4_reload          |   in|    8|     ap_none|           localA_434_4_reload|        scalar|
|localA_435_4_reload          |   in|    8|     ap_none|           localA_435_4_reload|        scalar|
|localA_436_4_reload          |   in|    8|     ap_none|           localA_436_4_reload|        scalar|
|localA_437_4_reload          |   in|    8|     ap_none|           localA_437_4_reload|        scalar|
|localA_438_4_reload          |   in|    8|     ap_none|           localA_438_4_reload|        scalar|
|localA_439_4_reload          |   in|    8|     ap_none|           localA_439_4_reload|        scalar|
|localA_440_4_reload          |   in|    8|     ap_none|           localA_440_4_reload|        scalar|
|localA_441_4_reload          |   in|    8|     ap_none|           localA_441_4_reload|        scalar|
|localA_442_4_reload          |   in|    8|     ap_none|           localA_442_4_reload|        scalar|
|localA_443_4_reload          |   in|    8|     ap_none|           localA_443_4_reload|        scalar|
|localA_444_4_reload          |   in|    8|     ap_none|           localA_444_4_reload|        scalar|
|localA_445_4_reload          |   in|    8|     ap_none|           localA_445_4_reload|        scalar|
|localA_446_4_reload          |   in|    8|     ap_none|           localA_446_4_reload|        scalar|
|localA_447_4_reload          |   in|    8|     ap_none|           localA_447_4_reload|        scalar|
|localA_448_4_reload          |   in|    8|     ap_none|           localA_448_4_reload|        scalar|
|localA_449_4_reload          |   in|    8|     ap_none|           localA_449_4_reload|        scalar|
|localA_450_4_reload          |   in|    8|     ap_none|           localA_450_4_reload|        scalar|
|localA_451_4_reload          |   in|    8|     ap_none|           localA_451_4_reload|        scalar|
|localA_452_4_reload          |   in|    8|     ap_none|           localA_452_4_reload|        scalar|
|localA_453_4_reload          |   in|    8|     ap_none|           localA_453_4_reload|        scalar|
|localA_454_4_reload          |   in|    8|     ap_none|           localA_454_4_reload|        scalar|
|localA_455_4_reload          |   in|    8|     ap_none|           localA_455_4_reload|        scalar|
|localA_456_4_reload          |   in|    8|     ap_none|           localA_456_4_reload|        scalar|
|localA_457_4_reload          |   in|    8|     ap_none|           localA_457_4_reload|        scalar|
|localA_458_4_reload          |   in|    8|     ap_none|           localA_458_4_reload|        scalar|
|localA_459_4_reload          |   in|    8|     ap_none|           localA_459_4_reload|        scalar|
|localA_460_4_reload          |   in|    8|     ap_none|           localA_460_4_reload|        scalar|
|localA_461_4_reload          |   in|    8|     ap_none|           localA_461_4_reload|        scalar|
|localA_462_4_reload          |   in|    8|     ap_none|           localA_462_4_reload|        scalar|
|localA_463_4_reload          |   in|    8|     ap_none|           localA_463_4_reload|        scalar|
|localA_464_4_reload          |   in|    8|     ap_none|           localA_464_4_reload|        scalar|
|localA_465_4_reload          |   in|    8|     ap_none|           localA_465_4_reload|        scalar|
|localA_466_4_reload          |   in|    8|     ap_none|           localA_466_4_reload|        scalar|
|localA_467_4_reload          |   in|    8|     ap_none|           localA_467_4_reload|        scalar|
|localA_468_4_reload          |   in|    8|     ap_none|           localA_468_4_reload|        scalar|
|localA_469_4_reload          |   in|    8|     ap_none|           localA_469_4_reload|        scalar|
|localA_470_4_reload          |   in|    8|     ap_none|           localA_470_4_reload|        scalar|
|localA_471_4_reload          |   in|    8|     ap_none|           localA_471_4_reload|        scalar|
|localA_472_4_reload          |   in|    8|     ap_none|           localA_472_4_reload|        scalar|
|localA_473_4_reload          |   in|    8|     ap_none|           localA_473_4_reload|        scalar|
|localA_474_4_reload          |   in|    8|     ap_none|           localA_474_4_reload|        scalar|
|localA_475_4_reload          |   in|    8|     ap_none|           localA_475_4_reload|        scalar|
|localA_476_4_reload          |   in|    8|     ap_none|           localA_476_4_reload|        scalar|
|localA_477_4_reload          |   in|    8|     ap_none|           localA_477_4_reload|        scalar|
|localA_478_4_reload          |   in|    8|     ap_none|           localA_478_4_reload|        scalar|
|localA_479_4_reload          |   in|    8|     ap_none|           localA_479_4_reload|        scalar|
|localA_480_4_reload          |   in|    8|     ap_none|           localA_480_4_reload|        scalar|
|localA_481_4_reload          |   in|    8|     ap_none|           localA_481_4_reload|        scalar|
|localA_482_4_reload          |   in|    8|     ap_none|           localA_482_4_reload|        scalar|
|localA_483_4_reload          |   in|    8|     ap_none|           localA_483_4_reload|        scalar|
|localA_484_4_reload          |   in|    8|     ap_none|           localA_484_4_reload|        scalar|
|localA_485_4_reload          |   in|    8|     ap_none|           localA_485_4_reload|        scalar|
|localA_486_4_reload          |   in|    8|     ap_none|           localA_486_4_reload|        scalar|
|localA_487_4_reload          |   in|    8|     ap_none|           localA_487_4_reload|        scalar|
|localA_488_4_reload          |   in|    8|     ap_none|           localA_488_4_reload|        scalar|
|localA_489_4_reload          |   in|    8|     ap_none|           localA_489_4_reload|        scalar|
|localA_490_4_reload          |   in|    8|     ap_none|           localA_490_4_reload|        scalar|
|localA_491_4_reload          |   in|    8|     ap_none|           localA_491_4_reload|        scalar|
|localA_492_4_reload          |   in|    8|     ap_none|           localA_492_4_reload|        scalar|
|localA_493_4_reload          |   in|    8|     ap_none|           localA_493_4_reload|        scalar|
|localA_494_4_reload          |   in|    8|     ap_none|           localA_494_4_reload|        scalar|
|localA_495_4_reload          |   in|    8|     ap_none|           localA_495_4_reload|        scalar|
|localA_496_4_reload          |   in|    8|     ap_none|           localA_496_4_reload|        scalar|
|localA_497_4_reload          |   in|    8|     ap_none|           localA_497_4_reload|        scalar|
|localA_498_4_reload          |   in|    8|     ap_none|           localA_498_4_reload|        scalar|
|localA_499_4_reload          |   in|    8|     ap_none|           localA_499_4_reload|        scalar|
|localA_500_4_reload          |   in|    8|     ap_none|           localA_500_4_reload|        scalar|
|localA_501_4_reload          |   in|    8|     ap_none|           localA_501_4_reload|        scalar|
|localA_502_4_reload          |   in|    8|     ap_none|           localA_502_4_reload|        scalar|
|localA_503_4_reload          |   in|    8|     ap_none|           localA_503_4_reload|        scalar|
|localA_504_4_reload          |   in|    8|     ap_none|           localA_504_4_reload|        scalar|
|localA_505_4_reload          |   in|    8|     ap_none|           localA_505_4_reload|        scalar|
|localA_506_4_reload          |   in|    8|     ap_none|           localA_506_4_reload|        scalar|
|localA_507_4_reload          |   in|    8|     ap_none|           localA_507_4_reload|        scalar|
|localA_508_4_reload          |   in|    8|     ap_none|           localA_508_4_reload|        scalar|
|localA_509_4_reload          |   in|    8|     ap_none|           localA_509_4_reload|        scalar|
|localA_510_4_reload          |   in|    8|     ap_none|           localA_510_4_reload|        scalar|
|localA_511_4_reload          |   in|    8|     ap_none|           localA_511_4_reload|        scalar|
|localA_512_4_reload          |   in|    8|     ap_none|           localA_512_4_reload|        scalar|
|localA_513_4_reload          |   in|    8|     ap_none|           localA_513_4_reload|        scalar|
|localA_514_4_reload          |   in|    8|     ap_none|           localA_514_4_reload|        scalar|
|localA_515_4_reload          |   in|    8|     ap_none|           localA_515_4_reload|        scalar|
|localA_516_4_reload          |   in|    8|     ap_none|           localA_516_4_reload|        scalar|
|localA_517_4_reload          |   in|    8|     ap_none|           localA_517_4_reload|        scalar|
|localA_518_4_reload          |   in|    8|     ap_none|           localA_518_4_reload|        scalar|
|localA_519_4_reload          |   in|    8|     ap_none|           localA_519_4_reload|        scalar|
|localA_520_4_reload          |   in|    8|     ap_none|           localA_520_4_reload|        scalar|
|localA_521_4_reload          |   in|    8|     ap_none|           localA_521_4_reload|        scalar|
|localA_522_4_reload          |   in|    8|     ap_none|           localA_522_4_reload|        scalar|
|localA_523_4_reload          |   in|    8|     ap_none|           localA_523_4_reload|        scalar|
|localA_524_4_reload          |   in|    8|     ap_none|           localA_524_4_reload|        scalar|
|localA_525_4_reload          |   in|    8|     ap_none|           localA_525_4_reload|        scalar|
|localA_526_4_reload          |   in|    8|     ap_none|           localA_526_4_reload|        scalar|
|localA_527_4_reload          |   in|    8|     ap_none|           localA_527_4_reload|        scalar|
|localA_528_4_reload          |   in|    8|     ap_none|           localA_528_4_reload|        scalar|
|localA_529_4_reload          |   in|    8|     ap_none|           localA_529_4_reload|        scalar|
|localA_530_4_reload          |   in|    8|     ap_none|           localA_530_4_reload|        scalar|
|localA_531_4_reload          |   in|    8|     ap_none|           localA_531_4_reload|        scalar|
|localA_532_4_reload          |   in|    8|     ap_none|           localA_532_4_reload|        scalar|
|localA_533_4_reload          |   in|    8|     ap_none|           localA_533_4_reload|        scalar|
|localA_534_4_reload          |   in|    8|     ap_none|           localA_534_4_reload|        scalar|
|localA_535_4_reload          |   in|    8|     ap_none|           localA_535_4_reload|        scalar|
|localA_536_4_reload          |   in|    8|     ap_none|           localA_536_4_reload|        scalar|
|localA_537_4_reload          |   in|    8|     ap_none|           localA_537_4_reload|        scalar|
|localA_538_4_reload          |   in|    8|     ap_none|           localA_538_4_reload|        scalar|
|localA_539_4_reload          |   in|    8|     ap_none|           localA_539_4_reload|        scalar|
|localA_540_4_reload          |   in|    8|     ap_none|           localA_540_4_reload|        scalar|
|localA_541_4_reload          |   in|    8|     ap_none|           localA_541_4_reload|        scalar|
|localA_542_4_reload          |   in|    8|     ap_none|           localA_542_4_reload|        scalar|
|localA_543_4_reload          |   in|    8|     ap_none|           localA_543_4_reload|        scalar|
|localA_544_4_reload          |   in|    8|     ap_none|           localA_544_4_reload|        scalar|
|localA_545_4_reload          |   in|    8|     ap_none|           localA_545_4_reload|        scalar|
|localA_546_4_reload          |   in|    8|     ap_none|           localA_546_4_reload|        scalar|
|localA_547_4_reload          |   in|    8|     ap_none|           localA_547_4_reload|        scalar|
|localA_548_4_reload          |   in|    8|     ap_none|           localA_548_4_reload|        scalar|
|localA_549_4_reload          |   in|    8|     ap_none|           localA_549_4_reload|        scalar|
|localA_550_4_reload          |   in|    8|     ap_none|           localA_550_4_reload|        scalar|
|localA_551_4_reload          |   in|    8|     ap_none|           localA_551_4_reload|        scalar|
|localA_552_4_reload          |   in|    8|     ap_none|           localA_552_4_reload|        scalar|
|localA_553_4_reload          |   in|    8|     ap_none|           localA_553_4_reload|        scalar|
|localA_554_4_reload          |   in|    8|     ap_none|           localA_554_4_reload|        scalar|
|localA_555_4_reload          |   in|    8|     ap_none|           localA_555_4_reload|        scalar|
|localA_556_4_reload          |   in|    8|     ap_none|           localA_556_4_reload|        scalar|
|localA_557_4_reload          |   in|    8|     ap_none|           localA_557_4_reload|        scalar|
|localA_558_4_reload          |   in|    8|     ap_none|           localA_558_4_reload|        scalar|
|localA_559_4_reload          |   in|    8|     ap_none|           localA_559_4_reload|        scalar|
|localA_560_4_reload          |   in|    8|     ap_none|           localA_560_4_reload|        scalar|
|localA_561_4_reload          |   in|    8|     ap_none|           localA_561_4_reload|        scalar|
|localA_562_4_reload          |   in|    8|     ap_none|           localA_562_4_reload|        scalar|
|localA_563_4_reload          |   in|    8|     ap_none|           localA_563_4_reload|        scalar|
|localA_564_4_reload          |   in|    8|     ap_none|           localA_564_4_reload|        scalar|
|localA_565_4_reload          |   in|    8|     ap_none|           localA_565_4_reload|        scalar|
|localA_566_4_reload          |   in|    8|     ap_none|           localA_566_4_reload|        scalar|
|localA_567_4_reload          |   in|    8|     ap_none|           localA_567_4_reload|        scalar|
|localA_568_4_reload          |   in|    8|     ap_none|           localA_568_4_reload|        scalar|
|localA_569_4_reload          |   in|    8|     ap_none|           localA_569_4_reload|        scalar|
|localA_570_4_reload          |   in|    8|     ap_none|           localA_570_4_reload|        scalar|
|localA_571_4_reload          |   in|    8|     ap_none|           localA_571_4_reload|        scalar|
|localA_572_4_reload          |   in|    8|     ap_none|           localA_572_4_reload|        scalar|
|localA_573_4_reload          |   in|    8|     ap_none|           localA_573_4_reload|        scalar|
|localA_574_4_reload          |   in|    8|     ap_none|           localA_574_4_reload|        scalar|
|localA_575_4_reload          |   in|    8|     ap_none|           localA_575_4_reload|        scalar|
|localA_576_4_reload          |   in|    8|     ap_none|           localA_576_4_reload|        scalar|
|localA_577_4_reload          |   in|    8|     ap_none|           localA_577_4_reload|        scalar|
|localA_578_4_reload          |   in|    8|     ap_none|           localA_578_4_reload|        scalar|
|localA_579_4_reload          |   in|    8|     ap_none|           localA_579_4_reload|        scalar|
|localA_580_4_reload          |   in|    8|     ap_none|           localA_580_4_reload|        scalar|
|localA_581_4_reload          |   in|    8|     ap_none|           localA_581_4_reload|        scalar|
|localA_582_4_reload          |   in|    8|     ap_none|           localA_582_4_reload|        scalar|
|localA_583_4_reload          |   in|    8|     ap_none|           localA_583_4_reload|        scalar|
|localA_584_4_reload          |   in|    8|     ap_none|           localA_584_4_reload|        scalar|
|localA_585_4_reload          |   in|    8|     ap_none|           localA_585_4_reload|        scalar|
|localA_586_4_reload          |   in|    8|     ap_none|           localA_586_4_reload|        scalar|
|localA_587_4_reload          |   in|    8|     ap_none|           localA_587_4_reload|        scalar|
|localA_588_4_reload          |   in|    8|     ap_none|           localA_588_4_reload|        scalar|
|localA_589_4_reload          |   in|    8|     ap_none|           localA_589_4_reload|        scalar|
|localA_590_4_reload          |   in|    8|     ap_none|           localA_590_4_reload|        scalar|
|localA_591_4_reload          |   in|    8|     ap_none|           localA_591_4_reload|        scalar|
|localA_592_4_reload          |   in|    8|     ap_none|           localA_592_4_reload|        scalar|
|localA_593_4_reload          |   in|    8|     ap_none|           localA_593_4_reload|        scalar|
|localA_594_4_reload          |   in|    8|     ap_none|           localA_594_4_reload|        scalar|
|localA_595_4_reload          |   in|    8|     ap_none|           localA_595_4_reload|        scalar|
|localA_596_4_reload          |   in|    8|     ap_none|           localA_596_4_reload|        scalar|
|localA_597_4_reload          |   in|    8|     ap_none|           localA_597_4_reload|        scalar|
|localA_598_4_reload          |   in|    8|     ap_none|           localA_598_4_reload|        scalar|
|localA_599_4_reload          |   in|    8|     ap_none|           localA_599_4_reload|        scalar|
|localA_600_4_reload          |   in|    8|     ap_none|           localA_600_4_reload|        scalar|
|localA_601_4_reload          |   in|    8|     ap_none|           localA_601_4_reload|        scalar|
|localA_602_4_reload          |   in|    8|     ap_none|           localA_602_4_reload|        scalar|
|localA_603_4_reload          |   in|    8|     ap_none|           localA_603_4_reload|        scalar|
|localA_604_4_reload          |   in|    8|     ap_none|           localA_604_4_reload|        scalar|
|localA_605_4_reload          |   in|    8|     ap_none|           localA_605_4_reload|        scalar|
|localA_606_4_reload          |   in|    8|     ap_none|           localA_606_4_reload|        scalar|
|localA_607_4_reload          |   in|    8|     ap_none|           localA_607_4_reload|        scalar|
|localA_608_4_reload          |   in|    8|     ap_none|           localA_608_4_reload|        scalar|
|localA_609_4_reload          |   in|    8|     ap_none|           localA_609_4_reload|        scalar|
|localA_610_4_reload          |   in|    8|     ap_none|           localA_610_4_reload|        scalar|
|localA_611_4_reload          |   in|    8|     ap_none|           localA_611_4_reload|        scalar|
|localA_612_4_reload          |   in|    8|     ap_none|           localA_612_4_reload|        scalar|
|localA_613_4_reload          |   in|    8|     ap_none|           localA_613_4_reload|        scalar|
|localA_614_4_reload          |   in|    8|     ap_none|           localA_614_4_reload|        scalar|
|localA_615_4_reload          |   in|    8|     ap_none|           localA_615_4_reload|        scalar|
|localA_616_4_reload          |   in|    8|     ap_none|           localA_616_4_reload|        scalar|
|localA_617_4_reload          |   in|    8|     ap_none|           localA_617_4_reload|        scalar|
|localA_618_4_reload          |   in|    8|     ap_none|           localA_618_4_reload|        scalar|
|localA_619_4_reload          |   in|    8|     ap_none|           localA_619_4_reload|        scalar|
|localA_620_4_reload          |   in|    8|     ap_none|           localA_620_4_reload|        scalar|
|localA_621_4_reload          |   in|    8|     ap_none|           localA_621_4_reload|        scalar|
|localA_622_4_reload          |   in|    8|     ap_none|           localA_622_4_reload|        scalar|
|localA_623_4_reload          |   in|    8|     ap_none|           localA_623_4_reload|        scalar|
|localA_624_4_reload          |   in|    8|     ap_none|           localA_624_4_reload|        scalar|
|localA_625_4_reload          |   in|    8|     ap_none|           localA_625_4_reload|        scalar|
|localA_626_4_reload          |   in|    8|     ap_none|           localA_626_4_reload|        scalar|
|localA_627_4_reload          |   in|    8|     ap_none|           localA_627_4_reload|        scalar|
|localA_628_4_reload          |   in|    8|     ap_none|           localA_628_4_reload|        scalar|
|localA_629_4_reload          |   in|    8|     ap_none|           localA_629_4_reload|        scalar|
|localA_630_4_reload          |   in|    8|     ap_none|           localA_630_4_reload|        scalar|
|localA_631_4_reload          |   in|    8|     ap_none|           localA_631_4_reload|        scalar|
|localA_632_4_reload          |   in|    8|     ap_none|           localA_632_4_reload|        scalar|
|localA_633_4_reload          |   in|    8|     ap_none|           localA_633_4_reload|        scalar|
|localA_634_4_reload          |   in|    8|     ap_none|           localA_634_4_reload|        scalar|
|localA_635_4_reload          |   in|    8|     ap_none|           localA_635_4_reload|        scalar|
|localA_636_4_reload          |   in|    8|     ap_none|           localA_636_4_reload|        scalar|
|localA_637_4_reload          |   in|    8|     ap_none|           localA_637_4_reload|        scalar|
|localA_638_4_reload          |   in|    8|     ap_none|           localA_638_4_reload|        scalar|
|localA_639_4_reload          |   in|    8|     ap_none|           localA_639_4_reload|        scalar|
|localA_640_4_reload          |   in|    8|     ap_none|           localA_640_4_reload|        scalar|
|localA_641_4_reload          |   in|    8|     ap_none|           localA_641_4_reload|        scalar|
|localA_642_4_reload          |   in|    8|     ap_none|           localA_642_4_reload|        scalar|
|localA_643_4_reload          |   in|    8|     ap_none|           localA_643_4_reload|        scalar|
|localA_644_4_reload          |   in|    8|     ap_none|           localA_644_4_reload|        scalar|
|localA_645_4_reload          |   in|    8|     ap_none|           localA_645_4_reload|        scalar|
|localA_646_4_reload          |   in|    8|     ap_none|           localA_646_4_reload|        scalar|
|localA_647_4_reload          |   in|    8|     ap_none|           localA_647_4_reload|        scalar|
|localA_648_4_reload          |   in|    8|     ap_none|           localA_648_4_reload|        scalar|
|localA_649_4_reload          |   in|    8|     ap_none|           localA_649_4_reload|        scalar|
|localA_650_4_reload          |   in|    8|     ap_none|           localA_650_4_reload|        scalar|
|localA_651_4_reload          |   in|    8|     ap_none|           localA_651_4_reload|        scalar|
|localA_652_4_reload          |   in|    8|     ap_none|           localA_652_4_reload|        scalar|
|localA_653_4_reload          |   in|    8|     ap_none|           localA_653_4_reload|        scalar|
|localA_654_4_reload          |   in|    8|     ap_none|           localA_654_4_reload|        scalar|
|localA_655_4_reload          |   in|    8|     ap_none|           localA_655_4_reload|        scalar|
|localA_656_4_reload          |   in|    8|     ap_none|           localA_656_4_reload|        scalar|
|localA_657_4_reload          |   in|    8|     ap_none|           localA_657_4_reload|        scalar|
|localA_658_4_reload          |   in|    8|     ap_none|           localA_658_4_reload|        scalar|
|localA_659_4_reload          |   in|    8|     ap_none|           localA_659_4_reload|        scalar|
|localA_660_4_reload          |   in|    8|     ap_none|           localA_660_4_reload|        scalar|
|localA_661_4_reload          |   in|    8|     ap_none|           localA_661_4_reload|        scalar|
|localA_662_4_reload          |   in|    8|     ap_none|           localA_662_4_reload|        scalar|
|localA_663_4_reload          |   in|    8|     ap_none|           localA_663_4_reload|        scalar|
|localA_664_4_reload          |   in|    8|     ap_none|           localA_664_4_reload|        scalar|
|localA_665_4_reload          |   in|    8|     ap_none|           localA_665_4_reload|        scalar|
|localA_666_4_reload          |   in|    8|     ap_none|           localA_666_4_reload|        scalar|
|localA_667_4_reload          |   in|    8|     ap_none|           localA_667_4_reload|        scalar|
|localA_668_4_reload          |   in|    8|     ap_none|           localA_668_4_reload|        scalar|
|localA_669_4_reload          |   in|    8|     ap_none|           localA_669_4_reload|        scalar|
|localA_670_4_reload          |   in|    8|     ap_none|           localA_670_4_reload|        scalar|
|localA_671_4_reload          |   in|    8|     ap_none|           localA_671_4_reload|        scalar|
|localA_672_4_reload          |   in|    8|     ap_none|           localA_672_4_reload|        scalar|
|localA_673_4_reload          |   in|    8|     ap_none|           localA_673_4_reload|        scalar|
|localA_674_4_reload          |   in|    8|     ap_none|           localA_674_4_reload|        scalar|
|localA_675_4_reload          |   in|    8|     ap_none|           localA_675_4_reload|        scalar|
|localA_676_4_reload          |   in|    8|     ap_none|           localA_676_4_reload|        scalar|
|localA_677_4_reload          |   in|    8|     ap_none|           localA_677_4_reload|        scalar|
|localA_678_4_reload          |   in|    8|     ap_none|           localA_678_4_reload|        scalar|
|localA_679_4_reload          |   in|    8|     ap_none|           localA_679_4_reload|        scalar|
|localA_680_4_reload          |   in|    8|     ap_none|           localA_680_4_reload|        scalar|
|localA_681_4_reload          |   in|    8|     ap_none|           localA_681_4_reload|        scalar|
|localA_682_4_reload          |   in|    8|     ap_none|           localA_682_4_reload|        scalar|
|localA_683_4_reload          |   in|    8|     ap_none|           localA_683_4_reload|        scalar|
|localA_684_4_reload          |   in|    8|     ap_none|           localA_684_4_reload|        scalar|
|localA_685_4_reload          |   in|    8|     ap_none|           localA_685_4_reload|        scalar|
|localA_686_4_reload          |   in|    8|     ap_none|           localA_686_4_reload|        scalar|
|localA_687_4_reload          |   in|    8|     ap_none|           localA_687_4_reload|        scalar|
|localA_688_4_reload          |   in|    8|     ap_none|           localA_688_4_reload|        scalar|
|localA_689_4_reload          |   in|    8|     ap_none|           localA_689_4_reload|        scalar|
|localA_690_4_reload          |   in|    8|     ap_none|           localA_690_4_reload|        scalar|
|localA_691_4_reload          |   in|    8|     ap_none|           localA_691_4_reload|        scalar|
|localA_692_4_reload          |   in|    8|     ap_none|           localA_692_4_reload|        scalar|
|localA_693_4_reload          |   in|    8|     ap_none|           localA_693_4_reload|        scalar|
|localA_694_4_reload          |   in|    8|     ap_none|           localA_694_4_reload|        scalar|
|localA_695_4_reload          |   in|    8|     ap_none|           localA_695_4_reload|        scalar|
|localA_696_4_reload          |   in|    8|     ap_none|           localA_696_4_reload|        scalar|
|localA_697_4_reload          |   in|    8|     ap_none|           localA_697_4_reload|        scalar|
|localA_698_4_reload          |   in|    8|     ap_none|           localA_698_4_reload|        scalar|
|localA_699_4_reload          |   in|    8|     ap_none|           localA_699_4_reload|        scalar|
|localA_700_4_reload          |   in|    8|     ap_none|           localA_700_4_reload|        scalar|
|localA_701_4_reload          |   in|    8|     ap_none|           localA_701_4_reload|        scalar|
|localA_702_4_reload          |   in|    8|     ap_none|           localA_702_4_reload|        scalar|
|localA_703_4_reload          |   in|    8|     ap_none|           localA_703_4_reload|        scalar|
|localA_704_4_reload          |   in|    8|     ap_none|           localA_704_4_reload|        scalar|
|localA_705_4_reload          |   in|    8|     ap_none|           localA_705_4_reload|        scalar|
|localA_706_4_reload          |   in|    8|     ap_none|           localA_706_4_reload|        scalar|
|localA_707_4_reload          |   in|    8|     ap_none|           localA_707_4_reload|        scalar|
|localA_708_4_reload          |   in|    8|     ap_none|           localA_708_4_reload|        scalar|
|localA_709_4_reload          |   in|    8|     ap_none|           localA_709_4_reload|        scalar|
|localA_710_4_reload          |   in|    8|     ap_none|           localA_710_4_reload|        scalar|
|localA_711_4_reload          |   in|    8|     ap_none|           localA_711_4_reload|        scalar|
|localA_712_4_reload          |   in|    8|     ap_none|           localA_712_4_reload|        scalar|
|localA_713_4_reload          |   in|    8|     ap_none|           localA_713_4_reload|        scalar|
|localA_714_4_reload          |   in|    8|     ap_none|           localA_714_4_reload|        scalar|
|localA_715_4_reload          |   in|    8|     ap_none|           localA_715_4_reload|        scalar|
|localA_716_4_reload          |   in|    8|     ap_none|           localA_716_4_reload|        scalar|
|localA_717_4_reload          |   in|    8|     ap_none|           localA_717_4_reload|        scalar|
|localA_718_4_reload          |   in|    8|     ap_none|           localA_718_4_reload|        scalar|
|localA_719_4_reload          |   in|    8|     ap_none|           localA_719_4_reload|        scalar|
|localA_720_4_reload          |   in|    8|     ap_none|           localA_720_4_reload|        scalar|
|localA_721_4_reload          |   in|    8|     ap_none|           localA_721_4_reload|        scalar|
|localA_722_4_reload          |   in|    8|     ap_none|           localA_722_4_reload|        scalar|
|localA_723_4_reload          |   in|    8|     ap_none|           localA_723_4_reload|        scalar|
|localA_724_4_reload          |   in|    8|     ap_none|           localA_724_4_reload|        scalar|
|localA_725_4_reload          |   in|    8|     ap_none|           localA_725_4_reload|        scalar|
|localA_726_4_reload          |   in|    8|     ap_none|           localA_726_4_reload|        scalar|
|localA_727_4_reload          |   in|    8|     ap_none|           localA_727_4_reload|        scalar|
|localA_728_4_reload          |   in|    8|     ap_none|           localA_728_4_reload|        scalar|
|localA_729_4_reload          |   in|    8|     ap_none|           localA_729_4_reload|        scalar|
|localA_730_4_reload          |   in|    8|     ap_none|           localA_730_4_reload|        scalar|
|localA_731_4_reload          |   in|    8|     ap_none|           localA_731_4_reload|        scalar|
|localA_732_4_reload          |   in|    8|     ap_none|           localA_732_4_reload|        scalar|
|localA_733_4_reload          |   in|    8|     ap_none|           localA_733_4_reload|        scalar|
|localA_734_4_reload          |   in|    8|     ap_none|           localA_734_4_reload|        scalar|
|localA_735_4_reload          |   in|    8|     ap_none|           localA_735_4_reload|        scalar|
|localA_736_4_reload          |   in|    8|     ap_none|           localA_736_4_reload|        scalar|
|localA_737_4_reload          |   in|    8|     ap_none|           localA_737_4_reload|        scalar|
|localA_738_4_reload          |   in|    8|     ap_none|           localA_738_4_reload|        scalar|
|localA_739_4_reload          |   in|    8|     ap_none|           localA_739_4_reload|        scalar|
|localA_740_4_reload          |   in|    8|     ap_none|           localA_740_4_reload|        scalar|
|localA_741_4_reload          |   in|    8|     ap_none|           localA_741_4_reload|        scalar|
|localA_742_4_reload          |   in|    8|     ap_none|           localA_742_4_reload|        scalar|
|localA_743_4_reload          |   in|    8|     ap_none|           localA_743_4_reload|        scalar|
|localA_744_4_reload          |   in|    8|     ap_none|           localA_744_4_reload|        scalar|
|localA_745_4_reload          |   in|    8|     ap_none|           localA_745_4_reload|        scalar|
|localA_746_4_reload          |   in|    8|     ap_none|           localA_746_4_reload|        scalar|
|localA_747_4_reload          |   in|    8|     ap_none|           localA_747_4_reload|        scalar|
|localA_748_4_reload          |   in|    8|     ap_none|           localA_748_4_reload|        scalar|
|localA_749_4_reload          |   in|    8|     ap_none|           localA_749_4_reload|        scalar|
|localA_750_4_reload          |   in|    8|     ap_none|           localA_750_4_reload|        scalar|
|localA_751_4_reload          |   in|    8|     ap_none|           localA_751_4_reload|        scalar|
|localA_752_4_reload          |   in|    8|     ap_none|           localA_752_4_reload|        scalar|
|localA_753_4_reload          |   in|    8|     ap_none|           localA_753_4_reload|        scalar|
|localA_754_4_reload          |   in|    8|     ap_none|           localA_754_4_reload|        scalar|
|localA_755_4_reload          |   in|    8|     ap_none|           localA_755_4_reload|        scalar|
|localA_756_4_reload          |   in|    8|     ap_none|           localA_756_4_reload|        scalar|
|localA_757_4_reload          |   in|    8|     ap_none|           localA_757_4_reload|        scalar|
|localA_758_4_reload          |   in|    8|     ap_none|           localA_758_4_reload|        scalar|
|localA_759_4_reload          |   in|    8|     ap_none|           localA_759_4_reload|        scalar|
|localA_760_4_reload          |   in|    8|     ap_none|           localA_760_4_reload|        scalar|
|localA_761_4_reload          |   in|    8|     ap_none|           localA_761_4_reload|        scalar|
|localA_762_4_reload          |   in|    8|     ap_none|           localA_762_4_reload|        scalar|
|localA_763_4_reload          |   in|    8|     ap_none|           localA_763_4_reload|        scalar|
|localA_764_4_reload          |   in|    8|     ap_none|           localA_764_4_reload|        scalar|
|localA_765_4_reload          |   in|    8|     ap_none|           localA_765_4_reload|        scalar|
|localA_766_4_reload          |   in|    8|     ap_none|           localA_766_4_reload|        scalar|
|localA_767_4_reload          |   in|    8|     ap_none|           localA_767_4_reload|        scalar|
|localA_768_4_reload          |   in|    8|     ap_none|           localA_768_4_reload|        scalar|
|localA_769_4_reload          |   in|    8|     ap_none|           localA_769_4_reload|        scalar|
|localA_770_4_reload          |   in|    8|     ap_none|           localA_770_4_reload|        scalar|
|localA_771_4_reload          |   in|    8|     ap_none|           localA_771_4_reload|        scalar|
|localA_772_4_reload          |   in|    8|     ap_none|           localA_772_4_reload|        scalar|
|localA_773_4_reload          |   in|    8|     ap_none|           localA_773_4_reload|        scalar|
|localA_774_4_reload          |   in|    8|     ap_none|           localA_774_4_reload|        scalar|
|localA_775_4_reload          |   in|    8|     ap_none|           localA_775_4_reload|        scalar|
|localA_776_4_reload          |   in|    8|     ap_none|           localA_776_4_reload|        scalar|
|localA_777_4_reload          |   in|    8|     ap_none|           localA_777_4_reload|        scalar|
|localA_778_4_reload          |   in|    8|     ap_none|           localA_778_4_reload|        scalar|
|localA_779_4_reload          |   in|    8|     ap_none|           localA_779_4_reload|        scalar|
|localA_780_4_reload          |   in|    8|     ap_none|           localA_780_4_reload|        scalar|
|localA_781_4_reload          |   in|    8|     ap_none|           localA_781_4_reload|        scalar|
|localA_782_4_reload          |   in|    8|     ap_none|           localA_782_4_reload|        scalar|
|localA_783_4_reload          |   in|    8|     ap_none|           localA_783_4_reload|        scalar|
|localA_784_4_reload          |   in|    8|     ap_none|           localA_784_4_reload|        scalar|
|localA_785_4_reload          |   in|    8|     ap_none|           localA_785_4_reload|        scalar|
|localA_786_4_reload          |   in|    8|     ap_none|           localA_786_4_reload|        scalar|
|localA_787_4_reload          |   in|    8|     ap_none|           localA_787_4_reload|        scalar|
|localA_788_4_reload          |   in|    8|     ap_none|           localA_788_4_reload|        scalar|
|localA_789_4_reload          |   in|    8|     ap_none|           localA_789_4_reload|        scalar|
|localA_790_4_reload          |   in|    8|     ap_none|           localA_790_4_reload|        scalar|
|localA_791_4_reload          |   in|    8|     ap_none|           localA_791_4_reload|        scalar|
|localA_792_4_reload          |   in|    8|     ap_none|           localA_792_4_reload|        scalar|
|localA_793_4_reload          |   in|    8|     ap_none|           localA_793_4_reload|        scalar|
|localA_794_4_reload          |   in|    8|     ap_none|           localA_794_4_reload|        scalar|
|localA_795_4_reload          |   in|    8|     ap_none|           localA_795_4_reload|        scalar|
|localA_796_4_reload          |   in|    8|     ap_none|           localA_796_4_reload|        scalar|
|localA_797_4_reload          |   in|    8|     ap_none|           localA_797_4_reload|        scalar|
|localA_798_4_reload          |   in|    8|     ap_none|           localA_798_4_reload|        scalar|
|localA_799_4_reload          |   in|    8|     ap_none|           localA_799_4_reload|        scalar|
|localA_800_4_reload          |   in|    8|     ap_none|           localA_800_4_reload|        scalar|
|localA_801_4_reload          |   in|    8|     ap_none|           localA_801_4_reload|        scalar|
|localA_802_4_reload          |   in|    8|     ap_none|           localA_802_4_reload|        scalar|
|localA_803_4_reload          |   in|    8|     ap_none|           localA_803_4_reload|        scalar|
|localA_804_4_reload          |   in|    8|     ap_none|           localA_804_4_reload|        scalar|
|localA_805_4_reload          |   in|    8|     ap_none|           localA_805_4_reload|        scalar|
|localA_806_4_reload          |   in|    8|     ap_none|           localA_806_4_reload|        scalar|
|localA_807_4_reload          |   in|    8|     ap_none|           localA_807_4_reload|        scalar|
|localA_808_4_reload          |   in|    8|     ap_none|           localA_808_4_reload|        scalar|
|localA_809_4_reload          |   in|    8|     ap_none|           localA_809_4_reload|        scalar|
|localA_810_4_reload          |   in|    8|     ap_none|           localA_810_4_reload|        scalar|
|localA_811_4_reload          |   in|    8|     ap_none|           localA_811_4_reload|        scalar|
|localA_812_4_reload          |   in|    8|     ap_none|           localA_812_4_reload|        scalar|
|localA_813_4_reload          |   in|    8|     ap_none|           localA_813_4_reload|        scalar|
|localA_814_4_reload          |   in|    8|     ap_none|           localA_814_4_reload|        scalar|
|localA_815_4_reload          |   in|    8|     ap_none|           localA_815_4_reload|        scalar|
|localA_816_4_reload          |   in|    8|     ap_none|           localA_816_4_reload|        scalar|
|localA_817_4_reload          |   in|    8|     ap_none|           localA_817_4_reload|        scalar|
|localA_818_4_reload          |   in|    8|     ap_none|           localA_818_4_reload|        scalar|
|localA_819_4_reload          |   in|    8|     ap_none|           localA_819_4_reload|        scalar|
|localA_820_4_reload          |   in|    8|     ap_none|           localA_820_4_reload|        scalar|
|localA_821_4_reload          |   in|    8|     ap_none|           localA_821_4_reload|        scalar|
|localA_822_4_reload          |   in|    8|     ap_none|           localA_822_4_reload|        scalar|
|localA_823_4_reload          |   in|    8|     ap_none|           localA_823_4_reload|        scalar|
|localA_824_4_reload          |   in|    8|     ap_none|           localA_824_4_reload|        scalar|
|localA_825_4_reload          |   in|    8|     ap_none|           localA_825_4_reload|        scalar|
|localA_826_4_reload          |   in|    8|     ap_none|           localA_826_4_reload|        scalar|
|localA_827_4_reload          |   in|    8|     ap_none|           localA_827_4_reload|        scalar|
|localA_828_4_reload          |   in|    8|     ap_none|           localA_828_4_reload|        scalar|
|localA_829_4_reload          |   in|    8|     ap_none|           localA_829_4_reload|        scalar|
|localA_830_4_reload          |   in|    8|     ap_none|           localA_830_4_reload|        scalar|
|localA_831_4_reload          |   in|    8|     ap_none|           localA_831_4_reload|        scalar|
|localA_832_4_reload          |   in|    8|     ap_none|           localA_832_4_reload|        scalar|
|localA_833_4_reload          |   in|    8|     ap_none|           localA_833_4_reload|        scalar|
|localA_834_4_reload          |   in|    8|     ap_none|           localA_834_4_reload|        scalar|
|localA_835_4_reload          |   in|    8|     ap_none|           localA_835_4_reload|        scalar|
|localA_836_4_reload          |   in|    8|     ap_none|           localA_836_4_reload|        scalar|
|localA_837_4_reload          |   in|    8|     ap_none|           localA_837_4_reload|        scalar|
|localA_838_4_reload          |   in|    8|     ap_none|           localA_838_4_reload|        scalar|
|localA_839_4_reload          |   in|    8|     ap_none|           localA_839_4_reload|        scalar|
|localA_840_4_reload          |   in|    8|     ap_none|           localA_840_4_reload|        scalar|
|localA_841_4_reload          |   in|    8|     ap_none|           localA_841_4_reload|        scalar|
|localA_842_4_reload          |   in|    8|     ap_none|           localA_842_4_reload|        scalar|
|localA_843_4_reload          |   in|    8|     ap_none|           localA_843_4_reload|        scalar|
|localA_844_4_reload          |   in|    8|     ap_none|           localA_844_4_reload|        scalar|
|localA_845_4_reload          |   in|    8|     ap_none|           localA_845_4_reload|        scalar|
|localA_846_4_reload          |   in|    8|     ap_none|           localA_846_4_reload|        scalar|
|localA_847_4_reload          |   in|    8|     ap_none|           localA_847_4_reload|        scalar|
|localA_848_4_reload          |   in|    8|     ap_none|           localA_848_4_reload|        scalar|
|localA_849_4_reload          |   in|    8|     ap_none|           localA_849_4_reload|        scalar|
|localA_850_4_reload          |   in|    8|     ap_none|           localA_850_4_reload|        scalar|
|localA_851_4_reload          |   in|    8|     ap_none|           localA_851_4_reload|        scalar|
|localA_852_4_reload          |   in|    8|     ap_none|           localA_852_4_reload|        scalar|
|localA_853_4_reload          |   in|    8|     ap_none|           localA_853_4_reload|        scalar|
|localA_854_4_reload          |   in|    8|     ap_none|           localA_854_4_reload|        scalar|
|localA_855_4_reload          |   in|    8|     ap_none|           localA_855_4_reload|        scalar|
|localA_856_4_reload          |   in|    8|     ap_none|           localA_856_4_reload|        scalar|
|localA_857_4_reload          |   in|    8|     ap_none|           localA_857_4_reload|        scalar|
|localA_858_4_reload          |   in|    8|     ap_none|           localA_858_4_reload|        scalar|
|localA_859_4_reload          |   in|    8|     ap_none|           localA_859_4_reload|        scalar|
|localA_860_4_reload          |   in|    8|     ap_none|           localA_860_4_reload|        scalar|
|localA_861_4_reload          |   in|    8|     ap_none|           localA_861_4_reload|        scalar|
|localA_862_4_reload          |   in|    8|     ap_none|           localA_862_4_reload|        scalar|
|localA_863_4_reload          |   in|    8|     ap_none|           localA_863_4_reload|        scalar|
|localA_864_4_reload          |   in|    8|     ap_none|           localA_864_4_reload|        scalar|
|localA_865_4_reload          |   in|    8|     ap_none|           localA_865_4_reload|        scalar|
|localA_866_4_reload          |   in|    8|     ap_none|           localA_866_4_reload|        scalar|
|localA_867_4_reload          |   in|    8|     ap_none|           localA_867_4_reload|        scalar|
|localA_868_4_reload          |   in|    8|     ap_none|           localA_868_4_reload|        scalar|
|localA_869_4_reload          |   in|    8|     ap_none|           localA_869_4_reload|        scalar|
|localA_870_4_reload          |   in|    8|     ap_none|           localA_870_4_reload|        scalar|
|localA_871_4_reload          |   in|    8|     ap_none|           localA_871_4_reload|        scalar|
|localA_872_4_reload          |   in|    8|     ap_none|           localA_872_4_reload|        scalar|
|localA_873_4_reload          |   in|    8|     ap_none|           localA_873_4_reload|        scalar|
|localA_874_4_reload          |   in|    8|     ap_none|           localA_874_4_reload|        scalar|
|localA_875_4_reload          |   in|    8|     ap_none|           localA_875_4_reload|        scalar|
|localA_876_4_reload          |   in|    8|     ap_none|           localA_876_4_reload|        scalar|
|localA_877_4_reload          |   in|    8|     ap_none|           localA_877_4_reload|        scalar|
|localA_878_4_reload          |   in|    8|     ap_none|           localA_878_4_reload|        scalar|
|localA_879_4_reload          |   in|    8|     ap_none|           localA_879_4_reload|        scalar|
|localA_880_4_reload          |   in|    8|     ap_none|           localA_880_4_reload|        scalar|
|localA_881_4_reload          |   in|    8|     ap_none|           localA_881_4_reload|        scalar|
|localA_882_4_reload          |   in|    8|     ap_none|           localA_882_4_reload|        scalar|
|localA_883_4_reload          |   in|    8|     ap_none|           localA_883_4_reload|        scalar|
|localA_884_4_reload          |   in|    8|     ap_none|           localA_884_4_reload|        scalar|
|localA_885_4_reload          |   in|    8|     ap_none|           localA_885_4_reload|        scalar|
|localA_886_4_reload          |   in|    8|     ap_none|           localA_886_4_reload|        scalar|
|localA_887_4_reload          |   in|    8|     ap_none|           localA_887_4_reload|        scalar|
|localA_888_4_reload          |   in|    8|     ap_none|           localA_888_4_reload|        scalar|
|localA_889_4_reload          |   in|    8|     ap_none|           localA_889_4_reload|        scalar|
|localA_890_4_reload          |   in|    8|     ap_none|           localA_890_4_reload|        scalar|
|localA_891_4_reload          |   in|    8|     ap_none|           localA_891_4_reload|        scalar|
|localA_892_4_reload          |   in|    8|     ap_none|           localA_892_4_reload|        scalar|
|localA_893_4_reload          |   in|    8|     ap_none|           localA_893_4_reload|        scalar|
|localA_894_4_reload          |   in|    8|     ap_none|           localA_894_4_reload|        scalar|
|localA_895_4_reload          |   in|    8|     ap_none|           localA_895_4_reload|        scalar|
|localA_896_4_reload          |   in|    8|     ap_none|           localA_896_4_reload|        scalar|
|localA_897_4_reload          |   in|    8|     ap_none|           localA_897_4_reload|        scalar|
|localA_898_4_reload          |   in|    8|     ap_none|           localA_898_4_reload|        scalar|
|localA_899_4_reload          |   in|    8|     ap_none|           localA_899_4_reload|        scalar|
|localA_900_4_reload          |   in|    8|     ap_none|           localA_900_4_reload|        scalar|
|localA_901_4_reload          |   in|    8|     ap_none|           localA_901_4_reload|        scalar|
|localA_902_4_reload          |   in|    8|     ap_none|           localA_902_4_reload|        scalar|
|localA_903_4_reload          |   in|    8|     ap_none|           localA_903_4_reload|        scalar|
|localA_904_4_reload          |   in|    8|     ap_none|           localA_904_4_reload|        scalar|
|localA_905_4_reload          |   in|    8|     ap_none|           localA_905_4_reload|        scalar|
|localA_906_4_reload          |   in|    8|     ap_none|           localA_906_4_reload|        scalar|
|localA_907_4_reload          |   in|    8|     ap_none|           localA_907_4_reload|        scalar|
|localA_908_4_reload          |   in|    8|     ap_none|           localA_908_4_reload|        scalar|
|localA_909_4_reload          |   in|    8|     ap_none|           localA_909_4_reload|        scalar|
|localA_910_4_reload          |   in|    8|     ap_none|           localA_910_4_reload|        scalar|
|localA_911_4_reload          |   in|    8|     ap_none|           localA_911_4_reload|        scalar|
|localA_912_4_reload          |   in|    8|     ap_none|           localA_912_4_reload|        scalar|
|localA_913_4_reload          |   in|    8|     ap_none|           localA_913_4_reload|        scalar|
|localA_914_4_reload          |   in|    8|     ap_none|           localA_914_4_reload|        scalar|
|localA_915_4_reload          |   in|    8|     ap_none|           localA_915_4_reload|        scalar|
|localA_916_4_reload          |   in|    8|     ap_none|           localA_916_4_reload|        scalar|
|localA_917_4_reload          |   in|    8|     ap_none|           localA_917_4_reload|        scalar|
|localA_918_4_reload          |   in|    8|     ap_none|           localA_918_4_reload|        scalar|
|localA_919_4_reload          |   in|    8|     ap_none|           localA_919_4_reload|        scalar|
|localA_920_4_reload          |   in|    8|     ap_none|           localA_920_4_reload|        scalar|
|localA_921_4_reload          |   in|    8|     ap_none|           localA_921_4_reload|        scalar|
|localA_922_4_reload          |   in|    8|     ap_none|           localA_922_4_reload|        scalar|
|localA_923_4_reload          |   in|    8|     ap_none|           localA_923_4_reload|        scalar|
|localA_924_4_reload          |   in|    8|     ap_none|           localA_924_4_reload|        scalar|
|localA_925_4_reload          |   in|    8|     ap_none|           localA_925_4_reload|        scalar|
|localA_926_4_reload          |   in|    8|     ap_none|           localA_926_4_reload|        scalar|
|localA_927_4_reload          |   in|    8|     ap_none|           localA_927_4_reload|        scalar|
|localA_928_4_reload          |   in|    8|     ap_none|           localA_928_4_reload|        scalar|
|localA_929_4_reload          |   in|    8|     ap_none|           localA_929_4_reload|        scalar|
|localA_930_4_reload          |   in|    8|     ap_none|           localA_930_4_reload|        scalar|
|localA_931_4_reload          |   in|    8|     ap_none|           localA_931_4_reload|        scalar|
|localA_932_4_reload          |   in|    8|     ap_none|           localA_932_4_reload|        scalar|
|localA_933_4_reload          |   in|    8|     ap_none|           localA_933_4_reload|        scalar|
|localA_934_4_reload          |   in|    8|     ap_none|           localA_934_4_reload|        scalar|
|localA_935_4_reload          |   in|    8|     ap_none|           localA_935_4_reload|        scalar|
|localA_936_4_reload          |   in|    8|     ap_none|           localA_936_4_reload|        scalar|
|localA_937_4_reload          |   in|    8|     ap_none|           localA_937_4_reload|        scalar|
|localA_938_4_reload          |   in|    8|     ap_none|           localA_938_4_reload|        scalar|
|localA_939_4_reload          |   in|    8|     ap_none|           localA_939_4_reload|        scalar|
|localA_940_4_reload          |   in|    8|     ap_none|           localA_940_4_reload|        scalar|
|localA_941_4_reload          |   in|    8|     ap_none|           localA_941_4_reload|        scalar|
|localA_942_4_reload          |   in|    8|     ap_none|           localA_942_4_reload|        scalar|
|localA_943_4_reload          |   in|    8|     ap_none|           localA_943_4_reload|        scalar|
|localA_944_4_reload          |   in|    8|     ap_none|           localA_944_4_reload|        scalar|
|localA_945_4_reload          |   in|    8|     ap_none|           localA_945_4_reload|        scalar|
|localA_946_4_reload          |   in|    8|     ap_none|           localA_946_4_reload|        scalar|
|localA_947_4_reload          |   in|    8|     ap_none|           localA_947_4_reload|        scalar|
|localA_948_4_reload          |   in|    8|     ap_none|           localA_948_4_reload|        scalar|
|localA_949_4_reload          |   in|    8|     ap_none|           localA_949_4_reload|        scalar|
|localA_950_4_reload          |   in|    8|     ap_none|           localA_950_4_reload|        scalar|
|localA_951_4_reload          |   in|    8|     ap_none|           localA_951_4_reload|        scalar|
|localA_952_4_reload          |   in|    8|     ap_none|           localA_952_4_reload|        scalar|
|localA_953_4_reload          |   in|    8|     ap_none|           localA_953_4_reload|        scalar|
|localA_954_4_reload          |   in|    8|     ap_none|           localA_954_4_reload|        scalar|
|localA_955_4_reload          |   in|    8|     ap_none|           localA_955_4_reload|        scalar|
|localA_956_4_reload          |   in|    8|     ap_none|           localA_956_4_reload|        scalar|
|localA_957_4_reload          |   in|    8|     ap_none|           localA_957_4_reload|        scalar|
|localA_958_4_reload          |   in|    8|     ap_none|           localA_958_4_reload|        scalar|
|localA_959_4_reload          |   in|    8|     ap_none|           localA_959_4_reload|        scalar|
|localA_960_4_reload          |   in|    8|     ap_none|           localA_960_4_reload|        scalar|
|localA_961_4_reload          |   in|    8|     ap_none|           localA_961_4_reload|        scalar|
|localA_962_4_reload          |   in|    8|     ap_none|           localA_962_4_reload|        scalar|
|localA_963_4_reload          |   in|    8|     ap_none|           localA_963_4_reload|        scalar|
|localA_964_4_reload          |   in|    8|     ap_none|           localA_964_4_reload|        scalar|
|localA_965_4_reload          |   in|    8|     ap_none|           localA_965_4_reload|        scalar|
|localA_966_4_reload          |   in|    8|     ap_none|           localA_966_4_reload|        scalar|
|localA_967_4_reload          |   in|    8|     ap_none|           localA_967_4_reload|        scalar|
|localA_968_4_reload          |   in|    8|     ap_none|           localA_968_4_reload|        scalar|
|localA_969_4_reload          |   in|    8|     ap_none|           localA_969_4_reload|        scalar|
|localA_970_4_reload          |   in|    8|     ap_none|           localA_970_4_reload|        scalar|
|localA_971_4_reload          |   in|    8|     ap_none|           localA_971_4_reload|        scalar|
|localA_972_4_reload          |   in|    8|     ap_none|           localA_972_4_reload|        scalar|
|localA_973_4_reload          |   in|    8|     ap_none|           localA_973_4_reload|        scalar|
|localA_974_4_reload          |   in|    8|     ap_none|           localA_974_4_reload|        scalar|
|localA_975_4_reload          |   in|    8|     ap_none|           localA_975_4_reload|        scalar|
|localA_976_4_reload          |   in|    8|     ap_none|           localA_976_4_reload|        scalar|
|localA_977_4_reload          |   in|    8|     ap_none|           localA_977_4_reload|        scalar|
|localA_978_4_reload          |   in|    8|     ap_none|           localA_978_4_reload|        scalar|
|localA_979_4_reload          |   in|    8|     ap_none|           localA_979_4_reload|        scalar|
|localA_980_4_reload          |   in|    8|     ap_none|           localA_980_4_reload|        scalar|
|localA_981_4_reload          |   in|    8|     ap_none|           localA_981_4_reload|        scalar|
|localA_982_4_reload          |   in|    8|     ap_none|           localA_982_4_reload|        scalar|
|localA_983_4_reload          |   in|    8|     ap_none|           localA_983_4_reload|        scalar|
|localA_984_4_reload          |   in|    8|     ap_none|           localA_984_4_reload|        scalar|
|localA_985_4_reload          |   in|    8|     ap_none|           localA_985_4_reload|        scalar|
|localA_986_4_reload          |   in|    8|     ap_none|           localA_986_4_reload|        scalar|
|localA_987_4_reload          |   in|    8|     ap_none|           localA_987_4_reload|        scalar|
|localA_988_4_reload          |   in|    8|     ap_none|           localA_988_4_reload|        scalar|
|localA_989_4_reload          |   in|    8|     ap_none|           localA_989_4_reload|        scalar|
|localA_990_4_reload          |   in|    8|     ap_none|           localA_990_4_reload|        scalar|
|localA_991_4_reload          |   in|    8|     ap_none|           localA_991_4_reload|        scalar|
|localA_992_4_reload          |   in|    8|     ap_none|           localA_992_4_reload|        scalar|
|localA_993_4_reload          |   in|    8|     ap_none|           localA_993_4_reload|        scalar|
|localA_994_4_reload          |   in|    8|     ap_none|           localA_994_4_reload|        scalar|
|localA_995_4_reload          |   in|    8|     ap_none|           localA_995_4_reload|        scalar|
|localA_996_4_reload          |   in|    8|     ap_none|           localA_996_4_reload|        scalar|
|localA_997_4_reload          |   in|    8|     ap_none|           localA_997_4_reload|        scalar|
|localA_998_4_reload          |   in|    8|     ap_none|           localA_998_4_reload|        scalar|
|localA_999_4_reload          |   in|    8|     ap_none|           localA_999_4_reload|        scalar|
|localA_1000_4_reload         |   in|    8|     ap_none|          localA_1000_4_reload|        scalar|
|localA_1001_4_reload         |   in|    8|     ap_none|          localA_1001_4_reload|        scalar|
|localA_1002_4_reload         |   in|    8|     ap_none|          localA_1002_4_reload|        scalar|
|localA_1003_4_reload         |   in|    8|     ap_none|          localA_1003_4_reload|        scalar|
|localA_1004_4_reload         |   in|    8|     ap_none|          localA_1004_4_reload|        scalar|
|localA_1005_4_reload         |   in|    8|     ap_none|          localA_1005_4_reload|        scalar|
|localA_1006_4_reload         |   in|    8|     ap_none|          localA_1006_4_reload|        scalar|
|localA_1007_4_reload         |   in|    8|     ap_none|          localA_1007_4_reload|        scalar|
|localA_1008_4_reload         |   in|    8|     ap_none|          localA_1008_4_reload|        scalar|
|localA_1009_4_reload         |   in|    8|     ap_none|          localA_1009_4_reload|        scalar|
|localA_1010_4_reload         |   in|    8|     ap_none|          localA_1010_4_reload|        scalar|
|localA_1011_4_reload         |   in|    8|     ap_none|          localA_1011_4_reload|        scalar|
|localA_1012_4_reload         |   in|    8|     ap_none|          localA_1012_4_reload|        scalar|
|localA_1013_4_reload         |   in|    8|     ap_none|          localA_1013_4_reload|        scalar|
|localA_1014_4_reload         |   in|    8|     ap_none|          localA_1014_4_reload|        scalar|
|localA_1015_4_reload         |   in|    8|     ap_none|          localA_1015_4_reload|        scalar|
|localA_1016_4_reload         |   in|    8|     ap_none|          localA_1016_4_reload|        scalar|
|localA_1017_4_reload         |   in|    8|     ap_none|          localA_1017_4_reload|        scalar|
|localA_1018_4_reload         |   in|    8|     ap_none|          localA_1018_4_reload|        scalar|
|localA_1019_4_reload         |   in|    8|     ap_none|          localA_1019_4_reload|        scalar|
|localA_1020_4_reload         |   in|    8|     ap_none|          localA_1020_4_reload|        scalar|
|localA_1021_4_reload         |   in|    8|     ap_none|          localA_1021_4_reload|        scalar|
|localA_1022_4_reload         |   in|    8|     ap_none|          localA_1022_4_reload|        scalar|
|localA_1023_4_reload         |   in|    8|     ap_none|          localA_1023_4_reload|        scalar|
|add171_31_311318_out         |  out|   32|      ap_vld|          add171_31_311318_out|       pointer|
|add171_31_311318_out_ap_vld  |  out|    1|      ap_vld|          add171_31_311318_out|       pointer|
|add171_31_301317_out         |  out|   32|      ap_vld|          add171_31_301317_out|       pointer|
|add171_31_301317_out_ap_vld  |  out|    1|      ap_vld|          add171_31_301317_out|       pointer|
|add171_31_291316_out         |  out|   32|      ap_vld|          add171_31_291316_out|       pointer|
|add171_31_291316_out_ap_vld  |  out|    1|      ap_vld|          add171_31_291316_out|       pointer|
|add171_31_281315_out         |  out|   32|      ap_vld|          add171_31_281315_out|       pointer|
|add171_31_281315_out_ap_vld  |  out|    1|      ap_vld|          add171_31_281315_out|       pointer|
|add171_31_271314_out         |  out|   32|      ap_vld|          add171_31_271314_out|       pointer|
|add171_31_271314_out_ap_vld  |  out|    1|      ap_vld|          add171_31_271314_out|       pointer|
|add171_31_261313_out         |  out|   32|      ap_vld|          add171_31_261313_out|       pointer|
|add171_31_261313_out_ap_vld  |  out|    1|      ap_vld|          add171_31_261313_out|       pointer|
|add171_31_251312_out         |  out|   32|      ap_vld|          add171_31_251312_out|       pointer|
|add171_31_251312_out_ap_vld  |  out|    1|      ap_vld|          add171_31_251312_out|       pointer|
|add171_31_241311_out         |  out|   32|      ap_vld|          add171_31_241311_out|       pointer|
|add171_31_241311_out_ap_vld  |  out|    1|      ap_vld|          add171_31_241311_out|       pointer|
|add171_31_231310_out         |  out|   32|      ap_vld|          add171_31_231310_out|       pointer|
|add171_31_231310_out_ap_vld  |  out|    1|      ap_vld|          add171_31_231310_out|       pointer|
|add171_31_221309_out         |  out|   32|      ap_vld|          add171_31_221309_out|       pointer|
|add171_31_221309_out_ap_vld  |  out|    1|      ap_vld|          add171_31_221309_out|       pointer|
|add171_31_211308_out         |  out|   32|      ap_vld|          add171_31_211308_out|       pointer|
|add171_31_211308_out_ap_vld  |  out|    1|      ap_vld|          add171_31_211308_out|       pointer|
|add171_31_201307_out         |  out|   32|      ap_vld|          add171_31_201307_out|       pointer|
|add171_31_201307_out_ap_vld  |  out|    1|      ap_vld|          add171_31_201307_out|       pointer|
|add171_31_191306_out         |  out|   32|      ap_vld|          add171_31_191306_out|       pointer|
|add171_31_191306_out_ap_vld  |  out|    1|      ap_vld|          add171_31_191306_out|       pointer|
|add171_31_181305_out         |  out|   32|      ap_vld|          add171_31_181305_out|       pointer|
|add171_31_181305_out_ap_vld  |  out|    1|      ap_vld|          add171_31_181305_out|       pointer|
|add171_31_171304_out         |  out|   32|      ap_vld|          add171_31_171304_out|       pointer|
|add171_31_171304_out_ap_vld  |  out|    1|      ap_vld|          add171_31_171304_out|       pointer|
|add171_31_161303_out         |  out|   32|      ap_vld|          add171_31_161303_out|       pointer|
|add171_31_161303_out_ap_vld  |  out|    1|      ap_vld|          add171_31_161303_out|       pointer|
|add171_31_151302_out         |  out|   32|      ap_vld|          add171_31_151302_out|       pointer|
|add171_31_151302_out_ap_vld  |  out|    1|      ap_vld|          add171_31_151302_out|       pointer|
|add171_31_141301_out         |  out|   32|      ap_vld|          add171_31_141301_out|       pointer|
|add171_31_141301_out_ap_vld  |  out|    1|      ap_vld|          add171_31_141301_out|       pointer|
|add171_31_131300_out         |  out|   32|      ap_vld|          add171_31_131300_out|       pointer|
|add171_31_131300_out_ap_vld  |  out|    1|      ap_vld|          add171_31_131300_out|       pointer|
|add171_31_121299_out         |  out|   32|      ap_vld|          add171_31_121299_out|       pointer|
|add171_31_121299_out_ap_vld  |  out|    1|      ap_vld|          add171_31_121299_out|       pointer|
|add171_31_111298_out         |  out|   32|      ap_vld|          add171_31_111298_out|       pointer|
|add171_31_111298_out_ap_vld  |  out|    1|      ap_vld|          add171_31_111298_out|       pointer|
|add171_31_101297_out         |  out|   32|      ap_vld|          add171_31_101297_out|       pointer|
|add171_31_101297_out_ap_vld  |  out|    1|      ap_vld|          add171_31_101297_out|       pointer|
|add171_31_91296_out          |  out|   32|      ap_vld|           add171_31_91296_out|       pointer|
|add171_31_91296_out_ap_vld   |  out|    1|      ap_vld|           add171_31_91296_out|       pointer|
|add171_31_81295_out          |  out|   32|      ap_vld|           add171_31_81295_out|       pointer|
|add171_31_81295_out_ap_vld   |  out|    1|      ap_vld|           add171_31_81295_out|       pointer|
|add171_31_71294_out          |  out|   32|      ap_vld|           add171_31_71294_out|       pointer|
|add171_31_71294_out_ap_vld   |  out|    1|      ap_vld|           add171_31_71294_out|       pointer|
|add171_31_61293_out          |  out|   32|      ap_vld|           add171_31_61293_out|       pointer|
|add171_31_61293_out_ap_vld   |  out|    1|      ap_vld|           add171_31_61293_out|       pointer|
|add171_31_51292_out          |  out|   32|      ap_vld|           add171_31_51292_out|       pointer|
|add171_31_51292_out_ap_vld   |  out|    1|      ap_vld|           add171_31_51292_out|       pointer|
|add171_31_41291_out          |  out|   32|      ap_vld|           add171_31_41291_out|       pointer|
|add171_31_41291_out_ap_vld   |  out|    1|      ap_vld|           add171_31_41291_out|       pointer|
|add171_31_31290_out          |  out|   32|      ap_vld|           add171_31_31290_out|       pointer|
|add171_31_31290_out_ap_vld   |  out|    1|      ap_vld|           add171_31_31290_out|       pointer|
|add171_31_21289_out          |  out|   32|      ap_vld|           add171_31_21289_out|       pointer|
|add171_31_21289_out_ap_vld   |  out|    1|      ap_vld|           add171_31_21289_out|       pointer|
|add171_31_11288_out          |  out|   32|      ap_vld|           add171_31_11288_out|       pointer|
|add171_31_11288_out_ap_vld   |  out|    1|      ap_vld|           add171_31_11288_out|       pointer|
|add171_311287_out            |  out|   32|      ap_vld|             add171_311287_out|       pointer|
|add171_311287_out_ap_vld     |  out|    1|      ap_vld|             add171_311287_out|       pointer|
|add171_30_311286_out         |  out|   32|      ap_vld|          add171_30_311286_out|       pointer|
|add171_30_311286_out_ap_vld  |  out|    1|      ap_vld|          add171_30_311286_out|       pointer|
|add171_30_301285_out         |  out|   32|      ap_vld|          add171_30_301285_out|       pointer|
|add171_30_301285_out_ap_vld  |  out|    1|      ap_vld|          add171_30_301285_out|       pointer|
|add171_30_291284_out         |  out|   32|      ap_vld|          add171_30_291284_out|       pointer|
|add171_30_291284_out_ap_vld  |  out|    1|      ap_vld|          add171_30_291284_out|       pointer|
|add171_30_281283_out         |  out|   32|      ap_vld|          add171_30_281283_out|       pointer|
|add171_30_281283_out_ap_vld  |  out|    1|      ap_vld|          add171_30_281283_out|       pointer|
|add171_30_271282_out         |  out|   32|      ap_vld|          add171_30_271282_out|       pointer|
|add171_30_271282_out_ap_vld  |  out|    1|      ap_vld|          add171_30_271282_out|       pointer|
|add171_30_261281_out         |  out|   32|      ap_vld|          add171_30_261281_out|       pointer|
|add171_30_261281_out_ap_vld  |  out|    1|      ap_vld|          add171_30_261281_out|       pointer|
|add171_30_251280_out         |  out|   32|      ap_vld|          add171_30_251280_out|       pointer|
|add171_30_251280_out_ap_vld  |  out|    1|      ap_vld|          add171_30_251280_out|       pointer|
|add171_30_241279_out         |  out|   32|      ap_vld|          add171_30_241279_out|       pointer|
|add171_30_241279_out_ap_vld  |  out|    1|      ap_vld|          add171_30_241279_out|       pointer|
|add171_30_231278_out         |  out|   32|      ap_vld|          add171_30_231278_out|       pointer|
|add171_30_231278_out_ap_vld  |  out|    1|      ap_vld|          add171_30_231278_out|       pointer|
|add171_30_221277_out         |  out|   32|      ap_vld|          add171_30_221277_out|       pointer|
|add171_30_221277_out_ap_vld  |  out|    1|      ap_vld|          add171_30_221277_out|       pointer|
|add171_30_211276_out         |  out|   32|      ap_vld|          add171_30_211276_out|       pointer|
|add171_30_211276_out_ap_vld  |  out|    1|      ap_vld|          add171_30_211276_out|       pointer|
|add171_30_201275_out         |  out|   32|      ap_vld|          add171_30_201275_out|       pointer|
|add171_30_201275_out_ap_vld  |  out|    1|      ap_vld|          add171_30_201275_out|       pointer|
|add171_30_191274_out         |  out|   32|      ap_vld|          add171_30_191274_out|       pointer|
|add171_30_191274_out_ap_vld  |  out|    1|      ap_vld|          add171_30_191274_out|       pointer|
|add171_30_181273_out         |  out|   32|      ap_vld|          add171_30_181273_out|       pointer|
|add171_30_181273_out_ap_vld  |  out|    1|      ap_vld|          add171_30_181273_out|       pointer|
|add171_30_171272_out         |  out|   32|      ap_vld|          add171_30_171272_out|       pointer|
|add171_30_171272_out_ap_vld  |  out|    1|      ap_vld|          add171_30_171272_out|       pointer|
|add171_30_161271_out         |  out|   32|      ap_vld|          add171_30_161271_out|       pointer|
|add171_30_161271_out_ap_vld  |  out|    1|      ap_vld|          add171_30_161271_out|       pointer|
|add171_30_151270_out         |  out|   32|      ap_vld|          add171_30_151270_out|       pointer|
|add171_30_151270_out_ap_vld  |  out|    1|      ap_vld|          add171_30_151270_out|       pointer|
|add171_30_141269_out         |  out|   32|      ap_vld|          add171_30_141269_out|       pointer|
|add171_30_141269_out_ap_vld  |  out|    1|      ap_vld|          add171_30_141269_out|       pointer|
|add171_30_131268_out         |  out|   32|      ap_vld|          add171_30_131268_out|       pointer|
|add171_30_131268_out_ap_vld  |  out|    1|      ap_vld|          add171_30_131268_out|       pointer|
|add171_30_121267_out         |  out|   32|      ap_vld|          add171_30_121267_out|       pointer|
|add171_30_121267_out_ap_vld  |  out|    1|      ap_vld|          add171_30_121267_out|       pointer|
|add171_30_111266_out         |  out|   32|      ap_vld|          add171_30_111266_out|       pointer|
|add171_30_111266_out_ap_vld  |  out|    1|      ap_vld|          add171_30_111266_out|       pointer|
|add171_30_101265_out         |  out|   32|      ap_vld|          add171_30_101265_out|       pointer|
|add171_30_101265_out_ap_vld  |  out|    1|      ap_vld|          add171_30_101265_out|       pointer|
|add171_30_91264_out          |  out|   32|      ap_vld|           add171_30_91264_out|       pointer|
|add171_30_91264_out_ap_vld   |  out|    1|      ap_vld|           add171_30_91264_out|       pointer|
|add171_30_81263_out          |  out|   32|      ap_vld|           add171_30_81263_out|       pointer|
|add171_30_81263_out_ap_vld   |  out|    1|      ap_vld|           add171_30_81263_out|       pointer|
|add171_30_71262_out          |  out|   32|      ap_vld|           add171_30_71262_out|       pointer|
|add171_30_71262_out_ap_vld   |  out|    1|      ap_vld|           add171_30_71262_out|       pointer|
|add171_30_61261_out          |  out|   32|      ap_vld|           add171_30_61261_out|       pointer|
|add171_30_61261_out_ap_vld   |  out|    1|      ap_vld|           add171_30_61261_out|       pointer|
|add171_30_51260_out          |  out|   32|      ap_vld|           add171_30_51260_out|       pointer|
|add171_30_51260_out_ap_vld   |  out|    1|      ap_vld|           add171_30_51260_out|       pointer|
|add171_30_41259_out          |  out|   32|      ap_vld|           add171_30_41259_out|       pointer|
|add171_30_41259_out_ap_vld   |  out|    1|      ap_vld|           add171_30_41259_out|       pointer|
|add171_30_31258_out          |  out|   32|      ap_vld|           add171_30_31258_out|       pointer|
|add171_30_31258_out_ap_vld   |  out|    1|      ap_vld|           add171_30_31258_out|       pointer|
|add171_30_21257_out          |  out|   32|      ap_vld|           add171_30_21257_out|       pointer|
|add171_30_21257_out_ap_vld   |  out|    1|      ap_vld|           add171_30_21257_out|       pointer|
|add171_30_11256_out          |  out|   32|      ap_vld|           add171_30_11256_out|       pointer|
|add171_30_11256_out_ap_vld   |  out|    1|      ap_vld|           add171_30_11256_out|       pointer|
|add171_301255_out            |  out|   32|      ap_vld|             add171_301255_out|       pointer|
|add171_301255_out_ap_vld     |  out|    1|      ap_vld|             add171_301255_out|       pointer|
|add171_29_311254_out         |  out|   32|      ap_vld|          add171_29_311254_out|       pointer|
|add171_29_311254_out_ap_vld  |  out|    1|      ap_vld|          add171_29_311254_out|       pointer|
|add171_29_301253_out         |  out|   32|      ap_vld|          add171_29_301253_out|       pointer|
|add171_29_301253_out_ap_vld  |  out|    1|      ap_vld|          add171_29_301253_out|       pointer|
|add171_29_291252_out         |  out|   32|      ap_vld|          add171_29_291252_out|       pointer|
|add171_29_291252_out_ap_vld  |  out|    1|      ap_vld|          add171_29_291252_out|       pointer|
|add171_29_281251_out         |  out|   32|      ap_vld|          add171_29_281251_out|       pointer|
|add171_29_281251_out_ap_vld  |  out|    1|      ap_vld|          add171_29_281251_out|       pointer|
|add171_29_271250_out         |  out|   32|      ap_vld|          add171_29_271250_out|       pointer|
|add171_29_271250_out_ap_vld  |  out|    1|      ap_vld|          add171_29_271250_out|       pointer|
|add171_29_261249_out         |  out|   32|      ap_vld|          add171_29_261249_out|       pointer|
|add171_29_261249_out_ap_vld  |  out|    1|      ap_vld|          add171_29_261249_out|       pointer|
|add171_29_251248_out         |  out|   32|      ap_vld|          add171_29_251248_out|       pointer|
|add171_29_251248_out_ap_vld  |  out|    1|      ap_vld|          add171_29_251248_out|       pointer|
|add171_29_241247_out         |  out|   32|      ap_vld|          add171_29_241247_out|       pointer|
|add171_29_241247_out_ap_vld  |  out|    1|      ap_vld|          add171_29_241247_out|       pointer|
|add171_29_231246_out         |  out|   32|      ap_vld|          add171_29_231246_out|       pointer|
|add171_29_231246_out_ap_vld  |  out|    1|      ap_vld|          add171_29_231246_out|       pointer|
|add171_29_221245_out         |  out|   32|      ap_vld|          add171_29_221245_out|       pointer|
|add171_29_221245_out_ap_vld  |  out|    1|      ap_vld|          add171_29_221245_out|       pointer|
|add171_29_211244_out         |  out|   32|      ap_vld|          add171_29_211244_out|       pointer|
|add171_29_211244_out_ap_vld  |  out|    1|      ap_vld|          add171_29_211244_out|       pointer|
|add171_29_201243_out         |  out|   32|      ap_vld|          add171_29_201243_out|       pointer|
|add171_29_201243_out_ap_vld  |  out|    1|      ap_vld|          add171_29_201243_out|       pointer|
|add171_29_191242_out         |  out|   32|      ap_vld|          add171_29_191242_out|       pointer|
|add171_29_191242_out_ap_vld  |  out|    1|      ap_vld|          add171_29_191242_out|       pointer|
|add171_29_181241_out         |  out|   32|      ap_vld|          add171_29_181241_out|       pointer|
|add171_29_181241_out_ap_vld  |  out|    1|      ap_vld|          add171_29_181241_out|       pointer|
|add171_29_171240_out         |  out|   32|      ap_vld|          add171_29_171240_out|       pointer|
|add171_29_171240_out_ap_vld  |  out|    1|      ap_vld|          add171_29_171240_out|       pointer|
|add171_29_161239_out         |  out|   32|      ap_vld|          add171_29_161239_out|       pointer|
|add171_29_161239_out_ap_vld  |  out|    1|      ap_vld|          add171_29_161239_out|       pointer|
|add171_29_151238_out         |  out|   32|      ap_vld|          add171_29_151238_out|       pointer|
|add171_29_151238_out_ap_vld  |  out|    1|      ap_vld|          add171_29_151238_out|       pointer|
|add171_29_141237_out         |  out|   32|      ap_vld|          add171_29_141237_out|       pointer|
|add171_29_141237_out_ap_vld  |  out|    1|      ap_vld|          add171_29_141237_out|       pointer|
|add171_29_131236_out         |  out|   32|      ap_vld|          add171_29_131236_out|       pointer|
|add171_29_131236_out_ap_vld  |  out|    1|      ap_vld|          add171_29_131236_out|       pointer|
|add171_29_121235_out         |  out|   32|      ap_vld|          add171_29_121235_out|       pointer|
|add171_29_121235_out_ap_vld  |  out|    1|      ap_vld|          add171_29_121235_out|       pointer|
|add171_29_111234_out         |  out|   32|      ap_vld|          add171_29_111234_out|       pointer|
|add171_29_111234_out_ap_vld  |  out|    1|      ap_vld|          add171_29_111234_out|       pointer|
|add171_29_101233_out         |  out|   32|      ap_vld|          add171_29_101233_out|       pointer|
|add171_29_101233_out_ap_vld  |  out|    1|      ap_vld|          add171_29_101233_out|       pointer|
|add171_29_91232_out          |  out|   32|      ap_vld|           add171_29_91232_out|       pointer|
|add171_29_91232_out_ap_vld   |  out|    1|      ap_vld|           add171_29_91232_out|       pointer|
|add171_29_81231_out          |  out|   32|      ap_vld|           add171_29_81231_out|       pointer|
|add171_29_81231_out_ap_vld   |  out|    1|      ap_vld|           add171_29_81231_out|       pointer|
|add171_29_71230_out          |  out|   32|      ap_vld|           add171_29_71230_out|       pointer|
|add171_29_71230_out_ap_vld   |  out|    1|      ap_vld|           add171_29_71230_out|       pointer|
|add171_29_61229_out          |  out|   32|      ap_vld|           add171_29_61229_out|       pointer|
|add171_29_61229_out_ap_vld   |  out|    1|      ap_vld|           add171_29_61229_out|       pointer|
|add171_29_51228_out          |  out|   32|      ap_vld|           add171_29_51228_out|       pointer|
|add171_29_51228_out_ap_vld   |  out|    1|      ap_vld|           add171_29_51228_out|       pointer|
|add171_29_41227_out          |  out|   32|      ap_vld|           add171_29_41227_out|       pointer|
|add171_29_41227_out_ap_vld   |  out|    1|      ap_vld|           add171_29_41227_out|       pointer|
|add171_29_31226_out          |  out|   32|      ap_vld|           add171_29_31226_out|       pointer|
|add171_29_31226_out_ap_vld   |  out|    1|      ap_vld|           add171_29_31226_out|       pointer|
|add171_29_21225_out          |  out|   32|      ap_vld|           add171_29_21225_out|       pointer|
|add171_29_21225_out_ap_vld   |  out|    1|      ap_vld|           add171_29_21225_out|       pointer|
|add171_29_11224_out          |  out|   32|      ap_vld|           add171_29_11224_out|       pointer|
|add171_29_11224_out_ap_vld   |  out|    1|      ap_vld|           add171_29_11224_out|       pointer|
|add171_291223_out            |  out|   32|      ap_vld|             add171_291223_out|       pointer|
|add171_291223_out_ap_vld     |  out|    1|      ap_vld|             add171_291223_out|       pointer|
|add171_28_311222_out         |  out|   32|      ap_vld|          add171_28_311222_out|       pointer|
|add171_28_311222_out_ap_vld  |  out|    1|      ap_vld|          add171_28_311222_out|       pointer|
|add171_28_301221_out         |  out|   32|      ap_vld|          add171_28_301221_out|       pointer|
|add171_28_301221_out_ap_vld  |  out|    1|      ap_vld|          add171_28_301221_out|       pointer|
|add171_28_291220_out         |  out|   32|      ap_vld|          add171_28_291220_out|       pointer|
|add171_28_291220_out_ap_vld  |  out|    1|      ap_vld|          add171_28_291220_out|       pointer|
|add171_28_281219_out         |  out|   32|      ap_vld|          add171_28_281219_out|       pointer|
|add171_28_281219_out_ap_vld  |  out|    1|      ap_vld|          add171_28_281219_out|       pointer|
|add171_28_271218_out         |  out|   32|      ap_vld|          add171_28_271218_out|       pointer|
|add171_28_271218_out_ap_vld  |  out|    1|      ap_vld|          add171_28_271218_out|       pointer|
|add171_28_261217_out         |  out|   32|      ap_vld|          add171_28_261217_out|       pointer|
|add171_28_261217_out_ap_vld  |  out|    1|      ap_vld|          add171_28_261217_out|       pointer|
|add171_28_251216_out         |  out|   32|      ap_vld|          add171_28_251216_out|       pointer|
|add171_28_251216_out_ap_vld  |  out|    1|      ap_vld|          add171_28_251216_out|       pointer|
|add171_28_241215_out         |  out|   32|      ap_vld|          add171_28_241215_out|       pointer|
|add171_28_241215_out_ap_vld  |  out|    1|      ap_vld|          add171_28_241215_out|       pointer|
|add171_28_231214_out         |  out|   32|      ap_vld|          add171_28_231214_out|       pointer|
|add171_28_231214_out_ap_vld  |  out|    1|      ap_vld|          add171_28_231214_out|       pointer|
|add171_28_221213_out         |  out|   32|      ap_vld|          add171_28_221213_out|       pointer|
|add171_28_221213_out_ap_vld  |  out|    1|      ap_vld|          add171_28_221213_out|       pointer|
|add171_28_211212_out         |  out|   32|      ap_vld|          add171_28_211212_out|       pointer|
|add171_28_211212_out_ap_vld  |  out|    1|      ap_vld|          add171_28_211212_out|       pointer|
|add171_28_201211_out         |  out|   32|      ap_vld|          add171_28_201211_out|       pointer|
|add171_28_201211_out_ap_vld  |  out|    1|      ap_vld|          add171_28_201211_out|       pointer|
|add171_28_191210_out         |  out|   32|      ap_vld|          add171_28_191210_out|       pointer|
|add171_28_191210_out_ap_vld  |  out|    1|      ap_vld|          add171_28_191210_out|       pointer|
|add171_28_181209_out         |  out|   32|      ap_vld|          add171_28_181209_out|       pointer|
|add171_28_181209_out_ap_vld  |  out|    1|      ap_vld|          add171_28_181209_out|       pointer|
|add171_28_171208_out         |  out|   32|      ap_vld|          add171_28_171208_out|       pointer|
|add171_28_171208_out_ap_vld  |  out|    1|      ap_vld|          add171_28_171208_out|       pointer|
|add171_28_161207_out         |  out|   32|      ap_vld|          add171_28_161207_out|       pointer|
|add171_28_161207_out_ap_vld  |  out|    1|      ap_vld|          add171_28_161207_out|       pointer|
|add171_28_151206_out         |  out|   32|      ap_vld|          add171_28_151206_out|       pointer|
|add171_28_151206_out_ap_vld  |  out|    1|      ap_vld|          add171_28_151206_out|       pointer|
|add171_28_141205_out         |  out|   32|      ap_vld|          add171_28_141205_out|       pointer|
|add171_28_141205_out_ap_vld  |  out|    1|      ap_vld|          add171_28_141205_out|       pointer|
|add171_28_131204_out         |  out|   32|      ap_vld|          add171_28_131204_out|       pointer|
|add171_28_131204_out_ap_vld  |  out|    1|      ap_vld|          add171_28_131204_out|       pointer|
|add171_28_121203_out         |  out|   32|      ap_vld|          add171_28_121203_out|       pointer|
|add171_28_121203_out_ap_vld  |  out|    1|      ap_vld|          add171_28_121203_out|       pointer|
|add171_28_111202_out         |  out|   32|      ap_vld|          add171_28_111202_out|       pointer|
|add171_28_111202_out_ap_vld  |  out|    1|      ap_vld|          add171_28_111202_out|       pointer|
|add171_28_101201_out         |  out|   32|      ap_vld|          add171_28_101201_out|       pointer|
|add171_28_101201_out_ap_vld  |  out|    1|      ap_vld|          add171_28_101201_out|       pointer|
|add171_28_91200_out          |  out|   32|      ap_vld|           add171_28_91200_out|       pointer|
|add171_28_91200_out_ap_vld   |  out|    1|      ap_vld|           add171_28_91200_out|       pointer|
|add171_28_81199_out          |  out|   32|      ap_vld|           add171_28_81199_out|       pointer|
|add171_28_81199_out_ap_vld   |  out|    1|      ap_vld|           add171_28_81199_out|       pointer|
|add171_28_71198_out          |  out|   32|      ap_vld|           add171_28_71198_out|       pointer|
|add171_28_71198_out_ap_vld   |  out|    1|      ap_vld|           add171_28_71198_out|       pointer|
|add171_28_61197_out          |  out|   32|      ap_vld|           add171_28_61197_out|       pointer|
|add171_28_61197_out_ap_vld   |  out|    1|      ap_vld|           add171_28_61197_out|       pointer|
|add171_28_51196_out          |  out|   32|      ap_vld|           add171_28_51196_out|       pointer|
|add171_28_51196_out_ap_vld   |  out|    1|      ap_vld|           add171_28_51196_out|       pointer|
|add171_28_41195_out          |  out|   32|      ap_vld|           add171_28_41195_out|       pointer|
|add171_28_41195_out_ap_vld   |  out|    1|      ap_vld|           add171_28_41195_out|       pointer|
|add171_28_31194_out          |  out|   32|      ap_vld|           add171_28_31194_out|       pointer|
|add171_28_31194_out_ap_vld   |  out|    1|      ap_vld|           add171_28_31194_out|       pointer|
|add171_28_21193_out          |  out|   32|      ap_vld|           add171_28_21193_out|       pointer|
|add171_28_21193_out_ap_vld   |  out|    1|      ap_vld|           add171_28_21193_out|       pointer|
|add171_28_11192_out          |  out|   32|      ap_vld|           add171_28_11192_out|       pointer|
|add171_28_11192_out_ap_vld   |  out|    1|      ap_vld|           add171_28_11192_out|       pointer|
|add171_281191_out            |  out|   32|      ap_vld|             add171_281191_out|       pointer|
|add171_281191_out_ap_vld     |  out|    1|      ap_vld|             add171_281191_out|       pointer|
|add171_27_311190_out         |  out|   32|      ap_vld|          add171_27_311190_out|       pointer|
|add171_27_311190_out_ap_vld  |  out|    1|      ap_vld|          add171_27_311190_out|       pointer|
|add171_27_301189_out         |  out|   32|      ap_vld|          add171_27_301189_out|       pointer|
|add171_27_301189_out_ap_vld  |  out|    1|      ap_vld|          add171_27_301189_out|       pointer|
|add171_27_291188_out         |  out|   32|      ap_vld|          add171_27_291188_out|       pointer|
|add171_27_291188_out_ap_vld  |  out|    1|      ap_vld|          add171_27_291188_out|       pointer|
|add171_27_281187_out         |  out|   32|      ap_vld|          add171_27_281187_out|       pointer|
|add171_27_281187_out_ap_vld  |  out|    1|      ap_vld|          add171_27_281187_out|       pointer|
|add171_27_271186_out         |  out|   32|      ap_vld|          add171_27_271186_out|       pointer|
|add171_27_271186_out_ap_vld  |  out|    1|      ap_vld|          add171_27_271186_out|       pointer|
|add171_27_261185_out         |  out|   32|      ap_vld|          add171_27_261185_out|       pointer|
|add171_27_261185_out_ap_vld  |  out|    1|      ap_vld|          add171_27_261185_out|       pointer|
|add171_27_251184_out         |  out|   32|      ap_vld|          add171_27_251184_out|       pointer|
|add171_27_251184_out_ap_vld  |  out|    1|      ap_vld|          add171_27_251184_out|       pointer|
|add171_27_241183_out         |  out|   32|      ap_vld|          add171_27_241183_out|       pointer|
|add171_27_241183_out_ap_vld  |  out|    1|      ap_vld|          add171_27_241183_out|       pointer|
|add171_27_231182_out         |  out|   32|      ap_vld|          add171_27_231182_out|       pointer|
|add171_27_231182_out_ap_vld  |  out|    1|      ap_vld|          add171_27_231182_out|       pointer|
|add171_27_221181_out         |  out|   32|      ap_vld|          add171_27_221181_out|       pointer|
|add171_27_221181_out_ap_vld  |  out|    1|      ap_vld|          add171_27_221181_out|       pointer|
|add171_27_211180_out         |  out|   32|      ap_vld|          add171_27_211180_out|       pointer|
|add171_27_211180_out_ap_vld  |  out|    1|      ap_vld|          add171_27_211180_out|       pointer|
|add171_27_201179_out         |  out|   32|      ap_vld|          add171_27_201179_out|       pointer|
|add171_27_201179_out_ap_vld  |  out|    1|      ap_vld|          add171_27_201179_out|       pointer|
|add171_27_191178_out         |  out|   32|      ap_vld|          add171_27_191178_out|       pointer|
|add171_27_191178_out_ap_vld  |  out|    1|      ap_vld|          add171_27_191178_out|       pointer|
|add171_27_181177_out         |  out|   32|      ap_vld|          add171_27_181177_out|       pointer|
|add171_27_181177_out_ap_vld  |  out|    1|      ap_vld|          add171_27_181177_out|       pointer|
|add171_27_171176_out         |  out|   32|      ap_vld|          add171_27_171176_out|       pointer|
|add171_27_171176_out_ap_vld  |  out|    1|      ap_vld|          add171_27_171176_out|       pointer|
|add171_27_161175_out         |  out|   32|      ap_vld|          add171_27_161175_out|       pointer|
|add171_27_161175_out_ap_vld  |  out|    1|      ap_vld|          add171_27_161175_out|       pointer|
|add171_27_151174_out         |  out|   32|      ap_vld|          add171_27_151174_out|       pointer|
|add171_27_151174_out_ap_vld  |  out|    1|      ap_vld|          add171_27_151174_out|       pointer|
|add171_27_141173_out         |  out|   32|      ap_vld|          add171_27_141173_out|       pointer|
|add171_27_141173_out_ap_vld  |  out|    1|      ap_vld|          add171_27_141173_out|       pointer|
|add171_27_131172_out         |  out|   32|      ap_vld|          add171_27_131172_out|       pointer|
|add171_27_131172_out_ap_vld  |  out|    1|      ap_vld|          add171_27_131172_out|       pointer|
|add171_27_121171_out         |  out|   32|      ap_vld|          add171_27_121171_out|       pointer|
|add171_27_121171_out_ap_vld  |  out|    1|      ap_vld|          add171_27_121171_out|       pointer|
|add171_27_111170_out         |  out|   32|      ap_vld|          add171_27_111170_out|       pointer|
|add171_27_111170_out_ap_vld  |  out|    1|      ap_vld|          add171_27_111170_out|       pointer|
|add171_27_101169_out         |  out|   32|      ap_vld|          add171_27_101169_out|       pointer|
|add171_27_101169_out_ap_vld  |  out|    1|      ap_vld|          add171_27_101169_out|       pointer|
|add171_27_91168_out          |  out|   32|      ap_vld|           add171_27_91168_out|       pointer|
|add171_27_91168_out_ap_vld   |  out|    1|      ap_vld|           add171_27_91168_out|       pointer|
|add171_27_81167_out          |  out|   32|      ap_vld|           add171_27_81167_out|       pointer|
|add171_27_81167_out_ap_vld   |  out|    1|      ap_vld|           add171_27_81167_out|       pointer|
|add171_27_71166_out          |  out|   32|      ap_vld|           add171_27_71166_out|       pointer|
|add171_27_71166_out_ap_vld   |  out|    1|      ap_vld|           add171_27_71166_out|       pointer|
|add171_27_61165_out          |  out|   32|      ap_vld|           add171_27_61165_out|       pointer|
|add171_27_61165_out_ap_vld   |  out|    1|      ap_vld|           add171_27_61165_out|       pointer|
|add171_27_51164_out          |  out|   32|      ap_vld|           add171_27_51164_out|       pointer|
|add171_27_51164_out_ap_vld   |  out|    1|      ap_vld|           add171_27_51164_out|       pointer|
|add171_27_41163_out          |  out|   32|      ap_vld|           add171_27_41163_out|       pointer|
|add171_27_41163_out_ap_vld   |  out|    1|      ap_vld|           add171_27_41163_out|       pointer|
|add171_27_31162_out          |  out|   32|      ap_vld|           add171_27_31162_out|       pointer|
|add171_27_31162_out_ap_vld   |  out|    1|      ap_vld|           add171_27_31162_out|       pointer|
|add171_27_21161_out          |  out|   32|      ap_vld|           add171_27_21161_out|       pointer|
|add171_27_21161_out_ap_vld   |  out|    1|      ap_vld|           add171_27_21161_out|       pointer|
|add171_27_11160_out          |  out|   32|      ap_vld|           add171_27_11160_out|       pointer|
|add171_27_11160_out_ap_vld   |  out|    1|      ap_vld|           add171_27_11160_out|       pointer|
|add171_271159_out            |  out|   32|      ap_vld|             add171_271159_out|       pointer|
|add171_271159_out_ap_vld     |  out|    1|      ap_vld|             add171_271159_out|       pointer|
|add171_26_311158_out         |  out|   32|      ap_vld|          add171_26_311158_out|       pointer|
|add171_26_311158_out_ap_vld  |  out|    1|      ap_vld|          add171_26_311158_out|       pointer|
|add171_26_301157_out         |  out|   32|      ap_vld|          add171_26_301157_out|       pointer|
|add171_26_301157_out_ap_vld  |  out|    1|      ap_vld|          add171_26_301157_out|       pointer|
|add171_26_291156_out         |  out|   32|      ap_vld|          add171_26_291156_out|       pointer|
|add171_26_291156_out_ap_vld  |  out|    1|      ap_vld|          add171_26_291156_out|       pointer|
|add171_26_281155_out         |  out|   32|      ap_vld|          add171_26_281155_out|       pointer|
|add171_26_281155_out_ap_vld  |  out|    1|      ap_vld|          add171_26_281155_out|       pointer|
|add171_26_271154_out         |  out|   32|      ap_vld|          add171_26_271154_out|       pointer|
|add171_26_271154_out_ap_vld  |  out|    1|      ap_vld|          add171_26_271154_out|       pointer|
|add171_26_261153_out         |  out|   32|      ap_vld|          add171_26_261153_out|       pointer|
|add171_26_261153_out_ap_vld  |  out|    1|      ap_vld|          add171_26_261153_out|       pointer|
|add171_26_251152_out         |  out|   32|      ap_vld|          add171_26_251152_out|       pointer|
|add171_26_251152_out_ap_vld  |  out|    1|      ap_vld|          add171_26_251152_out|       pointer|
|add171_26_241151_out         |  out|   32|      ap_vld|          add171_26_241151_out|       pointer|
|add171_26_241151_out_ap_vld  |  out|    1|      ap_vld|          add171_26_241151_out|       pointer|
|add171_26_231150_out         |  out|   32|      ap_vld|          add171_26_231150_out|       pointer|
|add171_26_231150_out_ap_vld  |  out|    1|      ap_vld|          add171_26_231150_out|       pointer|
|add171_26_221149_out         |  out|   32|      ap_vld|          add171_26_221149_out|       pointer|
|add171_26_221149_out_ap_vld  |  out|    1|      ap_vld|          add171_26_221149_out|       pointer|
|add171_26_211148_out         |  out|   32|      ap_vld|          add171_26_211148_out|       pointer|
|add171_26_211148_out_ap_vld  |  out|    1|      ap_vld|          add171_26_211148_out|       pointer|
|add171_26_201147_out         |  out|   32|      ap_vld|          add171_26_201147_out|       pointer|
|add171_26_201147_out_ap_vld  |  out|    1|      ap_vld|          add171_26_201147_out|       pointer|
|add171_26_191146_out         |  out|   32|      ap_vld|          add171_26_191146_out|       pointer|
|add171_26_191146_out_ap_vld  |  out|    1|      ap_vld|          add171_26_191146_out|       pointer|
|add171_26_181145_out         |  out|   32|      ap_vld|          add171_26_181145_out|       pointer|
|add171_26_181145_out_ap_vld  |  out|    1|      ap_vld|          add171_26_181145_out|       pointer|
|add171_26_171144_out         |  out|   32|      ap_vld|          add171_26_171144_out|       pointer|
|add171_26_171144_out_ap_vld  |  out|    1|      ap_vld|          add171_26_171144_out|       pointer|
|add171_26_161143_out         |  out|   32|      ap_vld|          add171_26_161143_out|       pointer|
|add171_26_161143_out_ap_vld  |  out|    1|      ap_vld|          add171_26_161143_out|       pointer|
|add171_26_151142_out         |  out|   32|      ap_vld|          add171_26_151142_out|       pointer|
|add171_26_151142_out_ap_vld  |  out|    1|      ap_vld|          add171_26_151142_out|       pointer|
|add171_26_141141_out         |  out|   32|      ap_vld|          add171_26_141141_out|       pointer|
|add171_26_141141_out_ap_vld  |  out|    1|      ap_vld|          add171_26_141141_out|       pointer|
|add171_26_131140_out         |  out|   32|      ap_vld|          add171_26_131140_out|       pointer|
|add171_26_131140_out_ap_vld  |  out|    1|      ap_vld|          add171_26_131140_out|       pointer|
|add171_26_121139_out         |  out|   32|      ap_vld|          add171_26_121139_out|       pointer|
|add171_26_121139_out_ap_vld  |  out|    1|      ap_vld|          add171_26_121139_out|       pointer|
|add171_26_111138_out         |  out|   32|      ap_vld|          add171_26_111138_out|       pointer|
|add171_26_111138_out_ap_vld  |  out|    1|      ap_vld|          add171_26_111138_out|       pointer|
|add171_26_101137_out         |  out|   32|      ap_vld|          add171_26_101137_out|       pointer|
|add171_26_101137_out_ap_vld  |  out|    1|      ap_vld|          add171_26_101137_out|       pointer|
|add171_26_91136_out          |  out|   32|      ap_vld|           add171_26_91136_out|       pointer|
|add171_26_91136_out_ap_vld   |  out|    1|      ap_vld|           add171_26_91136_out|       pointer|
|add171_26_81135_out          |  out|   32|      ap_vld|           add171_26_81135_out|       pointer|
|add171_26_81135_out_ap_vld   |  out|    1|      ap_vld|           add171_26_81135_out|       pointer|
|add171_26_71134_out          |  out|   32|      ap_vld|           add171_26_71134_out|       pointer|
|add171_26_71134_out_ap_vld   |  out|    1|      ap_vld|           add171_26_71134_out|       pointer|
|add171_26_61133_out          |  out|   32|      ap_vld|           add171_26_61133_out|       pointer|
|add171_26_61133_out_ap_vld   |  out|    1|      ap_vld|           add171_26_61133_out|       pointer|
|add171_26_51132_out          |  out|   32|      ap_vld|           add171_26_51132_out|       pointer|
|add171_26_51132_out_ap_vld   |  out|    1|      ap_vld|           add171_26_51132_out|       pointer|
|add171_26_41131_out          |  out|   32|      ap_vld|           add171_26_41131_out|       pointer|
|add171_26_41131_out_ap_vld   |  out|    1|      ap_vld|           add171_26_41131_out|       pointer|
|add171_26_31130_out          |  out|   32|      ap_vld|           add171_26_31130_out|       pointer|
|add171_26_31130_out_ap_vld   |  out|    1|      ap_vld|           add171_26_31130_out|       pointer|
|add171_26_21129_out          |  out|   32|      ap_vld|           add171_26_21129_out|       pointer|
|add171_26_21129_out_ap_vld   |  out|    1|      ap_vld|           add171_26_21129_out|       pointer|
|add171_26_11128_out          |  out|   32|      ap_vld|           add171_26_11128_out|       pointer|
|add171_26_11128_out_ap_vld   |  out|    1|      ap_vld|           add171_26_11128_out|       pointer|
|add171_261127_out            |  out|   32|      ap_vld|             add171_261127_out|       pointer|
|add171_261127_out_ap_vld     |  out|    1|      ap_vld|             add171_261127_out|       pointer|
|add171_25_311126_out         |  out|   32|      ap_vld|          add171_25_311126_out|       pointer|
|add171_25_311126_out_ap_vld  |  out|    1|      ap_vld|          add171_25_311126_out|       pointer|
|add171_25_301125_out         |  out|   32|      ap_vld|          add171_25_301125_out|       pointer|
|add171_25_301125_out_ap_vld  |  out|    1|      ap_vld|          add171_25_301125_out|       pointer|
|add171_25_291124_out         |  out|   32|      ap_vld|          add171_25_291124_out|       pointer|
|add171_25_291124_out_ap_vld  |  out|    1|      ap_vld|          add171_25_291124_out|       pointer|
|add171_25_281123_out         |  out|   32|      ap_vld|          add171_25_281123_out|       pointer|
|add171_25_281123_out_ap_vld  |  out|    1|      ap_vld|          add171_25_281123_out|       pointer|
|add171_25_271122_out         |  out|   32|      ap_vld|          add171_25_271122_out|       pointer|
|add171_25_271122_out_ap_vld  |  out|    1|      ap_vld|          add171_25_271122_out|       pointer|
|add171_25_261121_out         |  out|   32|      ap_vld|          add171_25_261121_out|       pointer|
|add171_25_261121_out_ap_vld  |  out|    1|      ap_vld|          add171_25_261121_out|       pointer|
|add171_25_251120_out         |  out|   32|      ap_vld|          add171_25_251120_out|       pointer|
|add171_25_251120_out_ap_vld  |  out|    1|      ap_vld|          add171_25_251120_out|       pointer|
|add171_25_241119_out         |  out|   32|      ap_vld|          add171_25_241119_out|       pointer|
|add171_25_241119_out_ap_vld  |  out|    1|      ap_vld|          add171_25_241119_out|       pointer|
|add171_25_231118_out         |  out|   32|      ap_vld|          add171_25_231118_out|       pointer|
|add171_25_231118_out_ap_vld  |  out|    1|      ap_vld|          add171_25_231118_out|       pointer|
|add171_25_221117_out         |  out|   32|      ap_vld|          add171_25_221117_out|       pointer|
|add171_25_221117_out_ap_vld  |  out|    1|      ap_vld|          add171_25_221117_out|       pointer|
|add171_25_211116_out         |  out|   32|      ap_vld|          add171_25_211116_out|       pointer|
|add171_25_211116_out_ap_vld  |  out|    1|      ap_vld|          add171_25_211116_out|       pointer|
|add171_25_201115_out         |  out|   32|      ap_vld|          add171_25_201115_out|       pointer|
|add171_25_201115_out_ap_vld  |  out|    1|      ap_vld|          add171_25_201115_out|       pointer|
|add171_25_191114_out         |  out|   32|      ap_vld|          add171_25_191114_out|       pointer|
|add171_25_191114_out_ap_vld  |  out|    1|      ap_vld|          add171_25_191114_out|       pointer|
|add171_25_181113_out         |  out|   32|      ap_vld|          add171_25_181113_out|       pointer|
|add171_25_181113_out_ap_vld  |  out|    1|      ap_vld|          add171_25_181113_out|       pointer|
|add171_25_171112_out         |  out|   32|      ap_vld|          add171_25_171112_out|       pointer|
|add171_25_171112_out_ap_vld  |  out|    1|      ap_vld|          add171_25_171112_out|       pointer|
|add171_25_161111_out         |  out|   32|      ap_vld|          add171_25_161111_out|       pointer|
|add171_25_161111_out_ap_vld  |  out|    1|      ap_vld|          add171_25_161111_out|       pointer|
|add171_25_151110_out         |  out|   32|      ap_vld|          add171_25_151110_out|       pointer|
|add171_25_151110_out_ap_vld  |  out|    1|      ap_vld|          add171_25_151110_out|       pointer|
|add171_25_141109_out         |  out|   32|      ap_vld|          add171_25_141109_out|       pointer|
|add171_25_141109_out_ap_vld  |  out|    1|      ap_vld|          add171_25_141109_out|       pointer|
|add171_25_131108_out         |  out|   32|      ap_vld|          add171_25_131108_out|       pointer|
|add171_25_131108_out_ap_vld  |  out|    1|      ap_vld|          add171_25_131108_out|       pointer|
|add171_25_121107_out         |  out|   32|      ap_vld|          add171_25_121107_out|       pointer|
|add171_25_121107_out_ap_vld  |  out|    1|      ap_vld|          add171_25_121107_out|       pointer|
|add171_25_111106_out         |  out|   32|      ap_vld|          add171_25_111106_out|       pointer|
|add171_25_111106_out_ap_vld  |  out|    1|      ap_vld|          add171_25_111106_out|       pointer|
|add171_25_101105_out         |  out|   32|      ap_vld|          add171_25_101105_out|       pointer|
|add171_25_101105_out_ap_vld  |  out|    1|      ap_vld|          add171_25_101105_out|       pointer|
|add171_25_91104_out          |  out|   32|      ap_vld|           add171_25_91104_out|       pointer|
|add171_25_91104_out_ap_vld   |  out|    1|      ap_vld|           add171_25_91104_out|       pointer|
|add171_25_81103_out          |  out|   32|      ap_vld|           add171_25_81103_out|       pointer|
|add171_25_81103_out_ap_vld   |  out|    1|      ap_vld|           add171_25_81103_out|       pointer|
|add171_25_71102_out          |  out|   32|      ap_vld|           add171_25_71102_out|       pointer|
|add171_25_71102_out_ap_vld   |  out|    1|      ap_vld|           add171_25_71102_out|       pointer|
|add171_25_61101_out          |  out|   32|      ap_vld|           add171_25_61101_out|       pointer|
|add171_25_61101_out_ap_vld   |  out|    1|      ap_vld|           add171_25_61101_out|       pointer|
|add171_25_51100_out          |  out|   32|      ap_vld|           add171_25_51100_out|       pointer|
|add171_25_51100_out_ap_vld   |  out|    1|      ap_vld|           add171_25_51100_out|       pointer|
|add171_25_41099_out          |  out|   32|      ap_vld|           add171_25_41099_out|       pointer|
|add171_25_41099_out_ap_vld   |  out|    1|      ap_vld|           add171_25_41099_out|       pointer|
|add171_25_31098_out          |  out|   32|      ap_vld|           add171_25_31098_out|       pointer|
|add171_25_31098_out_ap_vld   |  out|    1|      ap_vld|           add171_25_31098_out|       pointer|
|add171_25_21097_out          |  out|   32|      ap_vld|           add171_25_21097_out|       pointer|
|add171_25_21097_out_ap_vld   |  out|    1|      ap_vld|           add171_25_21097_out|       pointer|
|add171_25_11096_out          |  out|   32|      ap_vld|           add171_25_11096_out|       pointer|
|add171_25_11096_out_ap_vld   |  out|    1|      ap_vld|           add171_25_11096_out|       pointer|
|add171_251095_out            |  out|   32|      ap_vld|             add171_251095_out|       pointer|
|add171_251095_out_ap_vld     |  out|    1|      ap_vld|             add171_251095_out|       pointer|
|add171_24_311094_out         |  out|   32|      ap_vld|          add171_24_311094_out|       pointer|
|add171_24_311094_out_ap_vld  |  out|    1|      ap_vld|          add171_24_311094_out|       pointer|
|add171_24_301093_out         |  out|   32|      ap_vld|          add171_24_301093_out|       pointer|
|add171_24_301093_out_ap_vld  |  out|    1|      ap_vld|          add171_24_301093_out|       pointer|
|add171_24_291092_out         |  out|   32|      ap_vld|          add171_24_291092_out|       pointer|
|add171_24_291092_out_ap_vld  |  out|    1|      ap_vld|          add171_24_291092_out|       pointer|
|add171_24_281091_out         |  out|   32|      ap_vld|          add171_24_281091_out|       pointer|
|add171_24_281091_out_ap_vld  |  out|    1|      ap_vld|          add171_24_281091_out|       pointer|
|add171_24_271090_out         |  out|   32|      ap_vld|          add171_24_271090_out|       pointer|
|add171_24_271090_out_ap_vld  |  out|    1|      ap_vld|          add171_24_271090_out|       pointer|
|add171_24_261089_out         |  out|   32|      ap_vld|          add171_24_261089_out|       pointer|
|add171_24_261089_out_ap_vld  |  out|    1|      ap_vld|          add171_24_261089_out|       pointer|
|add171_24_251088_out         |  out|   32|      ap_vld|          add171_24_251088_out|       pointer|
|add171_24_251088_out_ap_vld  |  out|    1|      ap_vld|          add171_24_251088_out|       pointer|
|add171_24_241087_out         |  out|   32|      ap_vld|          add171_24_241087_out|       pointer|
|add171_24_241087_out_ap_vld  |  out|    1|      ap_vld|          add171_24_241087_out|       pointer|
|add171_24_231086_out         |  out|   32|      ap_vld|          add171_24_231086_out|       pointer|
|add171_24_231086_out_ap_vld  |  out|    1|      ap_vld|          add171_24_231086_out|       pointer|
|add171_24_221085_out         |  out|   32|      ap_vld|          add171_24_221085_out|       pointer|
|add171_24_221085_out_ap_vld  |  out|    1|      ap_vld|          add171_24_221085_out|       pointer|
|add171_24_211084_out         |  out|   32|      ap_vld|          add171_24_211084_out|       pointer|
|add171_24_211084_out_ap_vld  |  out|    1|      ap_vld|          add171_24_211084_out|       pointer|
|add171_24_201083_out         |  out|   32|      ap_vld|          add171_24_201083_out|       pointer|
|add171_24_201083_out_ap_vld  |  out|    1|      ap_vld|          add171_24_201083_out|       pointer|
|add171_24_191082_out         |  out|   32|      ap_vld|          add171_24_191082_out|       pointer|
|add171_24_191082_out_ap_vld  |  out|    1|      ap_vld|          add171_24_191082_out|       pointer|
|add171_24_181081_out         |  out|   32|      ap_vld|          add171_24_181081_out|       pointer|
|add171_24_181081_out_ap_vld  |  out|    1|      ap_vld|          add171_24_181081_out|       pointer|
|add171_24_171080_out         |  out|   32|      ap_vld|          add171_24_171080_out|       pointer|
|add171_24_171080_out_ap_vld  |  out|    1|      ap_vld|          add171_24_171080_out|       pointer|
|add171_24_161079_out         |  out|   32|      ap_vld|          add171_24_161079_out|       pointer|
|add171_24_161079_out_ap_vld  |  out|    1|      ap_vld|          add171_24_161079_out|       pointer|
|add171_24_151078_out         |  out|   32|      ap_vld|          add171_24_151078_out|       pointer|
|add171_24_151078_out_ap_vld  |  out|    1|      ap_vld|          add171_24_151078_out|       pointer|
|add171_24_141077_out         |  out|   32|      ap_vld|          add171_24_141077_out|       pointer|
|add171_24_141077_out_ap_vld  |  out|    1|      ap_vld|          add171_24_141077_out|       pointer|
|add171_24_131076_out         |  out|   32|      ap_vld|          add171_24_131076_out|       pointer|
|add171_24_131076_out_ap_vld  |  out|    1|      ap_vld|          add171_24_131076_out|       pointer|
|add171_24_121075_out         |  out|   32|      ap_vld|          add171_24_121075_out|       pointer|
|add171_24_121075_out_ap_vld  |  out|    1|      ap_vld|          add171_24_121075_out|       pointer|
|add171_24_111074_out         |  out|   32|      ap_vld|          add171_24_111074_out|       pointer|
|add171_24_111074_out_ap_vld  |  out|    1|      ap_vld|          add171_24_111074_out|       pointer|
|add171_24_101073_out         |  out|   32|      ap_vld|          add171_24_101073_out|       pointer|
|add171_24_101073_out_ap_vld  |  out|    1|      ap_vld|          add171_24_101073_out|       pointer|
|add171_24_91072_out          |  out|   32|      ap_vld|           add171_24_91072_out|       pointer|
|add171_24_91072_out_ap_vld   |  out|    1|      ap_vld|           add171_24_91072_out|       pointer|
|add171_24_81071_out          |  out|   32|      ap_vld|           add171_24_81071_out|       pointer|
|add171_24_81071_out_ap_vld   |  out|    1|      ap_vld|           add171_24_81071_out|       pointer|
|add171_24_71070_out          |  out|   32|      ap_vld|           add171_24_71070_out|       pointer|
|add171_24_71070_out_ap_vld   |  out|    1|      ap_vld|           add171_24_71070_out|       pointer|
|add171_24_61069_out          |  out|   32|      ap_vld|           add171_24_61069_out|       pointer|
|add171_24_61069_out_ap_vld   |  out|    1|      ap_vld|           add171_24_61069_out|       pointer|
|add171_24_51068_out          |  out|   32|      ap_vld|           add171_24_51068_out|       pointer|
|add171_24_51068_out_ap_vld   |  out|    1|      ap_vld|           add171_24_51068_out|       pointer|
|add171_24_41067_out          |  out|   32|      ap_vld|           add171_24_41067_out|       pointer|
|add171_24_41067_out_ap_vld   |  out|    1|      ap_vld|           add171_24_41067_out|       pointer|
|add171_24_31066_out          |  out|   32|      ap_vld|           add171_24_31066_out|       pointer|
|add171_24_31066_out_ap_vld   |  out|    1|      ap_vld|           add171_24_31066_out|       pointer|
|add171_24_21065_out          |  out|   32|      ap_vld|           add171_24_21065_out|       pointer|
|add171_24_21065_out_ap_vld   |  out|    1|      ap_vld|           add171_24_21065_out|       pointer|
|add171_24_11064_out          |  out|   32|      ap_vld|           add171_24_11064_out|       pointer|
|add171_24_11064_out_ap_vld   |  out|    1|      ap_vld|           add171_24_11064_out|       pointer|
|add171_241063_out            |  out|   32|      ap_vld|             add171_241063_out|       pointer|
|add171_241063_out_ap_vld     |  out|    1|      ap_vld|             add171_241063_out|       pointer|
|add171_23_311062_out         |  out|   32|      ap_vld|          add171_23_311062_out|       pointer|
|add171_23_311062_out_ap_vld  |  out|    1|      ap_vld|          add171_23_311062_out|       pointer|
|add171_23_301061_out         |  out|   32|      ap_vld|          add171_23_301061_out|       pointer|
|add171_23_301061_out_ap_vld  |  out|    1|      ap_vld|          add171_23_301061_out|       pointer|
|add171_23_291060_out         |  out|   32|      ap_vld|          add171_23_291060_out|       pointer|
|add171_23_291060_out_ap_vld  |  out|    1|      ap_vld|          add171_23_291060_out|       pointer|
|add171_23_281059_out         |  out|   32|      ap_vld|          add171_23_281059_out|       pointer|
|add171_23_281059_out_ap_vld  |  out|    1|      ap_vld|          add171_23_281059_out|       pointer|
|add171_23_271058_out         |  out|   32|      ap_vld|          add171_23_271058_out|       pointer|
|add171_23_271058_out_ap_vld  |  out|    1|      ap_vld|          add171_23_271058_out|       pointer|
|add171_23_261057_out         |  out|   32|      ap_vld|          add171_23_261057_out|       pointer|
|add171_23_261057_out_ap_vld  |  out|    1|      ap_vld|          add171_23_261057_out|       pointer|
|add171_23_251056_out         |  out|   32|      ap_vld|          add171_23_251056_out|       pointer|
|add171_23_251056_out_ap_vld  |  out|    1|      ap_vld|          add171_23_251056_out|       pointer|
|add171_23_241055_out         |  out|   32|      ap_vld|          add171_23_241055_out|       pointer|
|add171_23_241055_out_ap_vld  |  out|    1|      ap_vld|          add171_23_241055_out|       pointer|
|add171_23_231054_out         |  out|   32|      ap_vld|          add171_23_231054_out|       pointer|
|add171_23_231054_out_ap_vld  |  out|    1|      ap_vld|          add171_23_231054_out|       pointer|
|add171_23_221053_out         |  out|   32|      ap_vld|          add171_23_221053_out|       pointer|
|add171_23_221053_out_ap_vld  |  out|    1|      ap_vld|          add171_23_221053_out|       pointer|
|add171_23_211052_out         |  out|   32|      ap_vld|          add171_23_211052_out|       pointer|
|add171_23_211052_out_ap_vld  |  out|    1|      ap_vld|          add171_23_211052_out|       pointer|
|add171_23_201051_out         |  out|   32|      ap_vld|          add171_23_201051_out|       pointer|
|add171_23_201051_out_ap_vld  |  out|    1|      ap_vld|          add171_23_201051_out|       pointer|
|add171_23_191050_out         |  out|   32|      ap_vld|          add171_23_191050_out|       pointer|
|add171_23_191050_out_ap_vld  |  out|    1|      ap_vld|          add171_23_191050_out|       pointer|
|add171_23_181049_out         |  out|   32|      ap_vld|          add171_23_181049_out|       pointer|
|add171_23_181049_out_ap_vld  |  out|    1|      ap_vld|          add171_23_181049_out|       pointer|
|add171_23_171048_out         |  out|   32|      ap_vld|          add171_23_171048_out|       pointer|
|add171_23_171048_out_ap_vld  |  out|    1|      ap_vld|          add171_23_171048_out|       pointer|
|add171_23_161047_out         |  out|   32|      ap_vld|          add171_23_161047_out|       pointer|
|add171_23_161047_out_ap_vld  |  out|    1|      ap_vld|          add171_23_161047_out|       pointer|
|add171_23_151046_out         |  out|   32|      ap_vld|          add171_23_151046_out|       pointer|
|add171_23_151046_out_ap_vld  |  out|    1|      ap_vld|          add171_23_151046_out|       pointer|
|add171_23_141045_out         |  out|   32|      ap_vld|          add171_23_141045_out|       pointer|
|add171_23_141045_out_ap_vld  |  out|    1|      ap_vld|          add171_23_141045_out|       pointer|
|add171_23_131044_out         |  out|   32|      ap_vld|          add171_23_131044_out|       pointer|
|add171_23_131044_out_ap_vld  |  out|    1|      ap_vld|          add171_23_131044_out|       pointer|
|add171_23_121043_out         |  out|   32|      ap_vld|          add171_23_121043_out|       pointer|
|add171_23_121043_out_ap_vld  |  out|    1|      ap_vld|          add171_23_121043_out|       pointer|
|add171_23_111042_out         |  out|   32|      ap_vld|          add171_23_111042_out|       pointer|
|add171_23_111042_out_ap_vld  |  out|    1|      ap_vld|          add171_23_111042_out|       pointer|
|add171_23_101041_out         |  out|   32|      ap_vld|          add171_23_101041_out|       pointer|
|add171_23_101041_out_ap_vld  |  out|    1|      ap_vld|          add171_23_101041_out|       pointer|
|add171_23_91040_out          |  out|   32|      ap_vld|           add171_23_91040_out|       pointer|
|add171_23_91040_out_ap_vld   |  out|    1|      ap_vld|           add171_23_91040_out|       pointer|
|add171_23_81039_out          |  out|   32|      ap_vld|           add171_23_81039_out|       pointer|
|add171_23_81039_out_ap_vld   |  out|    1|      ap_vld|           add171_23_81039_out|       pointer|
|add171_23_71038_out          |  out|   32|      ap_vld|           add171_23_71038_out|       pointer|
|add171_23_71038_out_ap_vld   |  out|    1|      ap_vld|           add171_23_71038_out|       pointer|
|add171_23_61037_out          |  out|   32|      ap_vld|           add171_23_61037_out|       pointer|
|add171_23_61037_out_ap_vld   |  out|    1|      ap_vld|           add171_23_61037_out|       pointer|
|add171_23_51036_out          |  out|   32|      ap_vld|           add171_23_51036_out|       pointer|
|add171_23_51036_out_ap_vld   |  out|    1|      ap_vld|           add171_23_51036_out|       pointer|
|add171_23_41035_out          |  out|   32|      ap_vld|           add171_23_41035_out|       pointer|
|add171_23_41035_out_ap_vld   |  out|    1|      ap_vld|           add171_23_41035_out|       pointer|
|add171_23_31034_out          |  out|   32|      ap_vld|           add171_23_31034_out|       pointer|
|add171_23_31034_out_ap_vld   |  out|    1|      ap_vld|           add171_23_31034_out|       pointer|
|add171_23_21033_out          |  out|   32|      ap_vld|           add171_23_21033_out|       pointer|
|add171_23_21033_out_ap_vld   |  out|    1|      ap_vld|           add171_23_21033_out|       pointer|
|add171_23_11032_out          |  out|   32|      ap_vld|           add171_23_11032_out|       pointer|
|add171_23_11032_out_ap_vld   |  out|    1|      ap_vld|           add171_23_11032_out|       pointer|
|add171_231031_out            |  out|   32|      ap_vld|             add171_231031_out|       pointer|
|add171_231031_out_ap_vld     |  out|    1|      ap_vld|             add171_231031_out|       pointer|
|add171_22_311030_out         |  out|   32|      ap_vld|          add171_22_311030_out|       pointer|
|add171_22_311030_out_ap_vld  |  out|    1|      ap_vld|          add171_22_311030_out|       pointer|
|add171_22_301029_out         |  out|   32|      ap_vld|          add171_22_301029_out|       pointer|
|add171_22_301029_out_ap_vld  |  out|    1|      ap_vld|          add171_22_301029_out|       pointer|
|add171_22_291028_out         |  out|   32|      ap_vld|          add171_22_291028_out|       pointer|
|add171_22_291028_out_ap_vld  |  out|    1|      ap_vld|          add171_22_291028_out|       pointer|
|add171_22_281027_out         |  out|   32|      ap_vld|          add171_22_281027_out|       pointer|
|add171_22_281027_out_ap_vld  |  out|    1|      ap_vld|          add171_22_281027_out|       pointer|
|add171_22_271026_out         |  out|   32|      ap_vld|          add171_22_271026_out|       pointer|
|add171_22_271026_out_ap_vld  |  out|    1|      ap_vld|          add171_22_271026_out|       pointer|
|add171_22_261025_out         |  out|   32|      ap_vld|          add171_22_261025_out|       pointer|
|add171_22_261025_out_ap_vld  |  out|    1|      ap_vld|          add171_22_261025_out|       pointer|
|add171_22_251024_out         |  out|   32|      ap_vld|          add171_22_251024_out|       pointer|
|add171_22_251024_out_ap_vld  |  out|    1|      ap_vld|          add171_22_251024_out|       pointer|
|add171_22_241023_out         |  out|   32|      ap_vld|          add171_22_241023_out|       pointer|
|add171_22_241023_out_ap_vld  |  out|    1|      ap_vld|          add171_22_241023_out|       pointer|
|add171_22_231022_out         |  out|   32|      ap_vld|          add171_22_231022_out|       pointer|
|add171_22_231022_out_ap_vld  |  out|    1|      ap_vld|          add171_22_231022_out|       pointer|
|add171_22_221021_out         |  out|   32|      ap_vld|          add171_22_221021_out|       pointer|
|add171_22_221021_out_ap_vld  |  out|    1|      ap_vld|          add171_22_221021_out|       pointer|
|add171_22_211020_out         |  out|   32|      ap_vld|          add171_22_211020_out|       pointer|
|add171_22_211020_out_ap_vld  |  out|    1|      ap_vld|          add171_22_211020_out|       pointer|
|add171_22_201019_out         |  out|   32|      ap_vld|          add171_22_201019_out|       pointer|
|add171_22_201019_out_ap_vld  |  out|    1|      ap_vld|          add171_22_201019_out|       pointer|
|add171_22_191018_out         |  out|   32|      ap_vld|          add171_22_191018_out|       pointer|
|add171_22_191018_out_ap_vld  |  out|    1|      ap_vld|          add171_22_191018_out|       pointer|
|add171_22_181017_out         |  out|   32|      ap_vld|          add171_22_181017_out|       pointer|
|add171_22_181017_out_ap_vld  |  out|    1|      ap_vld|          add171_22_181017_out|       pointer|
|add171_22_171016_out         |  out|   32|      ap_vld|          add171_22_171016_out|       pointer|
|add171_22_171016_out_ap_vld  |  out|    1|      ap_vld|          add171_22_171016_out|       pointer|
|add171_22_161015_out         |  out|   32|      ap_vld|          add171_22_161015_out|       pointer|
|add171_22_161015_out_ap_vld  |  out|    1|      ap_vld|          add171_22_161015_out|       pointer|
|add171_22_151014_out         |  out|   32|      ap_vld|          add171_22_151014_out|       pointer|
|add171_22_151014_out_ap_vld  |  out|    1|      ap_vld|          add171_22_151014_out|       pointer|
|add171_22_141013_out         |  out|   32|      ap_vld|          add171_22_141013_out|       pointer|
|add171_22_141013_out_ap_vld  |  out|    1|      ap_vld|          add171_22_141013_out|       pointer|
|add171_22_131012_out         |  out|   32|      ap_vld|          add171_22_131012_out|       pointer|
|add171_22_131012_out_ap_vld  |  out|    1|      ap_vld|          add171_22_131012_out|       pointer|
|add171_22_121011_out         |  out|   32|      ap_vld|          add171_22_121011_out|       pointer|
|add171_22_121011_out_ap_vld  |  out|    1|      ap_vld|          add171_22_121011_out|       pointer|
|add171_22_111010_out         |  out|   32|      ap_vld|          add171_22_111010_out|       pointer|
|add171_22_111010_out_ap_vld  |  out|    1|      ap_vld|          add171_22_111010_out|       pointer|
|add171_22_101009_out         |  out|   32|      ap_vld|          add171_22_101009_out|       pointer|
|add171_22_101009_out_ap_vld  |  out|    1|      ap_vld|          add171_22_101009_out|       pointer|
|add171_22_91008_out          |  out|   32|      ap_vld|           add171_22_91008_out|       pointer|
|add171_22_91008_out_ap_vld   |  out|    1|      ap_vld|           add171_22_91008_out|       pointer|
|add171_22_81007_out          |  out|   32|      ap_vld|           add171_22_81007_out|       pointer|
|add171_22_81007_out_ap_vld   |  out|    1|      ap_vld|           add171_22_81007_out|       pointer|
|add171_22_71006_out          |  out|   32|      ap_vld|           add171_22_71006_out|       pointer|
|add171_22_71006_out_ap_vld   |  out|    1|      ap_vld|           add171_22_71006_out|       pointer|
|add171_22_61005_out          |  out|   32|      ap_vld|           add171_22_61005_out|       pointer|
|add171_22_61005_out_ap_vld   |  out|    1|      ap_vld|           add171_22_61005_out|       pointer|
|add171_22_51004_out          |  out|   32|      ap_vld|           add171_22_51004_out|       pointer|
|add171_22_51004_out_ap_vld   |  out|    1|      ap_vld|           add171_22_51004_out|       pointer|
|add171_22_41003_out          |  out|   32|      ap_vld|           add171_22_41003_out|       pointer|
|add171_22_41003_out_ap_vld   |  out|    1|      ap_vld|           add171_22_41003_out|       pointer|
|add171_22_31002_out          |  out|   32|      ap_vld|           add171_22_31002_out|       pointer|
|add171_22_31002_out_ap_vld   |  out|    1|      ap_vld|           add171_22_31002_out|       pointer|
|add171_22_21001_out          |  out|   32|      ap_vld|           add171_22_21001_out|       pointer|
|add171_22_21001_out_ap_vld   |  out|    1|      ap_vld|           add171_22_21001_out|       pointer|
|add171_22_11000_out          |  out|   32|      ap_vld|           add171_22_11000_out|       pointer|
|add171_22_11000_out_ap_vld   |  out|    1|      ap_vld|           add171_22_11000_out|       pointer|
|add171_22999_out             |  out|   32|      ap_vld|              add171_22999_out|       pointer|
|add171_22999_out_ap_vld      |  out|    1|      ap_vld|              add171_22999_out|       pointer|
|add171_21_31998_out          |  out|   32|      ap_vld|           add171_21_31998_out|       pointer|
|add171_21_31998_out_ap_vld   |  out|    1|      ap_vld|           add171_21_31998_out|       pointer|
|add171_21_30997_out          |  out|   32|      ap_vld|           add171_21_30997_out|       pointer|
|add171_21_30997_out_ap_vld   |  out|    1|      ap_vld|           add171_21_30997_out|       pointer|
|add171_21_29996_out          |  out|   32|      ap_vld|           add171_21_29996_out|       pointer|
|add171_21_29996_out_ap_vld   |  out|    1|      ap_vld|           add171_21_29996_out|       pointer|
|add171_21_28995_out          |  out|   32|      ap_vld|           add171_21_28995_out|       pointer|
|add171_21_28995_out_ap_vld   |  out|    1|      ap_vld|           add171_21_28995_out|       pointer|
|add171_21_27994_out          |  out|   32|      ap_vld|           add171_21_27994_out|       pointer|
|add171_21_27994_out_ap_vld   |  out|    1|      ap_vld|           add171_21_27994_out|       pointer|
|add171_21_26993_out          |  out|   32|      ap_vld|           add171_21_26993_out|       pointer|
|add171_21_26993_out_ap_vld   |  out|    1|      ap_vld|           add171_21_26993_out|       pointer|
|add171_21_25992_out          |  out|   32|      ap_vld|           add171_21_25992_out|       pointer|
|add171_21_25992_out_ap_vld   |  out|    1|      ap_vld|           add171_21_25992_out|       pointer|
|add171_21_24991_out          |  out|   32|      ap_vld|           add171_21_24991_out|       pointer|
|add171_21_24991_out_ap_vld   |  out|    1|      ap_vld|           add171_21_24991_out|       pointer|
|add171_21_23990_out          |  out|   32|      ap_vld|           add171_21_23990_out|       pointer|
|add171_21_23990_out_ap_vld   |  out|    1|      ap_vld|           add171_21_23990_out|       pointer|
|add171_21_22989_out          |  out|   32|      ap_vld|           add171_21_22989_out|       pointer|
|add171_21_22989_out_ap_vld   |  out|    1|      ap_vld|           add171_21_22989_out|       pointer|
|add171_21_21988_out          |  out|   32|      ap_vld|           add171_21_21988_out|       pointer|
|add171_21_21988_out_ap_vld   |  out|    1|      ap_vld|           add171_21_21988_out|       pointer|
|add171_21_20987_out          |  out|   32|      ap_vld|           add171_21_20987_out|       pointer|
|add171_21_20987_out_ap_vld   |  out|    1|      ap_vld|           add171_21_20987_out|       pointer|
|add171_21_19986_out          |  out|   32|      ap_vld|           add171_21_19986_out|       pointer|
|add171_21_19986_out_ap_vld   |  out|    1|      ap_vld|           add171_21_19986_out|       pointer|
|add171_21_18985_out          |  out|   32|      ap_vld|           add171_21_18985_out|       pointer|
|add171_21_18985_out_ap_vld   |  out|    1|      ap_vld|           add171_21_18985_out|       pointer|
|add171_21_17984_out          |  out|   32|      ap_vld|           add171_21_17984_out|       pointer|
|add171_21_17984_out_ap_vld   |  out|    1|      ap_vld|           add171_21_17984_out|       pointer|
|add171_21_16983_out          |  out|   32|      ap_vld|           add171_21_16983_out|       pointer|
|add171_21_16983_out_ap_vld   |  out|    1|      ap_vld|           add171_21_16983_out|       pointer|
|add171_21_15982_out          |  out|   32|      ap_vld|           add171_21_15982_out|       pointer|
|add171_21_15982_out_ap_vld   |  out|    1|      ap_vld|           add171_21_15982_out|       pointer|
|add171_21_14981_out          |  out|   32|      ap_vld|           add171_21_14981_out|       pointer|
|add171_21_14981_out_ap_vld   |  out|    1|      ap_vld|           add171_21_14981_out|       pointer|
|add171_21_13980_out          |  out|   32|      ap_vld|           add171_21_13980_out|       pointer|
|add171_21_13980_out_ap_vld   |  out|    1|      ap_vld|           add171_21_13980_out|       pointer|
|add171_21_12979_out          |  out|   32|      ap_vld|           add171_21_12979_out|       pointer|
|add171_21_12979_out_ap_vld   |  out|    1|      ap_vld|           add171_21_12979_out|       pointer|
|add171_21_11978_out          |  out|   32|      ap_vld|           add171_21_11978_out|       pointer|
|add171_21_11978_out_ap_vld   |  out|    1|      ap_vld|           add171_21_11978_out|       pointer|
|add171_21_10977_out          |  out|   32|      ap_vld|           add171_21_10977_out|       pointer|
|add171_21_10977_out_ap_vld   |  out|    1|      ap_vld|           add171_21_10977_out|       pointer|
|add171_21_9976_out           |  out|   32|      ap_vld|            add171_21_9976_out|       pointer|
|add171_21_9976_out_ap_vld    |  out|    1|      ap_vld|            add171_21_9976_out|       pointer|
|add171_21_8975_out           |  out|   32|      ap_vld|            add171_21_8975_out|       pointer|
|add171_21_8975_out_ap_vld    |  out|    1|      ap_vld|            add171_21_8975_out|       pointer|
|add171_21_7974_out           |  out|   32|      ap_vld|            add171_21_7974_out|       pointer|
|add171_21_7974_out_ap_vld    |  out|    1|      ap_vld|            add171_21_7974_out|       pointer|
|add171_21_6973_out           |  out|   32|      ap_vld|            add171_21_6973_out|       pointer|
|add171_21_6973_out_ap_vld    |  out|    1|      ap_vld|            add171_21_6973_out|       pointer|
|add171_21_5972_out           |  out|   32|      ap_vld|            add171_21_5972_out|       pointer|
|add171_21_5972_out_ap_vld    |  out|    1|      ap_vld|            add171_21_5972_out|       pointer|
|add171_21_4971_out           |  out|   32|      ap_vld|            add171_21_4971_out|       pointer|
|add171_21_4971_out_ap_vld    |  out|    1|      ap_vld|            add171_21_4971_out|       pointer|
|add171_21_3970_out           |  out|   32|      ap_vld|            add171_21_3970_out|       pointer|
|add171_21_3970_out_ap_vld    |  out|    1|      ap_vld|            add171_21_3970_out|       pointer|
|add171_21_2969_out           |  out|   32|      ap_vld|            add171_21_2969_out|       pointer|
|add171_21_2969_out_ap_vld    |  out|    1|      ap_vld|            add171_21_2969_out|       pointer|
|add171_21_1968_out           |  out|   32|      ap_vld|            add171_21_1968_out|       pointer|
|add171_21_1968_out_ap_vld    |  out|    1|      ap_vld|            add171_21_1968_out|       pointer|
|add171_21967_out             |  out|   32|      ap_vld|              add171_21967_out|       pointer|
|add171_21967_out_ap_vld      |  out|    1|      ap_vld|              add171_21967_out|       pointer|
|add171_20_31966_out          |  out|   32|      ap_vld|           add171_20_31966_out|       pointer|
|add171_20_31966_out_ap_vld   |  out|    1|      ap_vld|           add171_20_31966_out|       pointer|
|add171_20_30965_out          |  out|   32|      ap_vld|           add171_20_30965_out|       pointer|
|add171_20_30965_out_ap_vld   |  out|    1|      ap_vld|           add171_20_30965_out|       pointer|
|add171_20_29964_out          |  out|   32|      ap_vld|           add171_20_29964_out|       pointer|
|add171_20_29964_out_ap_vld   |  out|    1|      ap_vld|           add171_20_29964_out|       pointer|
|add171_20_28963_out          |  out|   32|      ap_vld|           add171_20_28963_out|       pointer|
|add171_20_28963_out_ap_vld   |  out|    1|      ap_vld|           add171_20_28963_out|       pointer|
|add171_20_27962_out          |  out|   32|      ap_vld|           add171_20_27962_out|       pointer|
|add171_20_27962_out_ap_vld   |  out|    1|      ap_vld|           add171_20_27962_out|       pointer|
|add171_20_26961_out          |  out|   32|      ap_vld|           add171_20_26961_out|       pointer|
|add171_20_26961_out_ap_vld   |  out|    1|      ap_vld|           add171_20_26961_out|       pointer|
|add171_20_25960_out          |  out|   32|      ap_vld|           add171_20_25960_out|       pointer|
|add171_20_25960_out_ap_vld   |  out|    1|      ap_vld|           add171_20_25960_out|       pointer|
|add171_20_24959_out          |  out|   32|      ap_vld|           add171_20_24959_out|       pointer|
|add171_20_24959_out_ap_vld   |  out|    1|      ap_vld|           add171_20_24959_out|       pointer|
|add171_20_23958_out          |  out|   32|      ap_vld|           add171_20_23958_out|       pointer|
|add171_20_23958_out_ap_vld   |  out|    1|      ap_vld|           add171_20_23958_out|       pointer|
|add171_20_22957_out          |  out|   32|      ap_vld|           add171_20_22957_out|       pointer|
|add171_20_22957_out_ap_vld   |  out|    1|      ap_vld|           add171_20_22957_out|       pointer|
|add171_20_21956_out          |  out|   32|      ap_vld|           add171_20_21956_out|       pointer|
|add171_20_21956_out_ap_vld   |  out|    1|      ap_vld|           add171_20_21956_out|       pointer|
|add171_20_20955_out          |  out|   32|      ap_vld|           add171_20_20955_out|       pointer|
|add171_20_20955_out_ap_vld   |  out|    1|      ap_vld|           add171_20_20955_out|       pointer|
|add171_20_19954_out          |  out|   32|      ap_vld|           add171_20_19954_out|       pointer|
|add171_20_19954_out_ap_vld   |  out|    1|      ap_vld|           add171_20_19954_out|       pointer|
|add171_20_18953_out          |  out|   32|      ap_vld|           add171_20_18953_out|       pointer|
|add171_20_18953_out_ap_vld   |  out|    1|      ap_vld|           add171_20_18953_out|       pointer|
|add171_20_17952_out          |  out|   32|      ap_vld|           add171_20_17952_out|       pointer|
|add171_20_17952_out_ap_vld   |  out|    1|      ap_vld|           add171_20_17952_out|       pointer|
|add171_20_16951_out          |  out|   32|      ap_vld|           add171_20_16951_out|       pointer|
|add171_20_16951_out_ap_vld   |  out|    1|      ap_vld|           add171_20_16951_out|       pointer|
|add171_20_15950_out          |  out|   32|      ap_vld|           add171_20_15950_out|       pointer|
|add171_20_15950_out_ap_vld   |  out|    1|      ap_vld|           add171_20_15950_out|       pointer|
|add171_20_14949_out          |  out|   32|      ap_vld|           add171_20_14949_out|       pointer|
|add171_20_14949_out_ap_vld   |  out|    1|      ap_vld|           add171_20_14949_out|       pointer|
|add171_20_13948_out          |  out|   32|      ap_vld|           add171_20_13948_out|       pointer|
|add171_20_13948_out_ap_vld   |  out|    1|      ap_vld|           add171_20_13948_out|       pointer|
|add171_20_12947_out          |  out|   32|      ap_vld|           add171_20_12947_out|       pointer|
|add171_20_12947_out_ap_vld   |  out|    1|      ap_vld|           add171_20_12947_out|       pointer|
|add171_20_11946_out          |  out|   32|      ap_vld|           add171_20_11946_out|       pointer|
|add171_20_11946_out_ap_vld   |  out|    1|      ap_vld|           add171_20_11946_out|       pointer|
|add171_20_10945_out          |  out|   32|      ap_vld|           add171_20_10945_out|       pointer|
|add171_20_10945_out_ap_vld   |  out|    1|      ap_vld|           add171_20_10945_out|       pointer|
|add171_20_9944_out           |  out|   32|      ap_vld|            add171_20_9944_out|       pointer|
|add171_20_9944_out_ap_vld    |  out|    1|      ap_vld|            add171_20_9944_out|       pointer|
|add171_20_8943_out           |  out|   32|      ap_vld|            add171_20_8943_out|       pointer|
|add171_20_8943_out_ap_vld    |  out|    1|      ap_vld|            add171_20_8943_out|       pointer|
|add171_20_7942_out           |  out|   32|      ap_vld|            add171_20_7942_out|       pointer|
|add171_20_7942_out_ap_vld    |  out|    1|      ap_vld|            add171_20_7942_out|       pointer|
|add171_20_6941_out           |  out|   32|      ap_vld|            add171_20_6941_out|       pointer|
|add171_20_6941_out_ap_vld    |  out|    1|      ap_vld|            add171_20_6941_out|       pointer|
|add171_20_5940_out           |  out|   32|      ap_vld|            add171_20_5940_out|       pointer|
|add171_20_5940_out_ap_vld    |  out|    1|      ap_vld|            add171_20_5940_out|       pointer|
|add171_20_4939_out           |  out|   32|      ap_vld|            add171_20_4939_out|       pointer|
|add171_20_4939_out_ap_vld    |  out|    1|      ap_vld|            add171_20_4939_out|       pointer|
|add171_20_3938_out           |  out|   32|      ap_vld|            add171_20_3938_out|       pointer|
|add171_20_3938_out_ap_vld    |  out|    1|      ap_vld|            add171_20_3938_out|       pointer|
|add171_20_2937_out           |  out|   32|      ap_vld|            add171_20_2937_out|       pointer|
|add171_20_2937_out_ap_vld    |  out|    1|      ap_vld|            add171_20_2937_out|       pointer|
|add171_20_1936_out           |  out|   32|      ap_vld|            add171_20_1936_out|       pointer|
|add171_20_1936_out_ap_vld    |  out|    1|      ap_vld|            add171_20_1936_out|       pointer|
|add171_20935_out             |  out|   32|      ap_vld|              add171_20935_out|       pointer|
|add171_20935_out_ap_vld      |  out|    1|      ap_vld|              add171_20935_out|       pointer|
|add171_19_31934_out          |  out|   32|      ap_vld|           add171_19_31934_out|       pointer|
|add171_19_31934_out_ap_vld   |  out|    1|      ap_vld|           add171_19_31934_out|       pointer|
|add171_19_30933_out          |  out|   32|      ap_vld|           add171_19_30933_out|       pointer|
|add171_19_30933_out_ap_vld   |  out|    1|      ap_vld|           add171_19_30933_out|       pointer|
|add171_19_29932_out          |  out|   32|      ap_vld|           add171_19_29932_out|       pointer|
|add171_19_29932_out_ap_vld   |  out|    1|      ap_vld|           add171_19_29932_out|       pointer|
|add171_19_28931_out          |  out|   32|      ap_vld|           add171_19_28931_out|       pointer|
|add171_19_28931_out_ap_vld   |  out|    1|      ap_vld|           add171_19_28931_out|       pointer|
|add171_19_27930_out          |  out|   32|      ap_vld|           add171_19_27930_out|       pointer|
|add171_19_27930_out_ap_vld   |  out|    1|      ap_vld|           add171_19_27930_out|       pointer|
|add171_19_26929_out          |  out|   32|      ap_vld|           add171_19_26929_out|       pointer|
|add171_19_26929_out_ap_vld   |  out|    1|      ap_vld|           add171_19_26929_out|       pointer|
|add171_19_25928_out          |  out|   32|      ap_vld|           add171_19_25928_out|       pointer|
|add171_19_25928_out_ap_vld   |  out|    1|      ap_vld|           add171_19_25928_out|       pointer|
|add171_19_24927_out          |  out|   32|      ap_vld|           add171_19_24927_out|       pointer|
|add171_19_24927_out_ap_vld   |  out|    1|      ap_vld|           add171_19_24927_out|       pointer|
|add171_19_23926_out          |  out|   32|      ap_vld|           add171_19_23926_out|       pointer|
|add171_19_23926_out_ap_vld   |  out|    1|      ap_vld|           add171_19_23926_out|       pointer|
|add171_19_22925_out          |  out|   32|      ap_vld|           add171_19_22925_out|       pointer|
|add171_19_22925_out_ap_vld   |  out|    1|      ap_vld|           add171_19_22925_out|       pointer|
|add171_19_21924_out          |  out|   32|      ap_vld|           add171_19_21924_out|       pointer|
|add171_19_21924_out_ap_vld   |  out|    1|      ap_vld|           add171_19_21924_out|       pointer|
|add171_19_20923_out          |  out|   32|      ap_vld|           add171_19_20923_out|       pointer|
|add171_19_20923_out_ap_vld   |  out|    1|      ap_vld|           add171_19_20923_out|       pointer|
|add171_19_19922_out          |  out|   32|      ap_vld|           add171_19_19922_out|       pointer|
|add171_19_19922_out_ap_vld   |  out|    1|      ap_vld|           add171_19_19922_out|       pointer|
|add171_19_18921_out          |  out|   32|      ap_vld|           add171_19_18921_out|       pointer|
|add171_19_18921_out_ap_vld   |  out|    1|      ap_vld|           add171_19_18921_out|       pointer|
|add171_19_17920_out          |  out|   32|      ap_vld|           add171_19_17920_out|       pointer|
|add171_19_17920_out_ap_vld   |  out|    1|      ap_vld|           add171_19_17920_out|       pointer|
|add171_19_16919_out          |  out|   32|      ap_vld|           add171_19_16919_out|       pointer|
|add171_19_16919_out_ap_vld   |  out|    1|      ap_vld|           add171_19_16919_out|       pointer|
|add171_19_15918_out          |  out|   32|      ap_vld|           add171_19_15918_out|       pointer|
|add171_19_15918_out_ap_vld   |  out|    1|      ap_vld|           add171_19_15918_out|       pointer|
|add171_19_14917_out          |  out|   32|      ap_vld|           add171_19_14917_out|       pointer|
|add171_19_14917_out_ap_vld   |  out|    1|      ap_vld|           add171_19_14917_out|       pointer|
|add171_19_13916_out          |  out|   32|      ap_vld|           add171_19_13916_out|       pointer|
|add171_19_13916_out_ap_vld   |  out|    1|      ap_vld|           add171_19_13916_out|       pointer|
|add171_19_12915_out          |  out|   32|      ap_vld|           add171_19_12915_out|       pointer|
|add171_19_12915_out_ap_vld   |  out|    1|      ap_vld|           add171_19_12915_out|       pointer|
|add171_19_11914_out          |  out|   32|      ap_vld|           add171_19_11914_out|       pointer|
|add171_19_11914_out_ap_vld   |  out|    1|      ap_vld|           add171_19_11914_out|       pointer|
|add171_19_10913_out          |  out|   32|      ap_vld|           add171_19_10913_out|       pointer|
|add171_19_10913_out_ap_vld   |  out|    1|      ap_vld|           add171_19_10913_out|       pointer|
|add171_19_9912_out           |  out|   32|      ap_vld|            add171_19_9912_out|       pointer|
|add171_19_9912_out_ap_vld    |  out|    1|      ap_vld|            add171_19_9912_out|       pointer|
|add171_19_8911_out           |  out|   32|      ap_vld|            add171_19_8911_out|       pointer|
|add171_19_8911_out_ap_vld    |  out|    1|      ap_vld|            add171_19_8911_out|       pointer|
|add171_19_7910_out           |  out|   32|      ap_vld|            add171_19_7910_out|       pointer|
|add171_19_7910_out_ap_vld    |  out|    1|      ap_vld|            add171_19_7910_out|       pointer|
|add171_19_6909_out           |  out|   32|      ap_vld|            add171_19_6909_out|       pointer|
|add171_19_6909_out_ap_vld    |  out|    1|      ap_vld|            add171_19_6909_out|       pointer|
|add171_19_5908_out           |  out|   32|      ap_vld|            add171_19_5908_out|       pointer|
|add171_19_5908_out_ap_vld    |  out|    1|      ap_vld|            add171_19_5908_out|       pointer|
|add171_19_4907_out           |  out|   32|      ap_vld|            add171_19_4907_out|       pointer|
|add171_19_4907_out_ap_vld    |  out|    1|      ap_vld|            add171_19_4907_out|       pointer|
|add171_19_3906_out           |  out|   32|      ap_vld|            add171_19_3906_out|       pointer|
|add171_19_3906_out_ap_vld    |  out|    1|      ap_vld|            add171_19_3906_out|       pointer|
|add171_19_2905_out           |  out|   32|      ap_vld|            add171_19_2905_out|       pointer|
|add171_19_2905_out_ap_vld    |  out|    1|      ap_vld|            add171_19_2905_out|       pointer|
|add171_19_1904_out           |  out|   32|      ap_vld|            add171_19_1904_out|       pointer|
|add171_19_1904_out_ap_vld    |  out|    1|      ap_vld|            add171_19_1904_out|       pointer|
|add171_19903_out             |  out|   32|      ap_vld|              add171_19903_out|       pointer|
|add171_19903_out_ap_vld      |  out|    1|      ap_vld|              add171_19903_out|       pointer|
|add171_18_31902_out          |  out|   32|      ap_vld|           add171_18_31902_out|       pointer|
|add171_18_31902_out_ap_vld   |  out|    1|      ap_vld|           add171_18_31902_out|       pointer|
|add171_18_30901_out          |  out|   32|      ap_vld|           add171_18_30901_out|       pointer|
|add171_18_30901_out_ap_vld   |  out|    1|      ap_vld|           add171_18_30901_out|       pointer|
|add171_18_29900_out          |  out|   32|      ap_vld|           add171_18_29900_out|       pointer|
|add171_18_29900_out_ap_vld   |  out|    1|      ap_vld|           add171_18_29900_out|       pointer|
|add171_18_28899_out          |  out|   32|      ap_vld|           add171_18_28899_out|       pointer|
|add171_18_28899_out_ap_vld   |  out|    1|      ap_vld|           add171_18_28899_out|       pointer|
|add171_18_27898_out          |  out|   32|      ap_vld|           add171_18_27898_out|       pointer|
|add171_18_27898_out_ap_vld   |  out|    1|      ap_vld|           add171_18_27898_out|       pointer|
|add171_18_26897_out          |  out|   32|      ap_vld|           add171_18_26897_out|       pointer|
|add171_18_26897_out_ap_vld   |  out|    1|      ap_vld|           add171_18_26897_out|       pointer|
|add171_18_25896_out          |  out|   32|      ap_vld|           add171_18_25896_out|       pointer|
|add171_18_25896_out_ap_vld   |  out|    1|      ap_vld|           add171_18_25896_out|       pointer|
|add171_18_24895_out          |  out|   32|      ap_vld|           add171_18_24895_out|       pointer|
|add171_18_24895_out_ap_vld   |  out|    1|      ap_vld|           add171_18_24895_out|       pointer|
|add171_18_23894_out          |  out|   32|      ap_vld|           add171_18_23894_out|       pointer|
|add171_18_23894_out_ap_vld   |  out|    1|      ap_vld|           add171_18_23894_out|       pointer|
|add171_18_22893_out          |  out|   32|      ap_vld|           add171_18_22893_out|       pointer|
|add171_18_22893_out_ap_vld   |  out|    1|      ap_vld|           add171_18_22893_out|       pointer|
|add171_18_21892_out          |  out|   32|      ap_vld|           add171_18_21892_out|       pointer|
|add171_18_21892_out_ap_vld   |  out|    1|      ap_vld|           add171_18_21892_out|       pointer|
|add171_18_20891_out          |  out|   32|      ap_vld|           add171_18_20891_out|       pointer|
|add171_18_20891_out_ap_vld   |  out|    1|      ap_vld|           add171_18_20891_out|       pointer|
|add171_18_19890_out          |  out|   32|      ap_vld|           add171_18_19890_out|       pointer|
|add171_18_19890_out_ap_vld   |  out|    1|      ap_vld|           add171_18_19890_out|       pointer|
|add171_18_18889_out          |  out|   32|      ap_vld|           add171_18_18889_out|       pointer|
|add171_18_18889_out_ap_vld   |  out|    1|      ap_vld|           add171_18_18889_out|       pointer|
|add171_18_17888_out          |  out|   32|      ap_vld|           add171_18_17888_out|       pointer|
|add171_18_17888_out_ap_vld   |  out|    1|      ap_vld|           add171_18_17888_out|       pointer|
|add171_18_16887_out          |  out|   32|      ap_vld|           add171_18_16887_out|       pointer|
|add171_18_16887_out_ap_vld   |  out|    1|      ap_vld|           add171_18_16887_out|       pointer|
|add171_18_15886_out          |  out|   32|      ap_vld|           add171_18_15886_out|       pointer|
|add171_18_15886_out_ap_vld   |  out|    1|      ap_vld|           add171_18_15886_out|       pointer|
|add171_18_14885_out          |  out|   32|      ap_vld|           add171_18_14885_out|       pointer|
|add171_18_14885_out_ap_vld   |  out|    1|      ap_vld|           add171_18_14885_out|       pointer|
|add171_18_13884_out          |  out|   32|      ap_vld|           add171_18_13884_out|       pointer|
|add171_18_13884_out_ap_vld   |  out|    1|      ap_vld|           add171_18_13884_out|       pointer|
|add171_18_12883_out          |  out|   32|      ap_vld|           add171_18_12883_out|       pointer|
|add171_18_12883_out_ap_vld   |  out|    1|      ap_vld|           add171_18_12883_out|       pointer|
|add171_18_11882_out          |  out|   32|      ap_vld|           add171_18_11882_out|       pointer|
|add171_18_11882_out_ap_vld   |  out|    1|      ap_vld|           add171_18_11882_out|       pointer|
|add171_18_10881_out          |  out|   32|      ap_vld|           add171_18_10881_out|       pointer|
|add171_18_10881_out_ap_vld   |  out|    1|      ap_vld|           add171_18_10881_out|       pointer|
|add171_18_9880_out           |  out|   32|      ap_vld|            add171_18_9880_out|       pointer|
|add171_18_9880_out_ap_vld    |  out|    1|      ap_vld|            add171_18_9880_out|       pointer|
|add171_18_8879_out           |  out|   32|      ap_vld|            add171_18_8879_out|       pointer|
|add171_18_8879_out_ap_vld    |  out|    1|      ap_vld|            add171_18_8879_out|       pointer|
|add171_18_7878_out           |  out|   32|      ap_vld|            add171_18_7878_out|       pointer|
|add171_18_7878_out_ap_vld    |  out|    1|      ap_vld|            add171_18_7878_out|       pointer|
|add171_18_6877_out           |  out|   32|      ap_vld|            add171_18_6877_out|       pointer|
|add171_18_6877_out_ap_vld    |  out|    1|      ap_vld|            add171_18_6877_out|       pointer|
|add171_18_5876_out           |  out|   32|      ap_vld|            add171_18_5876_out|       pointer|
|add171_18_5876_out_ap_vld    |  out|    1|      ap_vld|            add171_18_5876_out|       pointer|
|add171_18_4875_out           |  out|   32|      ap_vld|            add171_18_4875_out|       pointer|
|add171_18_4875_out_ap_vld    |  out|    1|      ap_vld|            add171_18_4875_out|       pointer|
|add171_18_3874_out           |  out|   32|      ap_vld|            add171_18_3874_out|       pointer|
|add171_18_3874_out_ap_vld    |  out|    1|      ap_vld|            add171_18_3874_out|       pointer|
|add171_18_2873_out           |  out|   32|      ap_vld|            add171_18_2873_out|       pointer|
|add171_18_2873_out_ap_vld    |  out|    1|      ap_vld|            add171_18_2873_out|       pointer|
|add171_18_1872_out           |  out|   32|      ap_vld|            add171_18_1872_out|       pointer|
|add171_18_1872_out_ap_vld    |  out|    1|      ap_vld|            add171_18_1872_out|       pointer|
|add171_18871_out             |  out|   32|      ap_vld|              add171_18871_out|       pointer|
|add171_18871_out_ap_vld      |  out|    1|      ap_vld|              add171_18871_out|       pointer|
|add171_17_31870_out          |  out|   32|      ap_vld|           add171_17_31870_out|       pointer|
|add171_17_31870_out_ap_vld   |  out|    1|      ap_vld|           add171_17_31870_out|       pointer|
|add171_17_30869_out          |  out|   32|      ap_vld|           add171_17_30869_out|       pointer|
|add171_17_30869_out_ap_vld   |  out|    1|      ap_vld|           add171_17_30869_out|       pointer|
|add171_17_29868_out          |  out|   32|      ap_vld|           add171_17_29868_out|       pointer|
|add171_17_29868_out_ap_vld   |  out|    1|      ap_vld|           add171_17_29868_out|       pointer|
|add171_17_28867_out          |  out|   32|      ap_vld|           add171_17_28867_out|       pointer|
|add171_17_28867_out_ap_vld   |  out|    1|      ap_vld|           add171_17_28867_out|       pointer|
|add171_17_27866_out          |  out|   32|      ap_vld|           add171_17_27866_out|       pointer|
|add171_17_27866_out_ap_vld   |  out|    1|      ap_vld|           add171_17_27866_out|       pointer|
|add171_17_26865_out          |  out|   32|      ap_vld|           add171_17_26865_out|       pointer|
|add171_17_26865_out_ap_vld   |  out|    1|      ap_vld|           add171_17_26865_out|       pointer|
|add171_17_25864_out          |  out|   32|      ap_vld|           add171_17_25864_out|       pointer|
|add171_17_25864_out_ap_vld   |  out|    1|      ap_vld|           add171_17_25864_out|       pointer|
|add171_17_24863_out          |  out|   32|      ap_vld|           add171_17_24863_out|       pointer|
|add171_17_24863_out_ap_vld   |  out|    1|      ap_vld|           add171_17_24863_out|       pointer|
|add171_17_23862_out          |  out|   32|      ap_vld|           add171_17_23862_out|       pointer|
|add171_17_23862_out_ap_vld   |  out|    1|      ap_vld|           add171_17_23862_out|       pointer|
|add171_17_22861_out          |  out|   32|      ap_vld|           add171_17_22861_out|       pointer|
|add171_17_22861_out_ap_vld   |  out|    1|      ap_vld|           add171_17_22861_out|       pointer|
|add171_17_21860_out          |  out|   32|      ap_vld|           add171_17_21860_out|       pointer|
|add171_17_21860_out_ap_vld   |  out|    1|      ap_vld|           add171_17_21860_out|       pointer|
|add171_17_20859_out          |  out|   32|      ap_vld|           add171_17_20859_out|       pointer|
|add171_17_20859_out_ap_vld   |  out|    1|      ap_vld|           add171_17_20859_out|       pointer|
|add171_17_19858_out          |  out|   32|      ap_vld|           add171_17_19858_out|       pointer|
|add171_17_19858_out_ap_vld   |  out|    1|      ap_vld|           add171_17_19858_out|       pointer|
|add171_17_18857_out          |  out|   32|      ap_vld|           add171_17_18857_out|       pointer|
|add171_17_18857_out_ap_vld   |  out|    1|      ap_vld|           add171_17_18857_out|       pointer|
|add171_17_17856_out          |  out|   32|      ap_vld|           add171_17_17856_out|       pointer|
|add171_17_17856_out_ap_vld   |  out|    1|      ap_vld|           add171_17_17856_out|       pointer|
|add171_17_16855_out          |  out|   32|      ap_vld|           add171_17_16855_out|       pointer|
|add171_17_16855_out_ap_vld   |  out|    1|      ap_vld|           add171_17_16855_out|       pointer|
|add171_17_15854_out          |  out|   32|      ap_vld|           add171_17_15854_out|       pointer|
|add171_17_15854_out_ap_vld   |  out|    1|      ap_vld|           add171_17_15854_out|       pointer|
|add171_17_14853_out          |  out|   32|      ap_vld|           add171_17_14853_out|       pointer|
|add171_17_14853_out_ap_vld   |  out|    1|      ap_vld|           add171_17_14853_out|       pointer|
|add171_17_13852_out          |  out|   32|      ap_vld|           add171_17_13852_out|       pointer|
|add171_17_13852_out_ap_vld   |  out|    1|      ap_vld|           add171_17_13852_out|       pointer|
|add171_17_12851_out          |  out|   32|      ap_vld|           add171_17_12851_out|       pointer|
|add171_17_12851_out_ap_vld   |  out|    1|      ap_vld|           add171_17_12851_out|       pointer|
|add171_17_11850_out          |  out|   32|      ap_vld|           add171_17_11850_out|       pointer|
|add171_17_11850_out_ap_vld   |  out|    1|      ap_vld|           add171_17_11850_out|       pointer|
|add171_17_10849_out          |  out|   32|      ap_vld|           add171_17_10849_out|       pointer|
|add171_17_10849_out_ap_vld   |  out|    1|      ap_vld|           add171_17_10849_out|       pointer|
|add171_17_9848_out           |  out|   32|      ap_vld|            add171_17_9848_out|       pointer|
|add171_17_9848_out_ap_vld    |  out|    1|      ap_vld|            add171_17_9848_out|       pointer|
|add171_17_8847_out           |  out|   32|      ap_vld|            add171_17_8847_out|       pointer|
|add171_17_8847_out_ap_vld    |  out|    1|      ap_vld|            add171_17_8847_out|       pointer|
|add171_17_7846_out           |  out|   32|      ap_vld|            add171_17_7846_out|       pointer|
|add171_17_7846_out_ap_vld    |  out|    1|      ap_vld|            add171_17_7846_out|       pointer|
|add171_17_6845_out           |  out|   32|      ap_vld|            add171_17_6845_out|       pointer|
|add171_17_6845_out_ap_vld    |  out|    1|      ap_vld|            add171_17_6845_out|       pointer|
|add171_17_5844_out           |  out|   32|      ap_vld|            add171_17_5844_out|       pointer|
|add171_17_5844_out_ap_vld    |  out|    1|      ap_vld|            add171_17_5844_out|       pointer|
|add171_17_4843_out           |  out|   32|      ap_vld|            add171_17_4843_out|       pointer|
|add171_17_4843_out_ap_vld    |  out|    1|      ap_vld|            add171_17_4843_out|       pointer|
|add171_17_3842_out           |  out|   32|      ap_vld|            add171_17_3842_out|       pointer|
|add171_17_3842_out_ap_vld    |  out|    1|      ap_vld|            add171_17_3842_out|       pointer|
|add171_17_2841_out           |  out|   32|      ap_vld|            add171_17_2841_out|       pointer|
|add171_17_2841_out_ap_vld    |  out|    1|      ap_vld|            add171_17_2841_out|       pointer|
|add171_17_1840_out           |  out|   32|      ap_vld|            add171_17_1840_out|       pointer|
|add171_17_1840_out_ap_vld    |  out|    1|      ap_vld|            add171_17_1840_out|       pointer|
|add171_17839_out             |  out|   32|      ap_vld|              add171_17839_out|       pointer|
|add171_17839_out_ap_vld      |  out|    1|      ap_vld|              add171_17839_out|       pointer|
|add171_16_31838_out          |  out|   32|      ap_vld|           add171_16_31838_out|       pointer|
|add171_16_31838_out_ap_vld   |  out|    1|      ap_vld|           add171_16_31838_out|       pointer|
|add171_16_30837_out          |  out|   32|      ap_vld|           add171_16_30837_out|       pointer|
|add171_16_30837_out_ap_vld   |  out|    1|      ap_vld|           add171_16_30837_out|       pointer|
|add171_16_29836_out          |  out|   32|      ap_vld|           add171_16_29836_out|       pointer|
|add171_16_29836_out_ap_vld   |  out|    1|      ap_vld|           add171_16_29836_out|       pointer|
|add171_16_28835_out          |  out|   32|      ap_vld|           add171_16_28835_out|       pointer|
|add171_16_28835_out_ap_vld   |  out|    1|      ap_vld|           add171_16_28835_out|       pointer|
|add171_16_27834_out          |  out|   32|      ap_vld|           add171_16_27834_out|       pointer|
|add171_16_27834_out_ap_vld   |  out|    1|      ap_vld|           add171_16_27834_out|       pointer|
|add171_16_26833_out          |  out|   32|      ap_vld|           add171_16_26833_out|       pointer|
|add171_16_26833_out_ap_vld   |  out|    1|      ap_vld|           add171_16_26833_out|       pointer|
|add171_16_25832_out          |  out|   32|      ap_vld|           add171_16_25832_out|       pointer|
|add171_16_25832_out_ap_vld   |  out|    1|      ap_vld|           add171_16_25832_out|       pointer|
|add171_16_24831_out          |  out|   32|      ap_vld|           add171_16_24831_out|       pointer|
|add171_16_24831_out_ap_vld   |  out|    1|      ap_vld|           add171_16_24831_out|       pointer|
|add171_16_23830_out          |  out|   32|      ap_vld|           add171_16_23830_out|       pointer|
|add171_16_23830_out_ap_vld   |  out|    1|      ap_vld|           add171_16_23830_out|       pointer|
|add171_16_22829_out          |  out|   32|      ap_vld|           add171_16_22829_out|       pointer|
|add171_16_22829_out_ap_vld   |  out|    1|      ap_vld|           add171_16_22829_out|       pointer|
|add171_16_21828_out          |  out|   32|      ap_vld|           add171_16_21828_out|       pointer|
|add171_16_21828_out_ap_vld   |  out|    1|      ap_vld|           add171_16_21828_out|       pointer|
|add171_16_20827_out          |  out|   32|      ap_vld|           add171_16_20827_out|       pointer|
|add171_16_20827_out_ap_vld   |  out|    1|      ap_vld|           add171_16_20827_out|       pointer|
|add171_16_19826_out          |  out|   32|      ap_vld|           add171_16_19826_out|       pointer|
|add171_16_19826_out_ap_vld   |  out|    1|      ap_vld|           add171_16_19826_out|       pointer|
|add171_16_18825_out          |  out|   32|      ap_vld|           add171_16_18825_out|       pointer|
|add171_16_18825_out_ap_vld   |  out|    1|      ap_vld|           add171_16_18825_out|       pointer|
|add171_16_17824_out          |  out|   32|      ap_vld|           add171_16_17824_out|       pointer|
|add171_16_17824_out_ap_vld   |  out|    1|      ap_vld|           add171_16_17824_out|       pointer|
|add171_16_16823_out          |  out|   32|      ap_vld|           add171_16_16823_out|       pointer|
|add171_16_16823_out_ap_vld   |  out|    1|      ap_vld|           add171_16_16823_out|       pointer|
|add171_16_15822_out          |  out|   32|      ap_vld|           add171_16_15822_out|       pointer|
|add171_16_15822_out_ap_vld   |  out|    1|      ap_vld|           add171_16_15822_out|       pointer|
|add171_16_14821_out          |  out|   32|      ap_vld|           add171_16_14821_out|       pointer|
|add171_16_14821_out_ap_vld   |  out|    1|      ap_vld|           add171_16_14821_out|       pointer|
|add171_16_13820_out          |  out|   32|      ap_vld|           add171_16_13820_out|       pointer|
|add171_16_13820_out_ap_vld   |  out|    1|      ap_vld|           add171_16_13820_out|       pointer|
|add171_16_12819_out          |  out|   32|      ap_vld|           add171_16_12819_out|       pointer|
|add171_16_12819_out_ap_vld   |  out|    1|      ap_vld|           add171_16_12819_out|       pointer|
|add171_16_11818_out          |  out|   32|      ap_vld|           add171_16_11818_out|       pointer|
|add171_16_11818_out_ap_vld   |  out|    1|      ap_vld|           add171_16_11818_out|       pointer|
|add171_16_10817_out          |  out|   32|      ap_vld|           add171_16_10817_out|       pointer|
|add171_16_10817_out_ap_vld   |  out|    1|      ap_vld|           add171_16_10817_out|       pointer|
|add171_16_9816_out           |  out|   32|      ap_vld|            add171_16_9816_out|       pointer|
|add171_16_9816_out_ap_vld    |  out|    1|      ap_vld|            add171_16_9816_out|       pointer|
|add171_16_8815_out           |  out|   32|      ap_vld|            add171_16_8815_out|       pointer|
|add171_16_8815_out_ap_vld    |  out|    1|      ap_vld|            add171_16_8815_out|       pointer|
|add171_16_7814_out           |  out|   32|      ap_vld|            add171_16_7814_out|       pointer|
|add171_16_7814_out_ap_vld    |  out|    1|      ap_vld|            add171_16_7814_out|       pointer|
|add171_16_6813_out           |  out|   32|      ap_vld|            add171_16_6813_out|       pointer|
|add171_16_6813_out_ap_vld    |  out|    1|      ap_vld|            add171_16_6813_out|       pointer|
|add171_16_5812_out           |  out|   32|      ap_vld|            add171_16_5812_out|       pointer|
|add171_16_5812_out_ap_vld    |  out|    1|      ap_vld|            add171_16_5812_out|       pointer|
|add171_16_4811_out           |  out|   32|      ap_vld|            add171_16_4811_out|       pointer|
|add171_16_4811_out_ap_vld    |  out|    1|      ap_vld|            add171_16_4811_out|       pointer|
|add171_16_3810_out           |  out|   32|      ap_vld|            add171_16_3810_out|       pointer|
|add171_16_3810_out_ap_vld    |  out|    1|      ap_vld|            add171_16_3810_out|       pointer|
|add171_16_2809_out           |  out|   32|      ap_vld|            add171_16_2809_out|       pointer|
|add171_16_2809_out_ap_vld    |  out|    1|      ap_vld|            add171_16_2809_out|       pointer|
|add171_16_1808_out           |  out|   32|      ap_vld|            add171_16_1808_out|       pointer|
|add171_16_1808_out_ap_vld    |  out|    1|      ap_vld|            add171_16_1808_out|       pointer|
|add171_16807_out             |  out|   32|      ap_vld|              add171_16807_out|       pointer|
|add171_16807_out_ap_vld      |  out|    1|      ap_vld|              add171_16807_out|       pointer|
|add171_15_31806_out          |  out|   32|      ap_vld|           add171_15_31806_out|       pointer|
|add171_15_31806_out_ap_vld   |  out|    1|      ap_vld|           add171_15_31806_out|       pointer|
|add171_15_30805_out          |  out|   32|      ap_vld|           add171_15_30805_out|       pointer|
|add171_15_30805_out_ap_vld   |  out|    1|      ap_vld|           add171_15_30805_out|       pointer|
|add171_15_29804_out          |  out|   32|      ap_vld|           add171_15_29804_out|       pointer|
|add171_15_29804_out_ap_vld   |  out|    1|      ap_vld|           add171_15_29804_out|       pointer|
|add171_15_28803_out          |  out|   32|      ap_vld|           add171_15_28803_out|       pointer|
|add171_15_28803_out_ap_vld   |  out|    1|      ap_vld|           add171_15_28803_out|       pointer|
|add171_15_27802_out          |  out|   32|      ap_vld|           add171_15_27802_out|       pointer|
|add171_15_27802_out_ap_vld   |  out|    1|      ap_vld|           add171_15_27802_out|       pointer|
|add171_15_26801_out          |  out|   32|      ap_vld|           add171_15_26801_out|       pointer|
|add171_15_26801_out_ap_vld   |  out|    1|      ap_vld|           add171_15_26801_out|       pointer|
|add171_15_25800_out          |  out|   32|      ap_vld|           add171_15_25800_out|       pointer|
|add171_15_25800_out_ap_vld   |  out|    1|      ap_vld|           add171_15_25800_out|       pointer|
|add171_15_24799_out          |  out|   32|      ap_vld|           add171_15_24799_out|       pointer|
|add171_15_24799_out_ap_vld   |  out|    1|      ap_vld|           add171_15_24799_out|       pointer|
|add171_15_23798_out          |  out|   32|      ap_vld|           add171_15_23798_out|       pointer|
|add171_15_23798_out_ap_vld   |  out|    1|      ap_vld|           add171_15_23798_out|       pointer|
|add171_15_22797_out          |  out|   32|      ap_vld|           add171_15_22797_out|       pointer|
|add171_15_22797_out_ap_vld   |  out|    1|      ap_vld|           add171_15_22797_out|       pointer|
|add171_15_21796_out          |  out|   32|      ap_vld|           add171_15_21796_out|       pointer|
|add171_15_21796_out_ap_vld   |  out|    1|      ap_vld|           add171_15_21796_out|       pointer|
|add171_15_20795_out          |  out|   32|      ap_vld|           add171_15_20795_out|       pointer|
|add171_15_20795_out_ap_vld   |  out|    1|      ap_vld|           add171_15_20795_out|       pointer|
|add171_15_19794_out          |  out|   32|      ap_vld|           add171_15_19794_out|       pointer|
|add171_15_19794_out_ap_vld   |  out|    1|      ap_vld|           add171_15_19794_out|       pointer|
|add171_15_18793_out          |  out|   32|      ap_vld|           add171_15_18793_out|       pointer|
|add171_15_18793_out_ap_vld   |  out|    1|      ap_vld|           add171_15_18793_out|       pointer|
|add171_15_17792_out          |  out|   32|      ap_vld|           add171_15_17792_out|       pointer|
|add171_15_17792_out_ap_vld   |  out|    1|      ap_vld|           add171_15_17792_out|       pointer|
|add171_15_16791_out          |  out|   32|      ap_vld|           add171_15_16791_out|       pointer|
|add171_15_16791_out_ap_vld   |  out|    1|      ap_vld|           add171_15_16791_out|       pointer|
|add171_15_15790_out          |  out|   32|      ap_vld|           add171_15_15790_out|       pointer|
|add171_15_15790_out_ap_vld   |  out|    1|      ap_vld|           add171_15_15790_out|       pointer|
|add171_15_14789_out          |  out|   32|      ap_vld|           add171_15_14789_out|       pointer|
|add171_15_14789_out_ap_vld   |  out|    1|      ap_vld|           add171_15_14789_out|       pointer|
|add171_15_13788_out          |  out|   32|      ap_vld|           add171_15_13788_out|       pointer|
|add171_15_13788_out_ap_vld   |  out|    1|      ap_vld|           add171_15_13788_out|       pointer|
|add171_15_12787_out          |  out|   32|      ap_vld|           add171_15_12787_out|       pointer|
|add171_15_12787_out_ap_vld   |  out|    1|      ap_vld|           add171_15_12787_out|       pointer|
|add171_15_11786_out          |  out|   32|      ap_vld|           add171_15_11786_out|       pointer|
|add171_15_11786_out_ap_vld   |  out|    1|      ap_vld|           add171_15_11786_out|       pointer|
|add171_15_10785_out          |  out|   32|      ap_vld|           add171_15_10785_out|       pointer|
|add171_15_10785_out_ap_vld   |  out|    1|      ap_vld|           add171_15_10785_out|       pointer|
|add171_15_9784_out           |  out|   32|      ap_vld|            add171_15_9784_out|       pointer|
|add171_15_9784_out_ap_vld    |  out|    1|      ap_vld|            add171_15_9784_out|       pointer|
|add171_15_8783_out           |  out|   32|      ap_vld|            add171_15_8783_out|       pointer|
|add171_15_8783_out_ap_vld    |  out|    1|      ap_vld|            add171_15_8783_out|       pointer|
|add171_15_7782_out           |  out|   32|      ap_vld|            add171_15_7782_out|       pointer|
|add171_15_7782_out_ap_vld    |  out|    1|      ap_vld|            add171_15_7782_out|       pointer|
|add171_15_6781_out           |  out|   32|      ap_vld|            add171_15_6781_out|       pointer|
|add171_15_6781_out_ap_vld    |  out|    1|      ap_vld|            add171_15_6781_out|       pointer|
|add171_15_5780_out           |  out|   32|      ap_vld|            add171_15_5780_out|       pointer|
|add171_15_5780_out_ap_vld    |  out|    1|      ap_vld|            add171_15_5780_out|       pointer|
|add171_15_4779_out           |  out|   32|      ap_vld|            add171_15_4779_out|       pointer|
|add171_15_4779_out_ap_vld    |  out|    1|      ap_vld|            add171_15_4779_out|       pointer|
|add171_15_3778_out           |  out|   32|      ap_vld|            add171_15_3778_out|       pointer|
|add171_15_3778_out_ap_vld    |  out|    1|      ap_vld|            add171_15_3778_out|       pointer|
|add171_15_2777_out           |  out|   32|      ap_vld|            add171_15_2777_out|       pointer|
|add171_15_2777_out_ap_vld    |  out|    1|      ap_vld|            add171_15_2777_out|       pointer|
|add171_15_1776_out           |  out|   32|      ap_vld|            add171_15_1776_out|       pointer|
|add171_15_1776_out_ap_vld    |  out|    1|      ap_vld|            add171_15_1776_out|       pointer|
|add171_15775_out             |  out|   32|      ap_vld|              add171_15775_out|       pointer|
|add171_15775_out_ap_vld      |  out|    1|      ap_vld|              add171_15775_out|       pointer|
|add171_14_31774_out          |  out|   32|      ap_vld|           add171_14_31774_out|       pointer|
|add171_14_31774_out_ap_vld   |  out|    1|      ap_vld|           add171_14_31774_out|       pointer|
|add171_14_30773_out          |  out|   32|      ap_vld|           add171_14_30773_out|       pointer|
|add171_14_30773_out_ap_vld   |  out|    1|      ap_vld|           add171_14_30773_out|       pointer|
|add171_14_29772_out          |  out|   32|      ap_vld|           add171_14_29772_out|       pointer|
|add171_14_29772_out_ap_vld   |  out|    1|      ap_vld|           add171_14_29772_out|       pointer|
|add171_14_28771_out          |  out|   32|      ap_vld|           add171_14_28771_out|       pointer|
|add171_14_28771_out_ap_vld   |  out|    1|      ap_vld|           add171_14_28771_out|       pointer|
|add171_14_27770_out          |  out|   32|      ap_vld|           add171_14_27770_out|       pointer|
|add171_14_27770_out_ap_vld   |  out|    1|      ap_vld|           add171_14_27770_out|       pointer|
|add171_14_26769_out          |  out|   32|      ap_vld|           add171_14_26769_out|       pointer|
|add171_14_26769_out_ap_vld   |  out|    1|      ap_vld|           add171_14_26769_out|       pointer|
|add171_14_25768_out          |  out|   32|      ap_vld|           add171_14_25768_out|       pointer|
|add171_14_25768_out_ap_vld   |  out|    1|      ap_vld|           add171_14_25768_out|       pointer|
|add171_14_24767_out          |  out|   32|      ap_vld|           add171_14_24767_out|       pointer|
|add171_14_24767_out_ap_vld   |  out|    1|      ap_vld|           add171_14_24767_out|       pointer|
|add171_14_23766_out          |  out|   32|      ap_vld|           add171_14_23766_out|       pointer|
|add171_14_23766_out_ap_vld   |  out|    1|      ap_vld|           add171_14_23766_out|       pointer|
|add171_14_22765_out          |  out|   32|      ap_vld|           add171_14_22765_out|       pointer|
|add171_14_22765_out_ap_vld   |  out|    1|      ap_vld|           add171_14_22765_out|       pointer|
|add171_14_21764_out          |  out|   32|      ap_vld|           add171_14_21764_out|       pointer|
|add171_14_21764_out_ap_vld   |  out|    1|      ap_vld|           add171_14_21764_out|       pointer|
|add171_14_20763_out          |  out|   32|      ap_vld|           add171_14_20763_out|       pointer|
|add171_14_20763_out_ap_vld   |  out|    1|      ap_vld|           add171_14_20763_out|       pointer|
|add171_14_19762_out          |  out|   32|      ap_vld|           add171_14_19762_out|       pointer|
|add171_14_19762_out_ap_vld   |  out|    1|      ap_vld|           add171_14_19762_out|       pointer|
|add171_14_18761_out          |  out|   32|      ap_vld|           add171_14_18761_out|       pointer|
|add171_14_18761_out_ap_vld   |  out|    1|      ap_vld|           add171_14_18761_out|       pointer|
|add171_14_17760_out          |  out|   32|      ap_vld|           add171_14_17760_out|       pointer|
|add171_14_17760_out_ap_vld   |  out|    1|      ap_vld|           add171_14_17760_out|       pointer|
|add171_14_16759_out          |  out|   32|      ap_vld|           add171_14_16759_out|       pointer|
|add171_14_16759_out_ap_vld   |  out|    1|      ap_vld|           add171_14_16759_out|       pointer|
|add171_14_15758_out          |  out|   32|      ap_vld|           add171_14_15758_out|       pointer|
|add171_14_15758_out_ap_vld   |  out|    1|      ap_vld|           add171_14_15758_out|       pointer|
|add171_14_14757_out          |  out|   32|      ap_vld|           add171_14_14757_out|       pointer|
|add171_14_14757_out_ap_vld   |  out|    1|      ap_vld|           add171_14_14757_out|       pointer|
|add171_14_13756_out          |  out|   32|      ap_vld|           add171_14_13756_out|       pointer|
|add171_14_13756_out_ap_vld   |  out|    1|      ap_vld|           add171_14_13756_out|       pointer|
|add171_14_12755_out          |  out|   32|      ap_vld|           add171_14_12755_out|       pointer|
|add171_14_12755_out_ap_vld   |  out|    1|      ap_vld|           add171_14_12755_out|       pointer|
|add171_14_11754_out          |  out|   32|      ap_vld|           add171_14_11754_out|       pointer|
|add171_14_11754_out_ap_vld   |  out|    1|      ap_vld|           add171_14_11754_out|       pointer|
|add171_14_10753_out          |  out|   32|      ap_vld|           add171_14_10753_out|       pointer|
|add171_14_10753_out_ap_vld   |  out|    1|      ap_vld|           add171_14_10753_out|       pointer|
|add171_14_9752_out           |  out|   32|      ap_vld|            add171_14_9752_out|       pointer|
|add171_14_9752_out_ap_vld    |  out|    1|      ap_vld|            add171_14_9752_out|       pointer|
|add171_14_8751_out           |  out|   32|      ap_vld|            add171_14_8751_out|       pointer|
|add171_14_8751_out_ap_vld    |  out|    1|      ap_vld|            add171_14_8751_out|       pointer|
|add171_14_7750_out           |  out|   32|      ap_vld|            add171_14_7750_out|       pointer|
|add171_14_7750_out_ap_vld    |  out|    1|      ap_vld|            add171_14_7750_out|       pointer|
|add171_14_6749_out           |  out|   32|      ap_vld|            add171_14_6749_out|       pointer|
|add171_14_6749_out_ap_vld    |  out|    1|      ap_vld|            add171_14_6749_out|       pointer|
|add171_14_5748_out           |  out|   32|      ap_vld|            add171_14_5748_out|       pointer|
|add171_14_5748_out_ap_vld    |  out|    1|      ap_vld|            add171_14_5748_out|       pointer|
|add171_14_4747_out           |  out|   32|      ap_vld|            add171_14_4747_out|       pointer|
|add171_14_4747_out_ap_vld    |  out|    1|      ap_vld|            add171_14_4747_out|       pointer|
|add171_14_3746_out           |  out|   32|      ap_vld|            add171_14_3746_out|       pointer|
|add171_14_3746_out_ap_vld    |  out|    1|      ap_vld|            add171_14_3746_out|       pointer|
|add171_14_2745_out           |  out|   32|      ap_vld|            add171_14_2745_out|       pointer|
|add171_14_2745_out_ap_vld    |  out|    1|      ap_vld|            add171_14_2745_out|       pointer|
|add171_14_1744_out           |  out|   32|      ap_vld|            add171_14_1744_out|       pointer|
|add171_14_1744_out_ap_vld    |  out|    1|      ap_vld|            add171_14_1744_out|       pointer|
|add171_14743_out             |  out|   32|      ap_vld|              add171_14743_out|       pointer|
|add171_14743_out_ap_vld      |  out|    1|      ap_vld|              add171_14743_out|       pointer|
|add171_13_31742_out          |  out|   32|      ap_vld|           add171_13_31742_out|       pointer|
|add171_13_31742_out_ap_vld   |  out|    1|      ap_vld|           add171_13_31742_out|       pointer|
|add171_13_30741_out          |  out|   32|      ap_vld|           add171_13_30741_out|       pointer|
|add171_13_30741_out_ap_vld   |  out|    1|      ap_vld|           add171_13_30741_out|       pointer|
|add171_13_29740_out          |  out|   32|      ap_vld|           add171_13_29740_out|       pointer|
|add171_13_29740_out_ap_vld   |  out|    1|      ap_vld|           add171_13_29740_out|       pointer|
|add171_13_28739_out          |  out|   32|      ap_vld|           add171_13_28739_out|       pointer|
|add171_13_28739_out_ap_vld   |  out|    1|      ap_vld|           add171_13_28739_out|       pointer|
|add171_13_27738_out          |  out|   32|      ap_vld|           add171_13_27738_out|       pointer|
|add171_13_27738_out_ap_vld   |  out|    1|      ap_vld|           add171_13_27738_out|       pointer|
|add171_13_26737_out          |  out|   32|      ap_vld|           add171_13_26737_out|       pointer|
|add171_13_26737_out_ap_vld   |  out|    1|      ap_vld|           add171_13_26737_out|       pointer|
|add171_13_25736_out          |  out|   32|      ap_vld|           add171_13_25736_out|       pointer|
|add171_13_25736_out_ap_vld   |  out|    1|      ap_vld|           add171_13_25736_out|       pointer|
|add171_13_24735_out          |  out|   32|      ap_vld|           add171_13_24735_out|       pointer|
|add171_13_24735_out_ap_vld   |  out|    1|      ap_vld|           add171_13_24735_out|       pointer|
|add171_13_23734_out          |  out|   32|      ap_vld|           add171_13_23734_out|       pointer|
|add171_13_23734_out_ap_vld   |  out|    1|      ap_vld|           add171_13_23734_out|       pointer|
|add171_13_22733_out          |  out|   32|      ap_vld|           add171_13_22733_out|       pointer|
|add171_13_22733_out_ap_vld   |  out|    1|      ap_vld|           add171_13_22733_out|       pointer|
|add171_13_21732_out          |  out|   32|      ap_vld|           add171_13_21732_out|       pointer|
|add171_13_21732_out_ap_vld   |  out|    1|      ap_vld|           add171_13_21732_out|       pointer|
|add171_13_20731_out          |  out|   32|      ap_vld|           add171_13_20731_out|       pointer|
|add171_13_20731_out_ap_vld   |  out|    1|      ap_vld|           add171_13_20731_out|       pointer|
|add171_13_19730_out          |  out|   32|      ap_vld|           add171_13_19730_out|       pointer|
|add171_13_19730_out_ap_vld   |  out|    1|      ap_vld|           add171_13_19730_out|       pointer|
|add171_13_18729_out          |  out|   32|      ap_vld|           add171_13_18729_out|       pointer|
|add171_13_18729_out_ap_vld   |  out|    1|      ap_vld|           add171_13_18729_out|       pointer|
|add171_13_17728_out          |  out|   32|      ap_vld|           add171_13_17728_out|       pointer|
|add171_13_17728_out_ap_vld   |  out|    1|      ap_vld|           add171_13_17728_out|       pointer|
|add171_13_16727_out          |  out|   32|      ap_vld|           add171_13_16727_out|       pointer|
|add171_13_16727_out_ap_vld   |  out|    1|      ap_vld|           add171_13_16727_out|       pointer|
|add171_13_15726_out          |  out|   32|      ap_vld|           add171_13_15726_out|       pointer|
|add171_13_15726_out_ap_vld   |  out|    1|      ap_vld|           add171_13_15726_out|       pointer|
|add171_13_14725_out          |  out|   32|      ap_vld|           add171_13_14725_out|       pointer|
|add171_13_14725_out_ap_vld   |  out|    1|      ap_vld|           add171_13_14725_out|       pointer|
|add171_13_13724_out          |  out|   32|      ap_vld|           add171_13_13724_out|       pointer|
|add171_13_13724_out_ap_vld   |  out|    1|      ap_vld|           add171_13_13724_out|       pointer|
|add171_13_12723_out          |  out|   32|      ap_vld|           add171_13_12723_out|       pointer|
|add171_13_12723_out_ap_vld   |  out|    1|      ap_vld|           add171_13_12723_out|       pointer|
|add171_13_11722_out          |  out|   32|      ap_vld|           add171_13_11722_out|       pointer|
|add171_13_11722_out_ap_vld   |  out|    1|      ap_vld|           add171_13_11722_out|       pointer|
|add171_13_10721_out          |  out|   32|      ap_vld|           add171_13_10721_out|       pointer|
|add171_13_10721_out_ap_vld   |  out|    1|      ap_vld|           add171_13_10721_out|       pointer|
|add171_13_9720_out           |  out|   32|      ap_vld|            add171_13_9720_out|       pointer|
|add171_13_9720_out_ap_vld    |  out|    1|      ap_vld|            add171_13_9720_out|       pointer|
|add171_13_8719_out           |  out|   32|      ap_vld|            add171_13_8719_out|       pointer|
|add171_13_8719_out_ap_vld    |  out|    1|      ap_vld|            add171_13_8719_out|       pointer|
|add171_13_7718_out           |  out|   32|      ap_vld|            add171_13_7718_out|       pointer|
|add171_13_7718_out_ap_vld    |  out|    1|      ap_vld|            add171_13_7718_out|       pointer|
|add171_13_6717_out           |  out|   32|      ap_vld|            add171_13_6717_out|       pointer|
|add171_13_6717_out_ap_vld    |  out|    1|      ap_vld|            add171_13_6717_out|       pointer|
|add171_13_5716_out           |  out|   32|      ap_vld|            add171_13_5716_out|       pointer|
|add171_13_5716_out_ap_vld    |  out|    1|      ap_vld|            add171_13_5716_out|       pointer|
|add171_13_4715_out           |  out|   32|      ap_vld|            add171_13_4715_out|       pointer|
|add171_13_4715_out_ap_vld    |  out|    1|      ap_vld|            add171_13_4715_out|       pointer|
|add171_13_3714_out           |  out|   32|      ap_vld|            add171_13_3714_out|       pointer|
|add171_13_3714_out_ap_vld    |  out|    1|      ap_vld|            add171_13_3714_out|       pointer|
|add171_13_2713_out           |  out|   32|      ap_vld|            add171_13_2713_out|       pointer|
|add171_13_2713_out_ap_vld    |  out|    1|      ap_vld|            add171_13_2713_out|       pointer|
|add171_13_1712_out           |  out|   32|      ap_vld|            add171_13_1712_out|       pointer|
|add171_13_1712_out_ap_vld    |  out|    1|      ap_vld|            add171_13_1712_out|       pointer|
|add171_13711_out             |  out|   32|      ap_vld|              add171_13711_out|       pointer|
|add171_13711_out_ap_vld      |  out|    1|      ap_vld|              add171_13711_out|       pointer|
|add171_12_31710_out          |  out|   32|      ap_vld|           add171_12_31710_out|       pointer|
|add171_12_31710_out_ap_vld   |  out|    1|      ap_vld|           add171_12_31710_out|       pointer|
|add171_12_30709_out          |  out|   32|      ap_vld|           add171_12_30709_out|       pointer|
|add171_12_30709_out_ap_vld   |  out|    1|      ap_vld|           add171_12_30709_out|       pointer|
|add171_12_29708_out          |  out|   32|      ap_vld|           add171_12_29708_out|       pointer|
|add171_12_29708_out_ap_vld   |  out|    1|      ap_vld|           add171_12_29708_out|       pointer|
|add171_12_28707_out          |  out|   32|      ap_vld|           add171_12_28707_out|       pointer|
|add171_12_28707_out_ap_vld   |  out|    1|      ap_vld|           add171_12_28707_out|       pointer|
|add171_12_27706_out          |  out|   32|      ap_vld|           add171_12_27706_out|       pointer|
|add171_12_27706_out_ap_vld   |  out|    1|      ap_vld|           add171_12_27706_out|       pointer|
|add171_12_26705_out          |  out|   32|      ap_vld|           add171_12_26705_out|       pointer|
|add171_12_26705_out_ap_vld   |  out|    1|      ap_vld|           add171_12_26705_out|       pointer|
|add171_12_25704_out          |  out|   32|      ap_vld|           add171_12_25704_out|       pointer|
|add171_12_25704_out_ap_vld   |  out|    1|      ap_vld|           add171_12_25704_out|       pointer|
|add171_12_24703_out          |  out|   32|      ap_vld|           add171_12_24703_out|       pointer|
|add171_12_24703_out_ap_vld   |  out|    1|      ap_vld|           add171_12_24703_out|       pointer|
|add171_12_23702_out          |  out|   32|      ap_vld|           add171_12_23702_out|       pointer|
|add171_12_23702_out_ap_vld   |  out|    1|      ap_vld|           add171_12_23702_out|       pointer|
|add171_12_22701_out          |  out|   32|      ap_vld|           add171_12_22701_out|       pointer|
|add171_12_22701_out_ap_vld   |  out|    1|      ap_vld|           add171_12_22701_out|       pointer|
|add171_12_21700_out          |  out|   32|      ap_vld|           add171_12_21700_out|       pointer|
|add171_12_21700_out_ap_vld   |  out|    1|      ap_vld|           add171_12_21700_out|       pointer|
|add171_12_20699_out          |  out|   32|      ap_vld|           add171_12_20699_out|       pointer|
|add171_12_20699_out_ap_vld   |  out|    1|      ap_vld|           add171_12_20699_out|       pointer|
|add171_12_19698_out          |  out|   32|      ap_vld|           add171_12_19698_out|       pointer|
|add171_12_19698_out_ap_vld   |  out|    1|      ap_vld|           add171_12_19698_out|       pointer|
|add171_12_18697_out          |  out|   32|      ap_vld|           add171_12_18697_out|       pointer|
|add171_12_18697_out_ap_vld   |  out|    1|      ap_vld|           add171_12_18697_out|       pointer|
|add171_12_17696_out          |  out|   32|      ap_vld|           add171_12_17696_out|       pointer|
|add171_12_17696_out_ap_vld   |  out|    1|      ap_vld|           add171_12_17696_out|       pointer|
|add171_12_16695_out          |  out|   32|      ap_vld|           add171_12_16695_out|       pointer|
|add171_12_16695_out_ap_vld   |  out|    1|      ap_vld|           add171_12_16695_out|       pointer|
|add171_12_15694_out          |  out|   32|      ap_vld|           add171_12_15694_out|       pointer|
|add171_12_15694_out_ap_vld   |  out|    1|      ap_vld|           add171_12_15694_out|       pointer|
|add171_12_14693_out          |  out|   32|      ap_vld|           add171_12_14693_out|       pointer|
|add171_12_14693_out_ap_vld   |  out|    1|      ap_vld|           add171_12_14693_out|       pointer|
|add171_12_13692_out          |  out|   32|      ap_vld|           add171_12_13692_out|       pointer|
|add171_12_13692_out_ap_vld   |  out|    1|      ap_vld|           add171_12_13692_out|       pointer|
|add171_12_12691_out          |  out|   32|      ap_vld|           add171_12_12691_out|       pointer|
|add171_12_12691_out_ap_vld   |  out|    1|      ap_vld|           add171_12_12691_out|       pointer|
|add171_12_11690_out          |  out|   32|      ap_vld|           add171_12_11690_out|       pointer|
|add171_12_11690_out_ap_vld   |  out|    1|      ap_vld|           add171_12_11690_out|       pointer|
|add171_12_10689_out          |  out|   32|      ap_vld|           add171_12_10689_out|       pointer|
|add171_12_10689_out_ap_vld   |  out|    1|      ap_vld|           add171_12_10689_out|       pointer|
|add171_12_9688_out           |  out|   32|      ap_vld|            add171_12_9688_out|       pointer|
|add171_12_9688_out_ap_vld    |  out|    1|      ap_vld|            add171_12_9688_out|       pointer|
|add171_12_8687_out           |  out|   32|      ap_vld|            add171_12_8687_out|       pointer|
|add171_12_8687_out_ap_vld    |  out|    1|      ap_vld|            add171_12_8687_out|       pointer|
|add171_12_7686_out           |  out|   32|      ap_vld|            add171_12_7686_out|       pointer|
|add171_12_7686_out_ap_vld    |  out|    1|      ap_vld|            add171_12_7686_out|       pointer|
|add171_12_6685_out           |  out|   32|      ap_vld|            add171_12_6685_out|       pointer|
|add171_12_6685_out_ap_vld    |  out|    1|      ap_vld|            add171_12_6685_out|       pointer|
|add171_12_5684_out           |  out|   32|      ap_vld|            add171_12_5684_out|       pointer|
|add171_12_5684_out_ap_vld    |  out|    1|      ap_vld|            add171_12_5684_out|       pointer|
|add171_12_4683_out           |  out|   32|      ap_vld|            add171_12_4683_out|       pointer|
|add171_12_4683_out_ap_vld    |  out|    1|      ap_vld|            add171_12_4683_out|       pointer|
|add171_12_3682_out           |  out|   32|      ap_vld|            add171_12_3682_out|       pointer|
|add171_12_3682_out_ap_vld    |  out|    1|      ap_vld|            add171_12_3682_out|       pointer|
|add171_12_2681_out           |  out|   32|      ap_vld|            add171_12_2681_out|       pointer|
|add171_12_2681_out_ap_vld    |  out|    1|      ap_vld|            add171_12_2681_out|       pointer|
|add171_12_1680_out           |  out|   32|      ap_vld|            add171_12_1680_out|       pointer|
|add171_12_1680_out_ap_vld    |  out|    1|      ap_vld|            add171_12_1680_out|       pointer|
|add171_12679_out             |  out|   32|      ap_vld|              add171_12679_out|       pointer|
|add171_12679_out_ap_vld      |  out|    1|      ap_vld|              add171_12679_out|       pointer|
|add171_11_31678_out          |  out|   32|      ap_vld|           add171_11_31678_out|       pointer|
|add171_11_31678_out_ap_vld   |  out|    1|      ap_vld|           add171_11_31678_out|       pointer|
|add171_11_30677_out          |  out|   32|      ap_vld|           add171_11_30677_out|       pointer|
|add171_11_30677_out_ap_vld   |  out|    1|      ap_vld|           add171_11_30677_out|       pointer|
|add171_11_29676_out          |  out|   32|      ap_vld|           add171_11_29676_out|       pointer|
|add171_11_29676_out_ap_vld   |  out|    1|      ap_vld|           add171_11_29676_out|       pointer|
|add171_11_28675_out          |  out|   32|      ap_vld|           add171_11_28675_out|       pointer|
|add171_11_28675_out_ap_vld   |  out|    1|      ap_vld|           add171_11_28675_out|       pointer|
|add171_11_27674_out          |  out|   32|      ap_vld|           add171_11_27674_out|       pointer|
|add171_11_27674_out_ap_vld   |  out|    1|      ap_vld|           add171_11_27674_out|       pointer|
|add171_11_26673_out          |  out|   32|      ap_vld|           add171_11_26673_out|       pointer|
|add171_11_26673_out_ap_vld   |  out|    1|      ap_vld|           add171_11_26673_out|       pointer|
|add171_11_25672_out          |  out|   32|      ap_vld|           add171_11_25672_out|       pointer|
|add171_11_25672_out_ap_vld   |  out|    1|      ap_vld|           add171_11_25672_out|       pointer|
|add171_11_24671_out          |  out|   32|      ap_vld|           add171_11_24671_out|       pointer|
|add171_11_24671_out_ap_vld   |  out|    1|      ap_vld|           add171_11_24671_out|       pointer|
|add171_11_23670_out          |  out|   32|      ap_vld|           add171_11_23670_out|       pointer|
|add171_11_23670_out_ap_vld   |  out|    1|      ap_vld|           add171_11_23670_out|       pointer|
|add171_11_22669_out          |  out|   32|      ap_vld|           add171_11_22669_out|       pointer|
|add171_11_22669_out_ap_vld   |  out|    1|      ap_vld|           add171_11_22669_out|       pointer|
|add171_11_21668_out          |  out|   32|      ap_vld|           add171_11_21668_out|       pointer|
|add171_11_21668_out_ap_vld   |  out|    1|      ap_vld|           add171_11_21668_out|       pointer|
|add171_11_20667_out          |  out|   32|      ap_vld|           add171_11_20667_out|       pointer|
|add171_11_20667_out_ap_vld   |  out|    1|      ap_vld|           add171_11_20667_out|       pointer|
|add171_11_19666_out          |  out|   32|      ap_vld|           add171_11_19666_out|       pointer|
|add171_11_19666_out_ap_vld   |  out|    1|      ap_vld|           add171_11_19666_out|       pointer|
|add171_11_18665_out          |  out|   32|      ap_vld|           add171_11_18665_out|       pointer|
|add171_11_18665_out_ap_vld   |  out|    1|      ap_vld|           add171_11_18665_out|       pointer|
|add171_11_17664_out          |  out|   32|      ap_vld|           add171_11_17664_out|       pointer|
|add171_11_17664_out_ap_vld   |  out|    1|      ap_vld|           add171_11_17664_out|       pointer|
|add171_11_16663_out          |  out|   32|      ap_vld|           add171_11_16663_out|       pointer|
|add171_11_16663_out_ap_vld   |  out|    1|      ap_vld|           add171_11_16663_out|       pointer|
|add171_11_15662_out          |  out|   32|      ap_vld|           add171_11_15662_out|       pointer|
|add171_11_15662_out_ap_vld   |  out|    1|      ap_vld|           add171_11_15662_out|       pointer|
|add171_11_14661_out          |  out|   32|      ap_vld|           add171_11_14661_out|       pointer|
|add171_11_14661_out_ap_vld   |  out|    1|      ap_vld|           add171_11_14661_out|       pointer|
|add171_11_13660_out          |  out|   32|      ap_vld|           add171_11_13660_out|       pointer|
|add171_11_13660_out_ap_vld   |  out|    1|      ap_vld|           add171_11_13660_out|       pointer|
|add171_11_12659_out          |  out|   32|      ap_vld|           add171_11_12659_out|       pointer|
|add171_11_12659_out_ap_vld   |  out|    1|      ap_vld|           add171_11_12659_out|       pointer|
|add171_11_11658_out          |  out|   32|      ap_vld|           add171_11_11658_out|       pointer|
|add171_11_11658_out_ap_vld   |  out|    1|      ap_vld|           add171_11_11658_out|       pointer|
|add171_11_10657_out          |  out|   32|      ap_vld|           add171_11_10657_out|       pointer|
|add171_11_10657_out_ap_vld   |  out|    1|      ap_vld|           add171_11_10657_out|       pointer|
|add171_11_9656_out           |  out|   32|      ap_vld|            add171_11_9656_out|       pointer|
|add171_11_9656_out_ap_vld    |  out|    1|      ap_vld|            add171_11_9656_out|       pointer|
|add171_11_8655_out           |  out|   32|      ap_vld|            add171_11_8655_out|       pointer|
|add171_11_8655_out_ap_vld    |  out|    1|      ap_vld|            add171_11_8655_out|       pointer|
|add171_11_7654_out           |  out|   32|      ap_vld|            add171_11_7654_out|       pointer|
|add171_11_7654_out_ap_vld    |  out|    1|      ap_vld|            add171_11_7654_out|       pointer|
|add171_11_6653_out           |  out|   32|      ap_vld|            add171_11_6653_out|       pointer|
|add171_11_6653_out_ap_vld    |  out|    1|      ap_vld|            add171_11_6653_out|       pointer|
|add171_11_5652_out           |  out|   32|      ap_vld|            add171_11_5652_out|       pointer|
|add171_11_5652_out_ap_vld    |  out|    1|      ap_vld|            add171_11_5652_out|       pointer|
|add171_11_4651_out           |  out|   32|      ap_vld|            add171_11_4651_out|       pointer|
|add171_11_4651_out_ap_vld    |  out|    1|      ap_vld|            add171_11_4651_out|       pointer|
|add171_11_3650_out           |  out|   32|      ap_vld|            add171_11_3650_out|       pointer|
|add171_11_3650_out_ap_vld    |  out|    1|      ap_vld|            add171_11_3650_out|       pointer|
|add171_11_2649_out           |  out|   32|      ap_vld|            add171_11_2649_out|       pointer|
|add171_11_2649_out_ap_vld    |  out|    1|      ap_vld|            add171_11_2649_out|       pointer|
|add171_11_1648_out           |  out|   32|      ap_vld|            add171_11_1648_out|       pointer|
|add171_11_1648_out_ap_vld    |  out|    1|      ap_vld|            add171_11_1648_out|       pointer|
|add171_11647_out             |  out|   32|      ap_vld|              add171_11647_out|       pointer|
|add171_11647_out_ap_vld      |  out|    1|      ap_vld|              add171_11647_out|       pointer|
|add171_10_31646_out          |  out|   32|      ap_vld|           add171_10_31646_out|       pointer|
|add171_10_31646_out_ap_vld   |  out|    1|      ap_vld|           add171_10_31646_out|       pointer|
|add171_10_30645_out          |  out|   32|      ap_vld|           add171_10_30645_out|       pointer|
|add171_10_30645_out_ap_vld   |  out|    1|      ap_vld|           add171_10_30645_out|       pointer|
|add171_10_29644_out          |  out|   32|      ap_vld|           add171_10_29644_out|       pointer|
|add171_10_29644_out_ap_vld   |  out|    1|      ap_vld|           add171_10_29644_out|       pointer|
|add171_10_28643_out          |  out|   32|      ap_vld|           add171_10_28643_out|       pointer|
|add171_10_28643_out_ap_vld   |  out|    1|      ap_vld|           add171_10_28643_out|       pointer|
|add171_10_27642_out          |  out|   32|      ap_vld|           add171_10_27642_out|       pointer|
|add171_10_27642_out_ap_vld   |  out|    1|      ap_vld|           add171_10_27642_out|       pointer|
|add171_10_26641_out          |  out|   32|      ap_vld|           add171_10_26641_out|       pointer|
|add171_10_26641_out_ap_vld   |  out|    1|      ap_vld|           add171_10_26641_out|       pointer|
|add171_10_25640_out          |  out|   32|      ap_vld|           add171_10_25640_out|       pointer|
|add171_10_25640_out_ap_vld   |  out|    1|      ap_vld|           add171_10_25640_out|       pointer|
|add171_10_24639_out          |  out|   32|      ap_vld|           add171_10_24639_out|       pointer|
|add171_10_24639_out_ap_vld   |  out|    1|      ap_vld|           add171_10_24639_out|       pointer|
|add171_10_23638_out          |  out|   32|      ap_vld|           add171_10_23638_out|       pointer|
|add171_10_23638_out_ap_vld   |  out|    1|      ap_vld|           add171_10_23638_out|       pointer|
|add171_10_22637_out          |  out|   32|      ap_vld|           add171_10_22637_out|       pointer|
|add171_10_22637_out_ap_vld   |  out|    1|      ap_vld|           add171_10_22637_out|       pointer|
|add171_10_21636_out          |  out|   32|      ap_vld|           add171_10_21636_out|       pointer|
|add171_10_21636_out_ap_vld   |  out|    1|      ap_vld|           add171_10_21636_out|       pointer|
|add171_10_20635_out          |  out|   32|      ap_vld|           add171_10_20635_out|       pointer|
|add171_10_20635_out_ap_vld   |  out|    1|      ap_vld|           add171_10_20635_out|       pointer|
|add171_10_19634_out          |  out|   32|      ap_vld|           add171_10_19634_out|       pointer|
|add171_10_19634_out_ap_vld   |  out|    1|      ap_vld|           add171_10_19634_out|       pointer|
|add171_10_18633_out          |  out|   32|      ap_vld|           add171_10_18633_out|       pointer|
|add171_10_18633_out_ap_vld   |  out|    1|      ap_vld|           add171_10_18633_out|       pointer|
|add171_10_17632_out          |  out|   32|      ap_vld|           add171_10_17632_out|       pointer|
|add171_10_17632_out_ap_vld   |  out|    1|      ap_vld|           add171_10_17632_out|       pointer|
|add171_10_16631_out          |  out|   32|      ap_vld|           add171_10_16631_out|       pointer|
|add171_10_16631_out_ap_vld   |  out|    1|      ap_vld|           add171_10_16631_out|       pointer|
|add171_10_15630_out          |  out|   32|      ap_vld|           add171_10_15630_out|       pointer|
|add171_10_15630_out_ap_vld   |  out|    1|      ap_vld|           add171_10_15630_out|       pointer|
|add171_10_14629_out          |  out|   32|      ap_vld|           add171_10_14629_out|       pointer|
|add171_10_14629_out_ap_vld   |  out|    1|      ap_vld|           add171_10_14629_out|       pointer|
|add171_10_13628_out          |  out|   32|      ap_vld|           add171_10_13628_out|       pointer|
|add171_10_13628_out_ap_vld   |  out|    1|      ap_vld|           add171_10_13628_out|       pointer|
|add171_10_12627_out          |  out|   32|      ap_vld|           add171_10_12627_out|       pointer|
|add171_10_12627_out_ap_vld   |  out|    1|      ap_vld|           add171_10_12627_out|       pointer|
|add171_10_11626_out          |  out|   32|      ap_vld|           add171_10_11626_out|       pointer|
|add171_10_11626_out_ap_vld   |  out|    1|      ap_vld|           add171_10_11626_out|       pointer|
|add171_10_10625_out          |  out|   32|      ap_vld|           add171_10_10625_out|       pointer|
|add171_10_10625_out_ap_vld   |  out|    1|      ap_vld|           add171_10_10625_out|       pointer|
|add171_10_9624_out           |  out|   32|      ap_vld|            add171_10_9624_out|       pointer|
|add171_10_9624_out_ap_vld    |  out|    1|      ap_vld|            add171_10_9624_out|       pointer|
|add171_10_8623_out           |  out|   32|      ap_vld|            add171_10_8623_out|       pointer|
|add171_10_8623_out_ap_vld    |  out|    1|      ap_vld|            add171_10_8623_out|       pointer|
|add171_10_7622_out           |  out|   32|      ap_vld|            add171_10_7622_out|       pointer|
|add171_10_7622_out_ap_vld    |  out|    1|      ap_vld|            add171_10_7622_out|       pointer|
|add171_10_6621_out           |  out|   32|      ap_vld|            add171_10_6621_out|       pointer|
|add171_10_6621_out_ap_vld    |  out|    1|      ap_vld|            add171_10_6621_out|       pointer|
|add171_10_5620_out           |  out|   32|      ap_vld|            add171_10_5620_out|       pointer|
|add171_10_5620_out_ap_vld    |  out|    1|      ap_vld|            add171_10_5620_out|       pointer|
|add171_10_4619_out           |  out|   32|      ap_vld|            add171_10_4619_out|       pointer|
|add171_10_4619_out_ap_vld    |  out|    1|      ap_vld|            add171_10_4619_out|       pointer|
|add171_10_3618_out           |  out|   32|      ap_vld|            add171_10_3618_out|       pointer|
|add171_10_3618_out_ap_vld    |  out|    1|      ap_vld|            add171_10_3618_out|       pointer|
|add171_10_2617_out           |  out|   32|      ap_vld|            add171_10_2617_out|       pointer|
|add171_10_2617_out_ap_vld    |  out|    1|      ap_vld|            add171_10_2617_out|       pointer|
|add171_10_1616_out           |  out|   32|      ap_vld|            add171_10_1616_out|       pointer|
|add171_10_1616_out_ap_vld    |  out|    1|      ap_vld|            add171_10_1616_out|       pointer|
|add171_10615_out             |  out|   32|      ap_vld|              add171_10615_out|       pointer|
|add171_10615_out_ap_vld      |  out|    1|      ap_vld|              add171_10615_out|       pointer|
|add171_9_31614_out           |  out|   32|      ap_vld|            add171_9_31614_out|       pointer|
|add171_9_31614_out_ap_vld    |  out|    1|      ap_vld|            add171_9_31614_out|       pointer|
|add171_9_30613_out           |  out|   32|      ap_vld|            add171_9_30613_out|       pointer|
|add171_9_30613_out_ap_vld    |  out|    1|      ap_vld|            add171_9_30613_out|       pointer|
|add171_9_29612_out           |  out|   32|      ap_vld|            add171_9_29612_out|       pointer|
|add171_9_29612_out_ap_vld    |  out|    1|      ap_vld|            add171_9_29612_out|       pointer|
|add171_9_28611_out           |  out|   32|      ap_vld|            add171_9_28611_out|       pointer|
|add171_9_28611_out_ap_vld    |  out|    1|      ap_vld|            add171_9_28611_out|       pointer|
|add171_9_27610_out           |  out|   32|      ap_vld|            add171_9_27610_out|       pointer|
|add171_9_27610_out_ap_vld    |  out|    1|      ap_vld|            add171_9_27610_out|       pointer|
|add171_9_26609_out           |  out|   32|      ap_vld|            add171_9_26609_out|       pointer|
|add171_9_26609_out_ap_vld    |  out|    1|      ap_vld|            add171_9_26609_out|       pointer|
|add171_9_25608_out           |  out|   32|      ap_vld|            add171_9_25608_out|       pointer|
|add171_9_25608_out_ap_vld    |  out|    1|      ap_vld|            add171_9_25608_out|       pointer|
|add171_9_24607_out           |  out|   32|      ap_vld|            add171_9_24607_out|       pointer|
|add171_9_24607_out_ap_vld    |  out|    1|      ap_vld|            add171_9_24607_out|       pointer|
|add171_9_23606_out           |  out|   32|      ap_vld|            add171_9_23606_out|       pointer|
|add171_9_23606_out_ap_vld    |  out|    1|      ap_vld|            add171_9_23606_out|       pointer|
|add171_9_22605_out           |  out|   32|      ap_vld|            add171_9_22605_out|       pointer|
|add171_9_22605_out_ap_vld    |  out|    1|      ap_vld|            add171_9_22605_out|       pointer|
|add171_9_21604_out           |  out|   32|      ap_vld|            add171_9_21604_out|       pointer|
|add171_9_21604_out_ap_vld    |  out|    1|      ap_vld|            add171_9_21604_out|       pointer|
|add171_9_20603_out           |  out|   32|      ap_vld|            add171_9_20603_out|       pointer|
|add171_9_20603_out_ap_vld    |  out|    1|      ap_vld|            add171_9_20603_out|       pointer|
|add171_9_19602_out           |  out|   32|      ap_vld|            add171_9_19602_out|       pointer|
|add171_9_19602_out_ap_vld    |  out|    1|      ap_vld|            add171_9_19602_out|       pointer|
|add171_9_18601_out           |  out|   32|      ap_vld|            add171_9_18601_out|       pointer|
|add171_9_18601_out_ap_vld    |  out|    1|      ap_vld|            add171_9_18601_out|       pointer|
|add171_9_17600_out           |  out|   32|      ap_vld|            add171_9_17600_out|       pointer|
|add171_9_17600_out_ap_vld    |  out|    1|      ap_vld|            add171_9_17600_out|       pointer|
|add171_9_16599_out           |  out|   32|      ap_vld|            add171_9_16599_out|       pointer|
|add171_9_16599_out_ap_vld    |  out|    1|      ap_vld|            add171_9_16599_out|       pointer|
|add171_9_15598_out           |  out|   32|      ap_vld|            add171_9_15598_out|       pointer|
|add171_9_15598_out_ap_vld    |  out|    1|      ap_vld|            add171_9_15598_out|       pointer|
|add171_9_14597_out           |  out|   32|      ap_vld|            add171_9_14597_out|       pointer|
|add171_9_14597_out_ap_vld    |  out|    1|      ap_vld|            add171_9_14597_out|       pointer|
|add171_9_13596_out           |  out|   32|      ap_vld|            add171_9_13596_out|       pointer|
|add171_9_13596_out_ap_vld    |  out|    1|      ap_vld|            add171_9_13596_out|       pointer|
|add171_9_12595_out           |  out|   32|      ap_vld|            add171_9_12595_out|       pointer|
|add171_9_12595_out_ap_vld    |  out|    1|      ap_vld|            add171_9_12595_out|       pointer|
|add171_9_11594_out           |  out|   32|      ap_vld|            add171_9_11594_out|       pointer|
|add171_9_11594_out_ap_vld    |  out|    1|      ap_vld|            add171_9_11594_out|       pointer|
|add171_9_10593_out           |  out|   32|      ap_vld|            add171_9_10593_out|       pointer|
|add171_9_10593_out_ap_vld    |  out|    1|      ap_vld|            add171_9_10593_out|       pointer|
|add171_9_9592_out            |  out|   32|      ap_vld|             add171_9_9592_out|       pointer|
|add171_9_9592_out_ap_vld     |  out|    1|      ap_vld|             add171_9_9592_out|       pointer|
|add171_9_8591_out            |  out|   32|      ap_vld|             add171_9_8591_out|       pointer|
|add171_9_8591_out_ap_vld     |  out|    1|      ap_vld|             add171_9_8591_out|       pointer|
|add171_9_7590_out            |  out|   32|      ap_vld|             add171_9_7590_out|       pointer|
|add171_9_7590_out_ap_vld     |  out|    1|      ap_vld|             add171_9_7590_out|       pointer|
|add171_9_6589_out            |  out|   32|      ap_vld|             add171_9_6589_out|       pointer|
|add171_9_6589_out_ap_vld     |  out|    1|      ap_vld|             add171_9_6589_out|       pointer|
|add171_9_5588_out            |  out|   32|      ap_vld|             add171_9_5588_out|       pointer|
|add171_9_5588_out_ap_vld     |  out|    1|      ap_vld|             add171_9_5588_out|       pointer|
|add171_9_4587_out            |  out|   32|      ap_vld|             add171_9_4587_out|       pointer|
|add171_9_4587_out_ap_vld     |  out|    1|      ap_vld|             add171_9_4587_out|       pointer|
|add171_9_3586_out            |  out|   32|      ap_vld|             add171_9_3586_out|       pointer|
|add171_9_3586_out_ap_vld     |  out|    1|      ap_vld|             add171_9_3586_out|       pointer|
|add171_9_2585_out            |  out|   32|      ap_vld|             add171_9_2585_out|       pointer|
|add171_9_2585_out_ap_vld     |  out|    1|      ap_vld|             add171_9_2585_out|       pointer|
|add171_9_1584_out            |  out|   32|      ap_vld|             add171_9_1584_out|       pointer|
|add171_9_1584_out_ap_vld     |  out|    1|      ap_vld|             add171_9_1584_out|       pointer|
|add171_9583_out              |  out|   32|      ap_vld|               add171_9583_out|       pointer|
|add171_9583_out_ap_vld       |  out|    1|      ap_vld|               add171_9583_out|       pointer|
|add171_8_31582_out           |  out|   32|      ap_vld|            add171_8_31582_out|       pointer|
|add171_8_31582_out_ap_vld    |  out|    1|      ap_vld|            add171_8_31582_out|       pointer|
|add171_8_30581_out           |  out|   32|      ap_vld|            add171_8_30581_out|       pointer|
|add171_8_30581_out_ap_vld    |  out|    1|      ap_vld|            add171_8_30581_out|       pointer|
|add171_8_29580_out           |  out|   32|      ap_vld|            add171_8_29580_out|       pointer|
|add171_8_29580_out_ap_vld    |  out|    1|      ap_vld|            add171_8_29580_out|       pointer|
|add171_8_28579_out           |  out|   32|      ap_vld|            add171_8_28579_out|       pointer|
|add171_8_28579_out_ap_vld    |  out|    1|      ap_vld|            add171_8_28579_out|       pointer|
|add171_8_27578_out           |  out|   32|      ap_vld|            add171_8_27578_out|       pointer|
|add171_8_27578_out_ap_vld    |  out|    1|      ap_vld|            add171_8_27578_out|       pointer|
|add171_8_26577_out           |  out|   32|      ap_vld|            add171_8_26577_out|       pointer|
|add171_8_26577_out_ap_vld    |  out|    1|      ap_vld|            add171_8_26577_out|       pointer|
|add171_8_25576_out           |  out|   32|      ap_vld|            add171_8_25576_out|       pointer|
|add171_8_25576_out_ap_vld    |  out|    1|      ap_vld|            add171_8_25576_out|       pointer|
|add171_8_24575_out           |  out|   32|      ap_vld|            add171_8_24575_out|       pointer|
|add171_8_24575_out_ap_vld    |  out|    1|      ap_vld|            add171_8_24575_out|       pointer|
|add171_8_23574_out           |  out|   32|      ap_vld|            add171_8_23574_out|       pointer|
|add171_8_23574_out_ap_vld    |  out|    1|      ap_vld|            add171_8_23574_out|       pointer|
|add171_8_22573_out           |  out|   32|      ap_vld|            add171_8_22573_out|       pointer|
|add171_8_22573_out_ap_vld    |  out|    1|      ap_vld|            add171_8_22573_out|       pointer|
|add171_8_21572_out           |  out|   32|      ap_vld|            add171_8_21572_out|       pointer|
|add171_8_21572_out_ap_vld    |  out|    1|      ap_vld|            add171_8_21572_out|       pointer|
|add171_8_20571_out           |  out|   32|      ap_vld|            add171_8_20571_out|       pointer|
|add171_8_20571_out_ap_vld    |  out|    1|      ap_vld|            add171_8_20571_out|       pointer|
|add171_8_19570_out           |  out|   32|      ap_vld|            add171_8_19570_out|       pointer|
|add171_8_19570_out_ap_vld    |  out|    1|      ap_vld|            add171_8_19570_out|       pointer|
|add171_8_18569_out           |  out|   32|      ap_vld|            add171_8_18569_out|       pointer|
|add171_8_18569_out_ap_vld    |  out|    1|      ap_vld|            add171_8_18569_out|       pointer|
|add171_8_17568_out           |  out|   32|      ap_vld|            add171_8_17568_out|       pointer|
|add171_8_17568_out_ap_vld    |  out|    1|      ap_vld|            add171_8_17568_out|       pointer|
|add171_8_16567_out           |  out|   32|      ap_vld|            add171_8_16567_out|       pointer|
|add171_8_16567_out_ap_vld    |  out|    1|      ap_vld|            add171_8_16567_out|       pointer|
|add171_8_15566_out           |  out|   32|      ap_vld|            add171_8_15566_out|       pointer|
|add171_8_15566_out_ap_vld    |  out|    1|      ap_vld|            add171_8_15566_out|       pointer|
|add171_8_14565_out           |  out|   32|      ap_vld|            add171_8_14565_out|       pointer|
|add171_8_14565_out_ap_vld    |  out|    1|      ap_vld|            add171_8_14565_out|       pointer|
|add171_8_13564_out           |  out|   32|      ap_vld|            add171_8_13564_out|       pointer|
|add171_8_13564_out_ap_vld    |  out|    1|      ap_vld|            add171_8_13564_out|       pointer|
|add171_8_12563_out           |  out|   32|      ap_vld|            add171_8_12563_out|       pointer|
|add171_8_12563_out_ap_vld    |  out|    1|      ap_vld|            add171_8_12563_out|       pointer|
|add171_8_11562_out           |  out|   32|      ap_vld|            add171_8_11562_out|       pointer|
|add171_8_11562_out_ap_vld    |  out|    1|      ap_vld|            add171_8_11562_out|       pointer|
|add171_8_10561_out           |  out|   32|      ap_vld|            add171_8_10561_out|       pointer|
|add171_8_10561_out_ap_vld    |  out|    1|      ap_vld|            add171_8_10561_out|       pointer|
|add171_8_9560_out            |  out|   32|      ap_vld|             add171_8_9560_out|       pointer|
|add171_8_9560_out_ap_vld     |  out|    1|      ap_vld|             add171_8_9560_out|       pointer|
|add171_8_8559_out            |  out|   32|      ap_vld|             add171_8_8559_out|       pointer|
|add171_8_8559_out_ap_vld     |  out|    1|      ap_vld|             add171_8_8559_out|       pointer|
|add171_8_7558_out            |  out|   32|      ap_vld|             add171_8_7558_out|       pointer|
|add171_8_7558_out_ap_vld     |  out|    1|      ap_vld|             add171_8_7558_out|       pointer|
|add171_8_6557_out            |  out|   32|      ap_vld|             add171_8_6557_out|       pointer|
|add171_8_6557_out_ap_vld     |  out|    1|      ap_vld|             add171_8_6557_out|       pointer|
|add171_8_5556_out            |  out|   32|      ap_vld|             add171_8_5556_out|       pointer|
|add171_8_5556_out_ap_vld     |  out|    1|      ap_vld|             add171_8_5556_out|       pointer|
|add171_8_4555_out            |  out|   32|      ap_vld|             add171_8_4555_out|       pointer|
|add171_8_4555_out_ap_vld     |  out|    1|      ap_vld|             add171_8_4555_out|       pointer|
|add171_8_3554_out            |  out|   32|      ap_vld|             add171_8_3554_out|       pointer|
|add171_8_3554_out_ap_vld     |  out|    1|      ap_vld|             add171_8_3554_out|       pointer|
|add171_8_2553_out            |  out|   32|      ap_vld|             add171_8_2553_out|       pointer|
|add171_8_2553_out_ap_vld     |  out|    1|      ap_vld|             add171_8_2553_out|       pointer|
|add171_8_1552_out            |  out|   32|      ap_vld|             add171_8_1552_out|       pointer|
|add171_8_1552_out_ap_vld     |  out|    1|      ap_vld|             add171_8_1552_out|       pointer|
|add171_8551_out              |  out|   32|      ap_vld|               add171_8551_out|       pointer|
|add171_8551_out_ap_vld       |  out|    1|      ap_vld|               add171_8551_out|       pointer|
|add171_7_31550_out           |  out|   32|      ap_vld|            add171_7_31550_out|       pointer|
|add171_7_31550_out_ap_vld    |  out|    1|      ap_vld|            add171_7_31550_out|       pointer|
|add171_7_30549_out           |  out|   32|      ap_vld|            add171_7_30549_out|       pointer|
|add171_7_30549_out_ap_vld    |  out|    1|      ap_vld|            add171_7_30549_out|       pointer|
|add171_7_29548_out           |  out|   32|      ap_vld|            add171_7_29548_out|       pointer|
|add171_7_29548_out_ap_vld    |  out|    1|      ap_vld|            add171_7_29548_out|       pointer|
|add171_7_28547_out           |  out|   32|      ap_vld|            add171_7_28547_out|       pointer|
|add171_7_28547_out_ap_vld    |  out|    1|      ap_vld|            add171_7_28547_out|       pointer|
|add171_7_27546_out           |  out|   32|      ap_vld|            add171_7_27546_out|       pointer|
|add171_7_27546_out_ap_vld    |  out|    1|      ap_vld|            add171_7_27546_out|       pointer|
|add171_7_26545_out           |  out|   32|      ap_vld|            add171_7_26545_out|       pointer|
|add171_7_26545_out_ap_vld    |  out|    1|      ap_vld|            add171_7_26545_out|       pointer|
|add171_7_25544_out           |  out|   32|      ap_vld|            add171_7_25544_out|       pointer|
|add171_7_25544_out_ap_vld    |  out|    1|      ap_vld|            add171_7_25544_out|       pointer|
|add171_7_24543_out           |  out|   32|      ap_vld|            add171_7_24543_out|       pointer|
|add171_7_24543_out_ap_vld    |  out|    1|      ap_vld|            add171_7_24543_out|       pointer|
|add171_7_23542_out           |  out|   32|      ap_vld|            add171_7_23542_out|       pointer|
|add171_7_23542_out_ap_vld    |  out|    1|      ap_vld|            add171_7_23542_out|       pointer|
|add171_7_22541_out           |  out|   32|      ap_vld|            add171_7_22541_out|       pointer|
|add171_7_22541_out_ap_vld    |  out|    1|      ap_vld|            add171_7_22541_out|       pointer|
|add171_7_21540_out           |  out|   32|      ap_vld|            add171_7_21540_out|       pointer|
|add171_7_21540_out_ap_vld    |  out|    1|      ap_vld|            add171_7_21540_out|       pointer|
|add171_7_20539_out           |  out|   32|      ap_vld|            add171_7_20539_out|       pointer|
|add171_7_20539_out_ap_vld    |  out|    1|      ap_vld|            add171_7_20539_out|       pointer|
|add171_7_19538_out           |  out|   32|      ap_vld|            add171_7_19538_out|       pointer|
|add171_7_19538_out_ap_vld    |  out|    1|      ap_vld|            add171_7_19538_out|       pointer|
|add171_7_18537_out           |  out|   32|      ap_vld|            add171_7_18537_out|       pointer|
|add171_7_18537_out_ap_vld    |  out|    1|      ap_vld|            add171_7_18537_out|       pointer|
|add171_7_17536_out           |  out|   32|      ap_vld|            add171_7_17536_out|       pointer|
|add171_7_17536_out_ap_vld    |  out|    1|      ap_vld|            add171_7_17536_out|       pointer|
|add171_7_16535_out           |  out|   32|      ap_vld|            add171_7_16535_out|       pointer|
|add171_7_16535_out_ap_vld    |  out|    1|      ap_vld|            add171_7_16535_out|       pointer|
|add171_7_15534_out           |  out|   32|      ap_vld|            add171_7_15534_out|       pointer|
|add171_7_15534_out_ap_vld    |  out|    1|      ap_vld|            add171_7_15534_out|       pointer|
|add171_7_14533_out           |  out|   32|      ap_vld|            add171_7_14533_out|       pointer|
|add171_7_14533_out_ap_vld    |  out|    1|      ap_vld|            add171_7_14533_out|       pointer|
|add171_7_13532_out           |  out|   32|      ap_vld|            add171_7_13532_out|       pointer|
|add171_7_13532_out_ap_vld    |  out|    1|      ap_vld|            add171_7_13532_out|       pointer|
|add171_7_12531_out           |  out|   32|      ap_vld|            add171_7_12531_out|       pointer|
|add171_7_12531_out_ap_vld    |  out|    1|      ap_vld|            add171_7_12531_out|       pointer|
|add171_7_11530_out           |  out|   32|      ap_vld|            add171_7_11530_out|       pointer|
|add171_7_11530_out_ap_vld    |  out|    1|      ap_vld|            add171_7_11530_out|       pointer|
|add171_7_10529_out           |  out|   32|      ap_vld|            add171_7_10529_out|       pointer|
|add171_7_10529_out_ap_vld    |  out|    1|      ap_vld|            add171_7_10529_out|       pointer|
|add171_7_9528_out            |  out|   32|      ap_vld|             add171_7_9528_out|       pointer|
|add171_7_9528_out_ap_vld     |  out|    1|      ap_vld|             add171_7_9528_out|       pointer|
|add171_7_8527_out            |  out|   32|      ap_vld|             add171_7_8527_out|       pointer|
|add171_7_8527_out_ap_vld     |  out|    1|      ap_vld|             add171_7_8527_out|       pointer|
|add171_7_7526_out            |  out|   32|      ap_vld|             add171_7_7526_out|       pointer|
|add171_7_7526_out_ap_vld     |  out|    1|      ap_vld|             add171_7_7526_out|       pointer|
|add171_7_6525_out            |  out|   32|      ap_vld|             add171_7_6525_out|       pointer|
|add171_7_6525_out_ap_vld     |  out|    1|      ap_vld|             add171_7_6525_out|       pointer|
|add171_7_5524_out            |  out|   32|      ap_vld|             add171_7_5524_out|       pointer|
|add171_7_5524_out_ap_vld     |  out|    1|      ap_vld|             add171_7_5524_out|       pointer|
|add171_7_4523_out            |  out|   32|      ap_vld|             add171_7_4523_out|       pointer|
|add171_7_4523_out_ap_vld     |  out|    1|      ap_vld|             add171_7_4523_out|       pointer|
|add171_7_3522_out            |  out|   32|      ap_vld|             add171_7_3522_out|       pointer|
|add171_7_3522_out_ap_vld     |  out|    1|      ap_vld|             add171_7_3522_out|       pointer|
|add171_7_2521_out            |  out|   32|      ap_vld|             add171_7_2521_out|       pointer|
|add171_7_2521_out_ap_vld     |  out|    1|      ap_vld|             add171_7_2521_out|       pointer|
|add171_7_1520_out            |  out|   32|      ap_vld|             add171_7_1520_out|       pointer|
|add171_7_1520_out_ap_vld     |  out|    1|      ap_vld|             add171_7_1520_out|       pointer|
|add171_7519_out              |  out|   32|      ap_vld|               add171_7519_out|       pointer|
|add171_7519_out_ap_vld       |  out|    1|      ap_vld|               add171_7519_out|       pointer|
|add171_6_31518_out           |  out|   32|      ap_vld|            add171_6_31518_out|       pointer|
|add171_6_31518_out_ap_vld    |  out|    1|      ap_vld|            add171_6_31518_out|       pointer|
|add171_6_30517_out           |  out|   32|      ap_vld|            add171_6_30517_out|       pointer|
|add171_6_30517_out_ap_vld    |  out|    1|      ap_vld|            add171_6_30517_out|       pointer|
|add171_6_29516_out           |  out|   32|      ap_vld|            add171_6_29516_out|       pointer|
|add171_6_29516_out_ap_vld    |  out|    1|      ap_vld|            add171_6_29516_out|       pointer|
|add171_6_28515_out           |  out|   32|      ap_vld|            add171_6_28515_out|       pointer|
|add171_6_28515_out_ap_vld    |  out|    1|      ap_vld|            add171_6_28515_out|       pointer|
|add171_6_27514_out           |  out|   32|      ap_vld|            add171_6_27514_out|       pointer|
|add171_6_27514_out_ap_vld    |  out|    1|      ap_vld|            add171_6_27514_out|       pointer|
|add171_6_26513_out           |  out|   32|      ap_vld|            add171_6_26513_out|       pointer|
|add171_6_26513_out_ap_vld    |  out|    1|      ap_vld|            add171_6_26513_out|       pointer|
|add171_6_25512_out           |  out|   32|      ap_vld|            add171_6_25512_out|       pointer|
|add171_6_25512_out_ap_vld    |  out|    1|      ap_vld|            add171_6_25512_out|       pointer|
|add171_6_24511_out           |  out|   32|      ap_vld|            add171_6_24511_out|       pointer|
|add171_6_24511_out_ap_vld    |  out|    1|      ap_vld|            add171_6_24511_out|       pointer|
|add171_6_23510_out           |  out|   32|      ap_vld|            add171_6_23510_out|       pointer|
|add171_6_23510_out_ap_vld    |  out|    1|      ap_vld|            add171_6_23510_out|       pointer|
|add171_6_22509_out           |  out|   32|      ap_vld|            add171_6_22509_out|       pointer|
|add171_6_22509_out_ap_vld    |  out|    1|      ap_vld|            add171_6_22509_out|       pointer|
|add171_6_21508_out           |  out|   32|      ap_vld|            add171_6_21508_out|       pointer|
|add171_6_21508_out_ap_vld    |  out|    1|      ap_vld|            add171_6_21508_out|       pointer|
|add171_6_20507_out           |  out|   32|      ap_vld|            add171_6_20507_out|       pointer|
|add171_6_20507_out_ap_vld    |  out|    1|      ap_vld|            add171_6_20507_out|       pointer|
|add171_6_19506_out           |  out|   32|      ap_vld|            add171_6_19506_out|       pointer|
|add171_6_19506_out_ap_vld    |  out|    1|      ap_vld|            add171_6_19506_out|       pointer|
|add171_6_18505_out           |  out|   32|      ap_vld|            add171_6_18505_out|       pointer|
|add171_6_18505_out_ap_vld    |  out|    1|      ap_vld|            add171_6_18505_out|       pointer|
|add171_6_17504_out           |  out|   32|      ap_vld|            add171_6_17504_out|       pointer|
|add171_6_17504_out_ap_vld    |  out|    1|      ap_vld|            add171_6_17504_out|       pointer|
|add171_6_16503_out           |  out|   32|      ap_vld|            add171_6_16503_out|       pointer|
|add171_6_16503_out_ap_vld    |  out|    1|      ap_vld|            add171_6_16503_out|       pointer|
|add171_6_15502_out           |  out|   32|      ap_vld|            add171_6_15502_out|       pointer|
|add171_6_15502_out_ap_vld    |  out|    1|      ap_vld|            add171_6_15502_out|       pointer|
|add171_6_14501_out           |  out|   32|      ap_vld|            add171_6_14501_out|       pointer|
|add171_6_14501_out_ap_vld    |  out|    1|      ap_vld|            add171_6_14501_out|       pointer|
|add171_6_13500_out           |  out|   32|      ap_vld|            add171_6_13500_out|       pointer|
|add171_6_13500_out_ap_vld    |  out|    1|      ap_vld|            add171_6_13500_out|       pointer|
|add171_6_12499_out           |  out|   32|      ap_vld|            add171_6_12499_out|       pointer|
|add171_6_12499_out_ap_vld    |  out|    1|      ap_vld|            add171_6_12499_out|       pointer|
|add171_6_11498_out           |  out|   32|      ap_vld|            add171_6_11498_out|       pointer|
|add171_6_11498_out_ap_vld    |  out|    1|      ap_vld|            add171_6_11498_out|       pointer|
|add171_6_10497_out           |  out|   32|      ap_vld|            add171_6_10497_out|       pointer|
|add171_6_10497_out_ap_vld    |  out|    1|      ap_vld|            add171_6_10497_out|       pointer|
|add171_6_9496_out            |  out|   32|      ap_vld|             add171_6_9496_out|       pointer|
|add171_6_9496_out_ap_vld     |  out|    1|      ap_vld|             add171_6_9496_out|       pointer|
|add171_6_8495_out            |  out|   32|      ap_vld|             add171_6_8495_out|       pointer|
|add171_6_8495_out_ap_vld     |  out|    1|      ap_vld|             add171_6_8495_out|       pointer|
|add171_6_7494_out            |  out|   32|      ap_vld|             add171_6_7494_out|       pointer|
|add171_6_7494_out_ap_vld     |  out|    1|      ap_vld|             add171_6_7494_out|       pointer|
|add171_6_6493_out            |  out|   32|      ap_vld|             add171_6_6493_out|       pointer|
|add171_6_6493_out_ap_vld     |  out|    1|      ap_vld|             add171_6_6493_out|       pointer|
|add171_6_5492_out            |  out|   32|      ap_vld|             add171_6_5492_out|       pointer|
|add171_6_5492_out_ap_vld     |  out|    1|      ap_vld|             add171_6_5492_out|       pointer|
|add171_6_4491_out            |  out|   32|      ap_vld|             add171_6_4491_out|       pointer|
|add171_6_4491_out_ap_vld     |  out|    1|      ap_vld|             add171_6_4491_out|       pointer|
|add171_6_3490_out            |  out|   32|      ap_vld|             add171_6_3490_out|       pointer|
|add171_6_3490_out_ap_vld     |  out|    1|      ap_vld|             add171_6_3490_out|       pointer|
|add171_6_2489_out            |  out|   32|      ap_vld|             add171_6_2489_out|       pointer|
|add171_6_2489_out_ap_vld     |  out|    1|      ap_vld|             add171_6_2489_out|       pointer|
|add171_6_1488_out            |  out|   32|      ap_vld|             add171_6_1488_out|       pointer|
|add171_6_1488_out_ap_vld     |  out|    1|      ap_vld|             add171_6_1488_out|       pointer|
|add171_6487_out              |  out|   32|      ap_vld|               add171_6487_out|       pointer|
|add171_6487_out_ap_vld       |  out|    1|      ap_vld|               add171_6487_out|       pointer|
|add171_5_31486_out           |  out|   32|      ap_vld|            add171_5_31486_out|       pointer|
|add171_5_31486_out_ap_vld    |  out|    1|      ap_vld|            add171_5_31486_out|       pointer|
|add171_5_30485_out           |  out|   32|      ap_vld|            add171_5_30485_out|       pointer|
|add171_5_30485_out_ap_vld    |  out|    1|      ap_vld|            add171_5_30485_out|       pointer|
|add171_5_29484_out           |  out|   32|      ap_vld|            add171_5_29484_out|       pointer|
|add171_5_29484_out_ap_vld    |  out|    1|      ap_vld|            add171_5_29484_out|       pointer|
|add171_5_28483_out           |  out|   32|      ap_vld|            add171_5_28483_out|       pointer|
|add171_5_28483_out_ap_vld    |  out|    1|      ap_vld|            add171_5_28483_out|       pointer|
|add171_5_27482_out           |  out|   32|      ap_vld|            add171_5_27482_out|       pointer|
|add171_5_27482_out_ap_vld    |  out|    1|      ap_vld|            add171_5_27482_out|       pointer|
|add171_5_26481_out           |  out|   32|      ap_vld|            add171_5_26481_out|       pointer|
|add171_5_26481_out_ap_vld    |  out|    1|      ap_vld|            add171_5_26481_out|       pointer|
|add171_5_25480_out           |  out|   32|      ap_vld|            add171_5_25480_out|       pointer|
|add171_5_25480_out_ap_vld    |  out|    1|      ap_vld|            add171_5_25480_out|       pointer|
|add171_5_24479_out           |  out|   32|      ap_vld|            add171_5_24479_out|       pointer|
|add171_5_24479_out_ap_vld    |  out|    1|      ap_vld|            add171_5_24479_out|       pointer|
|add171_5_23478_out           |  out|   32|      ap_vld|            add171_5_23478_out|       pointer|
|add171_5_23478_out_ap_vld    |  out|    1|      ap_vld|            add171_5_23478_out|       pointer|
|add171_5_22477_out           |  out|   32|      ap_vld|            add171_5_22477_out|       pointer|
|add171_5_22477_out_ap_vld    |  out|    1|      ap_vld|            add171_5_22477_out|       pointer|
|add171_5_21476_out           |  out|   32|      ap_vld|            add171_5_21476_out|       pointer|
|add171_5_21476_out_ap_vld    |  out|    1|      ap_vld|            add171_5_21476_out|       pointer|
|add171_5_20475_out           |  out|   32|      ap_vld|            add171_5_20475_out|       pointer|
|add171_5_20475_out_ap_vld    |  out|    1|      ap_vld|            add171_5_20475_out|       pointer|
|add171_5_19474_out           |  out|   32|      ap_vld|            add171_5_19474_out|       pointer|
|add171_5_19474_out_ap_vld    |  out|    1|      ap_vld|            add171_5_19474_out|       pointer|
|add171_5_18473_out           |  out|   32|      ap_vld|            add171_5_18473_out|       pointer|
|add171_5_18473_out_ap_vld    |  out|    1|      ap_vld|            add171_5_18473_out|       pointer|
|add171_5_17472_out           |  out|   32|      ap_vld|            add171_5_17472_out|       pointer|
|add171_5_17472_out_ap_vld    |  out|    1|      ap_vld|            add171_5_17472_out|       pointer|
|add171_5_16471_out           |  out|   32|      ap_vld|            add171_5_16471_out|       pointer|
|add171_5_16471_out_ap_vld    |  out|    1|      ap_vld|            add171_5_16471_out|       pointer|
|add171_5_15470_out           |  out|   32|      ap_vld|            add171_5_15470_out|       pointer|
|add171_5_15470_out_ap_vld    |  out|    1|      ap_vld|            add171_5_15470_out|       pointer|
|add171_5_14469_out           |  out|   32|      ap_vld|            add171_5_14469_out|       pointer|
|add171_5_14469_out_ap_vld    |  out|    1|      ap_vld|            add171_5_14469_out|       pointer|
|add171_5_13468_out           |  out|   32|      ap_vld|            add171_5_13468_out|       pointer|
|add171_5_13468_out_ap_vld    |  out|    1|      ap_vld|            add171_5_13468_out|       pointer|
|add171_5_12467_out           |  out|   32|      ap_vld|            add171_5_12467_out|       pointer|
|add171_5_12467_out_ap_vld    |  out|    1|      ap_vld|            add171_5_12467_out|       pointer|
|add171_5_11466_out           |  out|   32|      ap_vld|            add171_5_11466_out|       pointer|
|add171_5_11466_out_ap_vld    |  out|    1|      ap_vld|            add171_5_11466_out|       pointer|
|add171_5_10465_out           |  out|   32|      ap_vld|            add171_5_10465_out|       pointer|
|add171_5_10465_out_ap_vld    |  out|    1|      ap_vld|            add171_5_10465_out|       pointer|
|add171_5_9464_out            |  out|   32|      ap_vld|             add171_5_9464_out|       pointer|
|add171_5_9464_out_ap_vld     |  out|    1|      ap_vld|             add171_5_9464_out|       pointer|
|add171_5_8463_out            |  out|   32|      ap_vld|             add171_5_8463_out|       pointer|
|add171_5_8463_out_ap_vld     |  out|    1|      ap_vld|             add171_5_8463_out|       pointer|
|add171_5_7462_out            |  out|   32|      ap_vld|             add171_5_7462_out|       pointer|
|add171_5_7462_out_ap_vld     |  out|    1|      ap_vld|             add171_5_7462_out|       pointer|
|add171_5_6461_out            |  out|   32|      ap_vld|             add171_5_6461_out|       pointer|
|add171_5_6461_out_ap_vld     |  out|    1|      ap_vld|             add171_5_6461_out|       pointer|
|add171_5_5460_out            |  out|   32|      ap_vld|             add171_5_5460_out|       pointer|
|add171_5_5460_out_ap_vld     |  out|    1|      ap_vld|             add171_5_5460_out|       pointer|
|add171_5_4459_out            |  out|   32|      ap_vld|             add171_5_4459_out|       pointer|
|add171_5_4459_out_ap_vld     |  out|    1|      ap_vld|             add171_5_4459_out|       pointer|
|add171_5_3458_out            |  out|   32|      ap_vld|             add171_5_3458_out|       pointer|
|add171_5_3458_out_ap_vld     |  out|    1|      ap_vld|             add171_5_3458_out|       pointer|
|add171_5_2457_out            |  out|   32|      ap_vld|             add171_5_2457_out|       pointer|
|add171_5_2457_out_ap_vld     |  out|    1|      ap_vld|             add171_5_2457_out|       pointer|
|add171_5_1456_out            |  out|   32|      ap_vld|             add171_5_1456_out|       pointer|
|add171_5_1456_out_ap_vld     |  out|    1|      ap_vld|             add171_5_1456_out|       pointer|
|add171_5455_out              |  out|   32|      ap_vld|               add171_5455_out|       pointer|
|add171_5455_out_ap_vld       |  out|    1|      ap_vld|               add171_5455_out|       pointer|
|add171_4_31454_out           |  out|   32|      ap_vld|            add171_4_31454_out|       pointer|
|add171_4_31454_out_ap_vld    |  out|    1|      ap_vld|            add171_4_31454_out|       pointer|
|add171_4_30453_out           |  out|   32|      ap_vld|            add171_4_30453_out|       pointer|
|add171_4_30453_out_ap_vld    |  out|    1|      ap_vld|            add171_4_30453_out|       pointer|
|add171_4_29452_out           |  out|   32|      ap_vld|            add171_4_29452_out|       pointer|
|add171_4_29452_out_ap_vld    |  out|    1|      ap_vld|            add171_4_29452_out|       pointer|
|add171_4_28451_out           |  out|   32|      ap_vld|            add171_4_28451_out|       pointer|
|add171_4_28451_out_ap_vld    |  out|    1|      ap_vld|            add171_4_28451_out|       pointer|
|add171_4_27450_out           |  out|   32|      ap_vld|            add171_4_27450_out|       pointer|
|add171_4_27450_out_ap_vld    |  out|    1|      ap_vld|            add171_4_27450_out|       pointer|
|add171_4_26449_out           |  out|   32|      ap_vld|            add171_4_26449_out|       pointer|
|add171_4_26449_out_ap_vld    |  out|    1|      ap_vld|            add171_4_26449_out|       pointer|
|add171_4_25448_out           |  out|   32|      ap_vld|            add171_4_25448_out|       pointer|
|add171_4_25448_out_ap_vld    |  out|    1|      ap_vld|            add171_4_25448_out|       pointer|
|add171_4_24447_out           |  out|   32|      ap_vld|            add171_4_24447_out|       pointer|
|add171_4_24447_out_ap_vld    |  out|    1|      ap_vld|            add171_4_24447_out|       pointer|
|add171_4_23446_out           |  out|   32|      ap_vld|            add171_4_23446_out|       pointer|
|add171_4_23446_out_ap_vld    |  out|    1|      ap_vld|            add171_4_23446_out|       pointer|
|add171_4_22445_out           |  out|   32|      ap_vld|            add171_4_22445_out|       pointer|
|add171_4_22445_out_ap_vld    |  out|    1|      ap_vld|            add171_4_22445_out|       pointer|
|add171_4_21444_out           |  out|   32|      ap_vld|            add171_4_21444_out|       pointer|
|add171_4_21444_out_ap_vld    |  out|    1|      ap_vld|            add171_4_21444_out|       pointer|
|add171_4_20443_out           |  out|   32|      ap_vld|            add171_4_20443_out|       pointer|
|add171_4_20443_out_ap_vld    |  out|    1|      ap_vld|            add171_4_20443_out|       pointer|
|add171_4_19442_out           |  out|   32|      ap_vld|            add171_4_19442_out|       pointer|
|add171_4_19442_out_ap_vld    |  out|    1|      ap_vld|            add171_4_19442_out|       pointer|
|add171_4_18441_out           |  out|   32|      ap_vld|            add171_4_18441_out|       pointer|
|add171_4_18441_out_ap_vld    |  out|    1|      ap_vld|            add171_4_18441_out|       pointer|
|add171_4_17440_out           |  out|   32|      ap_vld|            add171_4_17440_out|       pointer|
|add171_4_17440_out_ap_vld    |  out|    1|      ap_vld|            add171_4_17440_out|       pointer|
|add171_4_16439_out           |  out|   32|      ap_vld|            add171_4_16439_out|       pointer|
|add171_4_16439_out_ap_vld    |  out|    1|      ap_vld|            add171_4_16439_out|       pointer|
|add171_4_15438_out           |  out|   32|      ap_vld|            add171_4_15438_out|       pointer|
|add171_4_15438_out_ap_vld    |  out|    1|      ap_vld|            add171_4_15438_out|       pointer|
|add171_4_14437_out           |  out|   32|      ap_vld|            add171_4_14437_out|       pointer|
|add171_4_14437_out_ap_vld    |  out|    1|      ap_vld|            add171_4_14437_out|       pointer|
|add171_4_13436_out           |  out|   32|      ap_vld|            add171_4_13436_out|       pointer|
|add171_4_13436_out_ap_vld    |  out|    1|      ap_vld|            add171_4_13436_out|       pointer|
|add171_4_12435_out           |  out|   32|      ap_vld|            add171_4_12435_out|       pointer|
|add171_4_12435_out_ap_vld    |  out|    1|      ap_vld|            add171_4_12435_out|       pointer|
|add171_4_11434_out           |  out|   32|      ap_vld|            add171_4_11434_out|       pointer|
|add171_4_11434_out_ap_vld    |  out|    1|      ap_vld|            add171_4_11434_out|       pointer|
|add171_4_10433_out           |  out|   32|      ap_vld|            add171_4_10433_out|       pointer|
|add171_4_10433_out_ap_vld    |  out|    1|      ap_vld|            add171_4_10433_out|       pointer|
|add171_4_9432_out            |  out|   32|      ap_vld|             add171_4_9432_out|       pointer|
|add171_4_9432_out_ap_vld     |  out|    1|      ap_vld|             add171_4_9432_out|       pointer|
|add171_4_8431_out            |  out|   32|      ap_vld|             add171_4_8431_out|       pointer|
|add171_4_8431_out_ap_vld     |  out|    1|      ap_vld|             add171_4_8431_out|       pointer|
|add171_4_7430_out            |  out|   32|      ap_vld|             add171_4_7430_out|       pointer|
|add171_4_7430_out_ap_vld     |  out|    1|      ap_vld|             add171_4_7430_out|       pointer|
|add171_4_6429_out            |  out|   32|      ap_vld|             add171_4_6429_out|       pointer|
|add171_4_6429_out_ap_vld     |  out|    1|      ap_vld|             add171_4_6429_out|       pointer|
|add171_4_5428_out            |  out|   32|      ap_vld|             add171_4_5428_out|       pointer|
|add171_4_5428_out_ap_vld     |  out|    1|      ap_vld|             add171_4_5428_out|       pointer|
|add171_4_4427_out            |  out|   32|      ap_vld|             add171_4_4427_out|       pointer|
|add171_4_4427_out_ap_vld     |  out|    1|      ap_vld|             add171_4_4427_out|       pointer|
|add171_4_3426_out            |  out|   32|      ap_vld|             add171_4_3426_out|       pointer|
|add171_4_3426_out_ap_vld     |  out|    1|      ap_vld|             add171_4_3426_out|       pointer|
|add171_4_2425_out            |  out|   32|      ap_vld|             add171_4_2425_out|       pointer|
|add171_4_2425_out_ap_vld     |  out|    1|      ap_vld|             add171_4_2425_out|       pointer|
|add171_4_1424_out            |  out|   32|      ap_vld|             add171_4_1424_out|       pointer|
|add171_4_1424_out_ap_vld     |  out|    1|      ap_vld|             add171_4_1424_out|       pointer|
|add171_4423_out              |  out|   32|      ap_vld|               add171_4423_out|       pointer|
|add171_4423_out_ap_vld       |  out|    1|      ap_vld|               add171_4423_out|       pointer|
|add171_3_31422_out           |  out|   32|      ap_vld|            add171_3_31422_out|       pointer|
|add171_3_31422_out_ap_vld    |  out|    1|      ap_vld|            add171_3_31422_out|       pointer|
|add171_3_30421_out           |  out|   32|      ap_vld|            add171_3_30421_out|       pointer|
|add171_3_30421_out_ap_vld    |  out|    1|      ap_vld|            add171_3_30421_out|       pointer|
|add171_3_29420_out           |  out|   32|      ap_vld|            add171_3_29420_out|       pointer|
|add171_3_29420_out_ap_vld    |  out|    1|      ap_vld|            add171_3_29420_out|       pointer|
|add171_3_28419_out           |  out|   32|      ap_vld|            add171_3_28419_out|       pointer|
|add171_3_28419_out_ap_vld    |  out|    1|      ap_vld|            add171_3_28419_out|       pointer|
|add171_3_27418_out           |  out|   32|      ap_vld|            add171_3_27418_out|       pointer|
|add171_3_27418_out_ap_vld    |  out|    1|      ap_vld|            add171_3_27418_out|       pointer|
|add171_3_26417_out           |  out|   32|      ap_vld|            add171_3_26417_out|       pointer|
|add171_3_26417_out_ap_vld    |  out|    1|      ap_vld|            add171_3_26417_out|       pointer|
|add171_3_25416_out           |  out|   32|      ap_vld|            add171_3_25416_out|       pointer|
|add171_3_25416_out_ap_vld    |  out|    1|      ap_vld|            add171_3_25416_out|       pointer|
|add171_3_24415_out           |  out|   32|      ap_vld|            add171_3_24415_out|       pointer|
|add171_3_24415_out_ap_vld    |  out|    1|      ap_vld|            add171_3_24415_out|       pointer|
|add171_3_23414_out           |  out|   32|      ap_vld|            add171_3_23414_out|       pointer|
|add171_3_23414_out_ap_vld    |  out|    1|      ap_vld|            add171_3_23414_out|       pointer|
|add171_3_22413_out           |  out|   32|      ap_vld|            add171_3_22413_out|       pointer|
|add171_3_22413_out_ap_vld    |  out|    1|      ap_vld|            add171_3_22413_out|       pointer|
|add171_3_21412_out           |  out|   32|      ap_vld|            add171_3_21412_out|       pointer|
|add171_3_21412_out_ap_vld    |  out|    1|      ap_vld|            add171_3_21412_out|       pointer|
|add171_3_20411_out           |  out|   32|      ap_vld|            add171_3_20411_out|       pointer|
|add171_3_20411_out_ap_vld    |  out|    1|      ap_vld|            add171_3_20411_out|       pointer|
|add171_3_19410_out           |  out|   32|      ap_vld|            add171_3_19410_out|       pointer|
|add171_3_19410_out_ap_vld    |  out|    1|      ap_vld|            add171_3_19410_out|       pointer|
|add171_3_18409_out           |  out|   32|      ap_vld|            add171_3_18409_out|       pointer|
|add171_3_18409_out_ap_vld    |  out|    1|      ap_vld|            add171_3_18409_out|       pointer|
|add171_3_17408_out           |  out|   32|      ap_vld|            add171_3_17408_out|       pointer|
|add171_3_17408_out_ap_vld    |  out|    1|      ap_vld|            add171_3_17408_out|       pointer|
|add171_3_16407_out           |  out|   32|      ap_vld|            add171_3_16407_out|       pointer|
|add171_3_16407_out_ap_vld    |  out|    1|      ap_vld|            add171_3_16407_out|       pointer|
|add171_3_15406_out           |  out|   32|      ap_vld|            add171_3_15406_out|       pointer|
|add171_3_15406_out_ap_vld    |  out|    1|      ap_vld|            add171_3_15406_out|       pointer|
|add171_3_14405_out           |  out|   32|      ap_vld|            add171_3_14405_out|       pointer|
|add171_3_14405_out_ap_vld    |  out|    1|      ap_vld|            add171_3_14405_out|       pointer|
|add171_3_13404_out           |  out|   32|      ap_vld|            add171_3_13404_out|       pointer|
|add171_3_13404_out_ap_vld    |  out|    1|      ap_vld|            add171_3_13404_out|       pointer|
|add171_3_12403_out           |  out|   32|      ap_vld|            add171_3_12403_out|       pointer|
|add171_3_12403_out_ap_vld    |  out|    1|      ap_vld|            add171_3_12403_out|       pointer|
|add171_3_11402_out           |  out|   32|      ap_vld|            add171_3_11402_out|       pointer|
|add171_3_11402_out_ap_vld    |  out|    1|      ap_vld|            add171_3_11402_out|       pointer|
|add171_3_10401_out           |  out|   32|      ap_vld|            add171_3_10401_out|       pointer|
|add171_3_10401_out_ap_vld    |  out|    1|      ap_vld|            add171_3_10401_out|       pointer|
|add171_3_9400_out            |  out|   32|      ap_vld|             add171_3_9400_out|       pointer|
|add171_3_9400_out_ap_vld     |  out|    1|      ap_vld|             add171_3_9400_out|       pointer|
|add171_3_8399_out            |  out|   32|      ap_vld|             add171_3_8399_out|       pointer|
|add171_3_8399_out_ap_vld     |  out|    1|      ap_vld|             add171_3_8399_out|       pointer|
|add171_3_7398_out            |  out|   32|      ap_vld|             add171_3_7398_out|       pointer|
|add171_3_7398_out_ap_vld     |  out|    1|      ap_vld|             add171_3_7398_out|       pointer|
|add171_3_6397_out            |  out|   32|      ap_vld|             add171_3_6397_out|       pointer|
|add171_3_6397_out_ap_vld     |  out|    1|      ap_vld|             add171_3_6397_out|       pointer|
|add171_3_5396_out            |  out|   32|      ap_vld|             add171_3_5396_out|       pointer|
|add171_3_5396_out_ap_vld     |  out|    1|      ap_vld|             add171_3_5396_out|       pointer|
|add171_3_4395_out            |  out|   32|      ap_vld|             add171_3_4395_out|       pointer|
|add171_3_4395_out_ap_vld     |  out|    1|      ap_vld|             add171_3_4395_out|       pointer|
|add171_3_3394_out            |  out|   32|      ap_vld|             add171_3_3394_out|       pointer|
|add171_3_3394_out_ap_vld     |  out|    1|      ap_vld|             add171_3_3394_out|       pointer|
|add171_3_2393_out            |  out|   32|      ap_vld|             add171_3_2393_out|       pointer|
|add171_3_2393_out_ap_vld     |  out|    1|      ap_vld|             add171_3_2393_out|       pointer|
|add171_3_1392_out            |  out|   32|      ap_vld|             add171_3_1392_out|       pointer|
|add171_3_1392_out_ap_vld     |  out|    1|      ap_vld|             add171_3_1392_out|       pointer|
|add171_3391_out              |  out|   32|      ap_vld|               add171_3391_out|       pointer|
|add171_3391_out_ap_vld       |  out|    1|      ap_vld|               add171_3391_out|       pointer|
|add171_2_31390_out           |  out|   32|      ap_vld|            add171_2_31390_out|       pointer|
|add171_2_31390_out_ap_vld    |  out|    1|      ap_vld|            add171_2_31390_out|       pointer|
|add171_2_30389_out           |  out|   32|      ap_vld|            add171_2_30389_out|       pointer|
|add171_2_30389_out_ap_vld    |  out|    1|      ap_vld|            add171_2_30389_out|       pointer|
|add171_2_29388_out           |  out|   32|      ap_vld|            add171_2_29388_out|       pointer|
|add171_2_29388_out_ap_vld    |  out|    1|      ap_vld|            add171_2_29388_out|       pointer|
|add171_2_28387_out           |  out|   32|      ap_vld|            add171_2_28387_out|       pointer|
|add171_2_28387_out_ap_vld    |  out|    1|      ap_vld|            add171_2_28387_out|       pointer|
|add171_2_27386_out           |  out|   32|      ap_vld|            add171_2_27386_out|       pointer|
|add171_2_27386_out_ap_vld    |  out|    1|      ap_vld|            add171_2_27386_out|       pointer|
|add171_2_26385_out           |  out|   32|      ap_vld|            add171_2_26385_out|       pointer|
|add171_2_26385_out_ap_vld    |  out|    1|      ap_vld|            add171_2_26385_out|       pointer|
|add171_2_25384_out           |  out|   32|      ap_vld|            add171_2_25384_out|       pointer|
|add171_2_25384_out_ap_vld    |  out|    1|      ap_vld|            add171_2_25384_out|       pointer|
|add171_2_24383_out           |  out|   32|      ap_vld|            add171_2_24383_out|       pointer|
|add171_2_24383_out_ap_vld    |  out|    1|      ap_vld|            add171_2_24383_out|       pointer|
|add171_2_23382_out           |  out|   32|      ap_vld|            add171_2_23382_out|       pointer|
|add171_2_23382_out_ap_vld    |  out|    1|      ap_vld|            add171_2_23382_out|       pointer|
|add171_2_22381_out           |  out|   32|      ap_vld|            add171_2_22381_out|       pointer|
|add171_2_22381_out_ap_vld    |  out|    1|      ap_vld|            add171_2_22381_out|       pointer|
|add171_2_21380_out           |  out|   32|      ap_vld|            add171_2_21380_out|       pointer|
|add171_2_21380_out_ap_vld    |  out|    1|      ap_vld|            add171_2_21380_out|       pointer|
|add171_2_20379_out           |  out|   32|      ap_vld|            add171_2_20379_out|       pointer|
|add171_2_20379_out_ap_vld    |  out|    1|      ap_vld|            add171_2_20379_out|       pointer|
|add171_2_19378_out           |  out|   32|      ap_vld|            add171_2_19378_out|       pointer|
|add171_2_19378_out_ap_vld    |  out|    1|      ap_vld|            add171_2_19378_out|       pointer|
|add171_2_18377_out           |  out|   32|      ap_vld|            add171_2_18377_out|       pointer|
|add171_2_18377_out_ap_vld    |  out|    1|      ap_vld|            add171_2_18377_out|       pointer|
|add171_2_17376_out           |  out|   32|      ap_vld|            add171_2_17376_out|       pointer|
|add171_2_17376_out_ap_vld    |  out|    1|      ap_vld|            add171_2_17376_out|       pointer|
|add171_2_16375_out           |  out|   32|      ap_vld|            add171_2_16375_out|       pointer|
|add171_2_16375_out_ap_vld    |  out|    1|      ap_vld|            add171_2_16375_out|       pointer|
|add171_2_15374_out           |  out|   32|      ap_vld|            add171_2_15374_out|       pointer|
|add171_2_15374_out_ap_vld    |  out|    1|      ap_vld|            add171_2_15374_out|       pointer|
|add171_2_14373_out           |  out|   32|      ap_vld|            add171_2_14373_out|       pointer|
|add171_2_14373_out_ap_vld    |  out|    1|      ap_vld|            add171_2_14373_out|       pointer|
|add171_2_13372_out           |  out|   32|      ap_vld|            add171_2_13372_out|       pointer|
|add171_2_13372_out_ap_vld    |  out|    1|      ap_vld|            add171_2_13372_out|       pointer|
|add171_2_12371_out           |  out|   32|      ap_vld|            add171_2_12371_out|       pointer|
|add171_2_12371_out_ap_vld    |  out|    1|      ap_vld|            add171_2_12371_out|       pointer|
|add171_2_11370_out           |  out|   32|      ap_vld|            add171_2_11370_out|       pointer|
|add171_2_11370_out_ap_vld    |  out|    1|      ap_vld|            add171_2_11370_out|       pointer|
|add171_2_10369_out           |  out|   32|      ap_vld|            add171_2_10369_out|       pointer|
|add171_2_10369_out_ap_vld    |  out|    1|      ap_vld|            add171_2_10369_out|       pointer|
|add171_2_9368_out            |  out|   32|      ap_vld|             add171_2_9368_out|       pointer|
|add171_2_9368_out_ap_vld     |  out|    1|      ap_vld|             add171_2_9368_out|       pointer|
|add171_2_8367_out            |  out|   32|      ap_vld|             add171_2_8367_out|       pointer|
|add171_2_8367_out_ap_vld     |  out|    1|      ap_vld|             add171_2_8367_out|       pointer|
|add171_2_7366_out            |  out|   32|      ap_vld|             add171_2_7366_out|       pointer|
|add171_2_7366_out_ap_vld     |  out|    1|      ap_vld|             add171_2_7366_out|       pointer|
|add171_2_6365_out            |  out|   32|      ap_vld|             add171_2_6365_out|       pointer|
|add171_2_6365_out_ap_vld     |  out|    1|      ap_vld|             add171_2_6365_out|       pointer|
|add171_2_5364_out            |  out|   32|      ap_vld|             add171_2_5364_out|       pointer|
|add171_2_5364_out_ap_vld     |  out|    1|      ap_vld|             add171_2_5364_out|       pointer|
|add171_2_4363_out            |  out|   32|      ap_vld|             add171_2_4363_out|       pointer|
|add171_2_4363_out_ap_vld     |  out|    1|      ap_vld|             add171_2_4363_out|       pointer|
|add171_2_3362_out            |  out|   32|      ap_vld|             add171_2_3362_out|       pointer|
|add171_2_3362_out_ap_vld     |  out|    1|      ap_vld|             add171_2_3362_out|       pointer|
|add171_2_2361_out            |  out|   32|      ap_vld|             add171_2_2361_out|       pointer|
|add171_2_2361_out_ap_vld     |  out|    1|      ap_vld|             add171_2_2361_out|       pointer|
|add171_2_1360_out            |  out|   32|      ap_vld|             add171_2_1360_out|       pointer|
|add171_2_1360_out_ap_vld     |  out|    1|      ap_vld|             add171_2_1360_out|       pointer|
|add171_2359_out              |  out|   32|      ap_vld|               add171_2359_out|       pointer|
|add171_2359_out_ap_vld       |  out|    1|      ap_vld|               add171_2359_out|       pointer|
|add171_1_31358_out           |  out|   32|      ap_vld|            add171_1_31358_out|       pointer|
|add171_1_31358_out_ap_vld    |  out|    1|      ap_vld|            add171_1_31358_out|       pointer|
|add171_1_30357_out           |  out|   32|      ap_vld|            add171_1_30357_out|       pointer|
|add171_1_30357_out_ap_vld    |  out|    1|      ap_vld|            add171_1_30357_out|       pointer|
|add171_1_29356_out           |  out|   32|      ap_vld|            add171_1_29356_out|       pointer|
|add171_1_29356_out_ap_vld    |  out|    1|      ap_vld|            add171_1_29356_out|       pointer|
|add171_1_28355_out           |  out|   32|      ap_vld|            add171_1_28355_out|       pointer|
|add171_1_28355_out_ap_vld    |  out|    1|      ap_vld|            add171_1_28355_out|       pointer|
|add171_1_27354_out           |  out|   32|      ap_vld|            add171_1_27354_out|       pointer|
|add171_1_27354_out_ap_vld    |  out|    1|      ap_vld|            add171_1_27354_out|       pointer|
|add171_1_26353_out           |  out|   32|      ap_vld|            add171_1_26353_out|       pointer|
|add171_1_26353_out_ap_vld    |  out|    1|      ap_vld|            add171_1_26353_out|       pointer|
|add171_1_25352_out           |  out|   32|      ap_vld|            add171_1_25352_out|       pointer|
|add171_1_25352_out_ap_vld    |  out|    1|      ap_vld|            add171_1_25352_out|       pointer|
|add171_1_24351_out           |  out|   32|      ap_vld|            add171_1_24351_out|       pointer|
|add171_1_24351_out_ap_vld    |  out|    1|      ap_vld|            add171_1_24351_out|       pointer|
|add171_1_23350_out           |  out|   32|      ap_vld|            add171_1_23350_out|       pointer|
|add171_1_23350_out_ap_vld    |  out|    1|      ap_vld|            add171_1_23350_out|       pointer|
|add171_1_22349_out           |  out|   32|      ap_vld|            add171_1_22349_out|       pointer|
|add171_1_22349_out_ap_vld    |  out|    1|      ap_vld|            add171_1_22349_out|       pointer|
|add171_1_21348_out           |  out|   32|      ap_vld|            add171_1_21348_out|       pointer|
|add171_1_21348_out_ap_vld    |  out|    1|      ap_vld|            add171_1_21348_out|       pointer|
|add171_1_20347_out           |  out|   32|      ap_vld|            add171_1_20347_out|       pointer|
|add171_1_20347_out_ap_vld    |  out|    1|      ap_vld|            add171_1_20347_out|       pointer|
|add171_1_19346_out           |  out|   32|      ap_vld|            add171_1_19346_out|       pointer|
|add171_1_19346_out_ap_vld    |  out|    1|      ap_vld|            add171_1_19346_out|       pointer|
|add171_1_18345_out           |  out|   32|      ap_vld|            add171_1_18345_out|       pointer|
|add171_1_18345_out_ap_vld    |  out|    1|      ap_vld|            add171_1_18345_out|       pointer|
|add171_1_17344_out           |  out|   32|      ap_vld|            add171_1_17344_out|       pointer|
|add171_1_17344_out_ap_vld    |  out|    1|      ap_vld|            add171_1_17344_out|       pointer|
|add171_1_16343_out           |  out|   32|      ap_vld|            add171_1_16343_out|       pointer|
|add171_1_16343_out_ap_vld    |  out|    1|      ap_vld|            add171_1_16343_out|       pointer|
|add171_1_15342_out           |  out|   32|      ap_vld|            add171_1_15342_out|       pointer|
|add171_1_15342_out_ap_vld    |  out|    1|      ap_vld|            add171_1_15342_out|       pointer|
|add171_1_14341_out           |  out|   32|      ap_vld|            add171_1_14341_out|       pointer|
|add171_1_14341_out_ap_vld    |  out|    1|      ap_vld|            add171_1_14341_out|       pointer|
|add171_1_13340_out           |  out|   32|      ap_vld|            add171_1_13340_out|       pointer|
|add171_1_13340_out_ap_vld    |  out|    1|      ap_vld|            add171_1_13340_out|       pointer|
|add171_1_12339_out           |  out|   32|      ap_vld|            add171_1_12339_out|       pointer|
|add171_1_12339_out_ap_vld    |  out|    1|      ap_vld|            add171_1_12339_out|       pointer|
|add171_1_11338_out           |  out|   32|      ap_vld|            add171_1_11338_out|       pointer|
|add171_1_11338_out_ap_vld    |  out|    1|      ap_vld|            add171_1_11338_out|       pointer|
|add171_1_10337_out           |  out|   32|      ap_vld|            add171_1_10337_out|       pointer|
|add171_1_10337_out_ap_vld    |  out|    1|      ap_vld|            add171_1_10337_out|       pointer|
|add171_1_9336_out            |  out|   32|      ap_vld|             add171_1_9336_out|       pointer|
|add171_1_9336_out_ap_vld     |  out|    1|      ap_vld|             add171_1_9336_out|       pointer|
|add171_1_8335_out            |  out|   32|      ap_vld|             add171_1_8335_out|       pointer|
|add171_1_8335_out_ap_vld     |  out|    1|      ap_vld|             add171_1_8335_out|       pointer|
|add171_1_7334_out            |  out|   32|      ap_vld|             add171_1_7334_out|       pointer|
|add171_1_7334_out_ap_vld     |  out|    1|      ap_vld|             add171_1_7334_out|       pointer|
|add171_1_6333_out            |  out|   32|      ap_vld|             add171_1_6333_out|       pointer|
|add171_1_6333_out_ap_vld     |  out|    1|      ap_vld|             add171_1_6333_out|       pointer|
|add171_1_5332_out            |  out|   32|      ap_vld|             add171_1_5332_out|       pointer|
|add171_1_5332_out_ap_vld     |  out|    1|      ap_vld|             add171_1_5332_out|       pointer|
|add171_1_4331_out            |  out|   32|      ap_vld|             add171_1_4331_out|       pointer|
|add171_1_4331_out_ap_vld     |  out|    1|      ap_vld|             add171_1_4331_out|       pointer|
|add171_1_3330_out            |  out|   32|      ap_vld|             add171_1_3330_out|       pointer|
|add171_1_3330_out_ap_vld     |  out|    1|      ap_vld|             add171_1_3330_out|       pointer|
|add171_1_2329_out            |  out|   32|      ap_vld|             add171_1_2329_out|       pointer|
|add171_1_2329_out_ap_vld     |  out|    1|      ap_vld|             add171_1_2329_out|       pointer|
|add171_1_1328_out            |  out|   32|      ap_vld|             add171_1_1328_out|       pointer|
|add171_1_1328_out_ap_vld     |  out|    1|      ap_vld|             add171_1_1328_out|       pointer|
|add171_1327_out              |  out|   32|      ap_vld|               add171_1327_out|       pointer|
|add171_1327_out_ap_vld       |  out|    1|      ap_vld|               add171_1327_out|       pointer|
|add171_31292326_out          |  out|   32|      ap_vld|           add171_31292326_out|       pointer|
|add171_31292326_out_ap_vld   |  out|    1|      ap_vld|           add171_31292326_out|       pointer|
|add171_30286325_out          |  out|   32|      ap_vld|           add171_30286325_out|       pointer|
|add171_30286325_out_ap_vld   |  out|    1|      ap_vld|           add171_30286325_out|       pointer|
|add171_29280324_out          |  out|   32|      ap_vld|           add171_29280324_out|       pointer|
|add171_29280324_out_ap_vld   |  out|    1|      ap_vld|           add171_29280324_out|       pointer|
|add171_28274323_out          |  out|   32|      ap_vld|           add171_28274323_out|       pointer|
|add171_28274323_out_ap_vld   |  out|    1|      ap_vld|           add171_28274323_out|       pointer|
|add171_27268322_out          |  out|   32|      ap_vld|           add171_27268322_out|       pointer|
|add171_27268322_out_ap_vld   |  out|    1|      ap_vld|           add171_27268322_out|       pointer|
|add171_26262321_out          |  out|   32|      ap_vld|           add171_26262321_out|       pointer|
|add171_26262321_out_ap_vld   |  out|    1|      ap_vld|           add171_26262321_out|       pointer|
|add171_25256320_out          |  out|   32|      ap_vld|           add171_25256320_out|       pointer|
|add171_25256320_out_ap_vld   |  out|    1|      ap_vld|           add171_25256320_out|       pointer|
|add171_24250319_out          |  out|   32|      ap_vld|           add171_24250319_out|       pointer|
|add171_24250319_out_ap_vld   |  out|    1|      ap_vld|           add171_24250319_out|       pointer|
|add171_23244318_out          |  out|   32|      ap_vld|           add171_23244318_out|       pointer|
|add171_23244318_out_ap_vld   |  out|    1|      ap_vld|           add171_23244318_out|       pointer|
|add171_22238317_out          |  out|   32|      ap_vld|           add171_22238317_out|       pointer|
|add171_22238317_out_ap_vld   |  out|    1|      ap_vld|           add171_22238317_out|       pointer|
|add171_21232316_out          |  out|   32|      ap_vld|           add171_21232316_out|       pointer|
|add171_21232316_out_ap_vld   |  out|    1|      ap_vld|           add171_21232316_out|       pointer|
|add171_20226315_out          |  out|   32|      ap_vld|           add171_20226315_out|       pointer|
|add171_20226315_out_ap_vld   |  out|    1|      ap_vld|           add171_20226315_out|       pointer|
|add171_19220314_out          |  out|   32|      ap_vld|           add171_19220314_out|       pointer|
|add171_19220314_out_ap_vld   |  out|    1|      ap_vld|           add171_19220314_out|       pointer|
|add171_18214313_out          |  out|   32|      ap_vld|           add171_18214313_out|       pointer|
|add171_18214313_out_ap_vld   |  out|    1|      ap_vld|           add171_18214313_out|       pointer|
|add171_17208312_out          |  out|   32|      ap_vld|           add171_17208312_out|       pointer|
|add171_17208312_out_ap_vld   |  out|    1|      ap_vld|           add171_17208312_out|       pointer|
|add171_16202311_out          |  out|   32|      ap_vld|           add171_16202311_out|       pointer|
|add171_16202311_out_ap_vld   |  out|    1|      ap_vld|           add171_16202311_out|       pointer|
|add171_15196310_out          |  out|   32|      ap_vld|           add171_15196310_out|       pointer|
|add171_15196310_out_ap_vld   |  out|    1|      ap_vld|           add171_15196310_out|       pointer|
|add171_14190309_out          |  out|   32|      ap_vld|           add171_14190309_out|       pointer|
|add171_14190309_out_ap_vld   |  out|    1|      ap_vld|           add171_14190309_out|       pointer|
|add171_13184308_out          |  out|   32|      ap_vld|           add171_13184308_out|       pointer|
|add171_13184308_out_ap_vld   |  out|    1|      ap_vld|           add171_13184308_out|       pointer|
|add171_12178307_out          |  out|   32|      ap_vld|           add171_12178307_out|       pointer|
|add171_12178307_out_ap_vld   |  out|    1|      ap_vld|           add171_12178307_out|       pointer|
|add171_11172306_out          |  out|   32|      ap_vld|           add171_11172306_out|       pointer|
|add171_11172306_out_ap_vld   |  out|    1|      ap_vld|           add171_11172306_out|       pointer|
|add171_10166305_out          |  out|   32|      ap_vld|           add171_10166305_out|       pointer|
|add171_10166305_out_ap_vld   |  out|    1|      ap_vld|           add171_10166305_out|       pointer|
|add171_9160304_out           |  out|   32|      ap_vld|            add171_9160304_out|       pointer|
|add171_9160304_out_ap_vld    |  out|    1|      ap_vld|            add171_9160304_out|       pointer|
|add171_8154303_out           |  out|   32|      ap_vld|            add171_8154303_out|       pointer|
|add171_8154303_out_ap_vld    |  out|    1|      ap_vld|            add171_8154303_out|       pointer|
|add171_7148302_out           |  out|   32|      ap_vld|            add171_7148302_out|       pointer|
|add171_7148302_out_ap_vld    |  out|    1|      ap_vld|            add171_7148302_out|       pointer|
|add171_6142301_out           |  out|   32|      ap_vld|            add171_6142301_out|       pointer|
|add171_6142301_out_ap_vld    |  out|    1|      ap_vld|            add171_6142301_out|       pointer|
|add171_5136300_out           |  out|   32|      ap_vld|            add171_5136300_out|       pointer|
|add171_5136300_out_ap_vld    |  out|    1|      ap_vld|            add171_5136300_out|       pointer|
|add171_4130299_out           |  out|   32|      ap_vld|            add171_4130299_out|       pointer|
|add171_4130299_out_ap_vld    |  out|    1|      ap_vld|            add171_4130299_out|       pointer|
|add171_3124298_out           |  out|   32|      ap_vld|            add171_3124298_out|       pointer|
|add171_3124298_out_ap_vld    |  out|    1|      ap_vld|            add171_3124298_out|       pointer|
|add171_2118297_out           |  out|   32|      ap_vld|            add171_2118297_out|       pointer|
|add171_2118297_out_ap_vld    |  out|    1|      ap_vld|            add171_2118297_out|       pointer|
|add171_1112296_out           |  out|   32|      ap_vld|            add171_1112296_out|       pointer|
|add171_1112296_out_ap_vld    |  out|    1|      ap_vld|            add171_1112296_out|       pointer|
|p_out                        |  out|   32|      ap_vld|                         p_out|       pointer|
|p_out_ap_vld                 |  out|    1|      ap_vld|                         p_out|       pointer|
+-----------------------------+-----+-----+------------+------------------------------+--------------+

