

================================================================
== Vitis HLS Report for 'mmult_accel'
================================================================
* Date:           Thu Jul 23 14:59:06 2026

* Version:        2022.2 (Build 3670227 on Oct 13 2022)
* Project:        mmult_accel_hls
* Solution:       solution1 (Vivado IP Flow Target)
* Product family: zynquplus
* Target device:  xck26-sfvc784-2LV-c


================================================================
== Performance Estimates
================================================================
+ Timing: 
    * Summary: 
    +--------+----------+----------+------------+
    |  Clock |  Target  | Estimated| Uncertainty|
    +--------+----------+----------+------------+
    |ap_clk  |  10.00 ns|  7.300 ns|     2.70 ns|
    +--------+----------+----------+------------+

+ Latency: 
    * Summary: 
    +---------+---------+----------+----------+-----+-----+---------+
    |  Latency (cycles) |  Latency (absolute) |  Interval | Pipeline|
    |   min   |   max   |    min   |    max   | min | max |   Type  |
    +---------+---------+----------+----------+-----+-----+---------+
    |        ?|        ?|         ?|         ?|    ?|    ?|       no|
    +---------+---------+----------+----------+-----+-----+---------+

    + Detail: 
        * Instance: 
        +-----------------------------------------------------------+----------------------------------------------+---------+---------+-----------+-----------+------+------+---------+
        |                                                           |                                              |  Latency (cycles) |   Latency (absolute)  |   Interval  | Pipeline|
        |                          Instance                         |                    Module                    |   min   |   max   |    min    |    max    |  min |  max |   Type  |
        +-----------------------------------------------------------+----------------------------------------------+---------+---------+-----------+-----------+------+------+---------+
        |grp_mmult_accel_Pipeline_copy_A_VITIS_LOOP_97_1_fu_33037   |mmult_accel_Pipeline_copy_A_VITIS_LOOP_97_1   |        ?|        ?|          ?|          ?|     ?|     ?|       no|
        |grp_mmult_accel_Pipeline_VITIS_LOOP_120_2_fu_33048         |mmult_accel_Pipeline_VITIS_LOOP_120_2         |        ?|        ?|          ?|          ?|     ?|     ?|       no|
        |grp_mmult_accel_Pipeline_loadA_VITIS_LOOP_171_4_fu_33061   |mmult_accel_Pipeline_loadA_VITIS_LOOP_171_4   |     1026|     1026|  10.260 us|  10.260 us|  1026|  1026|       no|
        |grp_mmult_accel_Pipeline_loadB_VITIS_LOOP_186_5_fu_35120   |mmult_accel_Pipeline_loadB_VITIS_LOOP_186_5   |     1026|     1026|  10.260 us|  10.260 us|  1026|  1026|       no|
        |grp_mmult_accel_Pipeline_writeC_VITIS_LOOP_220_8_fu_37178  |mmult_accel_Pipeline_writeC_VITIS_LOOP_220_8  |     1033|     1033|  10.330 us|  10.330 us|  1033|  1033|       no|
        |grp_mmult_accel_Pipeline_compute_fu_39241                  |mmult_accel_Pipeline_compute                  |       36|       36|   0.360 us|   0.360 us|    36|    36|       no|
        +-----------------------------------------------------------+----------------------------------------------+---------+---------+-----------+-----------+------+------+---------+

        * Loop: 
        +------------------+---------+---------+----------+-----------+-----------+------+----------+
        |                  |  Latency (cycles) | Iteration|  Initiation Interval  | Trip |          |
        |     Loop Name    |   min   |   max   |  Latency |  achieved |   target  | Count| Pipelined|
        +------------------+---------+---------+----------+-----------+-----------+------+----------+
        |- outer_j_block   |        ?|        ?|         ?|          -|          -|     ?|        no|
        | + tile_i_tile_j  |        ?|        ?|         ?|          -|          -|     ?|        no|
        |  ++ k_loop       |        ?|        ?|      1067|          -|          -|     ?|        no|
        +------------------+---------+---------+----------+-----------+-----------+------+----------+



================================================================
== Utilization Estimates
================================================================
* Summary: 
+-----------------+---------+------+--------+--------+-----+
|       Name      | BRAM_18K|  DSP |   FF   |   LUT  | URAM|
+-----------------+---------+------+--------+--------+-----+
|DSP              |        -|     -|       -|       -|    -|
|Expression       |        -|     -|       0|    1480|    -|
|FIFO             |        -|     -|       -|       -|    -|
|Instance         |        0|  1046|   52732|   77415|    0|
|Memory           |      120|     -|       0|       0|    -|
|Multiplexer      |        -|     -|       -|    9545|    -|
|Register         |        -|     -|   51207|       -|    -|
+-----------------+---------+------+--------+--------+-----+
|Total            |      120|  1046|  103939|   88440|    0|
+-----------------+---------+------+--------+--------+-----+
|Available        |      288|  1248|  234240|  117120|   64|
+-----------------+---------+------+--------+--------+-----+
|Utilization (%)  |       41|    83|      44|      75|    0|
+-----------------+---------+------+--------+--------+-----+

+ Detail: 
    * Instance: 
    +-----------------------------------------------------------+----------------------------------------------+---------+------+-------+-------+-----+
    |                          Instance                         |                    Module                    | BRAM_18K|  DSP |   FF  |  LUT  | URAM|
    +-----------------------------------------------------------+----------------------------------------------+---------+------+-------+-------+-----+
    |control_s_axi_U                                            |control_s_axi                                 |        0|     0|    398|    680|    0|
    |gmemA_m_axi_U                                              |gmemA_m_axi                                   |        0|     0|    746|   1394|    0|
    |gmemB_m_axi_U                                              |gmemB_m_axi                                   |        0|     0|    746|   1394|    0|
    |gmemC_m_axi_U                                              |gmemC_m_axi                                   |        0|     0|    710|   1274|    0|
    |grp_mmult_accel_Pipeline_VITIS_LOOP_120_2_fu_33048         |mmult_accel_Pipeline_VITIS_LOOP_120_2         |        0|     3|    417|    561|    0|
    |grp_mmult_accel_Pipeline_compute_fu_39241                  |mmult_accel_Pipeline_compute                  |        0|  1024|  32783|  27965|    0|
    |grp_mmult_accel_Pipeline_copy_A_VITIS_LOOP_97_1_fu_33037   |mmult_accel_Pipeline_copy_A_VITIS_LOOP_97_1   |        0|     0|    142|    329|    0|
    |grp_mmult_accel_Pipeline_loadA_VITIS_LOOP_171_4_fu_33061   |mmult_accel_Pipeline_loadA_VITIS_LOOP_171_4   |        0|     0|   8229|  18984|    0|
    |grp_mmult_accel_Pipeline_loadB_VITIS_LOOP_186_5_fu_35120   |mmult_accel_Pipeline_loadB_VITIS_LOOP_186_5   |        0|     0|   8229|  18923|    0|
    |grp_mmult_accel_Pipeline_writeC_VITIS_LOOP_220_8_fu_37178  |mmult_accel_Pipeline_writeC_VITIS_LOOP_220_8  |        0|     7|    332|   5816|    0|
    |mul_28ns_28ns_118_1_1_U10381                               |mul_28ns_28ns_118_1_1                         |        0|     3|      0|     35|    0|
    |mul_32ns_32ns_64_1_1_U10379                                |mul_32ns_32ns_64_1_1                          |        0|     3|      0|     20|    0|
    |mul_32ns_32ns_64_1_1_U10380                                |mul_32ns_32ns_64_1_1                          |        0|     3|      0|     20|    0|
    |mul_32s_32s_32_1_1_U10378                                  |mul_32s_32s_32_1_1                            |        0|     3|      0|     20|    0|
    +-----------------------------------------------------------+----------------------------------------------+---------+------+-------+-------+-----+
    |Total                                                      |                                              |        0|  1046|  52732|  77415|    0|
    +-----------------------------------------------------------+----------------------------------------------+---------+------+-------+-------+-----+

    * DSP: 
    N/A

    * Memory: 
    +----------+-------------------------+---------+---+----+-----+--------+-----+------+-------------+
    |  Memory  |          Module         | BRAM_18K| FF| LUT| URAM|  Words | Bits| Banks| W*Bits*Banks|
    +----------+-------------------------+---------+---+----+-----+--------+-----+------+-------------+
    |A_bram_U  |A_bram_RAM_2P_BRAM_1R1W  |       24|  0|   0|    0|   49152|    8|     1|       393216|
    |B_bram_U  |B_bram_RAM_2P_BRAM_1R1W  |       96|  0|   0|    0|  196608|    8|     1|      1572864|
    +----------+-------------------------+---------+---+----+-----+--------+-----+------+-------------+
    |Total     |                         |      120|  0|   0|    0|  245760|   16|     2|      1966080|
    +----------+-------------------------+---------+---+----+-----+--------+-----+------+-------------+

    * FIFO: 
    N/A

    * Expression: 
    +----------------------------------+----------+----+---+-----+------------+------------+
    |           Variable Name          | Operation| DSP| FF| LUT | Bitwidth P0| Bitwidth P1|
    +----------------------------------+----------+----+---+-----+------------+------------+
    |add_ln110_1_fu_44474_p2           |         +|   0|  0|   40|          33|           8|
    |add_ln110_fu_44432_p2             |         +|   0|  0|   40|          33|           5|
    |add_ln111_fu_44561_p2             |         +|   0|  0|   71|          64|           9|
    |add_ln132_1_fu_44627_p2           |         +|   0|  0|   40|          33|           5|
    |add_ln132_2_fu_44672_p2           |         +|   0|  0|  125|         118|           1|
    |add_ln132_fu_44678_p2             |         +|   0|  0|   71|          64|           6|
    |add_ln134_fu_52999_p2             |         +|   0|  0|   71|          64|           6|
    |add_ln166_1_fu_44716_p2           |         +|   0|  0|   40|          33|           5|
    |add_ln166_fu_52989_p2             |         +|   0|  0|   71|          64|           6|
    |sub_ln110_1_fu_44504_p2           |         -|   0|  0|   32|           1|          25|
    |sub_ln110_fu_44488_p2             |         -|   0|  0|   40|           9|          33|
    |sub_ln111_fu_44582_p2             |         -|   0|  0|   39|          32|          32|
    |sub_ln166_1_fu_44744_p2           |         -|   0|  0|   35|           1|          28|
    |sub_ln166_fu_44729_p2             |         -|   0|  0|   40|           6|          33|
    |ap_block_state11_on_subcall_done  |       and|   0|  0|    2|           1|           1|
    |cmp2417_fu_44611_p2               |      icmp|   0|  0|   20|          32|           1|
    |cmp242_fu_44377_p2                |      icmp|   0|  0|   20|          32|           1|
    |grp_fu_44365_p2                   |      icmp|   0|  0|   20|          32|           1|
    |icmp_ln110_fu_44556_p2            |      icmp|   0|  0|   29|          64|          64|
    |icmp_ln111_fu_44567_p2            |      icmp|   0|  0|   29|          64|          64|
    |icmp_ln132_fu_44667_p2            |      icmp|   0|  0|   46|         118|         118|
    |icmp_ln134_fu_44684_p2            |      icmp|   0|  0|   29|          64|          64|
    |icmp_ln166_fu_44792_p2            |      icmp|   0|  0|   29|          64|          64|
    |icmp_ln93_fu_44371_p2             |      icmp|   0|  0|   20|          32|           1|
    |ap_block_state17_on_subcall_done  |        or|   0|  0|    2|           1|           1|
    |current_block_M_fu_44587_p3       |    select|   0|  0|   32|           1|           9|
    |empty_39_fu_44619_p3              |    select|   0|  0|   31|           1|          31|
    |empty_fu_44394_p3                 |    select|   0|  0|   32|           1|          32|
    |select_ln110_1_fu_44520_p3        |    select|   0|  0|   25|           1|          25|
    |select_ln110_2_fu_44528_p3        |    select|   0|  0|   25|           1|           1|
    |select_ln110_fu_44452_p3          |    select|   0|  0|   58|           1|          59|
    |select_ln132_1_fu_44689_p3        |    select|   0|  0|   64|           1|          64|
    |select_ln132_2_fu_44697_p3        |    select|   0|  0|   64|           1|          64|
    |select_ln132_fu_44647_p3          |    select|   0|  0|   58|           1|          59|
    |select_ln166_1_fu_44768_p3        |    select|   0|  0|   28|           1|           1|
    |select_ln166_fu_44760_p3          |    select|   0|  0|   28|           1|          28|
    |select_ln96_fu_44387_p3           |    select|   0|  0|   32|           1|          32|
    |xor_ln111_fu_44572_p2             |       xor|   0|  0|    2|           1|           2|
    +----------------------------------+----------+----+---+-----+------------+------------+
    |Total                             |          |   0|  0| 1480|        1072|         989|
    +----------------------------------+----------+----+---+-----+------------+------------+

    * Multiplexer: 
    +----------------------------+-----+-----------+-----+-----------+
    |            Name            | LUT | Input Size| Bits| Total Bits|
    +----------------------------+-----+-----------+-----+-----------+
    |A_bram_ce0                  |    9|          2|    1|          2|
    |A_bram_ce1                  |    9|          2|    1|          2|
    |A_bram_we1                  |    9|          2|    1|          2|
    |B_bram_ce0                  |    9|          2|    1|          2|
    |B_bram_ce1                  |    9|          2|    1|          2|
    |B_bram_we1                  |    9|          2|    1|          2|
    |ap_NS_fsm                   |  111|         22|    1|         22|
    |gmemA_ARADDR                |   14|          3|   64|        192|
    |gmemA_ARLEN                 |   14|          3|   32|         96|
    |gmemA_ARVALID               |   14|          3|    1|          3|
    |gmemA_RREADY                |    9|          2|    1|          2|
    |gmemA_blk_n_AR              |    9|          2|    1|          2|
    |gmemB_ARVALID               |    9|          2|    1|          2|
    |gmemB_RREADY                |    9|          2|    1|          2|
    |gmemC_AWVALID               |    9|          2|    1|          2|
    |gmemC_BREADY                |    9|          2|    1|          2|
    |gmemC_WVALID                |    9|          2|    1|          2|
    |grp_fu_44365_p0             |   14|          3|   32|         96|
    |i0_reg_20715                |    9|          2|   64|        128|
    |indvar_flatten66_reg_20704  |    9|          2|  118|        236|
    |j0_reg_20726                |    9|          2|   64|        128|
    |j_block_fu_12460            |    9|          2|   64|        128|
    |k0_reg_20737                |    9|          2|   64|        128|
    |localC_1000_reg_32749       |    9|          2|   32|         64|
    |localC_1001_reg_32761       |    9|          2|   32|         64|
    |localC_1002_reg_32773       |    9|          2|   32|         64|
    |localC_1003_reg_32785       |    9|          2|   32|         64|
    |localC_1004_reg_32797       |    9|          2|   32|         64|
    |localC_1005_reg_32809       |    9|          2|   32|         64|
    |localC_1006_reg_32821       |    9|          2|   32|         64|
    |localC_1007_reg_32833       |    9|          2|   32|         64|
    |localC_1008_reg_32845       |    9|          2|   32|         64|
    |localC_1009_reg_32857       |    9|          2|   32|         64|
    |localC_100_reg_21949        |    9|          2|   32|         64|
    |localC_1010_reg_32869       |    9|          2|   32|         64|
    |localC_1011_reg_32881       |    9|          2|   32|         64|
    |localC_1012_reg_32893       |    9|          2|   32|         64|
    |localC_1013_reg_32905       |    9|          2|   32|         64|
    |localC_1014_reg_32917       |    9|          2|   32|         64|
    |localC_1015_reg_32929       |    9|          2|   32|         64|
    |localC_1016_reg_32941       |    9|          2|   32|         64|
    |localC_1017_reg_32953       |    9|          2|   32|         64|
    |localC_1018_reg_32965       |    9|          2|   32|         64|
    |localC_1019_reg_32977       |    9|          2|   32|         64|
    |localC_101_reg_21961        |    9|          2|   32|         64|
    |localC_1020_reg_32989       |    9|          2|   32|         64|
    |localC_1021_reg_33001       |    9|          2|   32|         64|
    |localC_1022_reg_33013       |    9|          2|   32|         64|
    |localC_1023_reg_33025       |    9|          2|   32|         64|
    |localC_102_reg_21973        |    9|          2|   32|         64|
    |localC_103_reg_21985        |    9|          2|   32|         64|
    |localC_104_reg_21997        |    9|          2|   32|         64|
    |localC_105_reg_22009        |    9|          2|   32|         64|
    |localC_106_reg_22021        |    9|          2|   32|         64|
    |localC_107_reg_22033        |    9|          2|   32|         64|
    |localC_108_reg_22045        |    9|          2|   32|         64|
    |localC_109_reg_22057        |    9|          2|   32|         64|
    |localC_10_reg_20869         |    9|          2|   32|         64|
    |localC_110_reg_22069        |    9|          2|   32|         64|
    |localC_111_reg_22081        |    9|          2|   32|         64|
    |localC_112_reg_22093        |    9|          2|   32|         64|
    |localC_113_reg_22105        |    9|          2|   32|         64|
    |localC_114_reg_22117        |    9|          2|   32|         64|
    |localC_115_reg_22129        |    9|          2|   32|         64|
    |localC_116_reg_22141        |    9|          2|   32|         64|
    |localC_117_reg_22153        |    9|          2|   32|         64|
    |localC_118_reg_22165        |    9|          2|   32|         64|
    |localC_119_reg_22177        |    9|          2|   32|         64|
    |localC_11_reg_20881         |    9|          2|   32|         64|
    |localC_120_reg_22189        |    9|          2|   32|         64|
    |localC_121_reg_22201        |    9|          2|   32|         64|
    |localC_122_reg_22213        |    9|          2|   32|         64|
    |localC_123_reg_22225        |    9|          2|   32|         64|
    |localC_124_reg_22237        |    9|          2|   32|         64|
    |localC_125_reg_22249        |    9|          2|   32|         64|
    |localC_126_reg_22261        |    9|          2|   32|         64|
    |localC_127_reg_22273        |    9|          2|   32|         64|
    |localC_128_reg_22285        |    9|          2|   32|         64|
    |localC_129_reg_22297        |    9|          2|   32|         64|
    |localC_12_reg_20893         |    9|          2|   32|         64|
    |localC_130_reg_22309        |    9|          2|   32|         64|
    |localC_131_reg_22321        |    9|          2|   32|         64|
    |localC_132_reg_22333        |    9|          2|   32|         64|
    |localC_133_reg_22345        |    9|          2|   32|         64|
    |localC_134_reg_22357        |    9|          2|   32|         64|
    |localC_135_reg_22369        |    9|          2|   32|         64|
    |localC_136_reg_22381        |    9|          2|   32|         64|
    |localC_137_reg_22393        |    9|          2|   32|         64|
    |localC_138_reg_22405        |    9|          2|   32|         64|
    |localC_139_reg_22417        |    9|          2|   32|         64|
    |localC_13_reg_20905         |    9|          2|   32|         64|
    |localC_140_reg_22429        |    9|          2|   32|         64|
    |localC_141_reg_22441        |    9|          2|   32|         64|
    |localC_142_reg_22453        |    9|          2|   32|         64|
    |localC_143_reg_22465        |    9|          2|   32|         64|
    |localC_144_reg_22477        |    9|          2|   32|         64|
    |localC_145_reg_22489        |    9|          2|   32|         64|
    |localC_146_reg_22501        |    9|          2|   32|         64|
    |localC_147_reg_22513        |    9|          2|   32|         64|
    |localC_148_reg_22525        |    9|          2|   32|         64|
    |localC_149_reg_22537        |    9|          2|   32|         64|
    |localC_14_reg_20917         |    9|          2|   32|         64|
    |localC_150_reg_22549        |    9|          2|   32|         64|
    |localC_151_reg_22561        |    9|          2|   32|         64|
    |localC_152_reg_22573        |    9|          2|   32|         64|
    |localC_153_reg_22585        |    9|          2|   32|         64|
    |localC_154_reg_22597        |    9|          2|   32|         64|
    |localC_155_reg_22609        |    9|          2|   32|         64|
    |localC_156_reg_22621        |    9|          2|   32|         64|
    |localC_157_reg_22633        |    9|          2|   32|         64|
    |localC_158_reg_22645        |    9|          2|   32|         64|
    |localC_159_reg_22657        |    9|          2|   32|         64|
    |localC_15_reg_20929         |    9|          2|   32|         64|
    |localC_160_reg_22669        |    9|          2|   32|         64|
    |localC_161_reg_22681        |    9|          2|   32|         64|
    |localC_162_reg_22693        |    9|          2|   32|         64|
    |localC_163_reg_22705        |    9|          2|   32|         64|
    |localC_164_reg_22717        |    9|          2|   32|         64|
    |localC_165_reg_22729        |    9|          2|   32|         64|
    |localC_166_reg_22741        |    9|          2|   32|         64|
    |localC_167_reg_22753        |    9|          2|   32|         64|
    |localC_168_reg_22765        |    9|          2|   32|         64|
    |localC_169_reg_22777        |    9|          2|   32|         64|
    |localC_16_reg_20941         |    9|          2|   32|         64|
    |localC_170_reg_22789        |    9|          2|   32|         64|
    |localC_171_reg_22801        |    9|          2|   32|         64|
    |localC_172_reg_22813        |    9|          2|   32|         64|
    |localC_173_reg_22825        |    9|          2|   32|         64|
    |localC_174_reg_22837        |    9|          2|   32|         64|
    |localC_175_reg_22849        |    9|          2|   32|         64|
    |localC_176_reg_22861        |    9|          2|   32|         64|
    |localC_177_reg_22873        |    9|          2|   32|         64|
    |localC_178_reg_22885        |    9|          2|   32|         64|
    |localC_179_reg_22897        |    9|          2|   32|         64|
    |localC_17_reg_20953         |    9|          2|   32|         64|
    |localC_180_reg_22909        |    9|          2|   32|         64|
    |localC_181_reg_22921        |    9|          2|   32|         64|
    |localC_182_reg_22933        |    9|          2|   32|         64|
    |localC_183_reg_22945        |    9|          2|   32|         64|
    |localC_184_reg_22957        |    9|          2|   32|         64|
    |localC_185_reg_22969        |    9|          2|   32|         64|
    |localC_186_reg_22981        |    9|          2|   32|         64|
    |localC_187_reg_22993        |    9|          2|   32|         64|
    |localC_188_reg_23005        |    9|          2|   32|         64|
    |localC_189_reg_23017        |    9|          2|   32|         64|
    |localC_18_reg_20965         |    9|          2|   32|         64|
    |localC_190_reg_23029        |    9|          2|   32|         64|
    |localC_191_reg_23041        |    9|          2|   32|         64|
    |localC_192_reg_23053        |    9|          2|   32|         64|
    |localC_193_reg_23065        |    9|          2|   32|         64|
    |localC_194_reg_23077        |    9|          2|   32|         64|
    |localC_195_reg_23089        |    9|          2|   32|         64|
    |localC_196_reg_23101        |    9|          2|   32|         64|
    |localC_197_reg_23113        |    9|          2|   32|         64|
    |localC_198_reg_23125        |    9|          2|   32|         64|
    |localC_199_reg_23137        |    9|          2|   32|         64|
    |localC_19_reg_20977         |    9|          2|   32|         64|
    |localC_1_reg_20761          |    9|          2|   32|         64|
    |localC_200_reg_23149        |    9|          2|   32|         64|
    |localC_201_reg_23161        |    9|          2|   32|         64|
    |localC_202_reg_23173        |    9|          2|   32|         64|
    |localC_203_reg_23185        |    9|          2|   32|         64|
    |localC_204_reg_23197        |    9|          2|   32|         64|
    |localC_205_reg_23209        |    9|          2|   32|         64|
    |localC_206_reg_23221        |    9|          2|   32|         64|
    |localC_207_reg_23233        |    9|          2|   32|         64|
    |localC_208_reg_23245        |    9|          2|   32|         64|
    |localC_209_reg_23257        |    9|          2|   32|         64|
    |localC_20_reg_20989         |    9|          2|   32|         64|
    |localC_210_reg_23269        |    9|          2|   32|         64|
    |localC_211_reg_23281        |    9|          2|   32|         64|
    |localC_212_reg_23293        |    9|          2|   32|         64|
    |localC_213_reg_23305        |    9|          2|   32|         64|
    |localC_214_reg_23317        |    9|          2|   32|         64|
    |localC_215_reg_23329        |    9|          2|   32|         64|
    |localC_216_reg_23341        |    9|          2|   32|         64|
    |localC_217_reg_23353        |    9|          2|   32|         64|
    |localC_218_reg_23365        |    9|          2|   32|         64|
    |localC_219_reg_23377        |    9|          2|   32|         64|
    |localC_21_reg_21001         |    9|          2|   32|         64|
    |localC_220_reg_23389        |    9|          2|   32|         64|
    |localC_221_reg_23401        |    9|          2|   32|         64|
    |localC_222_reg_23413        |    9|          2|   32|         64|
    |localC_223_reg_23425        |    9|          2|   32|         64|
    |localC_224_reg_23437        |    9|          2|   32|         64|
    |localC_225_reg_23449        |    9|          2|   32|         64|
    |localC_226_reg_23461        |    9|          2|   32|         64|
    |localC_227_reg_23473        |    9|          2|   32|         64|
    |localC_228_reg_23485        |    9|          2|   32|         64|
    |localC_229_reg_23497        |    9|          2|   32|         64|
    |localC_22_reg_21013         |    9|          2|   32|         64|
    |localC_230_reg_23509        |    9|          2|   32|         64|
    |localC_231_reg_23521        |    9|          2|   32|         64|
    |localC_232_reg_23533        |    9|          2|   32|         64|
    |localC_233_reg_23545        |    9|          2|   32|         64|
    |localC_234_reg_23557        |    9|          2|   32|         64|
    |localC_235_reg_23569        |    9|          2|   32|         64|
    |localC_236_reg_23581        |    9|          2|   32|         64|
    |localC_237_reg_23593        |    9|          2|   32|         64|
    |localC_238_reg_23605        |    9|          2|   32|         64|
    |localC_239_reg_23617        |    9|          2|   32|         64|
    |localC_23_reg_21025         |    9|          2|   32|         64|
    |localC_240_reg_23629        |    9|          2|   32|         64|
    |localC_241_reg_23641        |    9|          2|   32|         64|
    |localC_242_reg_23653        |    9|          2|   32|         64|
    |localC_243_reg_23665        |    9|          2|   32|         64|
    |localC_244_reg_23677        |    9|          2|   32|         64|
    |localC_245_reg_23689        |    9|          2|   32|         64|
    |localC_246_reg_23701        |    9|          2|   32|         64|
    |localC_247_reg_23713        |    9|          2|   32|         64|
    |localC_248_reg_23725        |    9|          2|   32|         64|
    |localC_249_reg_23737        |    9|          2|   32|         64|
    |localC_24_reg_21037         |    9|          2|   32|         64|
    |localC_250_reg_23749        |    9|          2|   32|         64|
    |localC_251_reg_23761        |    9|          2|   32|         64|
    |localC_252_reg_23773        |    9|          2|   32|         64|
    |localC_253_reg_23785        |    9|          2|   32|         64|
    |localC_254_reg_23797        |    9|          2|   32|         64|
    |localC_255_reg_23809        |    9|          2|   32|         64|
    |localC_256_reg_23821        |    9|          2|   32|         64|
    |localC_257_reg_23833        |    9|          2|   32|         64|
    |localC_258_reg_23845        |    9|          2|   32|         64|
    |localC_259_reg_23857        |    9|          2|   32|         64|
    |localC_25_reg_21049         |    9|          2|   32|         64|
    |localC_260_reg_23869        |    9|          2|   32|         64|
    |localC_261_reg_23881        |    9|          2|   32|         64|
    |localC_262_reg_23893        |    9|          2|   32|         64|
    |localC_263_reg_23905        |    9|          2|   32|         64|
    |localC_264_reg_23917        |    9|          2|   32|         64|
    |localC_265_reg_23929        |    9|          2|   32|         64|
    |localC_266_reg_23941        |    9|          2|   32|         64|
    |localC_267_reg_23953        |    9|          2|   32|         64|
    |localC_268_reg_23965        |    9|          2|   32|         64|
    |localC_269_reg_23977        |    9|          2|   32|         64|
    |localC_26_reg_21061         |    9|          2|   32|         64|
    |localC_270_reg_23989        |    9|          2|   32|         64|
    |localC_271_reg_24001        |    9|          2|   32|         64|
    |localC_272_reg_24013        |    9|          2|   32|         64|
    |localC_273_reg_24025        |    9|          2|   32|         64|
    |localC_274_reg_24037        |    9|          2|   32|         64|
    |localC_275_reg_24049        |    9|          2|   32|         64|
    |localC_276_reg_24061        |    9|          2|   32|         64|
    |localC_277_reg_24073        |    9|          2|   32|         64|
    |localC_278_reg_24085        |    9|          2|   32|         64|
    |localC_279_reg_24097        |    9|          2|   32|         64|
    |localC_27_reg_21073         |    9|          2|   32|         64|
    |localC_280_reg_24109        |    9|          2|   32|         64|
    |localC_281_reg_24121        |    9|          2|   32|         64|
    |localC_282_reg_24133        |    9|          2|   32|         64|
    |localC_283_reg_24145        |    9|          2|   32|         64|
    |localC_284_reg_24157        |    9|          2|   32|         64|
    |localC_285_reg_24169        |    9|          2|   32|         64|
    |localC_286_reg_24181        |    9|          2|   32|         64|
    |localC_287_reg_24193        |    9|          2|   32|         64|
    |localC_288_reg_24205        |    9|          2|   32|         64|
    |localC_289_reg_24217        |    9|          2|   32|         64|
    |localC_28_reg_21085         |    9|          2|   32|         64|
    |localC_290_reg_24229        |    9|          2|   32|         64|
    |localC_291_reg_24241        |    9|          2|   32|         64|
    |localC_292_reg_24253        |    9|          2|   32|         64|
    |localC_293_reg_24265        |    9|          2|   32|         64|
    |localC_294_reg_24277        |    9|          2|   32|         64|
    |localC_295_reg_24289        |    9|          2|   32|         64|
    |localC_296_reg_24301        |    9|          2|   32|         64|
    |localC_297_reg_24313        |    9|          2|   32|         64|
    |localC_298_reg_24325        |    9|          2|   32|         64|
    |localC_299_reg_24337        |    9|          2|   32|         64|
    |localC_29_reg_21097         |    9|          2|   32|         64|
    |localC_2_reg_20773          |    9|          2|   32|         64|
    |localC_300_reg_24349        |    9|          2|   32|         64|
    |localC_301_reg_24361        |    9|          2|   32|         64|
    |localC_302_reg_24373        |    9|          2|   32|         64|
    |localC_303_reg_24385        |    9|          2|   32|         64|
    |localC_304_reg_24397        |    9|          2|   32|         64|
    |localC_305_reg_24409        |    9|          2|   32|         64|
    |localC_306_reg_24421        |    9|          2|   32|         64|
    |localC_307_reg_24433        |    9|          2|   32|         64|
    |localC_308_reg_24445        |    9|          2|   32|         64|
    |localC_309_reg_24457        |    9|          2|   32|         64|
    |localC_30_reg_21109         |    9|          2|   32|         64|
    |localC_310_reg_24469        |    9|          2|   32|         64|
    |localC_311_reg_24481        |    9|          2|   32|         64|
    |localC_312_reg_24493        |    9|          2|   32|         64|
    |localC_313_reg_24505        |    9|          2|   32|         64|
    |localC_314_reg_24517        |    9|          2|   32|         64|
    |localC_315_reg_24529        |    9|          2|   32|         64|
    |localC_316_reg_24541        |    9|          2|   32|         64|
    |localC_317_reg_24553        |    9|          2|   32|         64|
    |localC_318_reg_24565        |    9|          2|   32|         64|
    |localC_319_reg_24577        |    9|          2|   32|         64|
    |localC_31_reg_21121         |    9|          2|   32|         64|
    |localC_320_reg_24589        |    9|          2|   32|         64|
    |localC_321_reg_24601        |    9|          2|   32|         64|
    |localC_322_reg_24613        |    9|          2|   32|         64|
    |localC_323_reg_24625        |    9|          2|   32|         64|
    |localC_324_reg_24637        |    9|          2|   32|         64|
    |localC_325_reg_24649        |    9|          2|   32|         64|
    |localC_326_reg_24661        |    9|          2|   32|         64|
    |localC_327_reg_24673        |    9|          2|   32|         64|
    |localC_328_reg_24685        |    9|          2|   32|         64|
    |localC_329_reg_24697        |    9|          2|   32|         64|
    |localC_32_reg_21133         |    9|          2|   32|         64|
    |localC_330_reg_24709        |    9|          2|   32|         64|
    |localC_331_reg_24721        |    9|          2|   32|         64|
    |localC_332_reg_24733        |    9|          2|   32|         64|
    |localC_333_reg_24745        |    9|          2|   32|         64|
    |localC_334_reg_24757        |    9|          2|   32|         64|
    |localC_335_reg_24769        |    9|          2|   32|         64|
    |localC_336_reg_24781        |    9|          2|   32|         64|
    |localC_337_reg_24793        |    9|          2|   32|         64|
    |localC_338_reg_24805        |    9|          2|   32|         64|
    |localC_339_reg_24817        |    9|          2|   32|         64|
    |localC_33_reg_21145         |    9|          2|   32|         64|
    |localC_340_reg_24829        |    9|          2|   32|         64|
    |localC_341_reg_24841        |    9|          2|   32|         64|
    |localC_342_reg_24853        |    9|          2|   32|         64|
    |localC_343_reg_24865        |    9|          2|   32|         64|
    |localC_344_reg_24877        |    9|          2|   32|         64|
    |localC_345_reg_24889        |    9|          2|   32|         64|
    |localC_346_reg_24901        |    9|          2|   32|         64|
    |localC_347_reg_24913        |    9|          2|   32|         64|
    |localC_348_reg_24925        |    9|          2|   32|         64|
    |localC_349_reg_24937        |    9|          2|   32|         64|
    |localC_34_reg_21157         |    9|          2|   32|         64|
    |localC_350_reg_24949        |    9|          2|   32|         64|
    |localC_351_reg_24961        |    9|          2|   32|         64|
    |localC_352_reg_24973        |    9|          2|   32|         64|
    |localC_353_reg_24985        |    9|          2|   32|         64|
    |localC_354_reg_24997        |    9|          2|   32|         64|
    |localC_355_reg_25009        |    9|          2|   32|         64|
    |localC_356_reg_25021        |    9|          2|   32|         64|
    |localC_357_reg_25033        |    9|          2|   32|         64|
    |localC_358_reg_25045        |    9|          2|   32|         64|
    |localC_359_reg_25057        |    9|          2|   32|         64|
    |localC_35_reg_21169         |    9|          2|   32|         64|
    |localC_360_reg_25069        |    9|          2|   32|         64|
    |localC_361_reg_25081        |    9|          2|   32|         64|
    |localC_362_reg_25093        |    9|          2|   32|         64|
    |localC_363_reg_25105        |    9|          2|   32|         64|
    |localC_364_reg_25117        |    9|          2|   32|         64|
    |localC_365_reg_25129        |    9|          2|   32|         64|
    |localC_366_reg_25141        |    9|          2|   32|         64|
    |localC_367_reg_25153        |    9|          2|   32|         64|
    |localC_368_reg_25165        |    9|          2|   32|         64|
    |localC_369_reg_25177        |    9|          2|   32|         64|
    |localC_36_reg_21181         |    9|          2|   32|         64|
    |localC_370_reg_25189        |    9|          2|   32|         64|
    |localC_371_reg_25201        |    9|          2|   32|         64|
    |localC_372_reg_25213        |    9|          2|   32|         64|
    |localC_373_reg_25225        |    9|          2|   32|         64|
    |localC_374_reg_25237        |    9|          2|   32|         64|
    |localC_375_reg_25249        |    9|          2|   32|         64|
    |localC_376_reg_25261        |    9|          2|   32|         64|
    |localC_377_reg_25273        |    9|          2|   32|         64|
    |localC_378_reg_25285        |    9|          2|   32|         64|
    |localC_379_reg_25297        |    9|          2|   32|         64|
    |localC_37_reg_21193         |    9|          2|   32|         64|
    |localC_380_reg_25309        |    9|          2|   32|         64|
    |localC_381_reg_25321        |    9|          2|   32|         64|
    |localC_382_reg_25333        |    9|          2|   32|         64|
    |localC_383_reg_25345        |    9|          2|   32|         64|
    |localC_384_reg_25357        |    9|          2|   32|         64|
    |localC_385_reg_25369        |    9|          2|   32|         64|
    |localC_386_reg_25381        |    9|          2|   32|         64|
    |localC_387_reg_25393        |    9|          2|   32|         64|
    |localC_388_reg_25405        |    9|          2|   32|         64|
    |localC_389_reg_25417        |    9|          2|   32|         64|
    |localC_38_reg_21205         |    9|          2|   32|         64|
    |localC_390_reg_25429        |    9|          2|   32|         64|
    |localC_391_reg_25441        |    9|          2|   32|         64|
    |localC_392_reg_25453        |    9|          2|   32|         64|
    |localC_393_reg_25465        |    9|          2|   32|         64|
    |localC_394_reg_25477        |    9|          2|   32|         64|
    |localC_395_reg_25489        |    9|          2|   32|         64|
    |localC_396_reg_25501        |    9|          2|   32|         64|
    |localC_397_reg_25513        |    9|          2|   32|         64|
    |localC_398_reg_25525        |    9|          2|   32|         64|
    |localC_399_reg_25537        |    9|          2|   32|         64|
    |localC_39_reg_21217         |    9|          2|   32|         64|
    |localC_3_reg_20785          |    9|          2|   32|         64|
    |localC_400_reg_25549        |    9|          2|   32|         64|
    |localC_401_reg_25561        |    9|          2|   32|         64|
    |localC_402_reg_25573        |    9|          2|   32|         64|
    |localC_403_reg_25585        |    9|          2|   32|         64|
    |localC_404_reg_25597        |    9|          2|   32|         64|
    |localC_405_reg_25609        |    9|          2|   32|         64|
    |localC_406_reg_25621        |    9|          2|   32|         64|
    |localC_407_reg_25633        |    9|          2|   32|         64|
    |localC_408_reg_25645        |    9|          2|   32|         64|
    |localC_409_reg_25657        |    9|          2|   32|         64|
    |localC_40_reg_21229         |    9|          2|   32|         64|
    |localC_410_reg_25669        |    9|          2|   32|         64|
    |localC_411_reg_25681        |    9|          2|   32|         64|
    |localC_412_reg_25693        |    9|          2|   32|         64|
    |localC_413_reg_25705        |    9|          2|   32|         64|
    |localC_414_reg_25717        |    9|          2|   32|         64|
    |localC_415_reg_25729        |    9|          2|   32|         64|
    |localC_416_reg_25741        |    9|          2|   32|         64|
    |localC_417_reg_25753        |    9|          2|   32|         64|
    |localC_418_reg_25765        |    9|          2|   32|         64|
    |localC_419_reg_25777        |    9|          2|   32|         64|
    |localC_41_reg_21241         |    9|          2|   32|         64|
    |localC_420_reg_25789        |    9|          2|   32|         64|
    |localC_421_reg_25801        |    9|          2|   32|         64|
    |localC_422_reg_25813        |    9|          2|   32|         64|
    |localC_423_reg_25825        |    9|          2|   32|         64|
    |localC_424_reg_25837        |    9|          2|   32|         64|
    |localC_425_reg_25849        |    9|          2|   32|         64|
    |localC_426_reg_25861        |    9|          2|   32|         64|
    |localC_427_reg_25873        |    9|          2|   32|         64|
    |localC_428_reg_25885        |    9|          2|   32|         64|
    |localC_429_reg_25897        |    9|          2|   32|         64|
    |localC_42_reg_21253         |    9|          2|   32|         64|
    |localC_430_reg_25909        |    9|          2|   32|         64|
    |localC_431_reg_25921        |    9|          2|   32|         64|
    |localC_432_reg_25933        |    9|          2|   32|         64|
    |localC_433_reg_25945        |    9|          2|   32|         64|
    |localC_434_reg_25957        |    9|          2|   32|         64|
    |localC_435_reg_25969        |    9|          2|   32|         64|
    |localC_436_reg_25981        |    9|          2|   32|         64|
    |localC_437_reg_25993        |    9|          2|   32|         64|
    |localC_438_reg_26005        |    9|          2|   32|         64|
    |localC_439_reg_26017        |    9|          2|   32|         64|
    |localC_43_reg_21265         |    9|          2|   32|         64|
    |localC_440_reg_26029        |    9|          2|   32|         64|
    |localC_441_reg_26041        |    9|          2|   32|         64|
    |localC_442_reg_26053        |    9|          2|   32|         64|
    |localC_443_reg_26065        |    9|          2|   32|         64|
    |localC_444_reg_26077        |    9|          2|   32|         64|
    |localC_445_reg_26089        |    9|          2|   32|         64|
    |localC_446_reg_26101        |    9|          2|   32|         64|
    |localC_447_reg_26113        |    9|          2|   32|         64|
    |localC_448_reg_26125        |    9|          2|   32|         64|
    |localC_449_reg_26137        |    9|          2|   32|         64|
    |localC_44_reg_21277         |    9|          2|   32|         64|
    |localC_450_reg_26149        |    9|          2|   32|         64|
    |localC_451_reg_26161        |    9|          2|   32|         64|
    |localC_452_reg_26173        |    9|          2|   32|         64|
    |localC_453_reg_26185        |    9|          2|   32|         64|
    |localC_454_reg_26197        |    9|          2|   32|         64|
    |localC_455_reg_26209        |    9|          2|   32|         64|
    |localC_456_reg_26221        |    9|          2|   32|         64|
    |localC_457_reg_26233        |    9|          2|   32|         64|
    |localC_458_reg_26245        |    9|          2|   32|         64|
    |localC_459_reg_26257        |    9|          2|   32|         64|
    |localC_45_reg_21289         |    9|          2|   32|         64|
    |localC_460_reg_26269        |    9|          2|   32|         64|
    |localC_461_reg_26281        |    9|          2|   32|         64|
    |localC_462_reg_26293        |    9|          2|   32|         64|
    |localC_463_reg_26305        |    9|          2|   32|         64|
    |localC_464_reg_26317        |    9|          2|   32|         64|
    |localC_465_reg_26329        |    9|          2|   32|         64|
    |localC_466_reg_26341        |    9|          2|   32|         64|
    |localC_467_reg_26353        |    9|          2|   32|         64|
    |localC_468_reg_26365        |    9|          2|   32|         64|
    |localC_469_reg_26377        |    9|          2|   32|         64|
    |localC_46_reg_21301         |    9|          2|   32|         64|
    |localC_470_reg_26389        |    9|          2|   32|         64|
    |localC_471_reg_26401        |    9|          2|   32|         64|
    |localC_472_reg_26413        |    9|          2|   32|         64|
    |localC_473_reg_26425        |    9|          2|   32|         64|
    |localC_474_reg_26437        |    9|          2|   32|         64|
    |localC_475_reg_26449        |    9|          2|   32|         64|
    |localC_476_reg_26461        |    9|          2|   32|         64|
    |localC_477_reg_26473        |    9|          2|   32|         64|
    |localC_478_reg_26485        |    9|          2|   32|         64|
    |localC_479_reg_26497        |    9|          2|   32|         64|
    |localC_47_reg_21313         |    9|          2|   32|         64|
    |localC_480_reg_26509        |    9|          2|   32|         64|
    |localC_481_reg_26521        |    9|          2|   32|         64|
    |localC_482_reg_26533        |    9|          2|   32|         64|
    |localC_483_reg_26545        |    9|          2|   32|         64|
    |localC_484_reg_26557        |    9|          2|   32|         64|
    |localC_485_reg_26569        |    9|          2|   32|         64|
    |localC_486_reg_26581        |    9|          2|   32|         64|
    |localC_487_reg_26593        |    9|          2|   32|         64|
    |localC_488_reg_26605        |    9|          2|   32|         64|
    |localC_489_reg_26617        |    9|          2|   32|         64|
    |localC_48_reg_21325         |    9|          2|   32|         64|
    |localC_490_reg_26629        |    9|          2|   32|         64|
    |localC_491_reg_26641        |    9|          2|   32|         64|
    |localC_492_reg_26653        |    9|          2|   32|         64|
    |localC_493_reg_26665        |    9|          2|   32|         64|
    |localC_494_reg_26677        |    9|          2|   32|         64|
    |localC_495_reg_26689        |    9|          2|   32|         64|
    |localC_496_reg_26701        |    9|          2|   32|         64|
    |localC_497_reg_26713        |    9|          2|   32|         64|
    |localC_498_reg_26725        |    9|          2|   32|         64|
    |localC_499_reg_26737        |    9|          2|   32|         64|
    |localC_49_reg_21337         |    9|          2|   32|         64|
    |localC_4_reg_20797          |    9|          2|   32|         64|
    |localC_500_reg_26749        |    9|          2|   32|         64|
    |localC_501_reg_26761        |    9|          2|   32|         64|
    |localC_502_reg_26773        |    9|          2|   32|         64|
    |localC_503_reg_26785        |    9|          2|   32|         64|
    |localC_504_reg_26797        |    9|          2|   32|         64|
    |localC_505_reg_26809        |    9|          2|   32|         64|
    |localC_506_reg_26821        |    9|          2|   32|         64|
    |localC_507_reg_26833        |    9|          2|   32|         64|
    |localC_508_reg_26845        |    9|          2|   32|         64|
    |localC_509_reg_26857        |    9|          2|   32|         64|
    |localC_50_reg_21349         |    9|          2|   32|         64|
    |localC_510_reg_26869        |    9|          2|   32|         64|
    |localC_511_reg_26881        |    9|          2|   32|         64|
    |localC_512_reg_26893        |    9|          2|   32|         64|
    |localC_513_reg_26905        |    9|          2|   32|         64|
    |localC_514_reg_26917        |    9|          2|   32|         64|
    |localC_515_reg_26929        |    9|          2|   32|         64|
    |localC_516_reg_26941        |    9|          2|   32|         64|
    |localC_517_reg_26953        |    9|          2|   32|         64|
    |localC_518_reg_26965        |    9|          2|   32|         64|
    |localC_519_reg_26977        |    9|          2|   32|         64|
    |localC_51_reg_21361         |    9|          2|   32|         64|
    |localC_520_reg_26989        |    9|          2|   32|         64|
    |localC_521_reg_27001        |    9|          2|   32|         64|
    |localC_522_reg_27013        |    9|          2|   32|         64|
    |localC_523_reg_27025        |    9|          2|   32|         64|
    |localC_524_reg_27037        |    9|          2|   32|         64|
    |localC_525_reg_27049        |    9|          2|   32|         64|
    |localC_526_reg_27061        |    9|          2|   32|         64|
    |localC_527_reg_27073        |    9|          2|   32|         64|
    |localC_528_reg_27085        |    9|          2|   32|         64|
    |localC_529_reg_27097        |    9|          2|   32|         64|
    |localC_52_reg_21373         |    9|          2|   32|         64|
    |localC_530_reg_27109        |    9|          2|   32|         64|
    |localC_531_reg_27121        |    9|          2|   32|         64|
    |localC_532_reg_27133        |    9|          2|   32|         64|
    |localC_533_reg_27145        |    9|          2|   32|         64|
    |localC_534_reg_27157        |    9|          2|   32|         64|
    |localC_535_reg_27169        |    9|          2|   32|         64|
    |localC_536_reg_27181        |    9|          2|   32|         64|
    |localC_537_reg_27193        |    9|          2|   32|         64|
    |localC_538_reg_27205        |    9|          2|   32|         64|
    |localC_539_reg_27217        |    9|          2|   32|         64|
    |localC_53_reg_21385         |    9|          2|   32|         64|
    |localC_540_reg_27229        |    9|          2|   32|         64|
    |localC_541_reg_27241        |    9|          2|   32|         64|
    |localC_542_reg_27253        |    9|          2|   32|         64|
    |localC_543_reg_27265        |    9|          2|   32|         64|
    |localC_544_reg_27277        |    9|          2|   32|         64|
    |localC_545_reg_27289        |    9|          2|   32|         64|
    |localC_546_reg_27301        |    9|          2|   32|         64|
    |localC_547_reg_27313        |    9|          2|   32|         64|
    |localC_548_reg_27325        |    9|          2|   32|         64|
    |localC_549_reg_27337        |    9|          2|   32|         64|
    |localC_54_reg_21397         |    9|          2|   32|         64|
    |localC_550_reg_27349        |    9|          2|   32|         64|
    |localC_551_reg_27361        |    9|          2|   32|         64|
    |localC_552_reg_27373        |    9|          2|   32|         64|
    |localC_553_reg_27385        |    9|          2|   32|         64|
    |localC_554_reg_27397        |    9|          2|   32|         64|
    |localC_555_reg_27409        |    9|          2|   32|         64|
    |localC_556_reg_27421        |    9|          2|   32|         64|
    |localC_557_reg_27433        |    9|          2|   32|         64|
    |localC_558_reg_27445        |    9|          2|   32|         64|
    |localC_559_reg_27457        |    9|          2|   32|         64|
    |localC_55_reg_21409         |    9|          2|   32|         64|
    |localC_560_reg_27469        |    9|          2|   32|         64|
    |localC_561_reg_27481        |    9|          2|   32|         64|
    |localC_562_reg_27493        |    9|          2|   32|         64|
    |localC_563_reg_27505        |    9|          2|   32|         64|
    |localC_564_reg_27517        |    9|          2|   32|         64|
    |localC_565_reg_27529        |    9|          2|   32|         64|
    |localC_566_reg_27541        |    9|          2|   32|         64|
    |localC_567_reg_27553        |    9|          2|   32|         64|
    |localC_568_reg_27565        |    9|          2|   32|         64|
    |localC_569_reg_27577        |    9|          2|   32|         64|
    |localC_56_reg_21421         |    9|          2|   32|         64|
    |localC_570_reg_27589        |    9|          2|   32|         64|
    |localC_571_reg_27601        |    9|          2|   32|         64|
    |localC_572_reg_27613        |    9|          2|   32|         64|
    |localC_573_reg_27625        |    9|          2|   32|         64|
    |localC_574_reg_27637        |    9|          2|   32|         64|
    |localC_575_reg_27649        |    9|          2|   32|         64|
    |localC_576_reg_27661        |    9|          2|   32|         64|
    |localC_577_reg_27673        |    9|          2|   32|         64|
    |localC_578_reg_27685        |    9|          2|   32|         64|
    |localC_579_reg_27697        |    9|          2|   32|         64|
    |localC_57_reg_21433         |    9|          2|   32|         64|
    |localC_580_reg_27709        |    9|          2|   32|         64|
    |localC_581_reg_27721        |    9|          2|   32|         64|
    |localC_582_reg_27733        |    9|          2|   32|         64|
    |localC_583_reg_27745        |    9|          2|   32|         64|
    |localC_584_reg_27757        |    9|          2|   32|         64|
    |localC_585_reg_27769        |    9|          2|   32|         64|
    |localC_586_reg_27781        |    9|          2|   32|         64|
    |localC_587_reg_27793        |    9|          2|   32|         64|
    |localC_588_reg_27805        |    9|          2|   32|         64|
    |localC_589_reg_27817        |    9|          2|   32|         64|
    |localC_58_reg_21445         |    9|          2|   32|         64|
    |localC_590_reg_27829        |    9|          2|   32|         64|
    |localC_591_reg_27841        |    9|          2|   32|         64|
    |localC_592_reg_27853        |    9|          2|   32|         64|
    |localC_593_reg_27865        |    9|          2|   32|         64|
    |localC_594_reg_27877        |    9|          2|   32|         64|
    |localC_595_reg_27889        |    9|          2|   32|         64|
    |localC_596_reg_27901        |    9|          2|   32|         64|
    |localC_597_reg_27913        |    9|          2|   32|         64|
    |localC_598_reg_27925        |    9|          2|   32|         64|
    |localC_599_reg_27937        |    9|          2|   32|         64|
    |localC_59_reg_21457         |    9|          2|   32|         64|
    |localC_5_reg_20809          |    9|          2|   32|         64|
    |localC_600_reg_27949        |    9|          2|   32|         64|
    |localC_601_reg_27961        |    9|          2|   32|         64|
    |localC_602_reg_27973        |    9|          2|   32|         64|
    |localC_603_reg_27985        |    9|          2|   32|         64|
    |localC_604_reg_27997        |    9|          2|   32|         64|
    |localC_605_reg_28009        |    9|          2|   32|         64|
    |localC_606_reg_28021        |    9|          2|   32|         64|
    |localC_607_reg_28033        |    9|          2|   32|         64|
    |localC_608_reg_28045        |    9|          2|   32|         64|
    |localC_609_reg_28057        |    9|          2|   32|         64|
    |localC_60_reg_21469         |    9|          2|   32|         64|
    |localC_610_reg_28069        |    9|          2|   32|         64|
    |localC_611_reg_28081        |    9|          2|   32|         64|
    |localC_612_reg_28093        |    9|          2|   32|         64|
    |localC_613_reg_28105        |    9|          2|   32|         64|
    |localC_614_reg_28117        |    9|          2|   32|         64|
    |localC_615_reg_28129        |    9|          2|   32|         64|
    |localC_616_reg_28141        |    9|          2|   32|         64|
    |localC_617_reg_28153        |    9|          2|   32|         64|
    |localC_618_reg_28165        |    9|          2|   32|         64|
    |localC_619_reg_28177        |    9|          2|   32|         64|
    |localC_61_reg_21481         |    9|          2|   32|         64|
    |localC_620_reg_28189        |    9|          2|   32|         64|
    |localC_621_reg_28201        |    9|          2|   32|         64|
    |localC_622_reg_28213        |    9|          2|   32|         64|
    |localC_623_reg_28225        |    9|          2|   32|         64|
    |localC_624_reg_28237        |    9|          2|   32|         64|
    |localC_625_reg_28249        |    9|          2|   32|         64|
    |localC_626_reg_28261        |    9|          2|   32|         64|
    |localC_627_reg_28273        |    9|          2|   32|         64|
    |localC_628_reg_28285        |    9|          2|   32|         64|
    |localC_629_reg_28297        |    9|          2|   32|         64|
    |localC_62_reg_21493         |    9|          2|   32|         64|
    |localC_630_reg_28309        |    9|          2|   32|         64|
    |localC_631_reg_28321        |    9|          2|   32|         64|
    |localC_632_reg_28333        |    9|          2|   32|         64|
    |localC_633_reg_28345        |    9|          2|   32|         64|
    |localC_634_reg_28357        |    9|          2|   32|         64|
    |localC_635_reg_28369        |    9|          2|   32|         64|
    |localC_636_reg_28381        |    9|          2|   32|         64|
    |localC_637_reg_28393        |    9|          2|   32|         64|
    |localC_638_reg_28405        |    9|          2|   32|         64|
    |localC_639_reg_28417        |    9|          2|   32|         64|
    |localC_63_reg_21505         |    9|          2|   32|         64|
    |localC_640_reg_28429        |    9|          2|   32|         64|
    |localC_641_reg_28441        |    9|          2|   32|         64|
    |localC_642_reg_28453        |    9|          2|   32|         64|
    |localC_643_reg_28465        |    9|          2|   32|         64|
    |localC_644_reg_28477        |    9|          2|   32|         64|
    |localC_645_reg_28489        |    9|          2|   32|         64|
    |localC_646_reg_28501        |    9|          2|   32|         64|
    |localC_647_reg_28513        |    9|          2|   32|         64|
    |localC_648_reg_28525        |    9|          2|   32|         64|
    |localC_649_reg_28537        |    9|          2|   32|         64|
    |localC_64_reg_21517         |    9|          2|   32|         64|
    |localC_650_reg_28549        |    9|          2|   32|         64|
    |localC_651_reg_28561        |    9|          2|   32|         64|
    |localC_652_reg_28573        |    9|          2|   32|         64|
    |localC_653_reg_28585        |    9|          2|   32|         64|
    |localC_654_reg_28597        |    9|          2|   32|         64|
    |localC_655_reg_28609        |    9|          2|   32|         64|
    |localC_656_reg_28621        |    9|          2|   32|         64|
    |localC_657_reg_28633        |    9|          2|   32|         64|
    |localC_658_reg_28645        |    9|          2|   32|         64|
    |localC_659_reg_28657        |    9|          2|   32|         64|
    |localC_65_reg_21529         |    9|          2|   32|         64|
    |localC_660_reg_28669        |    9|          2|   32|         64|
    |localC_661_reg_28681        |    9|          2|   32|         64|
    |localC_662_reg_28693        |    9|          2|   32|         64|
    |localC_663_reg_28705        |    9|          2|   32|         64|
    |localC_664_reg_28717        |    9|          2|   32|         64|
    |localC_665_reg_28729        |    9|          2|   32|         64|
    |localC_666_reg_28741        |    9|          2|   32|         64|
    |localC_667_reg_28753        |    9|          2|   32|         64|
    |localC_668_reg_28765        |    9|          2|   32|         64|
    |localC_669_reg_28777        |    9|          2|   32|         64|
    |localC_66_reg_21541         |    9|          2|   32|         64|
    |localC_670_reg_28789        |    9|          2|   32|         64|
    |localC_671_reg_28801        |    9|          2|   32|         64|
    |localC_672_reg_28813        |    9|          2|   32|         64|
    |localC_673_reg_28825        |    9|          2|   32|         64|
    |localC_674_reg_28837        |    9|          2|   32|         64|
    |localC_675_reg_28849        |    9|          2|   32|         64|
    |localC_676_reg_28861        |    9|          2|   32|         64|
    |localC_677_reg_28873        |    9|          2|   32|         64|
    |localC_678_reg_28885        |    9|          2|   32|         64|
    |localC_679_reg_28897        |    9|          2|   32|         64|
    |localC_67_reg_21553         |    9|          2|   32|         64|
    |localC_680_reg_28909        |    9|          2|   32|         64|
    |localC_681_reg_28921        |    9|          2|   32|         64|
    |localC_682_reg_28933        |    9|          2|   32|         64|
    |localC_683_reg_28945        |    9|          2|   32|         64|
    |localC_684_reg_28957        |    9|          2|   32|         64|
    |localC_685_reg_28969        |    9|          2|   32|         64|
    |localC_686_reg_28981        |    9|          2|   32|         64|
    |localC_687_reg_28993        |    9|          2|   32|         64|
    |localC_688_reg_29005        |    9|          2|   32|         64|
    |localC_689_reg_29017        |    9|          2|   32|         64|
    |localC_68_reg_21565         |    9|          2|   32|         64|
    |localC_690_reg_29029        |    9|          2|   32|         64|
    |localC_691_reg_29041        |    9|          2|   32|         64|
    |localC_692_reg_29053        |    9|          2|   32|         64|
    |localC_693_reg_29065        |    9|          2|   32|         64|
    |localC_694_reg_29077        |    9|          2|   32|         64|
    |localC_695_reg_29089        |    9|          2|   32|         64|
    |localC_696_reg_29101        |    9|          2|   32|         64|
    |localC_697_reg_29113        |    9|          2|   32|         64|
    |localC_698_reg_29125        |    9|          2|   32|         64|
    |localC_699_reg_29137        |    9|          2|   32|         64|
    |localC_69_reg_21577         |    9|          2|   32|         64|
    |localC_6_reg_20821          |    9|          2|   32|         64|
    |localC_700_reg_29149        |    9|          2|   32|         64|
    |localC_701_reg_29161        |    9|          2|   32|         64|
    |localC_702_reg_29173        |    9|          2|   32|         64|
    |localC_703_reg_29185        |    9|          2|   32|         64|
    |localC_704_reg_29197        |    9|          2|   32|         64|
    |localC_705_reg_29209        |    9|          2|   32|         64|
    |localC_706_reg_29221        |    9|          2|   32|         64|
    |localC_707_reg_29233        |    9|          2|   32|         64|
    |localC_708_reg_29245        |    9|          2|   32|         64|
    |localC_709_reg_29257        |    9|          2|   32|         64|
    |localC_70_reg_21589         |    9|          2|   32|         64|
    |localC_710_reg_29269        |    9|          2|   32|         64|
    |localC_711_reg_29281        |    9|          2|   32|         64|
    |localC_712_reg_29293        |    9|          2|   32|         64|
    |localC_713_reg_29305        |    9|          2|   32|         64|
    |localC_714_reg_29317        |    9|          2|   32|         64|
    |localC_715_reg_29329        |    9|          2|   32|         64|
    |localC_716_reg_29341        |    9|          2|   32|         64|
    |localC_717_reg_29353        |    9|          2|   32|         64|
    |localC_718_reg_29365        |    9|          2|   32|         64|
    |localC_719_reg_29377        |    9|          2|   32|         64|
    |localC_71_reg_21601         |    9|          2|   32|         64|
    |localC_720_reg_29389        |    9|          2|   32|         64|
    |localC_721_reg_29401        |    9|          2|   32|         64|
    |localC_722_reg_29413        |    9|          2|   32|         64|
    |localC_723_reg_29425        |    9|          2|   32|         64|
    |localC_724_reg_29437        |    9|          2|   32|         64|
    |localC_725_reg_29449        |    9|          2|   32|         64|
    |localC_726_reg_29461        |    9|          2|   32|         64|
    |localC_727_reg_29473        |    9|          2|   32|         64|
    |localC_728_reg_29485        |    9|          2|   32|         64|
    |localC_729_reg_29497        |    9|          2|   32|         64|
    |localC_72_reg_21613         |    9|          2|   32|         64|
    |localC_730_reg_29509        |    9|          2|   32|         64|
    |localC_731_reg_29521        |    9|          2|   32|         64|
    |localC_732_reg_29533        |    9|          2|   32|         64|
    |localC_733_reg_29545        |    9|          2|   32|         64|
    |localC_734_reg_29557        |    9|          2|   32|         64|
    |localC_735_reg_29569        |    9|          2|   32|         64|
    |localC_736_reg_29581        |    9|          2|   32|         64|
    |localC_737_reg_29593        |    9|          2|   32|         64|
    |localC_738_reg_29605        |    9|          2|   32|         64|
    |localC_739_reg_29617        |    9|          2|   32|         64|
    |localC_73_reg_21625         |    9|          2|   32|         64|
    |localC_740_reg_29629        |    9|          2|   32|         64|
    |localC_741_reg_29641        |    9|          2|   32|         64|
    |localC_742_reg_29653        |    9|          2|   32|         64|
    |localC_743_reg_29665        |    9|          2|   32|         64|
    |localC_744_reg_29677        |    9|          2|   32|         64|
    |localC_745_reg_29689        |    9|          2|   32|         64|
    |localC_746_reg_29701        |    9|          2|   32|         64|
    |localC_747_reg_29713        |    9|          2|   32|         64|
    |localC_748_reg_29725        |    9|          2|   32|         64|
    |localC_749_reg_29737        |    9|          2|   32|         64|
    |localC_74_reg_21637         |    9|          2|   32|         64|
    |localC_750_reg_29749        |    9|          2|   32|         64|
    |localC_751_reg_29761        |    9|          2|   32|         64|
    |localC_752_reg_29773        |    9|          2|   32|         64|
    |localC_753_reg_29785        |    9|          2|   32|         64|
    |localC_754_reg_29797        |    9|          2|   32|         64|
    |localC_755_reg_29809        |    9|          2|   32|         64|
    |localC_756_reg_29821        |    9|          2|   32|         64|
    |localC_757_reg_29833        |    9|          2|   32|         64|
    |localC_758_reg_29845        |    9|          2|   32|         64|
    |localC_759_reg_29857        |    9|          2|   32|         64|
    |localC_75_reg_21649         |    9|          2|   32|         64|
    |localC_760_reg_29869        |    9|          2|   32|         64|
    |localC_761_reg_29881        |    9|          2|   32|         64|
    |localC_762_reg_29893        |    9|          2|   32|         64|
    |localC_763_reg_29905        |    9|          2|   32|         64|
    |localC_764_reg_29917        |    9|          2|   32|         64|
    |localC_765_reg_29929        |    9|          2|   32|         64|
    |localC_766_reg_29941        |    9|          2|   32|         64|
    |localC_767_reg_29953        |    9|          2|   32|         64|
    |localC_768_reg_29965        |    9|          2|   32|         64|
    |localC_769_reg_29977        |    9|          2|   32|         64|
    |localC_76_reg_21661         |    9|          2|   32|         64|
    |localC_770_reg_29989        |    9|          2|   32|         64|
    |localC_771_reg_30001        |    9|          2|   32|         64|
    |localC_772_reg_30013        |    9|          2|   32|         64|
    |localC_773_reg_30025        |    9|          2|   32|         64|
    |localC_774_reg_30037        |    9|          2|   32|         64|
    |localC_775_reg_30049        |    9|          2|   32|         64|
    |localC_776_reg_30061        |    9|          2|   32|         64|
    |localC_777_reg_30073        |    9|          2|   32|         64|
    |localC_778_reg_30085        |    9|          2|   32|         64|
    |localC_779_reg_30097        |    9|          2|   32|         64|
    |localC_77_reg_21673         |    9|          2|   32|         64|
    |localC_780_reg_30109        |    9|          2|   32|         64|
    |localC_781_reg_30121        |    9|          2|   32|         64|
    |localC_782_reg_30133        |    9|          2|   32|         64|
    |localC_783_reg_30145        |    9|          2|   32|         64|
    |localC_784_reg_30157        |    9|          2|   32|         64|
    |localC_785_reg_30169        |    9|          2|   32|         64|
    |localC_786_reg_30181        |    9|          2|   32|         64|
    |localC_787_reg_30193        |    9|          2|   32|         64|
    |localC_788_reg_30205        |    9|          2|   32|         64|
    |localC_789_reg_30217        |    9|          2|   32|         64|
    |localC_78_reg_21685         |    9|          2|   32|         64|
    |localC_790_reg_30229        |    9|          2|   32|         64|
    |localC_791_reg_30241        |    9|          2|   32|         64|
    |localC_792_reg_30253        |    9|          2|   32|         64|
    |localC_793_reg_30265        |    9|          2|   32|         64|
    |localC_794_reg_30277        |    9|          2|   32|         64|
    |localC_795_reg_30289        |    9|          2|   32|         64|
    |localC_796_reg_30301        |    9|          2|   32|         64|
    |localC_797_reg_30313        |    9|          2|   32|         64|
    |localC_798_reg_30325        |    9|          2|   32|         64|
    |localC_799_reg_30337        |    9|          2|   32|         64|
    |localC_79_reg_21697         |    9|          2|   32|         64|
    |localC_7_reg_20833          |    9|          2|   32|         64|
    |localC_800_reg_30349        |    9|          2|   32|         64|
    |localC_801_reg_30361        |    9|          2|   32|         64|
    |localC_802_reg_30373        |    9|          2|   32|         64|
    |localC_803_reg_30385        |    9|          2|   32|         64|
    |localC_804_reg_30397        |    9|          2|   32|         64|
    |localC_805_reg_30409        |    9|          2|   32|         64|
    |localC_806_reg_30421        |    9|          2|   32|         64|
    |localC_807_reg_30433        |    9|          2|   32|         64|
    |localC_808_reg_30445        |    9|          2|   32|         64|
    |localC_809_reg_30457        |    9|          2|   32|         64|
    |localC_80_reg_21709         |    9|          2|   32|         64|
    |localC_810_reg_30469        |    9|          2|   32|         64|
    |localC_811_reg_30481        |    9|          2|   32|         64|
    |localC_812_reg_30493        |    9|          2|   32|         64|
    |localC_813_reg_30505        |    9|          2|   32|         64|
    |localC_814_reg_30517        |    9|          2|   32|         64|
    |localC_815_reg_30529        |    9|          2|   32|         64|
    |localC_816_reg_30541        |    9|          2|   32|         64|
    |localC_817_reg_30553        |    9|          2|   32|         64|
    |localC_818_reg_30565        |    9|          2|   32|         64|
    |localC_819_reg_30577        |    9|          2|   32|         64|
    |localC_81_reg_21721         |    9|          2|   32|         64|
    |localC_820_reg_30589        |    9|          2|   32|         64|
    |localC_821_reg_30601        |    9|          2|   32|         64|
    |localC_822_reg_30613        |    9|          2|   32|         64|
    |localC_823_reg_30625        |    9|          2|   32|         64|
    |localC_824_reg_30637        |    9|          2|   32|         64|
    |localC_825_reg_30649        |    9|          2|   32|         64|
    |localC_826_reg_30661        |    9|          2|   32|         64|
    |localC_827_reg_30673        |    9|          2|   32|         64|
    |localC_828_reg_30685        |    9|          2|   32|         64|
    |localC_829_reg_30697        |    9|          2|   32|         64|
    |localC_82_reg_21733         |    9|          2|   32|         64|
    |localC_830_reg_30709        |    9|          2|   32|         64|
    |localC_831_reg_30721        |    9|          2|   32|         64|
    |localC_832_reg_30733        |    9|          2|   32|         64|
    |localC_833_reg_30745        |    9|          2|   32|         64|
    |localC_834_reg_30757        |    9|          2|   32|         64|
    |localC_835_reg_30769        |    9|          2|   32|         64|
    |localC_836_reg_30781        |    9|          2|   32|         64|
    |localC_837_reg_30793        |    9|          2|   32|         64|
    |localC_838_reg_30805        |    9|          2|   32|         64|
    |localC_839_reg_30817        |    9|          2|   32|         64|
    |localC_83_reg_21745         |    9|          2|   32|         64|
    |localC_840_reg_30829        |    9|          2|   32|         64|
    |localC_841_reg_30841        |    9|          2|   32|         64|
    |localC_842_reg_30853        |    9|          2|   32|         64|
    |localC_843_reg_30865        |    9|          2|   32|         64|
    |localC_844_reg_30877        |    9|          2|   32|         64|
    |localC_845_reg_30889        |    9|          2|   32|         64|
    |localC_846_reg_30901        |    9|          2|   32|         64|
    |localC_847_reg_30913        |    9|          2|   32|         64|
    |localC_848_reg_30925        |    9|          2|   32|         64|
    |localC_849_reg_30937        |    9|          2|   32|         64|
    |localC_84_reg_21757         |    9|          2|   32|         64|
    |localC_850_reg_30949        |    9|          2|   32|         64|
    |localC_851_reg_30961        |    9|          2|   32|         64|
    |localC_852_reg_30973        |    9|          2|   32|         64|
    |localC_853_reg_30985        |    9|          2|   32|         64|
    |localC_854_reg_30997        |    9|          2|   32|         64|
    |localC_855_reg_31009        |    9|          2|   32|         64|
    |localC_856_reg_31021        |    9|          2|   32|         64|
    |localC_857_reg_31033        |    9|          2|   32|         64|
    |localC_858_reg_31045        |    9|          2|   32|         64|
    |localC_859_reg_31057        |    9|          2|   32|         64|
    |localC_85_reg_21769         |    9|          2|   32|         64|
    |localC_860_reg_31069        |    9|          2|   32|         64|
    |localC_861_reg_31081        |    9|          2|   32|         64|
    |localC_862_reg_31093        |    9|          2|   32|         64|
    |localC_863_reg_31105        |    9|          2|   32|         64|
    |localC_864_reg_31117        |    9|          2|   32|         64|
    |localC_865_reg_31129        |    9|          2|   32|         64|
    |localC_866_reg_31141        |    9|          2|   32|         64|
    |localC_867_reg_31153        |    9|          2|   32|         64|
    |localC_868_reg_31165        |    9|          2|   32|         64|
    |localC_869_reg_31177        |    9|          2|   32|         64|
    |localC_86_reg_21781         |    9|          2|   32|         64|
    |localC_870_reg_31189        |    9|          2|   32|         64|
    |localC_871_reg_31201        |    9|          2|   32|         64|
    |localC_872_reg_31213        |    9|          2|   32|         64|
    |localC_873_reg_31225        |    9|          2|   32|         64|
    |localC_874_reg_31237        |    9|          2|   32|         64|
    |localC_875_reg_31249        |    9|          2|   32|         64|
    |localC_876_reg_31261        |    9|          2|   32|         64|
    |localC_877_reg_31273        |    9|          2|   32|         64|
    |localC_878_reg_31285        |    9|          2|   32|         64|
    |localC_879_reg_31297        |    9|          2|   32|         64|
    |localC_87_reg_21793         |    9|          2|   32|         64|
    |localC_880_reg_31309        |    9|          2|   32|         64|
    |localC_881_reg_31321        |    9|          2|   32|         64|
    |localC_882_reg_31333        |    9|          2|   32|         64|
    |localC_883_reg_31345        |    9|          2|   32|         64|
    |localC_884_reg_31357        |    9|          2|   32|         64|
    |localC_885_reg_31369        |    9|          2|   32|         64|
    |localC_886_reg_31381        |    9|          2|   32|         64|
    |localC_887_reg_31393        |    9|          2|   32|         64|
    |localC_888_reg_31405        |    9|          2|   32|         64|
    |localC_889_reg_31417        |    9|          2|   32|         64|
    |localC_88_reg_21805         |    9|          2|   32|         64|
    |localC_890_reg_31429        |    9|          2|   32|         64|
    |localC_891_reg_31441        |    9|          2|   32|         64|
    |localC_892_reg_31453        |    9|          2|   32|         64|
    |localC_893_reg_31465        |    9|          2|   32|         64|
    |localC_894_reg_31477        |    9|          2|   32|         64|
    |localC_895_reg_31489        |    9|          2|   32|         64|
    |localC_896_reg_31501        |    9|          2|   32|         64|
    |localC_897_reg_31513        |    9|          2|   32|         64|
    |localC_898_reg_31525        |    9|          2|   32|         64|
    |localC_899_reg_31537        |    9|          2|   32|         64|
    |localC_89_reg_21817         |    9|          2|   32|         64|
    |localC_8_reg_20845          |    9|          2|   32|         64|
    |localC_900_reg_31549        |    9|          2|   32|         64|
    |localC_901_reg_31561        |    9|          2|   32|         64|
    |localC_902_reg_31573        |    9|          2|   32|         64|
    |localC_903_reg_31585        |    9|          2|   32|         64|
    |localC_904_reg_31597        |    9|          2|   32|         64|
    |localC_905_reg_31609        |    9|          2|   32|         64|
    |localC_906_reg_31621        |    9|          2|   32|         64|
    |localC_907_reg_31633        |    9|          2|   32|         64|
    |localC_908_reg_31645        |    9|          2|   32|         64|
    |localC_909_reg_31657        |    9|          2|   32|         64|
    |localC_90_reg_21829         |    9|          2|   32|         64|
    |localC_910_reg_31669        |    9|          2|   32|         64|
    |localC_911_reg_31681        |    9|          2|   32|         64|
    |localC_912_reg_31693        |    9|          2|   32|         64|
    |localC_913_reg_31705        |    9|          2|   32|         64|
    |localC_914_reg_31717        |    9|          2|   32|         64|
    |localC_915_reg_31729        |    9|          2|   32|         64|
    |localC_916_reg_31741        |    9|          2|   32|         64|
    |localC_917_reg_31753        |    9|          2|   32|         64|
    |localC_918_reg_31765        |    9|          2|   32|         64|
    |localC_919_reg_31777        |    9|          2|   32|         64|
    |localC_91_reg_21841         |    9|          2|   32|         64|
    |localC_920_reg_31789        |    9|          2|   32|         64|
    |localC_921_reg_31801        |    9|          2|   32|         64|
    |localC_922_reg_31813        |    9|          2|   32|         64|
    |localC_923_reg_31825        |    9|          2|   32|         64|
    |localC_924_reg_31837        |    9|          2|   32|         64|
    |localC_925_reg_31849        |    9|          2|   32|         64|
    |localC_926_reg_31861        |    9|          2|   32|         64|
    |localC_927_reg_31873        |    9|          2|   32|         64|
    |localC_928_reg_31885        |    9|          2|   32|         64|
    |localC_929_reg_31897        |    9|          2|   32|         64|
    |localC_92_reg_21853         |    9|          2|   32|         64|
    |localC_930_reg_31909        |    9|          2|   32|         64|
    |localC_931_reg_31921        |    9|          2|   32|         64|
    |localC_932_reg_31933        |    9|          2|   32|         64|
    |localC_933_reg_31945        |    9|          2|   32|         64|
    |localC_934_reg_31957        |    9|          2|   32|         64|
    |localC_935_reg_31969        |    9|          2|   32|         64|
    |localC_936_reg_31981        |    9|          2|   32|         64|
    |localC_937_reg_31993        |    9|          2|   32|         64|
    |localC_938_reg_32005        |    9|          2|   32|         64|
    |localC_939_reg_32017        |    9|          2|   32|         64|
    |localC_93_reg_21865         |    9|          2|   32|         64|
    |localC_940_reg_32029        |    9|          2|   32|         64|
    |localC_941_reg_32041        |    9|          2|   32|         64|
    |localC_942_reg_32053        |    9|          2|   32|         64|
    |localC_943_reg_32065        |    9|          2|   32|         64|
    |localC_944_reg_32077        |    9|          2|   32|         64|
    |localC_945_reg_32089        |    9|          2|   32|         64|
    |localC_946_reg_32101        |    9|          2|   32|         64|
    |localC_947_reg_32113        |    9|          2|   32|         64|
    |localC_948_reg_32125        |    9|          2|   32|         64|
    |localC_949_reg_32137        |    9|          2|   32|         64|
    |localC_94_reg_21877         |    9|          2|   32|         64|
    |localC_950_reg_32149        |    9|          2|   32|         64|
    |localC_951_reg_32161        |    9|          2|   32|         64|
    |localC_952_reg_32173        |    9|          2|   32|         64|
    |localC_953_reg_32185        |    9|          2|   32|         64|
    |localC_954_reg_32197        |    9|          2|   32|         64|
    |localC_955_reg_32209        |    9|          2|   32|         64|
    |localC_956_reg_32221        |    9|          2|   32|         64|
    |localC_957_reg_32233        |    9|          2|   32|         64|
    |localC_958_reg_32245        |    9|          2|   32|         64|
    |localC_959_reg_32257        |    9|          2|   32|         64|
    |localC_95_reg_21889         |    9|          2|   32|         64|
    |localC_960_reg_32269        |    9|          2|   32|         64|
    |localC_961_reg_32281        |    9|          2|   32|         64|
    |localC_962_reg_32293        |    9|          2|   32|         64|
    |localC_963_reg_32305        |    9|          2|   32|         64|
    |localC_964_reg_32317        |    9|          2|   32|         64|
    |localC_965_reg_32329        |    9|          2|   32|         64|
    |localC_966_reg_32341        |    9|          2|   32|         64|
    |localC_967_reg_32353        |    9|          2|   32|         64|
    |localC_968_reg_32365        |    9|          2|   32|         64|
    |localC_969_reg_32377        |    9|          2|   32|         64|
    |localC_96_reg_21901         |    9|          2|   32|         64|
    |localC_970_reg_32389        |    9|          2|   32|         64|
    |localC_971_reg_32401        |    9|          2|   32|         64|
    |localC_972_reg_32413        |    9|          2|   32|         64|
    |localC_973_reg_32425        |    9|          2|   32|         64|
    |localC_974_reg_32437        |    9|          2|   32|         64|
    |localC_975_reg_32449        |    9|          2|   32|         64|
    |localC_976_reg_32461        |    9|          2|   32|         64|
    |localC_977_reg_32473        |    9|          2|   32|         64|
    |localC_978_reg_32485        |    9|          2|   32|         64|
    |localC_979_reg_32497        |    9|          2|   32|         64|
    |localC_97_reg_21913         |    9|          2|   32|         64|
    |localC_980_reg_32509        |    9|          2|   32|         64|
    |localC_981_reg_32521        |    9|          2|   32|         64|
    |localC_982_reg_32533        |    9|          2|   32|         64|
    |localC_983_reg_32545        |    9|          2|   32|         64|
    |localC_984_reg_32557        |    9|          2|   32|         64|
    |localC_985_reg_32569        |    9|          2|   32|         64|
    |localC_986_reg_32581        |    9|          2|   32|         64|
    |localC_987_reg_32593        |    9|          2|   32|         64|
    |localC_988_reg_32605        |    9|          2|   32|         64|
    |localC_989_reg_32617        |    9|          2|   32|         64|
    |localC_98_reg_21925         |    9|          2|   32|         64|
    |localC_990_reg_32629        |    9|          2|   32|         64|
    |localC_991_reg_32641        |    9|          2|   32|         64|
    |localC_992_reg_32653        |    9|          2|   32|         64|
    |localC_993_reg_32665        |    9|          2|   32|         64|
    |localC_994_reg_32677        |    9|          2|   32|         64|
    |localC_995_reg_32689        |    9|          2|   32|         64|
    |localC_996_reg_32701        |    9|          2|   32|         64|
    |localC_997_reg_32713        |    9|          2|   32|         64|
    |localC_998_reg_32725        |    9|          2|   32|         64|
    |localC_999_reg_32737        |    9|          2|   32|         64|
    |localC_99_reg_21937         |    9|          2|   32|         64|
    |localC_9_reg_20857          |    9|          2|   32|         64|
    |localC_reg_20749            |    9|          2|   32|         64|
    +----------------------------+-----+-----------+-----+-----------+
    |Total                       | 9545|       2118|33285|      66719|
    +----------------------------+-----+-----------+-----+-----------+

    * Register: 
    +------------------------------------------------------------------------+-----+----+-----+-----------+
    |                                  Name                                  |  FF | LUT| Bits| Const Bits|
    +------------------------------------------------------------------------+-----+----+-----+-----------+
    |A_read_reg_74550                                                        |   64|   0|   64|          0|
    |B_read_reg_74545                                                        |   64|   0|   64|          0|
    |C_read_reg_74540                                                        |   64|   0|   64|          0|
    |K_read_reg_74518                                                        |   32|   0|   32|          0|
    |M_read_reg_74508                                                        |   32|   0|   32|          0|
    |N_read_reg_74530                                                        |   32|   0|   32|          0|
    |add_ln111_reg_105344                                                    |   64|   0|   64|          0|
    |add_ln132_2_reg_105392                                                  |  118|   0|  118|          0|
    |add_ln134_reg_111579                                                    |   64|   0|   64|          0|
    |add_ln166_reg_111569                                                    |   64|   0|   64|          0|
    |ap_CS_fsm                                                               |   21|   0|   21|          0|
    |cmp242_reg_92997                                                        |    1|   0|    1|          0|
    |current_block_M_reg_105349                                              |   32|   0|   32|          0|
    |empty_39_reg_105374                                                     |   31|   0|   31|          0|
    |empty_reg_93002                                                         |   32|   0|   32|          0|
    |grp_mmult_accel_Pipeline_VITIS_LOOP_120_2_fu_33048_ap_start_reg         |    1|   0|    1|          0|
    |grp_mmult_accel_Pipeline_compute_fu_39241_ap_start_reg                  |    1|   0|    1|          0|
    |grp_mmult_accel_Pipeline_copy_A_VITIS_LOOP_97_1_fu_33037_ap_start_reg   |    1|   0|    1|          0|
    |grp_mmult_accel_Pipeline_loadA_VITIS_LOOP_171_4_fu_33061_ap_start_reg   |    1|   0|    1|          0|
    |grp_mmult_accel_Pipeline_loadB_VITIS_LOOP_186_5_fu_35120_ap_start_reg   |    1|   0|    1|          0|
    |grp_mmult_accel_Pipeline_writeC_VITIS_LOOP_220_8_fu_37178_ap_start_reg  |    1|   0|    1|          0|
    |i0_reg_20715                                                            |   64|   0|   64|          0|
    |icmp_ln93_reg_92988                                                     |    1|   0|    1|          0|
    |icmp_ln96_reg_92992                                                     |    1|   0|    1|          0|
    |indvar_flatten66_reg_20704                                              |  118|   0|  118|          0|
    |j0_reg_20726                                                            |   64|   0|   64|          0|
    |j_block_fu_12460                                                        |   64|   0|   64|          0|
    |k0_reg_20737                                                            |   64|   0|   64|          0|
    |localA_0_fu_12464                                                       |    8|   0|    8|          0|
    |localA_1000_0_fu_16464                                                  |    8|   0|    8|          0|
    |localA_1001_0_fu_16468                                                  |    8|   0|    8|          0|
    |localA_1002_0_fu_16472                                                  |    8|   0|    8|          0|
    |localA_1003_0_fu_16476                                                  |    8|   0|    8|          0|
    |localA_1004_0_fu_16480                                                  |    8|   0|    8|          0|
    |localA_1005_0_fu_16484                                                  |    8|   0|    8|          0|
    |localA_1006_0_fu_16488                                                  |    8|   0|    8|          0|
    |localA_1007_0_fu_16492                                                  |    8|   0|    8|          0|
    |localA_1008_0_fu_16496                                                  |    8|   0|    8|          0|
    |localA_1009_0_fu_16500                                                  |    8|   0|    8|          0|
    |localA_100_0_fu_12864                                                   |    8|   0|    8|          0|
    |localA_1010_0_fu_16504                                                  |    8|   0|    8|          0|
    |localA_1011_0_fu_16508                                                  |    8|   0|    8|          0|
    |localA_1012_0_fu_16512                                                  |    8|   0|    8|          0|
    |localA_1013_0_fu_16516                                                  |    8|   0|    8|          0|
    |localA_1014_0_fu_16520                                                  |    8|   0|    8|          0|
    |localA_1015_0_fu_16524                                                  |    8|   0|    8|          0|
    |localA_1016_0_fu_16528                                                  |    8|   0|    8|          0|
    |localA_1017_0_fu_16532                                                  |    8|   0|    8|          0|
    |localA_1018_0_fu_16536                                                  |    8|   0|    8|          0|
    |localA_1019_0_fu_16540                                                  |    8|   0|    8|          0|
    |localA_101_0_fu_12868                                                   |    8|   0|    8|          0|
    |localA_1020_0_fu_16544                                                  |    8|   0|    8|          0|
    |localA_1021_0_fu_16548                                                  |    8|   0|    8|          0|
    |localA_1022_0_fu_16552                                                  |    8|   0|    8|          0|
    |localA_1023_0_fu_16556                                                  |    8|   0|    8|          0|
    |localA_102_0_fu_12872                                                   |    8|   0|    8|          0|
    |localA_103_0_fu_12876                                                   |    8|   0|    8|          0|
    |localA_104_0_fu_12880                                                   |    8|   0|    8|          0|
    |localA_105_0_fu_12884                                                   |    8|   0|    8|          0|
    |localA_106_0_fu_12888                                                   |    8|   0|    8|          0|
    |localA_107_0_fu_12892                                                   |    8|   0|    8|          0|
    |localA_108_0_fu_12896                                                   |    8|   0|    8|          0|
    |localA_109_0_fu_12900                                                   |    8|   0|    8|          0|
    |localA_10_0_fu_12504                                                    |    8|   0|    8|          0|
    |localA_110_0_fu_12904                                                   |    8|   0|    8|          0|
    |localA_111_0_fu_12908                                                   |    8|   0|    8|          0|
    |localA_112_0_fu_12912                                                   |    8|   0|    8|          0|
    |localA_113_0_fu_12916                                                   |    8|   0|    8|          0|
    |localA_114_0_fu_12920                                                   |    8|   0|    8|          0|
    |localA_115_0_fu_12924                                                   |    8|   0|    8|          0|
    |localA_116_0_fu_12928                                                   |    8|   0|    8|          0|
    |localA_117_0_fu_12932                                                   |    8|   0|    8|          0|
    |localA_118_0_fu_12936                                                   |    8|   0|    8|          0|
    |localA_119_0_fu_12940                                                   |    8|   0|    8|          0|
    |localA_11_0_fu_12508                                                    |    8|   0|    8|          0|
    |localA_120_0_fu_12944                                                   |    8|   0|    8|          0|
    |localA_121_0_fu_12948                                                   |    8|   0|    8|          0|
    |localA_122_0_fu_12952                                                   |    8|   0|    8|          0|
    |localA_123_0_fu_12956                                                   |    8|   0|    8|          0|
    |localA_124_0_fu_12960                                                   |    8|   0|    8|          0|
    |localA_125_0_fu_12964                                                   |    8|   0|    8|          0|
    |localA_126_0_fu_12968                                                   |    8|   0|    8|          0|
    |localA_127_0_fu_12972                                                   |    8|   0|    8|          0|
    |localA_128_0_fu_12976                                                   |    8|   0|    8|          0|
    |localA_129_0_fu_12980                                                   |    8|   0|    8|          0|
    |localA_12_0_fu_12512                                                    |    8|   0|    8|          0|
    |localA_130_0_fu_12984                                                   |    8|   0|    8|          0|
    |localA_131_0_fu_12988                                                   |    8|   0|    8|          0|
    |localA_132_0_fu_12992                                                   |    8|   0|    8|          0|
    |localA_133_0_fu_12996                                                   |    8|   0|    8|          0|
    |localA_134_0_fu_13000                                                   |    8|   0|    8|          0|
    |localA_135_0_fu_13004                                                   |    8|   0|    8|          0|
    |localA_136_0_fu_13008                                                   |    8|   0|    8|          0|
    |localA_137_0_fu_13012                                                   |    8|   0|    8|          0|
    |localA_138_0_fu_13016                                                   |    8|   0|    8|          0|
    |localA_139_0_fu_13020                                                   |    8|   0|    8|          0|
    |localA_13_0_fu_12516                                                    |    8|   0|    8|          0|
    |localA_140_0_fu_13024                                                   |    8|   0|    8|          0|
    |localA_141_0_fu_13028                                                   |    8|   0|    8|          0|
    |localA_142_0_fu_13032                                                   |    8|   0|    8|          0|
    |localA_143_0_fu_13036                                                   |    8|   0|    8|          0|
    |localA_144_0_fu_13040                                                   |    8|   0|    8|          0|
    |localA_145_0_fu_13044                                                   |    8|   0|    8|          0|
    |localA_146_0_fu_13048                                                   |    8|   0|    8|          0|
    |localA_147_0_fu_13052                                                   |    8|   0|    8|          0|
    |localA_148_0_fu_13056                                                   |    8|   0|    8|          0|
    |localA_149_0_fu_13060                                                   |    8|   0|    8|          0|
    |localA_14_0_fu_12520                                                    |    8|   0|    8|          0|
    |localA_150_0_fu_13064                                                   |    8|   0|    8|          0|
    |localA_151_0_fu_13068                                                   |    8|   0|    8|          0|
    |localA_152_0_fu_13072                                                   |    8|   0|    8|          0|
    |localA_153_0_fu_13076                                                   |    8|   0|    8|          0|
    |localA_154_0_fu_13080                                                   |    8|   0|    8|          0|
    |localA_155_0_fu_13084                                                   |    8|   0|    8|          0|
    |localA_156_0_fu_13088                                                   |    8|   0|    8|          0|
    |localA_157_0_fu_13092                                                   |    8|   0|    8|          0|
    |localA_158_0_fu_13096                                                   |    8|   0|    8|          0|
    |localA_159_0_fu_13100                                                   |    8|   0|    8|          0|
    |localA_15_0_fu_12524                                                    |    8|   0|    8|          0|
    |localA_160_0_fu_13104                                                   |    8|   0|    8|          0|
    |localA_161_0_fu_13108                                                   |    8|   0|    8|          0|
    |localA_162_0_fu_13112                                                   |    8|   0|    8|          0|
    |localA_163_0_fu_13116                                                   |    8|   0|    8|          0|
    |localA_164_0_fu_13120                                                   |    8|   0|    8|          0|
    |localA_165_0_fu_13124                                                   |    8|   0|    8|          0|
    |localA_166_0_fu_13128                                                   |    8|   0|    8|          0|
    |localA_167_0_fu_13132                                                   |    8|   0|    8|          0|
    |localA_168_0_fu_13136                                                   |    8|   0|    8|          0|
    |localA_169_0_fu_13140                                                   |    8|   0|    8|          0|
    |localA_16_0_fu_12528                                                    |    8|   0|    8|          0|
    |localA_170_0_fu_13144                                                   |    8|   0|    8|          0|
    |localA_171_0_fu_13148                                                   |    8|   0|    8|          0|
    |localA_172_0_fu_13152                                                   |    8|   0|    8|          0|
    |localA_173_0_fu_13156                                                   |    8|   0|    8|          0|
    |localA_174_0_fu_13160                                                   |    8|   0|    8|          0|
    |localA_175_0_fu_13164                                                   |    8|   0|    8|          0|
    |localA_176_0_fu_13168                                                   |    8|   0|    8|          0|
    |localA_177_0_fu_13172                                                   |    8|   0|    8|          0|
    |localA_178_0_fu_13176                                                   |    8|   0|    8|          0|
    |localA_179_0_fu_13180                                                   |    8|   0|    8|          0|
    |localA_17_0_fu_12532                                                    |    8|   0|    8|          0|
    |localA_180_0_fu_13184                                                   |    8|   0|    8|          0|
    |localA_181_0_fu_13188                                                   |    8|   0|    8|          0|
    |localA_182_0_fu_13192                                                   |    8|   0|    8|          0|
    |localA_183_0_fu_13196                                                   |    8|   0|    8|          0|
    |localA_184_0_fu_13200                                                   |    8|   0|    8|          0|
    |localA_185_0_fu_13204                                                   |    8|   0|    8|          0|
    |localA_186_0_fu_13208                                                   |    8|   0|    8|          0|
    |localA_187_0_fu_13212                                                   |    8|   0|    8|          0|
    |localA_188_0_fu_13216                                                   |    8|   0|    8|          0|
    |localA_189_0_fu_13220                                                   |    8|   0|    8|          0|
    |localA_18_0_fu_12536                                                    |    8|   0|    8|          0|
    |localA_190_0_fu_13224                                                   |    8|   0|    8|          0|
    |localA_191_0_fu_13228                                                   |    8|   0|    8|          0|
    |localA_192_0_fu_13232                                                   |    8|   0|    8|          0|
    |localA_193_0_fu_13236                                                   |    8|   0|    8|          0|
    |localA_194_0_fu_13240                                                   |    8|   0|    8|          0|
    |localA_195_0_fu_13244                                                   |    8|   0|    8|          0|
    |localA_196_0_fu_13248                                                   |    8|   0|    8|          0|
    |localA_197_0_fu_13252                                                   |    8|   0|    8|          0|
    |localA_198_0_fu_13256                                                   |    8|   0|    8|          0|
    |localA_199_0_fu_13260                                                   |    8|   0|    8|          0|
    |localA_19_0_fu_12540                                                    |    8|   0|    8|          0|
    |localA_1_0_fu_12468                                                     |    8|   0|    8|          0|
    |localA_200_0_fu_13264                                                   |    8|   0|    8|          0|
    |localA_201_0_fu_13268                                                   |    8|   0|    8|          0|
    |localA_202_0_fu_13272                                                   |    8|   0|    8|          0|
    |localA_203_0_fu_13276                                                   |    8|   0|    8|          0|
    |localA_204_0_fu_13280                                                   |    8|   0|    8|          0|
    |localA_205_0_fu_13284                                                   |    8|   0|    8|          0|
    |localA_206_0_fu_13288                                                   |    8|   0|    8|          0|
    |localA_207_0_fu_13292                                                   |    8|   0|    8|          0|
    |localA_208_0_fu_13296                                                   |    8|   0|    8|          0|
    |localA_209_0_fu_13300                                                   |    8|   0|    8|          0|
    |localA_20_0_fu_12544                                                    |    8|   0|    8|          0|
    |localA_210_0_fu_13304                                                   |    8|   0|    8|          0|
    |localA_211_0_fu_13308                                                   |    8|   0|    8|          0|
    |localA_212_0_fu_13312                                                   |    8|   0|    8|          0|
    |localA_213_0_fu_13316                                                   |    8|   0|    8|          0|
    |localA_214_0_fu_13320                                                   |    8|   0|    8|          0|
    |localA_215_0_fu_13324                                                   |    8|   0|    8|          0|
    |localA_216_0_fu_13328                                                   |    8|   0|    8|          0|
    |localA_217_0_fu_13332                                                   |    8|   0|    8|          0|
    |localA_218_0_fu_13336                                                   |    8|   0|    8|          0|
    |localA_219_0_fu_13340                                                   |    8|   0|    8|          0|
    |localA_21_0_fu_12548                                                    |    8|   0|    8|          0|
    |localA_220_0_fu_13344                                                   |    8|   0|    8|          0|
    |localA_221_0_fu_13348                                                   |    8|   0|    8|          0|
    |localA_222_0_fu_13352                                                   |    8|   0|    8|          0|
    |localA_223_0_fu_13356                                                   |    8|   0|    8|          0|
    |localA_224_0_fu_13360                                                   |    8|   0|    8|          0|
    |localA_225_0_fu_13364                                                   |    8|   0|    8|          0|
    |localA_226_0_fu_13368                                                   |    8|   0|    8|          0|
    |localA_227_0_fu_13372                                                   |    8|   0|    8|          0|
    |localA_228_0_fu_13376                                                   |    8|   0|    8|          0|
    |localA_229_0_fu_13380                                                   |    8|   0|    8|          0|
    |localA_22_0_fu_12552                                                    |    8|   0|    8|          0|
    |localA_230_0_fu_13384                                                   |    8|   0|    8|          0|
    |localA_231_0_fu_13388                                                   |    8|   0|    8|          0|
    |localA_232_0_fu_13392                                                   |    8|   0|    8|          0|
    |localA_233_0_fu_13396                                                   |    8|   0|    8|          0|
    |localA_234_0_fu_13400                                                   |    8|   0|    8|          0|
    |localA_235_0_fu_13404                                                   |    8|   0|    8|          0|
    |localA_236_0_fu_13408                                                   |    8|   0|    8|          0|
    |localA_237_0_fu_13412                                                   |    8|   0|    8|          0|
    |localA_238_0_fu_13416                                                   |    8|   0|    8|          0|
    |localA_239_0_fu_13420                                                   |    8|   0|    8|          0|
    |localA_23_0_fu_12556                                                    |    8|   0|    8|          0|
    |localA_240_0_fu_13424                                                   |    8|   0|    8|          0|
    |localA_241_0_fu_13428                                                   |    8|   0|    8|          0|
    |localA_242_0_fu_13432                                                   |    8|   0|    8|          0|
    |localA_243_0_fu_13436                                                   |    8|   0|    8|          0|
    |localA_244_0_fu_13440                                                   |    8|   0|    8|          0|
    |localA_245_0_fu_13444                                                   |    8|   0|    8|          0|
    |localA_246_0_fu_13448                                                   |    8|   0|    8|          0|
    |localA_247_0_fu_13452                                                   |    8|   0|    8|          0|
    |localA_248_0_fu_13456                                                   |    8|   0|    8|          0|
    |localA_249_0_fu_13460                                                   |    8|   0|    8|          0|
    |localA_24_0_fu_12560                                                    |    8|   0|    8|          0|
    |localA_250_0_fu_13464                                                   |    8|   0|    8|          0|
    |localA_251_0_fu_13468                                                   |    8|   0|    8|          0|
    |localA_252_0_fu_13472                                                   |    8|   0|    8|          0|
    |localA_253_0_fu_13476                                                   |    8|   0|    8|          0|
    |localA_254_0_fu_13480                                                   |    8|   0|    8|          0|
    |localA_255_0_fu_13484                                                   |    8|   0|    8|          0|
    |localA_256_0_fu_13488                                                   |    8|   0|    8|          0|
    |localA_257_0_fu_13492                                                   |    8|   0|    8|          0|
    |localA_258_0_fu_13496                                                   |    8|   0|    8|          0|
    |localA_259_0_fu_13500                                                   |    8|   0|    8|          0|
    |localA_25_0_fu_12564                                                    |    8|   0|    8|          0|
    |localA_260_0_fu_13504                                                   |    8|   0|    8|          0|
    |localA_261_0_fu_13508                                                   |    8|   0|    8|          0|
    |localA_262_0_fu_13512                                                   |    8|   0|    8|          0|
    |localA_263_0_fu_13516                                                   |    8|   0|    8|          0|
    |localA_264_0_fu_13520                                                   |    8|   0|    8|          0|
    |localA_265_0_fu_13524                                                   |    8|   0|    8|          0|
    |localA_266_0_fu_13528                                                   |    8|   0|    8|          0|
    |localA_267_0_fu_13532                                                   |    8|   0|    8|          0|
    |localA_268_0_fu_13536                                                   |    8|   0|    8|          0|
    |localA_269_0_fu_13540                                                   |    8|   0|    8|          0|
    |localA_26_0_fu_12568                                                    |    8|   0|    8|          0|
    |localA_270_0_fu_13544                                                   |    8|   0|    8|          0|
    |localA_271_0_fu_13548                                                   |    8|   0|    8|          0|
    |localA_272_0_fu_13552                                                   |    8|   0|    8|          0|
    |localA_273_0_fu_13556                                                   |    8|   0|    8|          0|
    |localA_274_0_fu_13560                                                   |    8|   0|    8|          0|
    |localA_275_0_fu_13564                                                   |    8|   0|    8|          0|
    |localA_276_0_fu_13568                                                   |    8|   0|    8|          0|
    |localA_277_0_fu_13572                                                   |    8|   0|    8|          0|
    |localA_278_0_fu_13576                                                   |    8|   0|    8|          0|
    |localA_279_0_fu_13580                                                   |    8|   0|    8|          0|
    |localA_27_0_fu_12572                                                    |    8|   0|    8|          0|
    |localA_280_0_fu_13584                                                   |    8|   0|    8|          0|
    |localA_281_0_fu_13588                                                   |    8|   0|    8|          0|
    |localA_282_0_fu_13592                                                   |    8|   0|    8|          0|
    |localA_283_0_fu_13596                                                   |    8|   0|    8|          0|
    |localA_284_0_fu_13600                                                   |    8|   0|    8|          0|
    |localA_285_0_fu_13604                                                   |    8|   0|    8|          0|
    |localA_286_0_fu_13608                                                   |    8|   0|    8|          0|
    |localA_287_0_fu_13612                                                   |    8|   0|    8|          0|
    |localA_288_0_fu_13616                                                   |    8|   0|    8|          0|
    |localA_289_0_fu_13620                                                   |    8|   0|    8|          0|
    |localA_28_0_fu_12576                                                    |    8|   0|    8|          0|
    |localA_290_0_fu_13624                                                   |    8|   0|    8|          0|
    |localA_291_0_fu_13628                                                   |    8|   0|    8|          0|
    |localA_292_0_fu_13632                                                   |    8|   0|    8|          0|
    |localA_293_0_fu_13636                                                   |    8|   0|    8|          0|
    |localA_294_0_fu_13640                                                   |    8|   0|    8|          0|
    |localA_295_0_fu_13644                                                   |    8|   0|    8|          0|
    |localA_296_0_fu_13648                                                   |    8|   0|    8|          0|
    |localA_297_0_fu_13652                                                   |    8|   0|    8|          0|
    |localA_298_0_fu_13656                                                   |    8|   0|    8|          0|
    |localA_299_0_fu_13660                                                   |    8|   0|    8|          0|
    |localA_29_0_fu_12580                                                    |    8|   0|    8|          0|
    |localA_2_0_fu_12472                                                     |    8|   0|    8|          0|
    |localA_300_0_fu_13664                                                   |    8|   0|    8|          0|
    |localA_301_0_fu_13668                                                   |    8|   0|    8|          0|
    |localA_302_0_fu_13672                                                   |    8|   0|    8|          0|
    |localA_303_0_fu_13676                                                   |    8|   0|    8|          0|
    |localA_304_0_fu_13680                                                   |    8|   0|    8|          0|
    |localA_305_0_fu_13684                                                   |    8|   0|    8|          0|
    |localA_306_0_fu_13688                                                   |    8|   0|    8|          0|
    |localA_307_0_fu_13692                                                   |    8|   0|    8|          0|
    |localA_308_0_fu_13696                                                   |    8|   0|    8|          0|
    |localA_309_0_fu_13700                                                   |    8|   0|    8|          0|
    |localA_30_0_fu_12584                                                    |    8|   0|    8|          0|
    |localA_310_0_fu_13704                                                   |    8|   0|    8|          0|
    |localA_311_0_fu_13708                                                   |    8|   0|    8|          0|
    |localA_312_0_fu_13712                                                   |    8|   0|    8|          0|
    |localA_313_0_fu_13716                                                   |    8|   0|    8|          0|
    |localA_314_0_fu_13720                                                   |    8|   0|    8|          0|
    |localA_315_0_fu_13724                                                   |    8|   0|    8|          0|
    |localA_316_0_fu_13728                                                   |    8|   0|    8|          0|
    |localA_317_0_fu_13732                                                   |    8|   0|    8|          0|
    |localA_318_0_fu_13736                                                   |    8|   0|    8|          0|
    |localA_319_0_fu_13740                                                   |    8|   0|    8|          0|
    |localA_31_0_fu_12588                                                    |    8|   0|    8|          0|
    |localA_320_0_fu_13744                                                   |    8|   0|    8|          0|
    |localA_321_0_fu_13748                                                   |    8|   0|    8|          0|
    |localA_322_0_fu_13752                                                   |    8|   0|    8|          0|
    |localA_323_0_fu_13756                                                   |    8|   0|    8|          0|
    |localA_324_0_fu_13760                                                   |    8|   0|    8|          0|
    |localA_325_0_fu_13764                                                   |    8|   0|    8|          0|
    |localA_326_0_fu_13768                                                   |    8|   0|    8|          0|
    |localA_327_0_fu_13772                                                   |    8|   0|    8|          0|
    |localA_328_0_fu_13776                                                   |    8|   0|    8|          0|
    |localA_329_0_fu_13780                                                   |    8|   0|    8|          0|
    |localA_32_0_fu_12592                                                    |    8|   0|    8|          0|
    |localA_330_0_fu_13784                                                   |    8|   0|    8|          0|
    |localA_331_0_fu_13788                                                   |    8|   0|    8|          0|
    |localA_332_0_fu_13792                                                   |    8|   0|    8|          0|
    |localA_333_0_fu_13796                                                   |    8|   0|    8|          0|
    |localA_334_0_fu_13800                                                   |    8|   0|    8|          0|
    |localA_335_0_fu_13804                                                   |    8|   0|    8|          0|
    |localA_336_0_fu_13808                                                   |    8|   0|    8|          0|
    |localA_337_0_fu_13812                                                   |    8|   0|    8|          0|
    |localA_338_0_fu_13816                                                   |    8|   0|    8|          0|
    |localA_339_0_fu_13820                                                   |    8|   0|    8|          0|
    |localA_33_0_fu_12596                                                    |    8|   0|    8|          0|
    |localA_340_0_fu_13824                                                   |    8|   0|    8|          0|
    |localA_341_0_fu_13828                                                   |    8|   0|    8|          0|
    |localA_342_0_fu_13832                                                   |    8|   0|    8|          0|
    |localA_343_0_fu_13836                                                   |    8|   0|    8|          0|
    |localA_344_0_fu_13840                                                   |    8|   0|    8|          0|
    |localA_345_0_fu_13844                                                   |    8|   0|    8|          0|
    |localA_346_0_fu_13848                                                   |    8|   0|    8|          0|
    |localA_347_0_fu_13852                                                   |    8|   0|    8|          0|
    |localA_348_0_fu_13856                                                   |    8|   0|    8|          0|
    |localA_349_0_fu_13860                                                   |    8|   0|    8|          0|
    |localA_34_0_fu_12600                                                    |    8|   0|    8|          0|
    |localA_350_0_fu_13864                                                   |    8|   0|    8|          0|
    |localA_351_0_fu_13868                                                   |    8|   0|    8|          0|
    |localA_352_0_fu_13872                                                   |    8|   0|    8|          0|
    |localA_353_0_fu_13876                                                   |    8|   0|    8|          0|
    |localA_354_0_fu_13880                                                   |    8|   0|    8|          0|
    |localA_355_0_fu_13884                                                   |    8|   0|    8|          0|
    |localA_356_0_fu_13888                                                   |    8|   0|    8|          0|
    |localA_357_0_fu_13892                                                   |    8|   0|    8|          0|
    |localA_358_0_fu_13896                                                   |    8|   0|    8|          0|
    |localA_359_0_fu_13900                                                   |    8|   0|    8|          0|
    |localA_35_0_fu_12604                                                    |    8|   0|    8|          0|
    |localA_360_0_fu_13904                                                   |    8|   0|    8|          0|
    |localA_361_0_fu_13908                                                   |    8|   0|    8|          0|
    |localA_362_0_fu_13912                                                   |    8|   0|    8|          0|
    |localA_363_0_fu_13916                                                   |    8|   0|    8|          0|
    |localA_364_0_fu_13920                                                   |    8|   0|    8|          0|
    |localA_365_0_fu_13924                                                   |    8|   0|    8|          0|
    |localA_366_0_fu_13928                                                   |    8|   0|    8|          0|
    |localA_367_0_fu_13932                                                   |    8|   0|    8|          0|
    |localA_368_0_fu_13936                                                   |    8|   0|    8|          0|
    |localA_369_0_fu_13940                                                   |    8|   0|    8|          0|
    |localA_36_0_fu_12608                                                    |    8|   0|    8|          0|
    |localA_370_0_fu_13944                                                   |    8|   0|    8|          0|
    |localA_371_0_fu_13948                                                   |    8|   0|    8|          0|
    |localA_372_0_fu_13952                                                   |    8|   0|    8|          0|
    |localA_373_0_fu_13956                                                   |    8|   0|    8|          0|
    |localA_374_0_fu_13960                                                   |    8|   0|    8|          0|
    |localA_375_0_fu_13964                                                   |    8|   0|    8|          0|
    |localA_376_0_fu_13968                                                   |    8|   0|    8|          0|
    |localA_377_0_fu_13972                                                   |    8|   0|    8|          0|
    |localA_378_0_fu_13976                                                   |    8|   0|    8|          0|
    |localA_379_0_fu_13980                                                   |    8|   0|    8|          0|
    |localA_37_0_fu_12612                                                    |    8|   0|    8|          0|
    |localA_380_0_fu_13984                                                   |    8|   0|    8|          0|
    |localA_381_0_fu_13988                                                   |    8|   0|    8|          0|
    |localA_382_0_fu_13992                                                   |    8|   0|    8|          0|
    |localA_383_0_fu_13996                                                   |    8|   0|    8|          0|
    |localA_384_0_fu_14000                                                   |    8|   0|    8|          0|
    |localA_385_0_fu_14004                                                   |    8|   0|    8|          0|
    |localA_386_0_fu_14008                                                   |    8|   0|    8|          0|
    |localA_387_0_fu_14012                                                   |    8|   0|    8|          0|
    |localA_388_0_fu_14016                                                   |    8|   0|    8|          0|
    |localA_389_0_fu_14020                                                   |    8|   0|    8|          0|
    |localA_38_0_fu_12616                                                    |    8|   0|    8|          0|
    |localA_390_0_fu_14024                                                   |    8|   0|    8|          0|
    |localA_391_0_fu_14028                                                   |    8|   0|    8|          0|
    |localA_392_0_fu_14032                                                   |    8|   0|    8|          0|
    |localA_393_0_fu_14036                                                   |    8|   0|    8|          0|
    |localA_394_0_fu_14040                                                   |    8|   0|    8|          0|
    |localA_395_0_fu_14044                                                   |    8|   0|    8|          0|
    |localA_396_0_fu_14048                                                   |    8|   0|    8|          0|
    |localA_397_0_fu_14052                                                   |    8|   0|    8|          0|
    |localA_398_0_fu_14056                                                   |    8|   0|    8|          0|
    |localA_399_0_fu_14060                                                   |    8|   0|    8|          0|
    |localA_39_0_fu_12620                                                    |    8|   0|    8|          0|
    |localA_3_0_fu_12476                                                     |    8|   0|    8|          0|
    |localA_400_0_fu_14064                                                   |    8|   0|    8|          0|
    |localA_401_0_fu_14068                                                   |    8|   0|    8|          0|
    |localA_402_0_fu_14072                                                   |    8|   0|    8|          0|
    |localA_403_0_fu_14076                                                   |    8|   0|    8|          0|
    |localA_404_0_fu_14080                                                   |    8|   0|    8|          0|
    |localA_405_0_fu_14084                                                   |    8|   0|    8|          0|
    |localA_406_0_fu_14088                                                   |    8|   0|    8|          0|
    |localA_407_0_fu_14092                                                   |    8|   0|    8|          0|
    |localA_408_0_fu_14096                                                   |    8|   0|    8|          0|
    |localA_409_0_fu_14100                                                   |    8|   0|    8|          0|
    |localA_40_0_fu_12624                                                    |    8|   0|    8|          0|
    |localA_410_0_fu_14104                                                   |    8|   0|    8|          0|
    |localA_411_0_fu_14108                                                   |    8|   0|    8|          0|
    |localA_412_0_fu_14112                                                   |    8|   0|    8|          0|
    |localA_413_0_fu_14116                                                   |    8|   0|    8|          0|
    |localA_414_0_fu_14120                                                   |    8|   0|    8|          0|
    |localA_415_0_fu_14124                                                   |    8|   0|    8|          0|
    |localA_416_0_fu_14128                                                   |    8|   0|    8|          0|
    |localA_417_0_fu_14132                                                   |    8|   0|    8|          0|
    |localA_418_0_fu_14136                                                   |    8|   0|    8|          0|
    |localA_419_0_fu_14140                                                   |    8|   0|    8|          0|
    |localA_41_0_fu_12628                                                    |    8|   0|    8|          0|
    |localA_420_0_fu_14144                                                   |    8|   0|    8|          0|
    |localA_421_0_fu_14148                                                   |    8|   0|    8|          0|
    |localA_422_0_fu_14152                                                   |    8|   0|    8|          0|
    |localA_423_0_fu_14156                                                   |    8|   0|    8|          0|
    |localA_424_0_fu_14160                                                   |    8|   0|    8|          0|
    |localA_425_0_fu_14164                                                   |    8|   0|    8|          0|
    |localA_426_0_fu_14168                                                   |    8|   0|    8|          0|
    |localA_427_0_fu_14172                                                   |    8|   0|    8|          0|
    |localA_428_0_fu_14176                                                   |    8|   0|    8|          0|
    |localA_429_0_fu_14180                                                   |    8|   0|    8|          0|
    |localA_42_0_fu_12632                                                    |    8|   0|    8|          0|
    |localA_430_0_fu_14184                                                   |    8|   0|    8|          0|
    |localA_431_0_fu_14188                                                   |    8|   0|    8|          0|
    |localA_432_0_fu_14192                                                   |    8|   0|    8|          0|
    |localA_433_0_fu_14196                                                   |    8|   0|    8|          0|
    |localA_434_0_fu_14200                                                   |    8|   0|    8|          0|
    |localA_435_0_fu_14204                                                   |    8|   0|    8|          0|
    |localA_436_0_fu_14208                                                   |    8|   0|    8|          0|
    |localA_437_0_fu_14212                                                   |    8|   0|    8|          0|
    |localA_438_0_fu_14216                                                   |    8|   0|    8|          0|
    |localA_439_0_fu_14220                                                   |    8|   0|    8|          0|
    |localA_43_0_fu_12636                                                    |    8|   0|    8|          0|
    |localA_440_0_fu_14224                                                   |    8|   0|    8|          0|
    |localA_441_0_fu_14228                                                   |    8|   0|    8|          0|
    |localA_442_0_fu_14232                                                   |    8|   0|    8|          0|
    |localA_443_0_fu_14236                                                   |    8|   0|    8|          0|
    |localA_444_0_fu_14240                                                   |    8|   0|    8|          0|
    |localA_445_0_fu_14244                                                   |    8|   0|    8|          0|
    |localA_446_0_fu_14248                                                   |    8|   0|    8|          0|
    |localA_447_0_fu_14252                                                   |    8|   0|    8|          0|
    |localA_448_0_fu_14256                                                   |    8|   0|    8|          0|
    |localA_449_0_fu_14260                                                   |    8|   0|    8|          0|
    |localA_44_0_fu_12640                                                    |    8|   0|    8|          0|
    |localA_450_0_fu_14264                                                   |    8|   0|    8|          0|
    |localA_451_0_fu_14268                                                   |    8|   0|    8|          0|
    |localA_452_0_fu_14272                                                   |    8|   0|    8|          0|
    |localA_453_0_fu_14276                                                   |    8|   0|    8|          0|
    |localA_454_0_fu_14280                                                   |    8|   0|    8|          0|
    |localA_455_0_fu_14284                                                   |    8|   0|    8|          0|
    |localA_456_0_fu_14288                                                   |    8|   0|    8|          0|
    |localA_457_0_fu_14292                                                   |    8|   0|    8|          0|
    |localA_458_0_fu_14296                                                   |    8|   0|    8|          0|
    |localA_459_0_fu_14300                                                   |    8|   0|    8|          0|
    |localA_45_0_fu_12644                                                    |    8|   0|    8|          0|
    |localA_460_0_fu_14304                                                   |    8|   0|    8|          0|
    |localA_461_0_fu_14308                                                   |    8|   0|    8|          0|
    |localA_462_0_fu_14312                                                   |    8|   0|    8|          0|
    |localA_463_0_fu_14316                                                   |    8|   0|    8|          0|
    |localA_464_0_fu_14320                                                   |    8|   0|    8|          0|
    |localA_465_0_fu_14324                                                   |    8|   0|    8|          0|
    |localA_466_0_fu_14328                                                   |    8|   0|    8|          0|
    |localA_467_0_fu_14332                                                   |    8|   0|    8|          0|
    |localA_468_0_fu_14336                                                   |    8|   0|    8|          0|
    |localA_469_0_fu_14340                                                   |    8|   0|    8|          0|
    |localA_46_0_fu_12648                                                    |    8|   0|    8|          0|
    |localA_470_0_fu_14344                                                   |    8|   0|    8|          0|
    |localA_471_0_fu_14348                                                   |    8|   0|    8|          0|
    |localA_472_0_fu_14352                                                   |    8|   0|    8|          0|
    |localA_473_0_fu_14356                                                   |    8|   0|    8|          0|
    |localA_474_0_fu_14360                                                   |    8|   0|    8|          0|
    |localA_475_0_fu_14364                                                   |    8|   0|    8|          0|
    |localA_476_0_fu_14368                                                   |    8|   0|    8|          0|
    |localA_477_0_fu_14372                                                   |    8|   0|    8|          0|
    |localA_478_0_fu_14376                                                   |    8|   0|    8|          0|
    |localA_479_0_fu_14380                                                   |    8|   0|    8|          0|
    |localA_47_0_fu_12652                                                    |    8|   0|    8|          0|
    |localA_480_0_fu_14384                                                   |    8|   0|    8|          0|
    |localA_481_0_fu_14388                                                   |    8|   0|    8|          0|
    |localA_482_0_fu_14392                                                   |    8|   0|    8|          0|
    |localA_483_0_fu_14396                                                   |    8|   0|    8|          0|
    |localA_484_0_fu_14400                                                   |    8|   0|    8|          0|
    |localA_485_0_fu_14404                                                   |    8|   0|    8|          0|
    |localA_486_0_fu_14408                                                   |    8|   0|    8|          0|
    |localA_487_0_fu_14412                                                   |    8|   0|    8|          0|
    |localA_488_0_fu_14416                                                   |    8|   0|    8|          0|
    |localA_489_0_fu_14420                                                   |    8|   0|    8|          0|
    |localA_48_0_fu_12656                                                    |    8|   0|    8|          0|
    |localA_490_0_fu_14424                                                   |    8|   0|    8|          0|
    |localA_491_0_fu_14428                                                   |    8|   0|    8|          0|
    |localA_492_0_fu_14432                                                   |    8|   0|    8|          0|
    |localA_493_0_fu_14436                                                   |    8|   0|    8|          0|
    |localA_494_0_fu_14440                                                   |    8|   0|    8|          0|
    |localA_495_0_fu_14444                                                   |    8|   0|    8|          0|
    |localA_496_0_fu_14448                                                   |    8|   0|    8|          0|
    |localA_497_0_fu_14452                                                   |    8|   0|    8|          0|
    |localA_498_0_fu_14456                                                   |    8|   0|    8|          0|
    |localA_499_0_fu_14460                                                   |    8|   0|    8|          0|
    |localA_49_0_fu_12660                                                    |    8|   0|    8|          0|
    |localA_4_0_fu_12480                                                     |    8|   0|    8|          0|
    |localA_500_0_fu_14464                                                   |    8|   0|    8|          0|
    |localA_501_0_fu_14468                                                   |    8|   0|    8|          0|
    |localA_502_0_fu_14472                                                   |    8|   0|    8|          0|
    |localA_503_0_fu_14476                                                   |    8|   0|    8|          0|
    |localA_504_0_fu_14480                                                   |    8|   0|    8|          0|
    |localA_505_0_fu_14484                                                   |    8|   0|    8|          0|
    |localA_506_0_fu_14488                                                   |    8|   0|    8|          0|
    |localA_507_0_fu_14492                                                   |    8|   0|    8|          0|
    |localA_508_0_fu_14496                                                   |    8|   0|    8|          0|
    |localA_509_0_fu_14500                                                   |    8|   0|    8|          0|
    |localA_50_0_fu_12664                                                    |    8|   0|    8|          0|
    |localA_510_0_fu_14504                                                   |    8|   0|    8|          0|
    |localA_511_0_fu_14508                                                   |    8|   0|    8|          0|
    |localA_512_0_fu_14512                                                   |    8|   0|    8|          0|
    |localA_513_0_fu_14516                                                   |    8|   0|    8|          0|
    |localA_514_0_fu_14520                                                   |    8|   0|    8|          0|
    |localA_515_0_fu_14524                                                   |    8|   0|    8|          0|
    |localA_516_0_fu_14528                                                   |    8|   0|    8|          0|
    |localA_517_0_fu_14532                                                   |    8|   0|    8|          0|
    |localA_518_0_fu_14536                                                   |    8|   0|    8|          0|
    |localA_519_0_fu_14540                                                   |    8|   0|    8|          0|
    |localA_51_0_fu_12668                                                    |    8|   0|    8|          0|
    |localA_520_0_fu_14544                                                   |    8|   0|    8|          0|
    |localA_521_0_fu_14548                                                   |    8|   0|    8|          0|
    |localA_522_0_fu_14552                                                   |    8|   0|    8|          0|
    |localA_523_0_fu_14556                                                   |    8|   0|    8|          0|
    |localA_524_0_fu_14560                                                   |    8|   0|    8|          0|
    |localA_525_0_fu_14564                                                   |    8|   0|    8|          0|
    |localA_526_0_fu_14568                                                   |    8|   0|    8|          0|
    |localA_527_0_fu_14572                                                   |    8|   0|    8|          0|
    |localA_528_0_fu_14576                                                   |    8|   0|    8|          0|
    |localA_529_0_fu_14580                                                   |    8|   0|    8|          0|
    |localA_52_0_fu_12672                                                    |    8|   0|    8|          0|
    |localA_530_0_fu_14584                                                   |    8|   0|    8|          0|
    |localA_531_0_fu_14588                                                   |    8|   0|    8|          0|
    |localA_532_0_fu_14592                                                   |    8|   0|    8|          0|
    |localA_533_0_fu_14596                                                   |    8|   0|    8|          0|
    |localA_534_0_fu_14600                                                   |    8|   0|    8|          0|
    |localA_535_0_fu_14604                                                   |    8|   0|    8|          0|
    |localA_536_0_fu_14608                                                   |    8|   0|    8|          0|
    |localA_537_0_fu_14612                                                   |    8|   0|    8|          0|
    |localA_538_0_fu_14616                                                   |    8|   0|    8|          0|
    |localA_539_0_fu_14620                                                   |    8|   0|    8|          0|
    |localA_53_0_fu_12676                                                    |    8|   0|    8|          0|
    |localA_540_0_fu_14624                                                   |    8|   0|    8|          0|
    |localA_541_0_fu_14628                                                   |    8|   0|    8|          0|
    |localA_542_0_fu_14632                                                   |    8|   0|    8|          0|
    |localA_543_0_fu_14636                                                   |    8|   0|    8|          0|
    |localA_544_0_fu_14640                                                   |    8|   0|    8|          0|
    |localA_545_0_fu_14644                                                   |    8|   0|    8|          0|
    |localA_546_0_fu_14648                                                   |    8|   0|    8|          0|
    |localA_547_0_fu_14652                                                   |    8|   0|    8|          0|
    |localA_548_0_fu_14656                                                   |    8|   0|    8|          0|
    |localA_549_0_fu_14660                                                   |    8|   0|    8|          0|
    |localA_54_0_fu_12680                                                    |    8|   0|    8|          0|
    |localA_550_0_fu_14664                                                   |    8|   0|    8|          0|
    |localA_551_0_fu_14668                                                   |    8|   0|    8|          0|
    |localA_552_0_fu_14672                                                   |    8|   0|    8|          0|
    |localA_553_0_fu_14676                                                   |    8|   0|    8|          0|
    |localA_554_0_fu_14680                                                   |    8|   0|    8|          0|
    |localA_555_0_fu_14684                                                   |    8|   0|    8|          0|
    |localA_556_0_fu_14688                                                   |    8|   0|    8|          0|
    |localA_557_0_fu_14692                                                   |    8|   0|    8|          0|
    |localA_558_0_fu_14696                                                   |    8|   0|    8|          0|
    |localA_559_0_fu_14700                                                   |    8|   0|    8|          0|
    |localA_55_0_fu_12684                                                    |    8|   0|    8|          0|
    |localA_560_0_fu_14704                                                   |    8|   0|    8|          0|
    |localA_561_0_fu_14708                                                   |    8|   0|    8|          0|
    |localA_562_0_fu_14712                                                   |    8|   0|    8|          0|
    |localA_563_0_fu_14716                                                   |    8|   0|    8|          0|
    |localA_564_0_fu_14720                                                   |    8|   0|    8|          0|
    |localA_565_0_fu_14724                                                   |    8|   0|    8|          0|
    |localA_566_0_fu_14728                                                   |    8|   0|    8|          0|
    |localA_567_0_fu_14732                                                   |    8|   0|    8|          0|
    |localA_568_0_fu_14736                                                   |    8|   0|    8|          0|
    |localA_569_0_fu_14740                                                   |    8|   0|    8|          0|
    |localA_56_0_fu_12688                                                    |    8|   0|    8|          0|
    |localA_570_0_fu_14744                                                   |    8|   0|    8|          0|
    |localA_571_0_fu_14748                                                   |    8|   0|    8|          0|
    |localA_572_0_fu_14752                                                   |    8|   0|    8|          0|
    |localA_573_0_fu_14756                                                   |    8|   0|    8|          0|
    |localA_574_0_fu_14760                                                   |    8|   0|    8|          0|
    |localA_575_0_fu_14764                                                   |    8|   0|    8|          0|
    |localA_576_0_fu_14768                                                   |    8|   0|    8|          0|
    |localA_577_0_fu_14772                                                   |    8|   0|    8|          0|
    |localA_578_0_fu_14776                                                   |    8|   0|    8|          0|
    |localA_579_0_fu_14780                                                   |    8|   0|    8|          0|
    |localA_57_0_fu_12692                                                    |    8|   0|    8|          0|
    |localA_580_0_fu_14784                                                   |    8|   0|    8|          0|
    |localA_581_0_fu_14788                                                   |    8|   0|    8|          0|
    |localA_582_0_fu_14792                                                   |    8|   0|    8|          0|
    |localA_583_0_fu_14796                                                   |    8|   0|    8|          0|
    |localA_584_0_fu_14800                                                   |    8|   0|    8|          0|
    |localA_585_0_fu_14804                                                   |    8|   0|    8|          0|
    |localA_586_0_fu_14808                                                   |    8|   0|    8|          0|
    |localA_587_0_fu_14812                                                   |    8|   0|    8|          0|
    |localA_588_0_fu_14816                                                   |    8|   0|    8|          0|
    |localA_589_0_fu_14820                                                   |    8|   0|    8|          0|
    |localA_58_0_fu_12696                                                    |    8|   0|    8|          0|
    |localA_590_0_fu_14824                                                   |    8|   0|    8|          0|
    |localA_591_0_fu_14828                                                   |    8|   0|    8|          0|
    |localA_592_0_fu_14832                                                   |    8|   0|    8|          0|
    |localA_593_0_fu_14836                                                   |    8|   0|    8|          0|
    |localA_594_0_fu_14840                                                   |    8|   0|    8|          0|
    |localA_595_0_fu_14844                                                   |    8|   0|    8|          0|
    |localA_596_0_fu_14848                                                   |    8|   0|    8|          0|
    |localA_597_0_fu_14852                                                   |    8|   0|    8|          0|
    |localA_598_0_fu_14856                                                   |    8|   0|    8|          0|
    |localA_599_0_fu_14860                                                   |    8|   0|    8|          0|
    |localA_59_0_fu_12700                                                    |    8|   0|    8|          0|
    |localA_5_0_fu_12484                                                     |    8|   0|    8|          0|
    |localA_600_0_fu_14864                                                   |    8|   0|    8|          0|
    |localA_601_0_fu_14868                                                   |    8|   0|    8|          0|
    |localA_602_0_fu_14872                                                   |    8|   0|    8|          0|
    |localA_603_0_fu_14876                                                   |    8|   0|    8|          0|
    |localA_604_0_fu_14880                                                   |    8|   0|    8|          0|
    |localA_605_0_fu_14884                                                   |    8|   0|    8|          0|
    |localA_606_0_fu_14888                                                   |    8|   0|    8|          0|
    |localA_607_0_fu_14892                                                   |    8|   0|    8|          0|
    |localA_608_0_fu_14896                                                   |    8|   0|    8|          0|
    |localA_609_0_fu_14900                                                   |    8|   0|    8|          0|
    |localA_60_0_fu_12704                                                    |    8|   0|    8|          0|
    |localA_610_0_fu_14904                                                   |    8|   0|    8|          0|
    |localA_611_0_fu_14908                                                   |    8|   0|    8|          0|
    |localA_612_0_fu_14912                                                   |    8|   0|    8|          0|
    |localA_613_0_fu_14916                                                   |    8|   0|    8|          0|
    |localA_614_0_fu_14920                                                   |    8|   0|    8|          0|
    |localA_615_0_fu_14924                                                   |    8|   0|    8|          0|
    |localA_616_0_fu_14928                                                   |    8|   0|    8|          0|
    |localA_617_0_fu_14932                                                   |    8|   0|    8|          0|
    |localA_618_0_fu_14936                                                   |    8|   0|    8|          0|
    |localA_619_0_fu_14940                                                   |    8|   0|    8|          0|
    |localA_61_0_fu_12708                                                    |    8|   0|    8|          0|
    |localA_620_0_fu_14944                                                   |    8|   0|    8|          0|
    |localA_621_0_fu_14948                                                   |    8|   0|    8|          0|
    |localA_622_0_fu_14952                                                   |    8|   0|    8|          0|
    |localA_623_0_fu_14956                                                   |    8|   0|    8|          0|
    |localA_624_0_fu_14960                                                   |    8|   0|    8|          0|
    |localA_625_0_fu_14964                                                   |    8|   0|    8|          0|
    |localA_626_0_fu_14968                                                   |    8|   0|    8|          0|
    |localA_627_0_fu_14972                                                   |    8|   0|    8|          0|
    |localA_628_0_fu_14976                                                   |    8|   0|    8|          0|
    |localA_629_0_fu_14980                                                   |    8|   0|    8|          0|
    |localA_62_0_fu_12712                                                    |    8|   0|    8|          0|
    |localA_630_0_fu_14984                                                   |    8|   0|    8|          0|
    |localA_631_0_fu_14988                                                   |    8|   0|    8|          0|
    |localA_632_0_fu_14992                                                   |    8|   0|    8|          0|
    |localA_633_0_fu_14996                                                   |    8|   0|    8|          0|
    |localA_634_0_fu_15000                                                   |    8|   0|    8|          0|
    |localA_635_0_fu_15004                                                   |    8|   0|    8|          0|
    |localA_636_0_fu_15008                                                   |    8|   0|    8|          0|
    |localA_637_0_fu_15012                                                   |    8|   0|    8|          0|
    |localA_638_0_fu_15016                                                   |    8|   0|    8|          0|
    |localA_639_0_fu_15020                                                   |    8|   0|    8|          0|
    |localA_63_0_fu_12716                                                    |    8|   0|    8|          0|
    |localA_640_0_fu_15024                                                   |    8|   0|    8|          0|
    |localA_641_0_fu_15028                                                   |    8|   0|    8|          0|
    |localA_642_0_fu_15032                                                   |    8|   0|    8|          0|
    |localA_643_0_fu_15036                                                   |    8|   0|    8|          0|
    |localA_644_0_fu_15040                                                   |    8|   0|    8|          0|
    |localA_645_0_fu_15044                                                   |    8|   0|    8|          0|
    |localA_646_0_fu_15048                                                   |    8|   0|    8|          0|
    |localA_647_0_fu_15052                                                   |    8|   0|    8|          0|
    |localA_648_0_fu_15056                                                   |    8|   0|    8|          0|
    |localA_649_0_fu_15060                                                   |    8|   0|    8|          0|
    |localA_64_0_fu_12720                                                    |    8|   0|    8|          0|
    |localA_650_0_fu_15064                                                   |    8|   0|    8|          0|
    |localA_651_0_fu_15068                                                   |    8|   0|    8|          0|
    |localA_652_0_fu_15072                                                   |    8|   0|    8|          0|
    |localA_653_0_fu_15076                                                   |    8|   0|    8|          0|
    |localA_654_0_fu_15080                                                   |    8|   0|    8|          0|
    |localA_655_0_fu_15084                                                   |    8|   0|    8|          0|
    |localA_656_0_fu_15088                                                   |    8|   0|    8|          0|
    |localA_657_0_fu_15092                                                   |    8|   0|    8|          0|
    |localA_658_0_fu_15096                                                   |    8|   0|    8|          0|
    |localA_659_0_fu_15100                                                   |    8|   0|    8|          0|
    |localA_65_0_fu_12724                                                    |    8|   0|    8|          0|
    |localA_660_0_fu_15104                                                   |    8|   0|    8|          0|
    |localA_661_0_fu_15108                                                   |    8|   0|    8|          0|
    |localA_662_0_fu_15112                                                   |    8|   0|    8|          0|
    |localA_663_0_fu_15116                                                   |    8|   0|    8|          0|
    |localA_664_0_fu_15120                                                   |    8|   0|    8|          0|
    |localA_665_0_fu_15124                                                   |    8|   0|    8|          0|
    |localA_666_0_fu_15128                                                   |    8|   0|    8|          0|
    |localA_667_0_fu_15132                                                   |    8|   0|    8|          0|
    |localA_668_0_fu_15136                                                   |    8|   0|    8|          0|
    |localA_669_0_fu_15140                                                   |    8|   0|    8|          0|
    |localA_66_0_fu_12728                                                    |    8|   0|    8|          0|
    |localA_670_0_fu_15144                                                   |    8|   0|    8|          0|
    |localA_671_0_fu_15148                                                   |    8|   0|    8|          0|
    |localA_672_0_fu_15152                                                   |    8|   0|    8|          0|
    |localA_673_0_fu_15156                                                   |    8|   0|    8|          0|
    |localA_674_0_fu_15160                                                   |    8|   0|    8|          0|
    |localA_675_0_fu_15164                                                   |    8|   0|    8|          0|
    |localA_676_0_fu_15168                                                   |    8|   0|    8|          0|
    |localA_677_0_fu_15172                                                   |    8|   0|    8|          0|
    |localA_678_0_fu_15176                                                   |    8|   0|    8|          0|
    |localA_679_0_fu_15180                                                   |    8|   0|    8|          0|
    |localA_67_0_fu_12732                                                    |    8|   0|    8|          0|
    |localA_680_0_fu_15184                                                   |    8|   0|    8|          0|
    |localA_681_0_fu_15188                                                   |    8|   0|    8|          0|
    |localA_682_0_fu_15192                                                   |    8|   0|    8|          0|
    |localA_683_0_fu_15196                                                   |    8|   0|    8|          0|
    |localA_684_0_fu_15200                                                   |    8|   0|    8|          0|
    |localA_685_0_fu_15204                                                   |    8|   0|    8|          0|
    |localA_686_0_fu_15208                                                   |    8|   0|    8|          0|
    |localA_687_0_fu_15212                                                   |    8|   0|    8|          0|
    |localA_688_0_fu_15216                                                   |    8|   0|    8|          0|
    |localA_689_0_fu_15220                                                   |    8|   0|    8|          0|
    |localA_68_0_fu_12736                                                    |    8|   0|    8|          0|
    |localA_690_0_fu_15224                                                   |    8|   0|    8|          0|
    |localA_691_0_fu_15228                                                   |    8|   0|    8|          0|
    |localA_692_0_fu_15232                                                   |    8|   0|    8|          0|
    |localA_693_0_fu_15236                                                   |    8|   0|    8|          0|
    |localA_694_0_fu_15240                                                   |    8|   0|    8|          0|
    |localA_695_0_fu_15244                                                   |    8|   0|    8|          0|
    |localA_696_0_fu_15248                                                   |    8|   0|    8|          0|
    |localA_697_0_fu_15252                                                   |    8|   0|    8|          0|
    |localA_698_0_fu_15256                                                   |    8|   0|    8|          0|
    |localA_699_0_fu_15260                                                   |    8|   0|    8|          0|
    |localA_69_0_fu_12740                                                    |    8|   0|    8|          0|
    |localA_6_0_fu_12488                                                     |    8|   0|    8|          0|
    |localA_700_0_fu_15264                                                   |    8|   0|    8|          0|
    |localA_701_0_fu_15268                                                   |    8|   0|    8|          0|
    |localA_702_0_fu_15272                                                   |    8|   0|    8|          0|
    |localA_703_0_fu_15276                                                   |    8|   0|    8|          0|
    |localA_704_0_fu_15280                                                   |    8|   0|    8|          0|
    |localA_705_0_fu_15284                                                   |    8|   0|    8|          0|
    |localA_706_0_fu_15288                                                   |    8|   0|    8|          0|
    |localA_707_0_fu_15292                                                   |    8|   0|    8|          0|
    |localA_708_0_fu_15296                                                   |    8|   0|    8|          0|
    |localA_709_0_fu_15300                                                   |    8|   0|    8|          0|
    |localA_70_0_fu_12744                                                    |    8|   0|    8|          0|
    |localA_710_0_fu_15304                                                   |    8|   0|    8|          0|
    |localA_711_0_fu_15308                                                   |    8|   0|    8|          0|
    |localA_712_0_fu_15312                                                   |    8|   0|    8|          0|
    |localA_713_0_fu_15316                                                   |    8|   0|    8|          0|
    |localA_714_0_fu_15320                                                   |    8|   0|    8|          0|
    |localA_715_0_fu_15324                                                   |    8|   0|    8|          0|
    |localA_716_0_fu_15328                                                   |    8|   0|    8|          0|
    |localA_717_0_fu_15332                                                   |    8|   0|    8|          0|
    |localA_718_0_fu_15336                                                   |    8|   0|    8|          0|
    |localA_719_0_fu_15340                                                   |    8|   0|    8|          0|
    |localA_71_0_fu_12748                                                    |    8|   0|    8|          0|
    |localA_720_0_fu_15344                                                   |    8|   0|    8|          0|
    |localA_721_0_fu_15348                                                   |    8|   0|    8|          0|
    |localA_722_0_fu_15352                                                   |    8|   0|    8|          0|
    |localA_723_0_fu_15356                                                   |    8|   0|    8|          0|
    |localA_724_0_fu_15360                                                   |    8|   0|    8|          0|
    |localA_725_0_fu_15364                                                   |    8|   0|    8|          0|
    |localA_726_0_fu_15368                                                   |    8|   0|    8|          0|
    |localA_727_0_fu_15372                                                   |    8|   0|    8|          0|
    |localA_728_0_fu_15376                                                   |    8|   0|    8|          0|
    |localA_729_0_fu_15380                                                   |    8|   0|    8|          0|
    |localA_72_0_fu_12752                                                    |    8|   0|    8|          0|
    |localA_730_0_fu_15384                                                   |    8|   0|    8|          0|
    |localA_731_0_fu_15388                                                   |    8|   0|    8|          0|
    |localA_732_0_fu_15392                                                   |    8|   0|    8|          0|
    |localA_733_0_fu_15396                                                   |    8|   0|    8|          0|
    |localA_734_0_fu_15400                                                   |    8|   0|    8|          0|
    |localA_735_0_fu_15404                                                   |    8|   0|    8|          0|
    |localA_736_0_fu_15408                                                   |    8|   0|    8|          0|
    |localA_737_0_fu_15412                                                   |    8|   0|    8|          0|
    |localA_738_0_fu_15416                                                   |    8|   0|    8|          0|
    |localA_739_0_fu_15420                                                   |    8|   0|    8|          0|
    |localA_73_0_fu_12756                                                    |    8|   0|    8|          0|
    |localA_740_0_fu_15424                                                   |    8|   0|    8|          0|
    |localA_741_0_fu_15428                                                   |    8|   0|    8|          0|
    |localA_742_0_fu_15432                                                   |    8|   0|    8|          0|
    |localA_743_0_fu_15436                                                   |    8|   0|    8|          0|
    |localA_744_0_fu_15440                                                   |    8|   0|    8|          0|
    |localA_745_0_fu_15444                                                   |    8|   0|    8|          0|
    |localA_746_0_fu_15448                                                   |    8|   0|    8|          0|
    |localA_747_0_fu_15452                                                   |    8|   0|    8|          0|
    |localA_748_0_fu_15456                                                   |    8|   0|    8|          0|
    |localA_749_0_fu_15460                                                   |    8|   0|    8|          0|
    |localA_74_0_fu_12760                                                    |    8|   0|    8|          0|
    |localA_750_0_fu_15464                                                   |    8|   0|    8|          0|
    |localA_751_0_fu_15468                                                   |    8|   0|    8|          0|
    |localA_752_0_fu_15472                                                   |    8|   0|    8|          0|
    |localA_753_0_fu_15476                                                   |    8|   0|    8|          0|
    |localA_754_0_fu_15480                                                   |    8|   0|    8|          0|
    |localA_755_0_fu_15484                                                   |    8|   0|    8|          0|
    |localA_756_0_fu_15488                                                   |    8|   0|    8|          0|
    |localA_757_0_fu_15492                                                   |    8|   0|    8|          0|
    |localA_758_0_fu_15496                                                   |    8|   0|    8|          0|
    |localA_759_0_fu_15500                                                   |    8|   0|    8|          0|
    |localA_75_0_fu_12764                                                    |    8|   0|    8|          0|
    |localA_760_0_fu_15504                                                   |    8|   0|    8|          0|
    |localA_761_0_fu_15508                                                   |    8|   0|    8|          0|
    |localA_762_0_fu_15512                                                   |    8|   0|    8|          0|
    |localA_763_0_fu_15516                                                   |    8|   0|    8|          0|
    |localA_764_0_fu_15520                                                   |    8|   0|    8|          0|
    |localA_765_0_fu_15524                                                   |    8|   0|    8|          0|
    |localA_766_0_fu_15528                                                   |    8|   0|    8|          0|
    |localA_767_0_fu_15532                                                   |    8|   0|    8|          0|
    |localA_768_0_fu_15536                                                   |    8|   0|    8|          0|
    |localA_769_0_fu_15540                                                   |    8|   0|    8|          0|
    |localA_76_0_fu_12768                                                    |    8|   0|    8|          0|
    |localA_770_0_fu_15544                                                   |    8|   0|    8|          0|
    |localA_771_0_fu_15548                                                   |    8|   0|    8|          0|
    |localA_772_0_fu_15552                                                   |    8|   0|    8|          0|
    |localA_773_0_fu_15556                                                   |    8|   0|    8|          0|
    |localA_774_0_fu_15560                                                   |    8|   0|    8|          0|
    |localA_775_0_fu_15564                                                   |    8|   0|    8|          0|
    |localA_776_0_fu_15568                                                   |    8|   0|    8|          0|
    |localA_777_0_fu_15572                                                   |    8|   0|    8|          0|
    |localA_778_0_fu_15576                                                   |    8|   0|    8|          0|
    |localA_779_0_fu_15580                                                   |    8|   0|    8|          0|
    |localA_77_0_fu_12772                                                    |    8|   0|    8|          0|
    |localA_780_0_fu_15584                                                   |    8|   0|    8|          0|
    |localA_781_0_fu_15588                                                   |    8|   0|    8|          0|
    |localA_782_0_fu_15592                                                   |    8|   0|    8|          0|
    |localA_783_0_fu_15596                                                   |    8|   0|    8|          0|
    |localA_784_0_fu_15600                                                   |    8|   0|    8|          0|
    |localA_785_0_fu_15604                                                   |    8|   0|    8|          0|
    |localA_786_0_fu_15608                                                   |    8|   0|    8|          0|
    |localA_787_0_fu_15612                                                   |    8|   0|    8|          0|
    |localA_788_0_fu_15616                                                   |    8|   0|    8|          0|
    |localA_789_0_fu_15620                                                   |    8|   0|    8|          0|
    |localA_78_0_fu_12776                                                    |    8|   0|    8|          0|
    |localA_790_0_fu_15624                                                   |    8|   0|    8|          0|
    |localA_791_0_fu_15628                                                   |    8|   0|    8|          0|
    |localA_792_0_fu_15632                                                   |    8|   0|    8|          0|
    |localA_793_0_fu_15636                                                   |    8|   0|    8|          0|
    |localA_794_0_fu_15640                                                   |    8|   0|    8|          0|
    |localA_795_0_fu_15644                                                   |    8|   0|    8|          0|
    |localA_796_0_fu_15648                                                   |    8|   0|    8|          0|
    |localA_797_0_fu_15652                                                   |    8|   0|    8|          0|
    |localA_798_0_fu_15656                                                   |    8|   0|    8|          0|
    |localA_799_0_fu_15660                                                   |    8|   0|    8|          0|
    |localA_79_0_fu_12780                                                    |    8|   0|    8|          0|
    |localA_7_0_fu_12492                                                     |    8|   0|    8|          0|
    |localA_800_0_fu_15664                                                   |    8|   0|    8|          0|
    |localA_801_0_fu_15668                                                   |    8|   0|    8|          0|
    |localA_802_0_fu_15672                                                   |    8|   0|    8|          0|
    |localA_803_0_fu_15676                                                   |    8|   0|    8|          0|
    |localA_804_0_fu_15680                                                   |    8|   0|    8|          0|
    |localA_805_0_fu_15684                                                   |    8|   0|    8|          0|
    |localA_806_0_fu_15688                                                   |    8|   0|    8|          0|
    |localA_807_0_fu_15692                                                   |    8|   0|    8|          0|
    |localA_808_0_fu_15696                                                   |    8|   0|    8|          0|
    |localA_809_0_fu_15700                                                   |    8|   0|    8|          0|
    |localA_80_0_fu_12784                                                    |    8|   0|    8|          0|
    |localA_810_0_fu_15704                                                   |    8|   0|    8|          0|
    |localA_811_0_fu_15708                                                   |    8|   0|    8|          0|
    |localA_812_0_fu_15712                                                   |    8|   0|    8|          0|
    |localA_813_0_fu_15716                                                   |    8|   0|    8|          0|
    |localA_814_0_fu_15720                                                   |    8|   0|    8|          0|
    |localA_815_0_fu_15724                                                   |    8|   0|    8|          0|
    |localA_816_0_fu_15728                                                   |    8|   0|    8|          0|
    |localA_817_0_fu_15732                                                   |    8|   0|    8|          0|
    |localA_818_0_fu_15736                                                   |    8|   0|    8|          0|
    |localA_819_0_fu_15740                                                   |    8|   0|    8|          0|
    |localA_81_0_fu_12788                                                    |    8|   0|    8|          0|
    |localA_820_0_fu_15744                                                   |    8|   0|    8|          0|
    |localA_821_0_fu_15748                                                   |    8|   0|    8|          0|
    |localA_822_0_fu_15752                                                   |    8|   0|    8|          0|
    |localA_823_0_fu_15756                                                   |    8|   0|    8|          0|
    |localA_824_0_fu_15760                                                   |    8|   0|    8|          0|
    |localA_825_0_fu_15764                                                   |    8|   0|    8|          0|
    |localA_826_0_fu_15768                                                   |    8|   0|    8|          0|
    |localA_827_0_fu_15772                                                   |    8|   0|    8|          0|
    |localA_828_0_fu_15776                                                   |    8|   0|    8|          0|
    |localA_829_0_fu_15780                                                   |    8|   0|    8|          0|
    |localA_82_0_fu_12792                                                    |    8|   0|    8|          0|
    |localA_830_0_fu_15784                                                   |    8|   0|    8|          0|
    |localA_831_0_fu_15788                                                   |    8|   0|    8|          0|
    |localA_832_0_fu_15792                                                   |    8|   0|    8|          0|
    |localA_833_0_fu_15796                                                   |    8|   0|    8|          0|
    |localA_834_0_fu_15800                                                   |    8|   0|    8|          0|
    |localA_835_0_fu_15804                                                   |    8|   0|    8|          0|
    |localA_836_0_fu_15808                                                   |    8|   0|    8|          0|
    |localA_837_0_fu_15812                                                   |    8|   0|    8|          0|
    |localA_838_0_fu_15816                                                   |    8|   0|    8|          0|
    |localA_839_0_fu_15820                                                   |    8|   0|    8|          0|
    |localA_83_0_fu_12796                                                    |    8|   0|    8|          0|
    |localA_840_0_fu_15824                                                   |    8|   0|    8|          0|
    |localA_841_0_fu_15828                                                   |    8|   0|    8|          0|
    |localA_842_0_fu_15832                                                   |    8|   0|    8|          0|
    |localA_843_0_fu_15836                                                   |    8|   0|    8|          0|
    |localA_844_0_fu_15840                                                   |    8|   0|    8|          0|
    |localA_845_0_fu_15844                                                   |    8|   0|    8|          0|
    |localA_846_0_fu_15848                                                   |    8|   0|    8|          0|
    |localA_847_0_fu_15852                                                   |    8|   0|    8|          0|
    |localA_848_0_fu_15856                                                   |    8|   0|    8|          0|
    |localA_849_0_fu_15860                                                   |    8|   0|    8|          0|
    |localA_84_0_fu_12800                                                    |    8|   0|    8|          0|
    |localA_850_0_fu_15864                                                   |    8|   0|    8|          0|
    |localA_851_0_fu_15868                                                   |    8|   0|    8|          0|
    |localA_852_0_fu_15872                                                   |    8|   0|    8|          0|
    |localA_853_0_fu_15876                                                   |    8|   0|    8|          0|
    |localA_854_0_fu_15880                                                   |    8|   0|    8|          0|
    |localA_855_0_fu_15884                                                   |    8|   0|    8|          0|
    |localA_856_0_fu_15888                                                   |    8|   0|    8|          0|
    |localA_857_0_fu_15892                                                   |    8|   0|    8|          0|
    |localA_858_0_fu_15896                                                   |    8|   0|    8|          0|
    |localA_859_0_fu_15900                                                   |    8|   0|    8|          0|
    |localA_85_0_fu_12804                                                    |    8|   0|    8|          0|
    |localA_860_0_fu_15904                                                   |    8|   0|    8|          0|
    |localA_861_0_fu_15908                                                   |    8|   0|    8|          0|
    |localA_862_0_fu_15912                                                   |    8|   0|    8|          0|
    |localA_863_0_fu_15916                                                   |    8|   0|    8|          0|
    |localA_864_0_fu_15920                                                   |    8|   0|    8|          0|
    |localA_865_0_fu_15924                                                   |    8|   0|    8|          0|
    |localA_866_0_fu_15928                                                   |    8|   0|    8|          0|
    |localA_867_0_fu_15932                                                   |    8|   0|    8|          0|
    |localA_868_0_fu_15936                                                   |    8|   0|    8|          0|
    |localA_869_0_fu_15940                                                   |    8|   0|    8|          0|
    |localA_86_0_fu_12808                                                    |    8|   0|    8|          0|
    |localA_870_0_fu_15944                                                   |    8|   0|    8|          0|
    |localA_871_0_fu_15948                                                   |    8|   0|    8|          0|
    |localA_872_0_fu_15952                                                   |    8|   0|    8|          0|
    |localA_873_0_fu_15956                                                   |    8|   0|    8|          0|
    |localA_874_0_fu_15960                                                   |    8|   0|    8|          0|
    |localA_875_0_fu_15964                                                   |    8|   0|    8|          0|
    |localA_876_0_fu_15968                                                   |    8|   0|    8|          0|
    |localA_877_0_fu_15972                                                   |    8|   0|    8|          0|
    |localA_878_0_fu_15976                                                   |    8|   0|    8|          0|
    |localA_879_0_fu_15980                                                   |    8|   0|    8|          0|
    |localA_87_0_fu_12812                                                    |    8|   0|    8|          0|
    |localA_880_0_fu_15984                                                   |    8|   0|    8|          0|
    |localA_881_0_fu_15988                                                   |    8|   0|    8|          0|
    |localA_882_0_fu_15992                                                   |    8|   0|    8|          0|
    |localA_883_0_fu_15996                                                   |    8|   0|    8|          0|
    |localA_884_0_fu_16000                                                   |    8|   0|    8|          0|
    |localA_885_0_fu_16004                                                   |    8|   0|    8|          0|
    |localA_886_0_fu_16008                                                   |    8|   0|    8|          0|
    |localA_887_0_fu_16012                                                   |    8|   0|    8|          0|
    |localA_888_0_fu_16016                                                   |    8|   0|    8|          0|
    |localA_889_0_fu_16020                                                   |    8|   0|    8|          0|
    |localA_88_0_fu_12816                                                    |    8|   0|    8|          0|
    |localA_890_0_fu_16024                                                   |    8|   0|    8|          0|
    |localA_891_0_fu_16028                                                   |    8|   0|    8|          0|
    |localA_892_0_fu_16032                                                   |    8|   0|    8|          0|
    |localA_893_0_fu_16036                                                   |    8|   0|    8|          0|
    |localA_894_0_fu_16040                                                   |    8|   0|    8|          0|
    |localA_895_0_fu_16044                                                   |    8|   0|    8|          0|
    |localA_896_0_fu_16048                                                   |    8|   0|    8|          0|
    |localA_897_0_fu_16052                                                   |    8|   0|    8|          0|
    |localA_898_0_fu_16056                                                   |    8|   0|    8|          0|
    |localA_899_0_fu_16060                                                   |    8|   0|    8|          0|
    |localA_89_0_fu_12820                                                    |    8|   0|    8|          0|
    |localA_8_0_fu_12496                                                     |    8|   0|    8|          0|
    |localA_900_0_fu_16064                                                   |    8|   0|    8|          0|
    |localA_901_0_fu_16068                                                   |    8|   0|    8|          0|
    |localA_902_0_fu_16072                                                   |    8|   0|    8|          0|
    |localA_903_0_fu_16076                                                   |    8|   0|    8|          0|
    |localA_904_0_fu_16080                                                   |    8|   0|    8|          0|
    |localA_905_0_fu_16084                                                   |    8|   0|    8|          0|
    |localA_906_0_fu_16088                                                   |    8|   0|    8|          0|
    |localA_907_0_fu_16092                                                   |    8|   0|    8|          0|
    |localA_908_0_fu_16096                                                   |    8|   0|    8|          0|
    |localA_909_0_fu_16100                                                   |    8|   0|    8|          0|
    |localA_90_0_fu_12824                                                    |    8|   0|    8|          0|
    |localA_910_0_fu_16104                                                   |    8|   0|    8|          0|
    |localA_911_0_fu_16108                                                   |    8|   0|    8|          0|
    |localA_912_0_fu_16112                                                   |    8|   0|    8|          0|
    |localA_913_0_fu_16116                                                   |    8|   0|    8|          0|
    |localA_914_0_fu_16120                                                   |    8|   0|    8|          0|
    |localA_915_0_fu_16124                                                   |    8|   0|    8|          0|
    |localA_916_0_fu_16128                                                   |    8|   0|    8|          0|
    |localA_917_0_fu_16132                                                   |    8|   0|    8|          0|
    |localA_918_0_fu_16136                                                   |    8|   0|    8|          0|
    |localA_919_0_fu_16140                                                   |    8|   0|    8|          0|
    |localA_91_0_fu_12828                                                    |    8|   0|    8|          0|
    |localA_920_0_fu_16144                                                   |    8|   0|    8|          0|
    |localA_921_0_fu_16148                                                   |    8|   0|    8|          0|
    |localA_922_0_fu_16152                                                   |    8|   0|    8|          0|
    |localA_923_0_fu_16156                                                   |    8|   0|    8|          0|
    |localA_924_0_fu_16160                                                   |    8|   0|    8|          0|
    |localA_925_0_fu_16164                                                   |    8|   0|    8|          0|
    |localA_926_0_fu_16168                                                   |    8|   0|    8|          0|
    |localA_927_0_fu_16172                                                   |    8|   0|    8|          0|
    |localA_928_0_fu_16176                                                   |    8|   0|    8|          0|
    |localA_929_0_fu_16180                                                   |    8|   0|    8|          0|
    |localA_92_0_fu_12832                                                    |    8|   0|    8|          0|
    |localA_930_0_fu_16184                                                   |    8|   0|    8|          0|
    |localA_931_0_fu_16188                                                   |    8|   0|    8|          0|
    |localA_932_0_fu_16192                                                   |    8|   0|    8|          0|
    |localA_933_0_fu_16196                                                   |    8|   0|    8|          0|
    |localA_934_0_fu_16200                                                   |    8|   0|    8|          0|
    |localA_935_0_fu_16204                                                   |    8|   0|    8|          0|
    |localA_936_0_fu_16208                                                   |    8|   0|    8|          0|
    |localA_937_0_fu_16212                                                   |    8|   0|    8|          0|
    |localA_938_0_fu_16216                                                   |    8|   0|    8|          0|
    |localA_939_0_fu_16220                                                   |    8|   0|    8|          0|
    |localA_93_0_fu_12836                                                    |    8|   0|    8|          0|
    |localA_940_0_fu_16224                                                   |    8|   0|    8|          0|
    |localA_941_0_fu_16228                                                   |    8|   0|    8|          0|
    |localA_942_0_fu_16232                                                   |    8|   0|    8|          0|
    |localA_943_0_fu_16236                                                   |    8|   0|    8|          0|
    |localA_944_0_fu_16240                                                   |    8|   0|    8|          0|
    |localA_945_0_fu_16244                                                   |    8|   0|    8|          0|
    |localA_946_0_fu_16248                                                   |    8|   0|    8|          0|
    |localA_947_0_fu_16252                                                   |    8|   0|    8|          0|
    |localA_948_0_fu_16256                                                   |    8|   0|    8|          0|
    |localA_949_0_fu_16260                                                   |    8|   0|    8|          0|
    |localA_94_0_fu_12840                                                    |    8|   0|    8|          0|
    |localA_950_0_fu_16264                                                   |    8|   0|    8|          0|
    |localA_951_0_fu_16268                                                   |    8|   0|    8|          0|
    |localA_952_0_fu_16272                                                   |    8|   0|    8|          0|
    |localA_953_0_fu_16276                                                   |    8|   0|    8|          0|
    |localA_954_0_fu_16280                                                   |    8|   0|    8|          0|
    |localA_955_0_fu_16284                                                   |    8|   0|    8|          0|
    |localA_956_0_fu_16288                                                   |    8|   0|    8|          0|
    |localA_957_0_fu_16292                                                   |    8|   0|    8|          0|
    |localA_958_0_fu_16296                                                   |    8|   0|    8|          0|
    |localA_959_0_fu_16300                                                   |    8|   0|    8|          0|
    |localA_95_0_fu_12844                                                    |    8|   0|    8|          0|
    |localA_960_0_fu_16304                                                   |    8|   0|    8|          0|
    |localA_961_0_fu_16308                                                   |    8|   0|    8|          0|
    |localA_962_0_fu_16312                                                   |    8|   0|    8|          0|
    |localA_963_0_fu_16316                                                   |    8|   0|    8|          0|
    |localA_964_0_fu_16320                                                   |    8|   0|    8|          0|
    |localA_965_0_fu_16324                                                   |    8|   0|    8|          0|
    |localA_966_0_fu_16328                                                   |    8|   0|    8|          0|
    |localA_967_0_fu_16332                                                   |    8|   0|    8|          0|
    |localA_968_0_fu_16336                                                   |    8|   0|    8|          0|
    |localA_969_0_fu_16340                                                   |    8|   0|    8|          0|
    |localA_96_0_fu_12848                                                    |    8|   0|    8|          0|
    |localA_970_0_fu_16344                                                   |    8|   0|    8|          0|
    |localA_971_0_fu_16348                                                   |    8|   0|    8|          0|
    |localA_972_0_fu_16352                                                   |    8|   0|    8|          0|
    |localA_973_0_fu_16356                                                   |    8|   0|    8|          0|
    |localA_974_0_fu_16360                                                   |    8|   0|    8|          0|
    |localA_975_0_fu_16364                                                   |    8|   0|    8|          0|
    |localA_976_0_fu_16368                                                   |    8|   0|    8|          0|
    |localA_977_0_fu_16372                                                   |    8|   0|    8|          0|
    |localA_978_0_fu_16376                                                   |    8|   0|    8|          0|
    |localA_979_0_fu_16380                                                   |    8|   0|    8|          0|
    |localA_97_0_fu_12852                                                    |    8|   0|    8|          0|
    |localA_980_0_fu_16384                                                   |    8|   0|    8|          0|
    |localA_981_0_fu_16388                                                   |    8|   0|    8|          0|
    |localA_982_0_fu_16392                                                   |    8|   0|    8|          0|
    |localA_983_0_fu_16396                                                   |    8|   0|    8|          0|
    |localA_984_0_fu_16400                                                   |    8|   0|    8|          0|
    |localA_985_0_fu_16404                                                   |    8|   0|    8|          0|
    |localA_986_0_fu_16408                                                   |    8|   0|    8|          0|
    |localA_987_0_fu_16412                                                   |    8|   0|    8|          0|
    |localA_988_0_fu_16416                                                   |    8|   0|    8|          0|
    |localA_989_0_fu_16420                                                   |    8|   0|    8|          0|
    |localA_98_0_fu_12856                                                    |    8|   0|    8|          0|
    |localA_990_0_fu_16424                                                   |    8|   0|    8|          0|
    |localA_991_0_fu_16428                                                   |    8|   0|    8|          0|
    |localA_992_0_fu_16432                                                   |    8|   0|    8|          0|
    |localA_993_0_fu_16436                                                   |    8|   0|    8|          0|
    |localA_994_0_fu_16440                                                   |    8|   0|    8|          0|
    |localA_995_0_fu_16444                                                   |    8|   0|    8|          0|
    |localA_996_0_fu_16448                                                   |    8|   0|    8|          0|
    |localA_997_0_fu_16452                                                   |    8|   0|    8|          0|
    |localA_998_0_fu_16456                                                   |    8|   0|    8|          0|
    |localA_999_0_fu_16460                                                   |    8|   0|    8|          0|
    |localA_99_0_fu_12860                                                    |    8|   0|    8|          0|
    |localA_9_0_fu_12500                                                     |    8|   0|    8|          0|
    |localB_0_fu_16560                                                       |    8|   0|    8|          0|
    |localB_1000_0_fu_20560                                                  |    8|   0|    8|          0|
    |localB_1001_0_fu_20564                                                  |    8|   0|    8|          0|
    |localB_1002_0_fu_20568                                                  |    8|   0|    8|          0|
    |localB_1003_0_fu_20572                                                  |    8|   0|    8|          0|
    |localB_1004_0_fu_20576                                                  |    8|   0|    8|          0|
    |localB_1005_0_fu_20580                                                  |    8|   0|    8|          0|
    |localB_1006_0_fu_20584                                                  |    8|   0|    8|          0|
    |localB_1007_0_fu_20588                                                  |    8|   0|    8|          0|
    |localB_1008_0_fu_20592                                                  |    8|   0|    8|          0|
    |localB_1009_0_fu_20596                                                  |    8|   0|    8|          0|
    |localB_100_0_fu_16960                                                   |    8|   0|    8|          0|
    |localB_1010_0_fu_20600                                                  |    8|   0|    8|          0|
    |localB_1011_0_fu_20604                                                  |    8|   0|    8|          0|
    |localB_1012_0_fu_20608                                                  |    8|   0|    8|          0|
    |localB_1013_0_fu_20612                                                  |    8|   0|    8|          0|
    |localB_1014_0_fu_20616                                                  |    8|   0|    8|          0|
    |localB_1015_0_fu_20620                                                  |    8|   0|    8|          0|
    |localB_1016_0_fu_20624                                                  |    8|   0|    8|          0|
    |localB_1017_0_fu_20628                                                  |    8|   0|    8|          0|
    |localB_1018_0_fu_20632                                                  |    8|   0|    8|          0|
    |localB_1019_0_fu_20636                                                  |    8|   0|    8|          0|
    |localB_101_0_fu_16964                                                   |    8|   0|    8|          0|
    |localB_1020_0_fu_20640                                                  |    8|   0|    8|          0|
    |localB_1021_0_fu_20644                                                  |    8|   0|    8|          0|
    |localB_1022_0_fu_20648                                                  |    8|   0|    8|          0|
    |localB_1023_0_fu_20652                                                  |    8|   0|    8|          0|
    |localB_102_0_fu_16968                                                   |    8|   0|    8|          0|
    |localB_103_0_fu_16972                                                   |    8|   0|    8|          0|
    |localB_104_0_fu_16976                                                   |    8|   0|    8|          0|
    |localB_105_0_fu_16980                                                   |    8|   0|    8|          0|
    |localB_106_0_fu_16984                                                   |    8|   0|    8|          0|
    |localB_107_0_fu_16988                                                   |    8|   0|    8|          0|
    |localB_108_0_fu_16992                                                   |    8|   0|    8|          0|
    |localB_109_0_fu_16996                                                   |    8|   0|    8|          0|
    |localB_10_0_fu_16600                                                    |    8|   0|    8|          0|
    |localB_110_0_fu_17000                                                   |    8|   0|    8|          0|
    |localB_111_0_fu_17004                                                   |    8|   0|    8|          0|
    |localB_112_0_fu_17008                                                   |    8|   0|    8|          0|
    |localB_113_0_fu_17012                                                   |    8|   0|    8|          0|
    |localB_114_0_fu_17016                                                   |    8|   0|    8|          0|
    |localB_115_0_fu_17020                                                   |    8|   0|    8|          0|
    |localB_116_0_fu_17024                                                   |    8|   0|    8|          0|
    |localB_117_0_fu_17028                                                   |    8|   0|    8|          0|
    |localB_118_0_fu_17032                                                   |    8|   0|    8|          0|
    |localB_119_0_fu_17036                                                   |    8|   0|    8|          0|
    |localB_11_0_fu_16604                                                    |    8|   0|    8|          0|
    |localB_120_0_fu_17040                                                   |    8|   0|    8|          0|
    |localB_121_0_fu_17044                                                   |    8|   0|    8|          0|
    |localB_122_0_fu_17048                                                   |    8|   0|    8|          0|
    |localB_123_0_fu_17052                                                   |    8|   0|    8|          0|
    |localB_124_0_fu_17056                                                   |    8|   0|    8|          0|
    |localB_125_0_fu_17060                                                   |    8|   0|    8|          0|
    |localB_126_0_fu_17064                                                   |    8|   0|    8|          0|
    |localB_127_0_fu_17068                                                   |    8|   0|    8|          0|
    |localB_128_0_fu_17072                                                   |    8|   0|    8|          0|
    |localB_129_0_fu_17076                                                   |    8|   0|    8|          0|
    |localB_12_0_fu_16608                                                    |    8|   0|    8|          0|
    |localB_130_0_fu_17080                                                   |    8|   0|    8|          0|
    |localB_131_0_fu_17084                                                   |    8|   0|    8|          0|
    |localB_132_0_fu_17088                                                   |    8|   0|    8|          0|
    |localB_133_0_fu_17092                                                   |    8|   0|    8|          0|
    |localB_134_0_fu_17096                                                   |    8|   0|    8|          0|
    |localB_135_0_fu_17100                                                   |    8|   0|    8|          0|
    |localB_136_0_fu_17104                                                   |    8|   0|    8|          0|
    |localB_137_0_fu_17108                                                   |    8|   0|    8|          0|
    |localB_138_0_fu_17112                                                   |    8|   0|    8|          0|
    |localB_139_0_fu_17116                                                   |    8|   0|    8|          0|
    |localB_13_0_fu_16612                                                    |    8|   0|    8|          0|
    |localB_140_0_fu_17120                                                   |    8|   0|    8|          0|
    |localB_141_0_fu_17124                                                   |    8|   0|    8|          0|
    |localB_142_0_fu_17128                                                   |    8|   0|    8|          0|
    |localB_143_0_fu_17132                                                   |    8|   0|    8|          0|
    |localB_144_0_fu_17136                                                   |    8|   0|    8|          0|
    |localB_145_0_fu_17140                                                   |    8|   0|    8|          0|
    |localB_146_0_fu_17144                                                   |    8|   0|    8|          0|
    |localB_147_0_fu_17148                                                   |    8|   0|    8|          0|
    |localB_148_0_fu_17152                                                   |    8|   0|    8|          0|
    |localB_149_0_fu_17156                                                   |    8|   0|    8|          0|
    |localB_14_0_fu_16616                                                    |    8|   0|    8|          0|
    |localB_150_0_fu_17160                                                   |    8|   0|    8|          0|
    |localB_151_0_fu_17164                                                   |    8|   0|    8|          0|
    |localB_152_0_fu_17168                                                   |    8|   0|    8|          0|
    |localB_153_0_fu_17172                                                   |    8|   0|    8|          0|
    |localB_154_0_fu_17176                                                   |    8|   0|    8|          0|
    |localB_155_0_fu_17180                                                   |    8|   0|    8|          0|
    |localB_156_0_fu_17184                                                   |    8|   0|    8|          0|
    |localB_157_0_fu_17188                                                   |    8|   0|    8|          0|
    |localB_158_0_fu_17192                                                   |    8|   0|    8|          0|
    |localB_159_0_fu_17196                                                   |    8|   0|    8|          0|
    |localB_15_0_fu_16620                                                    |    8|   0|    8|          0|
    |localB_160_0_fu_17200                                                   |    8|   0|    8|          0|
    |localB_161_0_fu_17204                                                   |    8|   0|    8|          0|
    |localB_162_0_fu_17208                                                   |    8|   0|    8|          0|
    |localB_163_0_fu_17212                                                   |    8|   0|    8|          0|
    |localB_164_0_fu_17216                                                   |    8|   0|    8|          0|
    |localB_165_0_fu_17220                                                   |    8|   0|    8|          0|
    |localB_166_0_fu_17224                                                   |    8|   0|    8|          0|
    |localB_167_0_fu_17228                                                   |    8|   0|    8|          0|
    |localB_168_0_fu_17232                                                   |    8|   0|    8|          0|
    |localB_169_0_fu_17236                                                   |    8|   0|    8|          0|
    |localB_16_0_fu_16624                                                    |    8|   0|    8|          0|
    |localB_170_0_fu_17240                                                   |    8|   0|    8|          0|
    |localB_171_0_fu_17244                                                   |    8|   0|    8|          0|
    |localB_172_0_fu_17248                                                   |    8|   0|    8|          0|
    |localB_173_0_fu_17252                                                   |    8|   0|    8|          0|
    |localB_174_0_fu_17256                                                   |    8|   0|    8|          0|
    |localB_175_0_fu_17260                                                   |    8|   0|    8|          0|
    |localB_176_0_fu_17264                                                   |    8|   0|    8|          0|
    |localB_177_0_fu_17268                                                   |    8|   0|    8|          0|
    |localB_178_0_fu_17272                                                   |    8|   0|    8|          0|
    |localB_179_0_fu_17276                                                   |    8|   0|    8|          0|
    |localB_17_0_fu_16628                                                    |    8|   0|    8|          0|
    |localB_180_0_fu_17280                                                   |    8|   0|    8|          0|
    |localB_181_0_fu_17284                                                   |    8|   0|    8|          0|
    |localB_182_0_fu_17288                                                   |    8|   0|    8|          0|
    |localB_183_0_fu_17292                                                   |    8|   0|    8|          0|
    |localB_184_0_fu_17296                                                   |    8|   0|    8|          0|
    |localB_185_0_fu_17300                                                   |    8|   0|    8|          0|
    |localB_186_0_fu_17304                                                   |    8|   0|    8|          0|
    |localB_187_0_fu_17308                                                   |    8|   0|    8|          0|
    |localB_188_0_fu_17312                                                   |    8|   0|    8|          0|
    |localB_189_0_fu_17316                                                   |    8|   0|    8|          0|
    |localB_18_0_fu_16632                                                    |    8|   0|    8|          0|
    |localB_190_0_fu_17320                                                   |    8|   0|    8|          0|
    |localB_191_0_fu_17324                                                   |    8|   0|    8|          0|
    |localB_192_0_fu_17328                                                   |    8|   0|    8|          0|
    |localB_193_0_fu_17332                                                   |    8|   0|    8|          0|
    |localB_194_0_fu_17336                                                   |    8|   0|    8|          0|
    |localB_195_0_fu_17340                                                   |    8|   0|    8|          0|
    |localB_196_0_fu_17344                                                   |    8|   0|    8|          0|
    |localB_197_0_fu_17348                                                   |    8|   0|    8|          0|
    |localB_198_0_fu_17352                                                   |    8|   0|    8|          0|
    |localB_199_0_fu_17356                                                   |    8|   0|    8|          0|
    |localB_19_0_fu_16636                                                    |    8|   0|    8|          0|
    |localB_1_0_fu_16564                                                     |    8|   0|    8|          0|
    |localB_200_0_fu_17360                                                   |    8|   0|    8|          0|
    |localB_201_0_fu_17364                                                   |    8|   0|    8|          0|
    |localB_202_0_fu_17368                                                   |    8|   0|    8|          0|
    |localB_203_0_fu_17372                                                   |    8|   0|    8|          0|
    |localB_204_0_fu_17376                                                   |    8|   0|    8|          0|
    |localB_205_0_fu_17380                                                   |    8|   0|    8|          0|
    |localB_206_0_fu_17384                                                   |    8|   0|    8|          0|
    |localB_207_0_fu_17388                                                   |    8|   0|    8|          0|
    |localB_208_0_fu_17392                                                   |    8|   0|    8|          0|
    |localB_209_0_fu_17396                                                   |    8|   0|    8|          0|
    |localB_20_0_fu_16640                                                    |    8|   0|    8|          0|
    |localB_210_0_fu_17400                                                   |    8|   0|    8|          0|
    |localB_211_0_fu_17404                                                   |    8|   0|    8|          0|
    |localB_212_0_fu_17408                                                   |    8|   0|    8|          0|
    |localB_213_0_fu_17412                                                   |    8|   0|    8|          0|
    |localB_214_0_fu_17416                                                   |    8|   0|    8|          0|
    |localB_215_0_fu_17420                                                   |    8|   0|    8|          0|
    |localB_216_0_fu_17424                                                   |    8|   0|    8|          0|
    |localB_217_0_fu_17428                                                   |    8|   0|    8|          0|
    |localB_218_0_fu_17432                                                   |    8|   0|    8|          0|
    |localB_219_0_fu_17436                                                   |    8|   0|    8|          0|
    |localB_21_0_fu_16644                                                    |    8|   0|    8|          0|
    |localB_220_0_fu_17440                                                   |    8|   0|    8|          0|
    |localB_221_0_fu_17444                                                   |    8|   0|    8|          0|
    |localB_222_0_fu_17448                                                   |    8|   0|    8|          0|
    |localB_223_0_fu_17452                                                   |    8|   0|    8|          0|
    |localB_224_0_fu_17456                                                   |    8|   0|    8|          0|
    |localB_225_0_fu_17460                                                   |    8|   0|    8|          0|
    |localB_226_0_fu_17464                                                   |    8|   0|    8|          0|
    |localB_227_0_fu_17468                                                   |    8|   0|    8|          0|
    |localB_228_0_fu_17472                                                   |    8|   0|    8|          0|
    |localB_229_0_fu_17476                                                   |    8|   0|    8|          0|
    |localB_22_0_fu_16648                                                    |    8|   0|    8|          0|
    |localB_230_0_fu_17480                                                   |    8|   0|    8|          0|
    |localB_231_0_fu_17484                                                   |    8|   0|    8|          0|
    |localB_232_0_fu_17488                                                   |    8|   0|    8|          0|
    |localB_233_0_fu_17492                                                   |    8|   0|    8|          0|
    |localB_234_0_fu_17496                                                   |    8|   0|    8|          0|
    |localB_235_0_fu_17500                                                   |    8|   0|    8|          0|
    |localB_236_0_fu_17504                                                   |    8|   0|    8|          0|
    |localB_237_0_fu_17508                                                   |    8|   0|    8|          0|
    |localB_238_0_fu_17512                                                   |    8|   0|    8|          0|
    |localB_239_0_fu_17516                                                   |    8|   0|    8|          0|
    |localB_23_0_fu_16652                                                    |    8|   0|    8|          0|
    |localB_240_0_fu_17520                                                   |    8|   0|    8|          0|
    |localB_241_0_fu_17524                                                   |    8|   0|    8|          0|
    |localB_242_0_fu_17528                                                   |    8|   0|    8|          0|
    |localB_243_0_fu_17532                                                   |    8|   0|    8|          0|
    |localB_244_0_fu_17536                                                   |    8|   0|    8|          0|
    |localB_245_0_fu_17540                                                   |    8|   0|    8|          0|
    |localB_246_0_fu_17544                                                   |    8|   0|    8|          0|
    |localB_247_0_fu_17548                                                   |    8|   0|    8|          0|
    |localB_248_0_fu_17552                                                   |    8|   0|    8|          0|
    |localB_249_0_fu_17556                                                   |    8|   0|    8|          0|
    |localB_24_0_fu_16656                                                    |    8|   0|    8|          0|
    |localB_250_0_fu_17560                                                   |    8|   0|    8|          0|
    |localB_251_0_fu_17564                                                   |    8|   0|    8|          0|
    |localB_252_0_fu_17568                                                   |    8|   0|    8|          0|
    |localB_253_0_fu_17572                                                   |    8|   0|    8|          0|
    |localB_254_0_fu_17576                                                   |    8|   0|    8|          0|
    |localB_255_0_fu_17580                                                   |    8|   0|    8|          0|
    |localB_256_0_fu_17584                                                   |    8|   0|    8|          0|
    |localB_257_0_fu_17588                                                   |    8|   0|    8|          0|
    |localB_258_0_fu_17592                                                   |    8|   0|    8|          0|
    |localB_259_0_fu_17596                                                   |    8|   0|    8|          0|
    |localB_25_0_fu_16660                                                    |    8|   0|    8|          0|
    |localB_260_0_fu_17600                                                   |    8|   0|    8|          0|
    |localB_261_0_fu_17604                                                   |    8|   0|    8|          0|
    |localB_262_0_fu_17608                                                   |    8|   0|    8|          0|
    |localB_263_0_fu_17612                                                   |    8|   0|    8|          0|
    |localB_264_0_fu_17616                                                   |    8|   0|    8|          0|
    |localB_265_0_fu_17620                                                   |    8|   0|    8|          0|
    |localB_266_0_fu_17624                                                   |    8|   0|    8|          0|
    |localB_267_0_fu_17628                                                   |    8|   0|    8|          0|
    |localB_268_0_fu_17632                                                   |    8|   0|    8|          0|
    |localB_269_0_fu_17636                                                   |    8|   0|    8|          0|
    |localB_26_0_fu_16664                                                    |    8|   0|    8|          0|
    |localB_270_0_fu_17640                                                   |    8|   0|    8|          0|
    |localB_271_0_fu_17644                                                   |    8|   0|    8|          0|
    |localB_272_0_fu_17648                                                   |    8|   0|    8|          0|
    |localB_273_0_fu_17652                                                   |    8|   0|    8|          0|
    |localB_274_0_fu_17656                                                   |    8|   0|    8|          0|
    |localB_275_0_fu_17660                                                   |    8|   0|    8|          0|
    |localB_276_0_fu_17664                                                   |    8|   0|    8|          0|
    |localB_277_0_fu_17668                                                   |    8|   0|    8|          0|
    |localB_278_0_fu_17672                                                   |    8|   0|    8|          0|
    |localB_279_0_fu_17676                                                   |    8|   0|    8|          0|
    |localB_27_0_fu_16668                                                    |    8|   0|    8|          0|
    |localB_280_0_fu_17680                                                   |    8|   0|    8|          0|
    |localB_281_0_fu_17684                                                   |    8|   0|    8|          0|
    |localB_282_0_fu_17688                                                   |    8|   0|    8|          0|
    |localB_283_0_fu_17692                                                   |    8|   0|    8|          0|
    |localB_284_0_fu_17696                                                   |    8|   0|    8|          0|
    |localB_285_0_fu_17700                                                   |    8|   0|    8|          0|
    |localB_286_0_fu_17704                                                   |    8|   0|    8|          0|
    |localB_287_0_fu_17708                                                   |    8|   0|    8|          0|
    |localB_288_0_fu_17712                                                   |    8|   0|    8|          0|
    |localB_289_0_fu_17716                                                   |    8|   0|    8|          0|
    |localB_28_0_fu_16672                                                    |    8|   0|    8|          0|
    |localB_290_0_fu_17720                                                   |    8|   0|    8|          0|
    |localB_291_0_fu_17724                                                   |    8|   0|    8|          0|
    |localB_292_0_fu_17728                                                   |    8|   0|    8|          0|
    |localB_293_0_fu_17732                                                   |    8|   0|    8|          0|
    |localB_294_0_fu_17736                                                   |    8|   0|    8|          0|
    |localB_295_0_fu_17740                                                   |    8|   0|    8|          0|
    |localB_296_0_fu_17744                                                   |    8|   0|    8|          0|
    |localB_297_0_fu_17748                                                   |    8|   0|    8|          0|
    |localB_298_0_fu_17752                                                   |    8|   0|    8|          0|
    |localB_299_0_fu_17756                                                   |    8|   0|    8|          0|
    |localB_29_0_fu_16676                                                    |    8|   0|    8|          0|
    |localB_2_0_fu_16568                                                     |    8|   0|    8|          0|
    |localB_300_0_fu_17760                                                   |    8|   0|    8|          0|
    |localB_301_0_fu_17764                                                   |    8|   0|    8|          0|
    |localB_302_0_fu_17768                                                   |    8|   0|    8|          0|
    |localB_303_0_fu_17772                                                   |    8|   0|    8|          0|
    |localB_304_0_fu_17776                                                   |    8|   0|    8|          0|
    |localB_305_0_fu_17780                                                   |    8|   0|    8|          0|
    |localB_306_0_fu_17784                                                   |    8|   0|    8|          0|
    |localB_307_0_fu_17788                                                   |    8|   0|    8|          0|
    |localB_308_0_fu_17792                                                   |    8|   0|    8|          0|
    |localB_309_0_fu_17796                                                   |    8|   0|    8|          0|
    |localB_30_0_fu_16680                                                    |    8|   0|    8|          0|
    |localB_310_0_fu_17800                                                   |    8|   0|    8|          0|
    |localB_311_0_fu_17804                                                   |    8|   0|    8|          0|
    |localB_312_0_fu_17808                                                   |    8|   0|    8|          0|
    |localB_313_0_fu_17812                                                   |    8|   0|    8|          0|
    |localB_314_0_fu_17816                                                   |    8|   0|    8|          0|
    |localB_315_0_fu_17820                                                   |    8|   0|    8|          0|
    |localB_316_0_fu_17824                                                   |    8|   0|    8|          0|
    |localB_317_0_fu_17828                                                   |    8|   0|    8|          0|
    |localB_318_0_fu_17832                                                   |    8|   0|    8|          0|
    |localB_319_0_fu_17836                                                   |    8|   0|    8|          0|
    |localB_31_0_fu_16684                                                    |    8|   0|    8|          0|
    |localB_320_0_fu_17840                                                   |    8|   0|    8|          0|
    |localB_321_0_fu_17844                                                   |    8|   0|    8|          0|
    |localB_322_0_fu_17848                                                   |    8|   0|    8|          0|
    |localB_323_0_fu_17852                                                   |    8|   0|    8|          0|
    |localB_324_0_fu_17856                                                   |    8|   0|    8|          0|
    |localB_325_0_fu_17860                                                   |    8|   0|    8|          0|
    |localB_326_0_fu_17864                                                   |    8|   0|    8|          0|
    |localB_327_0_fu_17868                                                   |    8|   0|    8|          0|
    |localB_328_0_fu_17872                                                   |    8|   0|    8|          0|
    |localB_329_0_fu_17876                                                   |    8|   0|    8|          0|
    |localB_32_0_fu_16688                                                    |    8|   0|    8|          0|
    |localB_330_0_fu_17880                                                   |    8|   0|    8|          0|
    |localB_331_0_fu_17884                                                   |    8|   0|    8|          0|
    |localB_332_0_fu_17888                                                   |    8|   0|    8|          0|
    |localB_333_0_fu_17892                                                   |    8|   0|    8|          0|
    |localB_334_0_fu_17896                                                   |    8|   0|    8|          0|
    |localB_335_0_fu_17900                                                   |    8|   0|    8|          0|
    |localB_336_0_fu_17904                                                   |    8|   0|    8|          0|
    |localB_337_0_fu_17908                                                   |    8|   0|    8|          0|
    |localB_338_0_fu_17912                                                   |    8|   0|    8|          0|
    |localB_339_0_fu_17916                                                   |    8|   0|    8|          0|
    |localB_33_0_fu_16692                                                    |    8|   0|    8|          0|
    |localB_340_0_fu_17920                                                   |    8|   0|    8|          0|
    |localB_341_0_fu_17924                                                   |    8|   0|    8|          0|
    |localB_342_0_fu_17928                                                   |    8|   0|    8|          0|
    |localB_343_0_fu_17932                                                   |    8|   0|    8|          0|
    |localB_344_0_fu_17936                                                   |    8|   0|    8|          0|
    |localB_345_0_fu_17940                                                   |    8|   0|    8|          0|
    |localB_346_0_fu_17944                                                   |    8|   0|    8|          0|
    |localB_347_0_fu_17948                                                   |    8|   0|    8|          0|
    |localB_348_0_fu_17952                                                   |    8|   0|    8|          0|
    |localB_349_0_fu_17956                                                   |    8|   0|    8|          0|
    |localB_34_0_fu_16696                                                    |    8|   0|    8|          0|
    |localB_350_0_fu_17960                                                   |    8|   0|    8|          0|
    |localB_351_0_fu_17964                                                   |    8|   0|    8|          0|
    |localB_352_0_fu_17968                                                   |    8|   0|    8|          0|
    |localB_353_0_fu_17972                                                   |    8|   0|    8|          0|
    |localB_354_0_fu_17976                                                   |    8|   0|    8|          0|
    |localB_355_0_fu_17980                                                   |    8|   0|    8|          0|
    |localB_356_0_fu_17984                                                   |    8|   0|    8|          0|
    |localB_357_0_fu_17988                                                   |    8|   0|    8|          0|
    |localB_358_0_fu_17992                                                   |    8|   0|    8|          0|
    |localB_359_0_fu_17996                                                   |    8|   0|    8|          0|
    |localB_35_0_fu_16700                                                    |    8|   0|    8|          0|
    |localB_360_0_fu_18000                                                   |    8|   0|    8|          0|
    |localB_361_0_fu_18004                                                   |    8|   0|    8|          0|
    |localB_362_0_fu_18008                                                   |    8|   0|    8|          0|
    |localB_363_0_fu_18012                                                   |    8|   0|    8|          0|
    |localB_364_0_fu_18016                                                   |    8|   0|    8|          0|
    |localB_365_0_fu_18020                                                   |    8|   0|    8|          0|
    |localB_366_0_fu_18024                                                   |    8|   0|    8|          0|
    |localB_367_0_fu_18028                                                   |    8|   0|    8|          0|
    |localB_368_0_fu_18032                                                   |    8|   0|    8|          0|
    |localB_369_0_fu_18036                                                   |    8|   0|    8|          0|
    |localB_36_0_fu_16704                                                    |    8|   0|    8|          0|
    |localB_370_0_fu_18040                                                   |    8|   0|    8|          0|
    |localB_371_0_fu_18044                                                   |    8|   0|    8|          0|
    |localB_372_0_fu_18048                                                   |    8|   0|    8|          0|
    |localB_373_0_fu_18052                                                   |    8|   0|    8|          0|
    |localB_374_0_fu_18056                                                   |    8|   0|    8|          0|
    |localB_375_0_fu_18060                                                   |    8|   0|    8|          0|
    |localB_376_0_fu_18064                                                   |    8|   0|    8|          0|
    |localB_377_0_fu_18068                                                   |    8|   0|    8|          0|
    |localB_378_0_fu_18072                                                   |    8|   0|    8|          0|
    |localB_379_0_fu_18076                                                   |    8|   0|    8|          0|
    |localB_37_0_fu_16708                                                    |    8|   0|    8|          0|
    |localB_380_0_fu_18080                                                   |    8|   0|    8|          0|
    |localB_381_0_fu_18084                                                   |    8|   0|    8|          0|
    |localB_382_0_fu_18088                                                   |    8|   0|    8|          0|
    |localB_383_0_fu_18092                                                   |    8|   0|    8|          0|
    |localB_384_0_fu_18096                                                   |    8|   0|    8|          0|
    |localB_385_0_fu_18100                                                   |    8|   0|    8|          0|
    |localB_386_0_fu_18104                                                   |    8|   0|    8|          0|
    |localB_387_0_fu_18108                                                   |    8|   0|    8|          0|
    |localB_388_0_fu_18112                                                   |    8|   0|    8|          0|
    |localB_389_0_fu_18116                                                   |    8|   0|    8|          0|
    |localB_38_0_fu_16712                                                    |    8|   0|    8|          0|
    |localB_390_0_fu_18120                                                   |    8|   0|    8|          0|
    |localB_391_0_fu_18124                                                   |    8|   0|    8|          0|
    |localB_392_0_fu_18128                                                   |    8|   0|    8|          0|
    |localB_393_0_fu_18132                                                   |    8|   0|    8|          0|
    |localB_394_0_fu_18136                                                   |    8|   0|    8|          0|
    |localB_395_0_fu_18140                                                   |    8|   0|    8|          0|
    |localB_396_0_fu_18144                                                   |    8|   0|    8|          0|
    |localB_397_0_fu_18148                                                   |    8|   0|    8|          0|
    |localB_398_0_fu_18152                                                   |    8|   0|    8|          0|
    |localB_399_0_fu_18156                                                   |    8|   0|    8|          0|
    |localB_39_0_fu_16716                                                    |    8|   0|    8|          0|
    |localB_3_0_fu_16572                                                     |    8|   0|    8|          0|
    |localB_400_0_fu_18160                                                   |    8|   0|    8|          0|
    |localB_401_0_fu_18164                                                   |    8|   0|    8|          0|
    |localB_402_0_fu_18168                                                   |    8|   0|    8|          0|
    |localB_403_0_fu_18172                                                   |    8|   0|    8|          0|
    |localB_404_0_fu_18176                                                   |    8|   0|    8|          0|
    |localB_405_0_fu_18180                                                   |    8|   0|    8|          0|
    |localB_406_0_fu_18184                                                   |    8|   0|    8|          0|
    |localB_407_0_fu_18188                                                   |    8|   0|    8|          0|
    |localB_408_0_fu_18192                                                   |    8|   0|    8|          0|
    |localB_409_0_fu_18196                                                   |    8|   0|    8|          0|
    |localB_40_0_fu_16720                                                    |    8|   0|    8|          0|
    |localB_410_0_fu_18200                                                   |    8|   0|    8|          0|
    |localB_411_0_fu_18204                                                   |    8|   0|    8|          0|
    |localB_412_0_fu_18208                                                   |    8|   0|    8|          0|
    |localB_413_0_fu_18212                                                   |    8|   0|    8|          0|
    |localB_414_0_fu_18216                                                   |    8|   0|    8|          0|
    |localB_415_0_fu_18220                                                   |    8|   0|    8|          0|
    |localB_416_0_fu_18224                                                   |    8|   0|    8|          0|
    |localB_417_0_fu_18228                                                   |    8|   0|    8|          0|
    |localB_418_0_fu_18232                                                   |    8|   0|    8|          0|
    |localB_419_0_fu_18236                                                   |    8|   0|    8|          0|
    |localB_41_0_fu_16724                                                    |    8|   0|    8|          0|
    |localB_420_0_fu_18240                                                   |    8|   0|    8|          0|
    |localB_421_0_fu_18244                                                   |    8|   0|    8|          0|
    |localB_422_0_fu_18248                                                   |    8|   0|    8|          0|
    |localB_423_0_fu_18252                                                   |    8|   0|    8|          0|
    |localB_424_0_fu_18256                                                   |    8|   0|    8|          0|
    |localB_425_0_fu_18260                                                   |    8|   0|    8|          0|
    |localB_426_0_fu_18264                                                   |    8|   0|    8|          0|
    |localB_427_0_fu_18268                                                   |    8|   0|    8|          0|
    |localB_428_0_fu_18272                                                   |    8|   0|    8|          0|
    |localB_429_0_fu_18276                                                   |    8|   0|    8|          0|
    |localB_42_0_fu_16728                                                    |    8|   0|    8|          0|
    |localB_430_0_fu_18280                                                   |    8|   0|    8|          0|
    |localB_431_0_fu_18284                                                   |    8|   0|    8|          0|
    |localB_432_0_fu_18288                                                   |    8|   0|    8|          0|
    |localB_433_0_fu_18292                                                   |    8|   0|    8|          0|
    |localB_434_0_fu_18296                                                   |    8|   0|    8|          0|
    |localB_435_0_fu_18300                                                   |    8|   0|    8|          0|
    |localB_436_0_fu_18304                                                   |    8|   0|    8|          0|
    |localB_437_0_fu_18308                                                   |    8|   0|    8|          0|
    |localB_438_0_fu_18312                                                   |    8|   0|    8|          0|
    |localB_439_0_fu_18316                                                   |    8|   0|    8|          0|
    |localB_43_0_fu_16732                                                    |    8|   0|    8|          0|
    |localB_440_0_fu_18320                                                   |    8|   0|    8|          0|
    |localB_441_0_fu_18324                                                   |    8|   0|    8|          0|
    |localB_442_0_fu_18328                                                   |    8|   0|    8|          0|
    |localB_443_0_fu_18332                                                   |    8|   0|    8|          0|
    |localB_444_0_fu_18336                                                   |    8|   0|    8|          0|
    |localB_445_0_fu_18340                                                   |    8|   0|    8|          0|
    |localB_446_0_fu_18344                                                   |    8|   0|    8|          0|
    |localB_447_0_fu_18348                                                   |    8|   0|    8|          0|
    |localB_448_0_fu_18352                                                   |    8|   0|    8|          0|
    |localB_449_0_fu_18356                                                   |    8|   0|    8|          0|
    |localB_44_0_fu_16736                                                    |    8|   0|    8|          0|
    |localB_450_0_fu_18360                                                   |    8|   0|    8|          0|
    |localB_451_0_fu_18364                                                   |    8|   0|    8|          0|
    |localB_452_0_fu_18368                                                   |    8|   0|    8|          0|
    |localB_453_0_fu_18372                                                   |    8|   0|    8|          0|
    |localB_454_0_fu_18376                                                   |    8|   0|    8|          0|
    |localB_455_0_fu_18380                                                   |    8|   0|    8|          0|
    |localB_456_0_fu_18384                                                   |    8|   0|    8|          0|
    |localB_457_0_fu_18388                                                   |    8|   0|    8|          0|
    |localB_458_0_fu_18392                                                   |    8|   0|    8|          0|
    |localB_459_0_fu_18396                                                   |    8|   0|    8|          0|
    |localB_45_0_fu_16740                                                    |    8|   0|    8|          0|
    |localB_460_0_fu_18400                                                   |    8|   0|    8|          0|
    |localB_461_0_fu_18404                                                   |    8|   0|    8|          0|
    |localB_462_0_fu_18408                                                   |    8|   0|    8|          0|
    |localB_463_0_fu_18412                                                   |    8|   0|    8|          0|
    |localB_464_0_fu_18416                                                   |    8|   0|    8|          0|
    |localB_465_0_fu_18420                                                   |    8|   0|    8|          0|
    |localB_466_0_fu_18424                                                   |    8|   0|    8|          0|
    |localB_467_0_fu_18428                                                   |    8|   0|    8|          0|
    |localB_468_0_fu_18432                                                   |    8|   0|    8|          0|
    |localB_469_0_fu_18436                                                   |    8|   0|    8|          0|
    |localB_46_0_fu_16744                                                    |    8|   0|    8|          0|
    |localB_470_0_fu_18440                                                   |    8|   0|    8|          0|
    |localB_471_0_fu_18444                                                   |    8|   0|    8|          0|
    |localB_472_0_fu_18448                                                   |    8|   0|    8|          0|
    |localB_473_0_fu_18452                                                   |    8|   0|    8|          0|
    |localB_474_0_fu_18456                                                   |    8|   0|    8|          0|
    |localB_475_0_fu_18460                                                   |    8|   0|    8|          0|
    |localB_476_0_fu_18464                                                   |    8|   0|    8|          0|
    |localB_477_0_fu_18468                                                   |    8|   0|    8|          0|
    |localB_478_0_fu_18472                                                   |    8|   0|    8|          0|
    |localB_479_0_fu_18476                                                   |    8|   0|    8|          0|
    |localB_47_0_fu_16748                                                    |    8|   0|    8|          0|
    |localB_480_0_fu_18480                                                   |    8|   0|    8|          0|
    |localB_481_0_fu_18484                                                   |    8|   0|    8|          0|
    |localB_482_0_fu_18488                                                   |    8|   0|    8|          0|
    |localB_483_0_fu_18492                                                   |    8|   0|    8|          0|
    |localB_484_0_fu_18496                                                   |    8|   0|    8|          0|
    |localB_485_0_fu_18500                                                   |    8|   0|    8|          0|
    |localB_486_0_fu_18504                                                   |    8|   0|    8|          0|
    |localB_487_0_fu_18508                                                   |    8|   0|    8|          0|
    |localB_488_0_fu_18512                                                   |    8|   0|    8|          0|
    |localB_489_0_fu_18516                                                   |    8|   0|    8|          0|
    |localB_48_0_fu_16752                                                    |    8|   0|    8|          0|
    |localB_490_0_fu_18520                                                   |    8|   0|    8|          0|
    |localB_491_0_fu_18524                                                   |    8|   0|    8|          0|
    |localB_492_0_fu_18528                                                   |    8|   0|    8|          0|
    |localB_493_0_fu_18532                                                   |    8|   0|    8|          0|
    |localB_494_0_fu_18536                                                   |    8|   0|    8|          0|
    |localB_495_0_fu_18540                                                   |    8|   0|    8|          0|
    |localB_496_0_fu_18544                                                   |    8|   0|    8|          0|
    |localB_497_0_fu_18548                                                   |    8|   0|    8|          0|
    |localB_498_0_fu_18552                                                   |    8|   0|    8|          0|
    |localB_499_0_fu_18556                                                   |    8|   0|    8|          0|
    |localB_49_0_fu_16756                                                    |    8|   0|    8|          0|
    |localB_4_0_fu_16576                                                     |    8|   0|    8|          0|
    |localB_500_0_fu_18560                                                   |    8|   0|    8|          0|
    |localB_501_0_fu_18564                                                   |    8|   0|    8|          0|
    |localB_502_0_fu_18568                                                   |    8|   0|    8|          0|
    |localB_503_0_fu_18572                                                   |    8|   0|    8|          0|
    |localB_504_0_fu_18576                                                   |    8|   0|    8|          0|
    |localB_505_0_fu_18580                                                   |    8|   0|    8|          0|
    |localB_506_0_fu_18584                                                   |    8|   0|    8|          0|
    |localB_507_0_fu_18588                                                   |    8|   0|    8|          0|
    |localB_508_0_fu_18592                                                   |    8|   0|    8|          0|
    |localB_509_0_fu_18596                                                   |    8|   0|    8|          0|
    |localB_50_0_fu_16760                                                    |    8|   0|    8|          0|
    |localB_510_0_fu_18600                                                   |    8|   0|    8|          0|
    |localB_511_0_fu_18604                                                   |    8|   0|    8|          0|
    |localB_512_0_fu_18608                                                   |    8|   0|    8|          0|
    |localB_513_0_fu_18612                                                   |    8|   0|    8|          0|
    |localB_514_0_fu_18616                                                   |    8|   0|    8|          0|
    |localB_515_0_fu_18620                                                   |    8|   0|    8|          0|
    |localB_516_0_fu_18624                                                   |    8|   0|    8|          0|
    |localB_517_0_fu_18628                                                   |    8|   0|    8|          0|
    |localB_518_0_fu_18632                                                   |    8|   0|    8|          0|
    |localB_519_0_fu_18636                                                   |    8|   0|    8|          0|
    |localB_51_0_fu_16764                                                    |    8|   0|    8|          0|
    |localB_520_0_fu_18640                                                   |    8|   0|    8|          0|
    |localB_521_0_fu_18644                                                   |    8|   0|    8|          0|
    |localB_522_0_fu_18648                                                   |    8|   0|    8|          0|
    |localB_523_0_fu_18652                                                   |    8|   0|    8|          0|
    |localB_524_0_fu_18656                                                   |    8|   0|    8|          0|
    |localB_525_0_fu_18660                                                   |    8|   0|    8|          0|
    |localB_526_0_fu_18664                                                   |    8|   0|    8|          0|
    |localB_527_0_fu_18668                                                   |    8|   0|    8|          0|
    |localB_528_0_fu_18672                                                   |    8|   0|    8|          0|
    |localB_529_0_fu_18676                                                   |    8|   0|    8|          0|
    |localB_52_0_fu_16768                                                    |    8|   0|    8|          0|
    |localB_530_0_fu_18680                                                   |    8|   0|    8|          0|
    |localB_531_0_fu_18684                                                   |    8|   0|    8|          0|
    |localB_532_0_fu_18688                                                   |    8|   0|    8|          0|
    |localB_533_0_fu_18692                                                   |    8|   0|    8|          0|
    |localB_534_0_fu_18696                                                   |    8|   0|    8|          0|
    |localB_535_0_fu_18700                                                   |    8|   0|    8|          0|
    |localB_536_0_fu_18704                                                   |    8|   0|    8|          0|
    |localB_537_0_fu_18708                                                   |    8|   0|    8|          0|
    |localB_538_0_fu_18712                                                   |    8|   0|    8|          0|
    |localB_539_0_fu_18716                                                   |    8|   0|    8|          0|
    |localB_53_0_fu_16772                                                    |    8|   0|    8|          0|
    |localB_540_0_fu_18720                                                   |    8|   0|    8|          0|
    |localB_541_0_fu_18724                                                   |    8|   0|    8|          0|
    |localB_542_0_fu_18728                                                   |    8|   0|    8|          0|
    |localB_543_0_fu_18732                                                   |    8|   0|    8|          0|
    |localB_544_0_fu_18736                                                   |    8|   0|    8|          0|
    |localB_545_0_fu_18740                                                   |    8|   0|    8|          0|
    |localB_546_0_fu_18744                                                   |    8|   0|    8|          0|
    |localB_547_0_fu_18748                                                   |    8|   0|    8|          0|
    |localB_548_0_fu_18752                                                   |    8|   0|    8|          0|
    |localB_549_0_fu_18756                                                   |    8|   0|    8|          0|
    |localB_54_0_fu_16776                                                    |    8|   0|    8|          0|
    |localB_550_0_fu_18760                                                   |    8|   0|    8|          0|
    |localB_551_0_fu_18764                                                   |    8|   0|    8|          0|
    |localB_552_0_fu_18768                                                   |    8|   0|    8|          0|
    |localB_553_0_fu_18772                                                   |    8|   0|    8|          0|
    |localB_554_0_fu_18776                                                   |    8|   0|    8|          0|
    |localB_555_0_fu_18780                                                   |    8|   0|    8|          0|
    |localB_556_0_fu_18784                                                   |    8|   0|    8|          0|
    |localB_557_0_fu_18788                                                   |    8|   0|    8|          0|
    |localB_558_0_fu_18792                                                   |    8|   0|    8|          0|
    |localB_559_0_fu_18796                                                   |    8|   0|    8|          0|
    |localB_55_0_fu_16780                                                    |    8|   0|    8|          0|
    |localB_560_0_fu_18800                                                   |    8|   0|    8|          0|
    |localB_561_0_fu_18804                                                   |    8|   0|    8|          0|
    |localB_562_0_fu_18808                                                   |    8|   0|    8|          0|
    |localB_563_0_fu_18812                                                   |    8|   0|    8|          0|
    |localB_564_0_fu_18816                                                   |    8|   0|    8|          0|
    |localB_565_0_fu_18820                                                   |    8|   0|    8|          0|
    |localB_566_0_fu_18824                                                   |    8|   0|    8|          0|
    |localB_567_0_fu_18828                                                   |    8|   0|    8|          0|
    |localB_568_0_fu_18832                                                   |    8|   0|    8|          0|
    |localB_569_0_fu_18836                                                   |    8|   0|    8|          0|
    |localB_56_0_fu_16784                                                    |    8|   0|    8|          0|
    |localB_570_0_fu_18840                                                   |    8|   0|    8|          0|
    |localB_571_0_fu_18844                                                   |    8|   0|    8|          0|
    |localB_572_0_fu_18848                                                   |    8|   0|    8|          0|
    |localB_573_0_fu_18852                                                   |    8|   0|    8|          0|
    |localB_574_0_fu_18856                                                   |    8|   0|    8|          0|
    |localB_575_0_fu_18860                                                   |    8|   0|    8|          0|
    |localB_576_0_fu_18864                                                   |    8|   0|    8|          0|
    |localB_577_0_fu_18868                                                   |    8|   0|    8|          0|
    |localB_578_0_fu_18872                                                   |    8|   0|    8|          0|
    |localB_579_0_fu_18876                                                   |    8|   0|    8|          0|
    |localB_57_0_fu_16788                                                    |    8|   0|    8|          0|
    |localB_580_0_fu_18880                                                   |    8|   0|    8|          0|
    |localB_581_0_fu_18884                                                   |    8|   0|    8|          0|
    |localB_582_0_fu_18888                                                   |    8|   0|    8|          0|
    |localB_583_0_fu_18892                                                   |    8|   0|    8|          0|
    |localB_584_0_fu_18896                                                   |    8|   0|    8|          0|
    |localB_585_0_fu_18900                                                   |    8|   0|    8|          0|
    |localB_586_0_fu_18904                                                   |    8|   0|    8|          0|
    |localB_587_0_fu_18908                                                   |    8|   0|    8|          0|
    |localB_588_0_fu_18912                                                   |    8|   0|    8|          0|
    |localB_589_0_fu_18916                                                   |    8|   0|    8|          0|
    |localB_58_0_fu_16792                                                    |    8|   0|    8|          0|
    |localB_590_0_fu_18920                                                   |    8|   0|    8|          0|
    |localB_591_0_fu_18924                                                   |    8|   0|    8|          0|
    |localB_592_0_fu_18928                                                   |    8|   0|    8|          0|
    |localB_593_0_fu_18932                                                   |    8|   0|    8|          0|
    |localB_594_0_fu_18936                                                   |    8|   0|    8|          0|
    |localB_595_0_fu_18940                                                   |    8|   0|    8|          0|
    |localB_596_0_fu_18944                                                   |    8|   0|    8|          0|
    |localB_597_0_fu_18948                                                   |    8|   0|    8|          0|
    |localB_598_0_fu_18952                                                   |    8|   0|    8|          0|
    |localB_599_0_fu_18956                                                   |    8|   0|    8|          0|
    |localB_59_0_fu_16796                                                    |    8|   0|    8|          0|
    |localB_5_0_fu_16580                                                     |    8|   0|    8|          0|
    |localB_600_0_fu_18960                                                   |    8|   0|    8|          0|
    |localB_601_0_fu_18964                                                   |    8|   0|    8|          0|
    |localB_602_0_fu_18968                                                   |    8|   0|    8|          0|
    |localB_603_0_fu_18972                                                   |    8|   0|    8|          0|
    |localB_604_0_fu_18976                                                   |    8|   0|    8|          0|
    |localB_605_0_fu_18980                                                   |    8|   0|    8|          0|
    |localB_606_0_fu_18984                                                   |    8|   0|    8|          0|
    |localB_607_0_fu_18988                                                   |    8|   0|    8|          0|
    |localB_608_0_fu_18992                                                   |    8|   0|    8|          0|
    |localB_609_0_fu_18996                                                   |    8|   0|    8|          0|
    |localB_60_0_fu_16800                                                    |    8|   0|    8|          0|
    |localB_610_0_fu_19000                                                   |    8|   0|    8|          0|
    |localB_611_0_fu_19004                                                   |    8|   0|    8|          0|
    |localB_612_0_fu_19008                                                   |    8|   0|    8|          0|
    |localB_613_0_fu_19012                                                   |    8|   0|    8|          0|
    |localB_614_0_fu_19016                                                   |    8|   0|    8|          0|
    |localB_615_0_fu_19020                                                   |    8|   0|    8|          0|
    |localB_616_0_fu_19024                                                   |    8|   0|    8|          0|
    |localB_617_0_fu_19028                                                   |    8|   0|    8|          0|
    |localB_618_0_fu_19032                                                   |    8|   0|    8|          0|
    |localB_619_0_fu_19036                                                   |    8|   0|    8|          0|
    |localB_61_0_fu_16804                                                    |    8|   0|    8|          0|
    |localB_620_0_fu_19040                                                   |    8|   0|    8|          0|
    |localB_621_0_fu_19044                                                   |    8|   0|    8|          0|
    |localB_622_0_fu_19048                                                   |    8|   0|    8|          0|
    |localB_623_0_fu_19052                                                   |    8|   0|    8|          0|
    |localB_624_0_fu_19056                                                   |    8|   0|    8|          0|
    |localB_625_0_fu_19060                                                   |    8|   0|    8|          0|
    |localB_626_0_fu_19064                                                   |    8|   0|    8|          0|
    |localB_627_0_fu_19068                                                   |    8|   0|    8|          0|
    |localB_628_0_fu_19072                                                   |    8|   0|    8|          0|
    |localB_629_0_fu_19076                                                   |    8|   0|    8|          0|
    |localB_62_0_fu_16808                                                    |    8|   0|    8|          0|
    |localB_630_0_fu_19080                                                   |    8|   0|    8|          0|
    |localB_631_0_fu_19084                                                   |    8|   0|    8|          0|
    |localB_632_0_fu_19088                                                   |    8|   0|    8|          0|
    |localB_633_0_fu_19092                                                   |    8|   0|    8|          0|
    |localB_634_0_fu_19096                                                   |    8|   0|    8|          0|
    |localB_635_0_fu_19100                                                   |    8|   0|    8|          0|
    |localB_636_0_fu_19104                                                   |    8|   0|    8|          0|
    |localB_637_0_fu_19108                                                   |    8|   0|    8|          0|
    |localB_638_0_fu_19112                                                   |    8|   0|    8|          0|
    |localB_639_0_fu_19116                                                   |    8|   0|    8|          0|
    |localB_63_0_fu_16812                                                    |    8|   0|    8|          0|
    |localB_640_0_fu_19120                                                   |    8|   0|    8|          0|
    |localB_641_0_fu_19124                                                   |    8|   0|    8|          0|
    |localB_642_0_fu_19128                                                   |    8|   0|    8|          0|
    |localB_643_0_fu_19132                                                   |    8|   0|    8|          0|
    |localB_644_0_fu_19136                                                   |    8|   0|    8|          0|
    |localB_645_0_fu_19140                                                   |    8|   0|    8|          0|
    |localB_646_0_fu_19144                                                   |    8|   0|    8|          0|
    |localB_647_0_fu_19148                                                   |    8|   0|    8|          0|
    |localB_648_0_fu_19152                                                   |    8|   0|    8|          0|
    |localB_649_0_fu_19156                                                   |    8|   0|    8|          0|
    |localB_64_0_fu_16816                                                    |    8|   0|    8|          0|
    |localB_650_0_fu_19160                                                   |    8|   0|    8|          0|
    |localB_651_0_fu_19164                                                   |    8|   0|    8|          0|
    |localB_652_0_fu_19168                                                   |    8|   0|    8|          0|
    |localB_653_0_fu_19172                                                   |    8|   0|    8|          0|
    |localB_654_0_fu_19176                                                   |    8|   0|    8|          0|
    |localB_655_0_fu_19180                                                   |    8|   0|    8|          0|
    |localB_656_0_fu_19184                                                   |    8|   0|    8|          0|
    |localB_657_0_fu_19188                                                   |    8|   0|    8|          0|
    |localB_658_0_fu_19192                                                   |    8|   0|    8|          0|
    |localB_659_0_fu_19196                                                   |    8|   0|    8|          0|
    |localB_65_0_fu_16820                                                    |    8|   0|    8|          0|
    |localB_660_0_fu_19200                                                   |    8|   0|    8|          0|
    |localB_661_0_fu_19204                                                   |    8|   0|    8|          0|
    |localB_662_0_fu_19208                                                   |    8|   0|    8|          0|
    |localB_663_0_fu_19212                                                   |    8|   0|    8|          0|
    |localB_664_0_fu_19216                                                   |    8|   0|    8|          0|
    |localB_665_0_fu_19220                                                   |    8|   0|    8|          0|
    |localB_666_0_fu_19224                                                   |    8|   0|    8|          0|
    |localB_667_0_fu_19228                                                   |    8|   0|    8|          0|
    |localB_668_0_fu_19232                                                   |    8|   0|    8|          0|
    |localB_669_0_fu_19236                                                   |    8|   0|    8|          0|
    |localB_66_0_fu_16824                                                    |    8|   0|    8|          0|
    |localB_670_0_fu_19240                                                   |    8|   0|    8|          0|
    |localB_671_0_fu_19244                                                   |    8|   0|    8|          0|
    |localB_672_0_fu_19248                                                   |    8|   0|    8|          0|
    |localB_673_0_fu_19252                                                   |    8|   0|    8|          0|
    |localB_674_0_fu_19256                                                   |    8|   0|    8|          0|
    |localB_675_0_fu_19260                                                   |    8|   0|    8|          0|
    |localB_676_0_fu_19264                                                   |    8|   0|    8|          0|
    |localB_677_0_fu_19268                                                   |    8|   0|    8|          0|
    |localB_678_0_fu_19272                                                   |    8|   0|    8|          0|
    |localB_679_0_fu_19276                                                   |    8|   0|    8|          0|
    |localB_67_0_fu_16828                                                    |    8|   0|    8|          0|
    |localB_680_0_fu_19280                                                   |    8|   0|    8|          0|
    |localB_681_0_fu_19284                                                   |    8|   0|    8|          0|
    |localB_682_0_fu_19288                                                   |    8|   0|    8|          0|
    |localB_683_0_fu_19292                                                   |    8|   0|    8|          0|
    |localB_684_0_fu_19296                                                   |    8|   0|    8|          0|
    |localB_685_0_fu_19300                                                   |    8|   0|    8|          0|
    |localB_686_0_fu_19304                                                   |    8|   0|    8|          0|
    |localB_687_0_fu_19308                                                   |    8|   0|    8|          0|
    |localB_688_0_fu_19312                                                   |    8|   0|    8|          0|
    |localB_689_0_fu_19316                                                   |    8|   0|    8|          0|
    |localB_68_0_fu_16832                                                    |    8|   0|    8|          0|
    |localB_690_0_fu_19320                                                   |    8|   0|    8|          0|
    |localB_691_0_fu_19324                                                   |    8|   0|    8|          0|
    |localB_692_0_fu_19328                                                   |    8|   0|    8|          0|
    |localB_693_0_fu_19332                                                   |    8|   0|    8|          0|
    |localB_694_0_fu_19336                                                   |    8|   0|    8|          0|
    |localB_695_0_fu_19340                                                   |    8|   0|    8|          0|
    |localB_696_0_fu_19344                                                   |    8|   0|    8|          0|
    |localB_697_0_fu_19348                                                   |    8|   0|    8|          0|
    |localB_698_0_fu_19352                                                   |    8|   0|    8|          0|
    |localB_699_0_fu_19356                                                   |    8|   0|    8|          0|
    |localB_69_0_fu_16836                                                    |    8|   0|    8|          0|
    |localB_6_0_fu_16584                                                     |    8|   0|    8|          0|
    |localB_700_0_fu_19360                                                   |    8|   0|    8|          0|
    |localB_701_0_fu_19364                                                   |    8|   0|    8|          0|
    |localB_702_0_fu_19368                                                   |    8|   0|    8|          0|
    |localB_703_0_fu_19372                                                   |    8|   0|    8|          0|
    |localB_704_0_fu_19376                                                   |    8|   0|    8|          0|
    |localB_705_0_fu_19380                                                   |    8|   0|    8|          0|
    |localB_706_0_fu_19384                                                   |    8|   0|    8|          0|
    |localB_707_0_fu_19388                                                   |    8|   0|    8|          0|
    |localB_708_0_fu_19392                                                   |    8|   0|    8|          0|
    |localB_709_0_fu_19396                                                   |    8|   0|    8|          0|
    |localB_70_0_fu_16840                                                    |    8|   0|    8|          0|
    |localB_710_0_fu_19400                                                   |    8|   0|    8|          0|
    |localB_711_0_fu_19404                                                   |    8|   0|    8|          0|
    |localB_712_0_fu_19408                                                   |    8|   0|    8|          0|
    |localB_713_0_fu_19412                                                   |    8|   0|    8|          0|
    |localB_714_0_fu_19416                                                   |    8|   0|    8|          0|
    |localB_715_0_fu_19420                                                   |    8|   0|    8|          0|
    |localB_716_0_fu_19424                                                   |    8|   0|    8|          0|
    |localB_717_0_fu_19428                                                   |    8|   0|    8|          0|
    |localB_718_0_fu_19432                                                   |    8|   0|    8|          0|
    |localB_719_0_fu_19436                                                   |    8|   0|    8|          0|
    |localB_71_0_fu_16844                                                    |    8|   0|    8|          0|
    |localB_720_0_fu_19440                                                   |    8|   0|    8|          0|
    |localB_721_0_fu_19444                                                   |    8|   0|    8|          0|
    |localB_722_0_fu_19448                                                   |    8|   0|    8|          0|
    |localB_723_0_fu_19452                                                   |    8|   0|    8|          0|
    |localB_724_0_fu_19456                                                   |    8|   0|    8|          0|
    |localB_725_0_fu_19460                                                   |    8|   0|    8|          0|
    |localB_726_0_fu_19464                                                   |    8|   0|    8|          0|
    |localB_727_0_fu_19468                                                   |    8|   0|    8|          0|
    |localB_728_0_fu_19472                                                   |    8|   0|    8|          0|
    |localB_729_0_fu_19476                                                   |    8|   0|    8|          0|
    |localB_72_0_fu_16848                                                    |    8|   0|    8|          0|
    |localB_730_0_fu_19480                                                   |    8|   0|    8|          0|
    |localB_731_0_fu_19484                                                   |    8|   0|    8|          0|
    |localB_732_0_fu_19488                                                   |    8|   0|    8|          0|
    |localB_733_0_fu_19492                                                   |    8|   0|    8|          0|
    |localB_734_0_fu_19496                                                   |    8|   0|    8|          0|
    |localB_735_0_fu_19500                                                   |    8|   0|    8|          0|
    |localB_736_0_fu_19504                                                   |    8|   0|    8|          0|
    |localB_737_0_fu_19508                                                   |    8|   0|    8|          0|
    |localB_738_0_fu_19512                                                   |    8|   0|    8|          0|
    |localB_739_0_fu_19516                                                   |    8|   0|    8|          0|
    |localB_73_0_fu_16852                                                    |    8|   0|    8|          0|
    |localB_740_0_fu_19520                                                   |    8|   0|    8|          0|
    |localB_741_0_fu_19524                                                   |    8|   0|    8|          0|
    |localB_742_0_fu_19528                                                   |    8|   0|    8|          0|
    |localB_743_0_fu_19532                                                   |    8|   0|    8|          0|
    |localB_744_0_fu_19536                                                   |    8|   0|    8|          0|
    |localB_745_0_fu_19540                                                   |    8|   0|    8|          0|
    |localB_746_0_fu_19544                                                   |    8|   0|    8|          0|
    |localB_747_0_fu_19548                                                   |    8|   0|    8|          0|
    |localB_748_0_fu_19552                                                   |    8|   0|    8|          0|
    |localB_749_0_fu_19556                                                   |    8|   0|    8|          0|
    |localB_74_0_fu_16856                                                    |    8|   0|    8|          0|
    |localB_750_0_fu_19560                                                   |    8|   0|    8|          0|
    |localB_751_0_fu_19564                                                   |    8|   0|    8|          0|
    |localB_752_0_fu_19568                                                   |    8|   0|    8|          0|
    |localB_753_0_fu_19572                                                   |    8|   0|    8|          0|
    |localB_754_0_fu_19576                                                   |    8|   0|    8|          0|
    |localB_755_0_fu_19580                                                   |    8|   0|    8|          0|
    |localB_756_0_fu_19584                                                   |    8|   0|    8|          0|
    |localB_757_0_fu_19588                                                   |    8|   0|    8|          0|
    |localB_758_0_fu_19592                                                   |    8|   0|    8|          0|
    |localB_759_0_fu_19596                                                   |    8|   0|    8|          0|
    |localB_75_0_fu_16860                                                    |    8|   0|    8|          0|
    |localB_760_0_fu_19600                                                   |    8|   0|    8|          0|
    |localB_761_0_fu_19604                                                   |    8|   0|    8|          0|
    |localB_762_0_fu_19608                                                   |    8|   0|    8|          0|
    |localB_763_0_fu_19612                                                   |    8|   0|    8|          0|
    |localB_764_0_fu_19616                                                   |    8|   0|    8|          0|
    |localB_765_0_fu_19620                                                   |    8|   0|    8|          0|
    |localB_766_0_fu_19624                                                   |    8|   0|    8|          0|
    |localB_767_0_fu_19628                                                   |    8|   0|    8|          0|
    |localB_768_0_fu_19632                                                   |    8|   0|    8|          0|
    |localB_769_0_fu_19636                                                   |    8|   0|    8|          0|
    |localB_76_0_fu_16864                                                    |    8|   0|    8|          0|
    |localB_770_0_fu_19640                                                   |    8|   0|    8|          0|
    |localB_771_0_fu_19644                                                   |    8|   0|    8|          0|
    |localB_772_0_fu_19648                                                   |    8|   0|    8|          0|
    |localB_773_0_fu_19652                                                   |    8|   0|    8|          0|
    |localB_774_0_fu_19656                                                   |    8|   0|    8|          0|
    |localB_775_0_fu_19660                                                   |    8|   0|    8|          0|
    |localB_776_0_fu_19664                                                   |    8|   0|    8|          0|
    |localB_777_0_fu_19668                                                   |    8|   0|    8|          0|
    |localB_778_0_fu_19672                                                   |    8|   0|    8|          0|
    |localB_779_0_fu_19676                                                   |    8|   0|    8|          0|
    |localB_77_0_fu_16868                                                    |    8|   0|    8|          0|
    |localB_780_0_fu_19680                                                   |    8|   0|    8|          0|
    |localB_781_0_fu_19684                                                   |    8|   0|    8|          0|
    |localB_782_0_fu_19688                                                   |    8|   0|    8|          0|
    |localB_783_0_fu_19692                                                   |    8|   0|    8|          0|
    |localB_784_0_fu_19696                                                   |    8|   0|    8|          0|
    |localB_785_0_fu_19700                                                   |    8|   0|    8|          0|
    |localB_786_0_fu_19704                                                   |    8|   0|    8|          0|
    |localB_787_0_fu_19708                                                   |    8|   0|    8|          0|
    |localB_788_0_fu_19712                                                   |    8|   0|    8|          0|
    |localB_789_0_fu_19716                                                   |    8|   0|    8|          0|
    |localB_78_0_fu_16872                                                    |    8|   0|    8|          0|
    |localB_790_0_fu_19720                                                   |    8|   0|    8|          0|
    |localB_791_0_fu_19724                                                   |    8|   0|    8|          0|
    |localB_792_0_fu_19728                                                   |    8|   0|    8|          0|
    |localB_793_0_fu_19732                                                   |    8|   0|    8|          0|
    |localB_794_0_fu_19736                                                   |    8|   0|    8|          0|
    |localB_795_0_fu_19740                                                   |    8|   0|    8|          0|
    |localB_796_0_fu_19744                                                   |    8|   0|    8|          0|
    |localB_797_0_fu_19748                                                   |    8|   0|    8|          0|
    |localB_798_0_fu_19752                                                   |    8|   0|    8|          0|
    |localB_799_0_fu_19756                                                   |    8|   0|    8|          0|
    |localB_79_0_fu_16876                                                    |    8|   0|    8|          0|
    |localB_7_0_fu_16588                                                     |    8|   0|    8|          0|
    |localB_800_0_fu_19760                                                   |    8|   0|    8|          0|
    |localB_801_0_fu_19764                                                   |    8|   0|    8|          0|
    |localB_802_0_fu_19768                                                   |    8|   0|    8|          0|
    |localB_803_0_fu_19772                                                   |    8|   0|    8|          0|
    |localB_804_0_fu_19776                                                   |    8|   0|    8|          0|
    |localB_805_0_fu_19780                                                   |    8|   0|    8|          0|
    |localB_806_0_fu_19784                                                   |    8|   0|    8|          0|
    |localB_807_0_fu_19788                                                   |    8|   0|    8|          0|
    |localB_808_0_fu_19792                                                   |    8|   0|    8|          0|
    |localB_809_0_fu_19796                                                   |    8|   0|    8|          0|
    |localB_80_0_fu_16880                                                    |    8|   0|    8|          0|
    |localB_810_0_fu_19800                                                   |    8|   0|    8|          0|
    |localB_811_0_fu_19804                                                   |    8|   0|    8|          0|
    |localB_812_0_fu_19808                                                   |    8|   0|    8|          0|
    |localB_813_0_fu_19812                                                   |    8|   0|    8|          0|
    |localB_814_0_fu_19816                                                   |    8|   0|    8|          0|
    |localB_815_0_fu_19820                                                   |    8|   0|    8|          0|
    |localB_816_0_fu_19824                                                   |    8|   0|    8|          0|
    |localB_817_0_fu_19828                                                   |    8|   0|    8|          0|
    |localB_818_0_fu_19832                                                   |    8|   0|    8|          0|
    |localB_819_0_fu_19836                                                   |    8|   0|    8|          0|
    |localB_81_0_fu_16884                                                    |    8|   0|    8|          0|
    |localB_820_0_fu_19840                                                   |    8|   0|    8|          0|
    |localB_821_0_fu_19844                                                   |    8|   0|    8|          0|
    |localB_822_0_fu_19848                                                   |    8|   0|    8|          0|
    |localB_823_0_fu_19852                                                   |    8|   0|    8|          0|
    |localB_824_0_fu_19856                                                   |    8|   0|    8|          0|
    |localB_825_0_fu_19860                                                   |    8|   0|    8|          0|
    |localB_826_0_fu_19864                                                   |    8|   0|    8|          0|
    |localB_827_0_fu_19868                                                   |    8|   0|    8|          0|
    |localB_828_0_fu_19872                                                   |    8|   0|    8|          0|
    |localB_829_0_fu_19876                                                   |    8|   0|    8|          0|
    |localB_82_0_fu_16888                                                    |    8|   0|    8|          0|
    |localB_830_0_fu_19880                                                   |    8|   0|    8|          0|
    |localB_831_0_fu_19884                                                   |    8|   0|    8|          0|
    |localB_832_0_fu_19888                                                   |    8|   0|    8|          0|
    |localB_833_0_fu_19892                                                   |    8|   0|    8|          0|
    |localB_834_0_fu_19896                                                   |    8|   0|    8|          0|
    |localB_835_0_fu_19900                                                   |    8|   0|    8|          0|
    |localB_836_0_fu_19904                                                   |    8|   0|    8|          0|
    |localB_837_0_fu_19908                                                   |    8|   0|    8|          0|
    |localB_838_0_fu_19912                                                   |    8|   0|    8|          0|
    |localB_839_0_fu_19916                                                   |    8|   0|    8|          0|
    |localB_83_0_fu_16892                                                    |    8|   0|    8|          0|
    |localB_840_0_fu_19920                                                   |    8|   0|    8|          0|
    |localB_841_0_fu_19924                                                   |    8|   0|    8|          0|
    |localB_842_0_fu_19928                                                   |    8|   0|    8|          0|
    |localB_843_0_fu_19932                                                   |    8|   0|    8|          0|
    |localB_844_0_fu_19936                                                   |    8|   0|    8|          0|
    |localB_845_0_fu_19940                                                   |    8|   0|    8|          0|
    |localB_846_0_fu_19944                                                   |    8|   0|    8|          0|
    |localB_847_0_fu_19948                                                   |    8|   0|    8|          0|
    |localB_848_0_fu_19952                                                   |    8|   0|    8|          0|
    |localB_849_0_fu_19956                                                   |    8|   0|    8|          0|
    |localB_84_0_fu_16896                                                    |    8|   0|    8|          0|
    |localB_850_0_fu_19960                                                   |    8|   0|    8|          0|
    |localB_851_0_fu_19964                                                   |    8|   0|    8|          0|
    |localB_852_0_fu_19968                                                   |    8|   0|    8|          0|
    |localB_853_0_fu_19972                                                   |    8|   0|    8|          0|
    |localB_854_0_fu_19976                                                   |    8|   0|    8|          0|
    |localB_855_0_fu_19980                                                   |    8|   0|    8|          0|
    |localB_856_0_fu_19984                                                   |    8|   0|    8|          0|
    |localB_857_0_fu_19988                                                   |    8|   0|    8|          0|
    |localB_858_0_fu_19992                                                   |    8|   0|    8|          0|
    |localB_859_0_fu_19996                                                   |    8|   0|    8|          0|
    |localB_85_0_fu_16900                                                    |    8|   0|    8|          0|
    |localB_860_0_fu_20000                                                   |    8|   0|    8|          0|
    |localB_861_0_fu_20004                                                   |    8|   0|    8|          0|
    |localB_862_0_fu_20008                                                   |    8|   0|    8|          0|
    |localB_863_0_fu_20012                                                   |    8|   0|    8|          0|
    |localB_864_0_fu_20016                                                   |    8|   0|    8|          0|
    |localB_865_0_fu_20020                                                   |    8|   0|    8|          0|
    |localB_866_0_fu_20024                                                   |    8|   0|    8|          0|
    |localB_867_0_fu_20028                                                   |    8|   0|    8|          0|
    |localB_868_0_fu_20032                                                   |    8|   0|    8|          0|
    |localB_869_0_fu_20036                                                   |    8|   0|    8|          0|
    |localB_86_0_fu_16904                                                    |    8|   0|    8|          0|
    |localB_870_0_fu_20040                                                   |    8|   0|    8|          0|
    |localB_871_0_fu_20044                                                   |    8|   0|    8|          0|
    |localB_872_0_fu_20048                                                   |    8|   0|    8|          0|
    |localB_873_0_fu_20052                                                   |    8|   0|    8|          0|
    |localB_874_0_fu_20056                                                   |    8|   0|    8|          0|
    |localB_875_0_fu_20060                                                   |    8|   0|    8|          0|
    |localB_876_0_fu_20064                                                   |    8|   0|    8|          0|
    |localB_877_0_fu_20068                                                   |    8|   0|    8|          0|
    |localB_878_0_fu_20072                                                   |    8|   0|    8|          0|
    |localB_879_0_fu_20076                                                   |    8|   0|    8|          0|
    |localB_87_0_fu_16908                                                    |    8|   0|    8|          0|
    |localB_880_0_fu_20080                                                   |    8|   0|    8|          0|
    |localB_881_0_fu_20084                                                   |    8|   0|    8|          0|
    |localB_882_0_fu_20088                                                   |    8|   0|    8|          0|
    |localB_883_0_fu_20092                                                   |    8|   0|    8|          0|
    |localB_884_0_fu_20096                                                   |    8|   0|    8|          0|
    |localB_885_0_fu_20100                                                   |    8|   0|    8|          0|
    |localB_886_0_fu_20104                                                   |    8|   0|    8|          0|
    |localB_887_0_fu_20108                                                   |    8|   0|    8|          0|
    |localB_888_0_fu_20112                                                   |    8|   0|    8|          0|
    |localB_889_0_fu_20116                                                   |    8|   0|    8|          0|
    |localB_88_0_fu_16912                                                    |    8|   0|    8|          0|
    |localB_890_0_fu_20120                                                   |    8|   0|    8|          0|
    |localB_891_0_fu_20124                                                   |    8|   0|    8|          0|
    |localB_892_0_fu_20128                                                   |    8|   0|    8|          0|
    |localB_893_0_fu_20132                                                   |    8|   0|    8|          0|
    |localB_894_0_fu_20136                                                   |    8|   0|    8|          0|
    |localB_895_0_fu_20140                                                   |    8|   0|    8|          0|
    |localB_896_0_fu_20144                                                   |    8|   0|    8|          0|
    |localB_897_0_fu_20148                                                   |    8|   0|    8|          0|
    |localB_898_0_fu_20152                                                   |    8|   0|    8|          0|
    |localB_899_0_fu_20156                                                   |    8|   0|    8|          0|
    |localB_89_0_fu_16916                                                    |    8|   0|    8|          0|
    |localB_8_0_fu_16592                                                     |    8|   0|    8|          0|
    |localB_900_0_fu_20160                                                   |    8|   0|    8|          0|
    |localB_901_0_fu_20164                                                   |    8|   0|    8|          0|
    |localB_902_0_fu_20168                                                   |    8|   0|    8|          0|
    |localB_903_0_fu_20172                                                   |    8|   0|    8|          0|
    |localB_904_0_fu_20176                                                   |    8|   0|    8|          0|
    |localB_905_0_fu_20180                                                   |    8|   0|    8|          0|
    |localB_906_0_fu_20184                                                   |    8|   0|    8|          0|
    |localB_907_0_fu_20188                                                   |    8|   0|    8|          0|
    |localB_908_0_fu_20192                                                   |    8|   0|    8|          0|
    |localB_909_0_fu_20196                                                   |    8|   0|    8|          0|
    |localB_90_0_fu_16920                                                    |    8|   0|    8|          0|
    |localB_910_0_fu_20200                                                   |    8|   0|    8|          0|
    |localB_911_0_fu_20204                                                   |    8|   0|    8|          0|
    |localB_912_0_fu_20208                                                   |    8|   0|    8|          0|
    |localB_913_0_fu_20212                                                   |    8|   0|    8|          0|
    |localB_914_0_fu_20216                                                   |    8|   0|    8|          0|
    |localB_915_0_fu_20220                                                   |    8|   0|    8|          0|
    |localB_916_0_fu_20224                                                   |    8|   0|    8|          0|
    |localB_917_0_fu_20228                                                   |    8|   0|    8|          0|
    |localB_918_0_fu_20232                                                   |    8|   0|    8|          0|
    |localB_919_0_fu_20236                                                   |    8|   0|    8|          0|
    |localB_91_0_fu_16924                                                    |    8|   0|    8|          0|
    |localB_920_0_fu_20240                                                   |    8|   0|    8|          0|
    |localB_921_0_fu_20244                                                   |    8|   0|    8|          0|
    |localB_922_0_fu_20248                                                   |    8|   0|    8|          0|
    |localB_923_0_fu_20252                                                   |    8|   0|    8|          0|
    |localB_924_0_fu_20256                                                   |    8|   0|    8|          0|
    |localB_925_0_fu_20260                                                   |    8|   0|    8|          0|
    |localB_926_0_fu_20264                                                   |    8|   0|    8|          0|
    |localB_927_0_fu_20268                                                   |    8|   0|    8|          0|
    |localB_928_0_fu_20272                                                   |    8|   0|    8|          0|
    |localB_929_0_fu_20276                                                   |    8|   0|    8|          0|
    |localB_92_0_fu_16928                                                    |    8|   0|    8|          0|
    |localB_930_0_fu_20280                                                   |    8|   0|    8|          0|
    |localB_931_0_fu_20284                                                   |    8|   0|    8|          0|
    |localB_932_0_fu_20288                                                   |    8|   0|    8|          0|
    |localB_933_0_fu_20292                                                   |    8|   0|    8|          0|
    |localB_934_0_fu_20296                                                   |    8|   0|    8|          0|
    |localB_935_0_fu_20300                                                   |    8|   0|    8|          0|
    |localB_936_0_fu_20304                                                   |    8|   0|    8|          0|
    |localB_937_0_fu_20308                                                   |    8|   0|    8|          0|
    |localB_938_0_fu_20312                                                   |    8|   0|    8|          0|
    |localB_939_0_fu_20316                                                   |    8|   0|    8|          0|
    |localB_93_0_fu_16932                                                    |    8|   0|    8|          0|
    |localB_940_0_fu_20320                                                   |    8|   0|    8|          0|
    |localB_941_0_fu_20324                                                   |    8|   0|    8|          0|
    |localB_942_0_fu_20328                                                   |    8|   0|    8|          0|
    |localB_943_0_fu_20332                                                   |    8|   0|    8|          0|
    |localB_944_0_fu_20336                                                   |    8|   0|    8|          0|
    |localB_945_0_fu_20340                                                   |    8|   0|    8|          0|
    |localB_946_0_fu_20344                                                   |    8|   0|    8|          0|
    |localB_947_0_fu_20348                                                   |    8|   0|    8|          0|
    |localB_948_0_fu_20352                                                   |    8|   0|    8|          0|
    |localB_949_0_fu_20356                                                   |    8|   0|    8|          0|
    |localB_94_0_fu_16936                                                    |    8|   0|    8|          0|
    |localB_950_0_fu_20360                                                   |    8|   0|    8|          0|
    |localB_951_0_fu_20364                                                   |    8|   0|    8|          0|
    |localB_952_0_fu_20368                                                   |    8|   0|    8|          0|
    |localB_953_0_fu_20372                                                   |    8|   0|    8|          0|
    |localB_954_0_fu_20376                                                   |    8|   0|    8|          0|
    |localB_955_0_fu_20380                                                   |    8|   0|    8|          0|
    |localB_956_0_fu_20384                                                   |    8|   0|    8|          0|
    |localB_957_0_fu_20388                                                   |    8|   0|    8|          0|
    |localB_958_0_fu_20392                                                   |    8|   0|    8|          0|
    |localB_959_0_fu_20396                                                   |    8|   0|    8|          0|
    |localB_95_0_fu_16940                                                    |    8|   0|    8|          0|
    |localB_960_0_fu_20400                                                   |    8|   0|    8|          0|
    |localB_961_0_fu_20404                                                   |    8|   0|    8|          0|
    |localB_962_0_fu_20408                                                   |    8|   0|    8|          0|
    |localB_963_0_fu_20412                                                   |    8|   0|    8|          0|
    |localB_964_0_fu_20416                                                   |    8|   0|    8|          0|
    |localB_965_0_fu_20420                                                   |    8|   0|    8|          0|
    |localB_966_0_fu_20424                                                   |    8|   0|    8|          0|
    |localB_967_0_fu_20428                                                   |    8|   0|    8|          0|
    |localB_968_0_fu_20432                                                   |    8|   0|    8|          0|
    |localB_969_0_fu_20436                                                   |    8|   0|    8|          0|
    |localB_96_0_fu_16944                                                    |    8|   0|    8|          0|
    |localB_970_0_fu_20440                                                   |    8|   0|    8|          0|
    |localB_971_0_fu_20444                                                   |    8|   0|    8|          0|
    |localB_972_0_fu_20448                                                   |    8|   0|    8|          0|
    |localB_973_0_fu_20452                                                   |    8|   0|    8|          0|
    |localB_974_0_fu_20456                                                   |    8|   0|    8|          0|
    |localB_975_0_fu_20460                                                   |    8|   0|    8|          0|
    |localB_976_0_fu_20464                                                   |    8|   0|    8|          0|
    |localB_977_0_fu_20468                                                   |    8|   0|    8|          0|
    |localB_978_0_fu_20472                                                   |    8|   0|    8|          0|
    |localB_979_0_fu_20476                                                   |    8|   0|    8|          0|
    |localB_97_0_fu_16948                                                    |    8|   0|    8|          0|
    |localB_980_0_fu_20480                                                   |    8|   0|    8|          0|
    |localB_981_0_fu_20484                                                   |    8|   0|    8|          0|
    |localB_982_0_fu_20488                                                   |    8|   0|    8|          0|
    |localB_983_0_fu_20492                                                   |    8|   0|    8|          0|
    |localB_984_0_fu_20496                                                   |    8|   0|    8|          0|
    |localB_985_0_fu_20500                                                   |    8|   0|    8|          0|
    |localB_986_0_fu_20504                                                   |    8|   0|    8|          0|
    |localB_987_0_fu_20508                                                   |    8|   0|    8|          0|
    |localB_988_0_fu_20512                                                   |    8|   0|    8|          0|
    |localB_989_0_fu_20516                                                   |    8|   0|    8|          0|
    |localB_98_0_fu_16952                                                    |    8|   0|    8|          0|
    |localB_990_0_fu_20520                                                   |    8|   0|    8|          0|
    |localB_991_0_fu_20524                                                   |    8|   0|    8|          0|
    |localB_992_0_fu_20528                                                   |    8|   0|    8|          0|
    |localB_993_0_fu_20532                                                   |    8|   0|    8|          0|
    |localB_994_0_fu_20536                                                   |    8|   0|    8|          0|
    |localB_995_0_fu_20540                                                   |    8|   0|    8|          0|
    |localB_996_0_fu_20544                                                   |    8|   0|    8|          0|
    |localB_997_0_fu_20548                                                   |    8|   0|    8|          0|
    |localB_998_0_fu_20552                                                   |    8|   0|    8|          0|
    |localB_999_0_fu_20556                                                   |    8|   0|    8|          0|
    |localB_99_0_fu_16956                                                    |    8|   0|    8|          0|
    |localB_9_0_fu_16596                                                     |    8|   0|    8|          0|
    |localC_1000_reg_32749                                                   |   32|   0|   32|          0|
    |localC_1001_reg_32761                                                   |   32|   0|   32|          0|
    |localC_1002_reg_32773                                                   |   32|   0|   32|          0|
    |localC_1003_reg_32785                                                   |   32|   0|   32|          0|
    |localC_1004_reg_32797                                                   |   32|   0|   32|          0|
    |localC_1005_reg_32809                                                   |   32|   0|   32|          0|
    |localC_1006_reg_32821                                                   |   32|   0|   32|          0|
    |localC_1007_reg_32833                                                   |   32|   0|   32|          0|
    |localC_1008_reg_32845                                                   |   32|   0|   32|          0|
    |localC_1009_reg_32857                                                   |   32|   0|   32|          0|
    |localC_100_reg_21949                                                    |   32|   0|   32|          0|
    |localC_1010_reg_32869                                                   |   32|   0|   32|          0|
    |localC_1011_reg_32881                                                   |   32|   0|   32|          0|
    |localC_1012_reg_32893                                                   |   32|   0|   32|          0|
    |localC_1013_reg_32905                                                   |   32|   0|   32|          0|
    |localC_1014_reg_32917                                                   |   32|   0|   32|          0|
    |localC_1015_reg_32929                                                   |   32|   0|   32|          0|
    |localC_1016_reg_32941                                                   |   32|   0|   32|          0|
    |localC_1017_reg_32953                                                   |   32|   0|   32|          0|
    |localC_1018_reg_32965                                                   |   32|   0|   32|          0|
    |localC_1019_reg_32977                                                   |   32|   0|   32|          0|
    |localC_101_reg_21961                                                    |   32|   0|   32|          0|
    |localC_1020_reg_32989                                                   |   32|   0|   32|          0|
    |localC_1021_reg_33001                                                   |   32|   0|   32|          0|
    |localC_1022_reg_33013                                                   |   32|   0|   32|          0|
    |localC_1023_reg_33025                                                   |   32|   0|   32|          0|
    |localC_102_reg_21973                                                    |   32|   0|   32|          0|
    |localC_103_reg_21985                                                    |   32|   0|   32|          0|
    |localC_104_reg_21997                                                    |   32|   0|   32|          0|
    |localC_105_reg_22009                                                    |   32|   0|   32|          0|
    |localC_106_reg_22021                                                    |   32|   0|   32|          0|
    |localC_107_reg_22033                                                    |   32|   0|   32|          0|
    |localC_108_reg_22045                                                    |   32|   0|   32|          0|
    |localC_109_reg_22057                                                    |   32|   0|   32|          0|
    |localC_10_reg_20869                                                     |   32|   0|   32|          0|
    |localC_110_reg_22069                                                    |   32|   0|   32|          0|
    |localC_111_reg_22081                                                    |   32|   0|   32|          0|
    |localC_112_reg_22093                                                    |   32|   0|   32|          0|
    |localC_113_reg_22105                                                    |   32|   0|   32|          0|
    |localC_114_reg_22117                                                    |   32|   0|   32|          0|
    |localC_115_reg_22129                                                    |   32|   0|   32|          0|
    |localC_116_reg_22141                                                    |   32|   0|   32|          0|
    |localC_117_reg_22153                                                    |   32|   0|   32|          0|
    |localC_118_reg_22165                                                    |   32|   0|   32|          0|
    |localC_119_reg_22177                                                    |   32|   0|   32|          0|
    |localC_11_reg_20881                                                     |   32|   0|   32|          0|
    |localC_120_reg_22189                                                    |   32|   0|   32|          0|
    |localC_121_reg_22201                                                    |   32|   0|   32|          0|
    |localC_122_reg_22213                                                    |   32|   0|   32|          0|
    |localC_123_reg_22225                                                    |   32|   0|   32|          0|
    |localC_124_reg_22237                                                    |   32|   0|   32|          0|
    |localC_125_reg_22249                                                    |   32|   0|   32|          0|
    |localC_126_reg_22261                                                    |   32|   0|   32|          0|
    |localC_127_reg_22273                                                    |   32|   0|   32|          0|
    |localC_128_reg_22285                                                    |   32|   0|   32|          0|
    |localC_129_reg_22297                                                    |   32|   0|   32|          0|
    |localC_12_reg_20893                                                     |   32|   0|   32|          0|
    |localC_130_reg_22309                                                    |   32|   0|   32|          0|
    |localC_131_reg_22321                                                    |   32|   0|   32|          0|
    |localC_132_reg_22333                                                    |   32|   0|   32|          0|
    |localC_133_reg_22345                                                    |   32|   0|   32|          0|
    |localC_134_reg_22357                                                    |   32|   0|   32|          0|
    |localC_135_reg_22369                                                    |   32|   0|   32|          0|
    |localC_136_reg_22381                                                    |   32|   0|   32|          0|
    |localC_137_reg_22393                                                    |   32|   0|   32|          0|
    |localC_138_reg_22405                                                    |   32|   0|   32|          0|
    |localC_139_reg_22417                                                    |   32|   0|   32|          0|
    |localC_13_reg_20905                                                     |   32|   0|   32|          0|
    |localC_140_reg_22429                                                    |   32|   0|   32|          0|
    |localC_141_reg_22441                                                    |   32|   0|   32|          0|
    |localC_142_reg_22453                                                    |   32|   0|   32|          0|
    |localC_143_reg_22465                                                    |   32|   0|   32|          0|
    |localC_144_reg_22477                                                    |   32|   0|   32|          0|
    |localC_145_reg_22489                                                    |   32|   0|   32|          0|
    |localC_146_reg_22501                                                    |   32|   0|   32|          0|
    |localC_147_reg_22513                                                    |   32|   0|   32|          0|
    |localC_148_reg_22525                                                    |   32|   0|   32|          0|
    |localC_149_reg_22537                                                    |   32|   0|   32|          0|
    |localC_14_reg_20917                                                     |   32|   0|   32|          0|
    |localC_150_reg_22549                                                    |   32|   0|   32|          0|
    |localC_151_reg_22561                                                    |   32|   0|   32|          0|
    |localC_152_reg_22573                                                    |   32|   0|   32|          0|
    |localC_153_reg_22585                                                    |   32|   0|   32|          0|
    |localC_154_reg_22597                                                    |   32|   0|   32|          0|
    |localC_155_reg_22609                                                    |   32|   0|   32|          0|
    |localC_156_reg_22621                                                    |   32|   0|   32|          0|
    |localC_157_reg_22633                                                    |   32|   0|   32|          0|
    |localC_158_reg_22645                                                    |   32|   0|   32|          0|
    |localC_159_reg_22657                                                    |   32|   0|   32|          0|
    |localC_15_reg_20929                                                     |   32|   0|   32|          0|
    |localC_160_reg_22669                                                    |   32|   0|   32|          0|
    |localC_161_reg_22681                                                    |   32|   0|   32|          0|
    |localC_162_reg_22693                                                    |   32|   0|   32|          0|
    |localC_163_reg_22705                                                    |   32|   0|   32|          0|
    |localC_164_reg_22717                                                    |   32|   0|   32|          0|
    |localC_165_reg_22729                                                    |   32|   0|   32|          0|
    |localC_166_reg_22741                                                    |   32|   0|   32|          0|
    |localC_167_reg_22753                                                    |   32|   0|   32|          0|
    |localC_168_reg_22765                                                    |   32|   0|   32|          0|
    |localC_169_reg_22777                                                    |   32|   0|   32|          0|
    |localC_16_reg_20941                                                     |   32|   0|   32|          0|
    |localC_170_reg_22789                                                    |   32|   0|   32|          0|
    |localC_171_reg_22801                                                    |   32|   0|   32|          0|
    |localC_172_reg_22813                                                    |   32|   0|   32|          0|
    |localC_173_reg_22825                                                    |   32|   0|   32|          0|
    |localC_174_reg_22837                                                    |   32|   0|   32|          0|
    |localC_175_reg_22849                                                    |   32|   0|   32|          0|
    |localC_176_reg_22861                                                    |   32|   0|   32|          0|
    |localC_177_reg_22873                                                    |   32|   0|   32|          0|
    |localC_178_reg_22885                                                    |   32|   0|   32|          0|
    |localC_179_reg_22897                                                    |   32|   0|   32|          0|
    |localC_17_reg_20953                                                     |   32|   0|   32|          0|
    |localC_180_reg_22909                                                    |   32|   0|   32|          0|
    |localC_181_reg_22921                                                    |   32|   0|   32|          0|
    |localC_182_reg_22933                                                    |   32|   0|   32|          0|
    |localC_183_reg_22945                                                    |   32|   0|   32|          0|
    |localC_184_reg_22957                                                    |   32|   0|   32|          0|
    |localC_185_reg_22969                                                    |   32|   0|   32|          0|
    |localC_186_reg_22981                                                    |   32|   0|   32|          0|
    |localC_187_reg_22993                                                    |   32|   0|   32|          0|
    |localC_188_reg_23005                                                    |   32|   0|   32|          0|
    |localC_189_reg_23017                                                    |   32|   0|   32|          0|
    |localC_18_reg_20965                                                     |   32|   0|   32|          0|
    |localC_190_reg_23029                                                    |   32|   0|   32|          0|
    |localC_191_reg_23041                                                    |   32|   0|   32|          0|
    |localC_192_reg_23053                                                    |   32|   0|   32|          0|
    |localC_193_reg_23065                                                    |   32|   0|   32|          0|
    |localC_194_reg_23077                                                    |   32|   0|   32|          0|
    |localC_195_reg_23089                                                    |   32|   0|   32|          0|
    |localC_196_reg_23101                                                    |   32|   0|   32|          0|
    |localC_197_reg_23113                                                    |   32|   0|   32|          0|
    |localC_198_reg_23125                                                    |   32|   0|   32|          0|
    |localC_199_reg_23137                                                    |   32|   0|   32|          0|
    |localC_19_reg_20977                                                     |   32|   0|   32|          0|
    |localC_1_reg_20761                                                      |   32|   0|   32|          0|
    |localC_200_reg_23149                                                    |   32|   0|   32|          0|
    |localC_201_reg_23161                                                    |   32|   0|   32|          0|
    |localC_202_reg_23173                                                    |   32|   0|   32|          0|
    |localC_203_reg_23185                                                    |   32|   0|   32|          0|
    |localC_204_reg_23197                                                    |   32|   0|   32|          0|
    |localC_205_reg_23209                                                    |   32|   0|   32|          0|
    |localC_206_reg_23221                                                    |   32|   0|   32|          0|
    |localC_207_reg_23233                                                    |   32|   0|   32|          0|
    |localC_208_reg_23245                                                    |   32|   0|   32|          0|
    |localC_209_reg_23257                                                    |   32|   0|   32|          0|
    |localC_20_reg_20989                                                     |   32|   0|   32|          0|
    |localC_210_reg_23269                                                    |   32|   0|   32|          0|
    |localC_211_reg_23281                                                    |   32|   0|   32|          0|
    |localC_212_reg_23293                                                    |   32|   0|   32|          0|
    |localC_213_reg_23305                                                    |   32|   0|   32|          0|
    |localC_214_reg_23317                                                    |   32|   0|   32|          0|
    |localC_215_reg_23329                                                    |   32|   0|   32|          0|
    |localC_216_reg_23341                                                    |   32|   0|   32|          0|
    |localC_217_reg_23353                                                    |   32|   0|   32|          0|
    |localC_218_reg_23365                                                    |   32|   0|   32|          0|
    |localC_219_reg_23377                                                    |   32|   0|   32|          0|
    |localC_21_reg_21001                                                     |   32|   0|   32|          0|
    |localC_220_reg_23389                                                    |   32|   0|   32|          0|
    |localC_221_reg_23401                                                    |   32|   0|   32|          0|
    |localC_222_reg_23413                                                    |   32|   0|   32|          0|
    |localC_223_reg_23425                                                    |   32|   0|   32|          0|
    |localC_224_reg_23437                                                    |   32|   0|   32|          0|
    |localC_225_reg_23449                                                    |   32|   0|   32|          0|
    |localC_226_reg_23461                                                    |   32|   0|   32|          0|
    |localC_227_reg_23473                                                    |   32|   0|   32|          0|
    |localC_228_reg_23485                                                    |   32|   0|   32|          0|
    |localC_229_reg_23497                                                    |   32|   0|   32|          0|
    |localC_22_reg_21013                                                     |   32|   0|   32|          0|
    |localC_230_reg_23509                                                    |   32|   0|   32|          0|
    |localC_231_reg_23521                                                    |   32|   0|   32|          0|
    |localC_232_reg_23533                                                    |   32|   0|   32|          0|
    |localC_233_reg_23545                                                    |   32|   0|   32|          0|
    |localC_234_reg_23557                                                    |   32|   0|   32|          0|
    |localC_235_reg_23569                                                    |   32|   0|   32|          0|
    |localC_236_reg_23581                                                    |   32|   0|   32|          0|
    |localC_237_reg_23593                                                    |   32|   0|   32|          0|
    |localC_238_reg_23605                                                    |   32|   0|   32|          0|
    |localC_239_reg_23617                                                    |   32|   0|   32|          0|
    |localC_23_reg_21025                                                     |   32|   0|   32|          0|
    |localC_240_reg_23629                                                    |   32|   0|   32|          0|
    |localC_241_reg_23641                                                    |   32|   0|   32|          0|
    |localC_242_reg_23653                                                    |   32|   0|   32|          0|
    |localC_243_reg_23665                                                    |   32|   0|   32|          0|
    |localC_244_reg_23677                                                    |   32|   0|   32|          0|
    |localC_245_reg_23689                                                    |   32|   0|   32|          0|
    |localC_246_reg_23701                                                    |   32|   0|   32|          0|
    |localC_247_reg_23713                                                    |   32|   0|   32|          0|
    |localC_248_reg_23725                                                    |   32|   0|   32|          0|
    |localC_249_reg_23737                                                    |   32|   0|   32|          0|
    |localC_24_reg_21037                                                     |   32|   0|   32|          0|
    |localC_250_reg_23749                                                    |   32|   0|   32|          0|
    |localC_251_reg_23761                                                    |   32|   0|   32|          0|
    |localC_252_reg_23773                                                    |   32|   0|   32|          0|
    |localC_253_reg_23785                                                    |   32|   0|   32|          0|
    |localC_254_reg_23797                                                    |   32|   0|   32|          0|
    |localC_255_reg_23809                                                    |   32|   0|   32|          0|
    |localC_256_reg_23821                                                    |   32|   0|   32|          0|
    |localC_257_reg_23833                                                    |   32|   0|   32|          0|
    |localC_258_reg_23845                                                    |   32|   0|   32|          0|
    |localC_259_reg_23857                                                    |   32|   0|   32|          0|
    |localC_25_reg_21049                                                     |   32|   0|   32|          0|
    |localC_260_reg_23869                                                    |   32|   0|   32|          0|
    |localC_261_reg_23881                                                    |   32|   0|   32|          0|
    |localC_262_reg_23893                                                    |   32|   0|   32|          0|
    |localC_263_reg_23905                                                    |   32|   0|   32|          0|
    |localC_264_reg_23917                                                    |   32|   0|   32|          0|
    |localC_265_reg_23929                                                    |   32|   0|   32|          0|
    |localC_266_reg_23941                                                    |   32|   0|   32|          0|
    |localC_267_reg_23953                                                    |   32|   0|   32|          0|
    |localC_268_reg_23965                                                    |   32|   0|   32|          0|
    |localC_269_reg_23977                                                    |   32|   0|   32|          0|
    |localC_26_reg_21061                                                     |   32|   0|   32|          0|
    |localC_270_reg_23989                                                    |   32|   0|   32|          0|
    |localC_271_reg_24001                                                    |   32|   0|   32|          0|
    |localC_272_reg_24013                                                    |   32|   0|   32|          0|
    |localC_273_reg_24025                                                    |   32|   0|   32|          0|
    |localC_274_reg_24037                                                    |   32|   0|   32|          0|
    |localC_275_reg_24049                                                    |   32|   0|   32|          0|
    |localC_276_reg_24061                                                    |   32|   0|   32|          0|
    |localC_277_reg_24073                                                    |   32|   0|   32|          0|
    |localC_278_reg_24085                                                    |   32|   0|   32|          0|
    |localC_279_reg_24097                                                    |   32|   0|   32|          0|
    |localC_27_reg_21073                                                     |   32|   0|   32|          0|
    |localC_280_reg_24109                                                    |   32|   0|   32|          0|
    |localC_281_reg_24121                                                    |   32|   0|   32|          0|
    |localC_282_reg_24133                                                    |   32|   0|   32|          0|
    |localC_283_reg_24145                                                    |   32|   0|   32|          0|
    |localC_284_reg_24157                                                    |   32|   0|   32|          0|
    |localC_285_reg_24169                                                    |   32|   0|   32|          0|
    |localC_286_reg_24181                                                    |   32|   0|   32|          0|
    |localC_287_reg_24193                                                    |   32|   0|   32|          0|
    |localC_288_reg_24205                                                    |   32|   0|   32|          0|
    |localC_289_reg_24217                                                    |   32|   0|   32|          0|
    |localC_28_reg_21085                                                     |   32|   0|   32|          0|
    |localC_290_reg_24229                                                    |   32|   0|   32|          0|
    |localC_291_reg_24241                                                    |   32|   0|   32|          0|
    |localC_292_reg_24253                                                    |   32|   0|   32|          0|
    |localC_293_reg_24265                                                    |   32|   0|   32|          0|
    |localC_294_reg_24277                                                    |   32|   0|   32|          0|
    |localC_295_reg_24289                                                    |   32|   0|   32|          0|
    |localC_296_reg_24301                                                    |   32|   0|   32|          0|
    |localC_297_reg_24313                                                    |   32|   0|   32|          0|
    |localC_298_reg_24325                                                    |   32|   0|   32|          0|
    |localC_299_reg_24337                                                    |   32|   0|   32|          0|
    |localC_29_reg_21097                                                     |   32|   0|   32|          0|
    |localC_2_reg_20773                                                      |   32|   0|   32|          0|
    |localC_300_reg_24349                                                    |   32|   0|   32|          0|
    |localC_301_reg_24361                                                    |   32|   0|   32|          0|
    |localC_302_reg_24373                                                    |   32|   0|   32|          0|
    |localC_303_reg_24385                                                    |   32|   0|   32|          0|
    |localC_304_reg_24397                                                    |   32|   0|   32|          0|
    |localC_305_reg_24409                                                    |   32|   0|   32|          0|
    |localC_306_reg_24421                                                    |   32|   0|   32|          0|
    |localC_307_reg_24433                                                    |   32|   0|   32|          0|
    |localC_308_reg_24445                                                    |   32|   0|   32|          0|
    |localC_309_reg_24457                                                    |   32|   0|   32|          0|
    |localC_30_reg_21109                                                     |   32|   0|   32|          0|
    |localC_310_reg_24469                                                    |   32|   0|   32|          0|
    |localC_311_reg_24481                                                    |   32|   0|   32|          0|
    |localC_312_reg_24493                                                    |   32|   0|   32|          0|
    |localC_313_reg_24505                                                    |   32|   0|   32|          0|
    |localC_314_reg_24517                                                    |   32|   0|   32|          0|
    |localC_315_reg_24529                                                    |   32|   0|   32|          0|
    |localC_316_reg_24541                                                    |   32|   0|   32|          0|
    |localC_317_reg_24553                                                    |   32|   0|   32|          0|
    |localC_318_reg_24565                                                    |   32|   0|   32|          0|
    |localC_319_reg_24577                                                    |   32|   0|   32|          0|
    |localC_31_reg_21121                                                     |   32|   0|   32|          0|
    |localC_320_reg_24589                                                    |   32|   0|   32|          0|
    |localC_321_reg_24601                                                    |   32|   0|   32|          0|
    |localC_322_reg_24613                                                    |   32|   0|   32|          0|
    |localC_323_reg_24625                                                    |   32|   0|   32|          0|
    |localC_324_reg_24637                                                    |   32|   0|   32|          0|
    |localC_325_reg_24649                                                    |   32|   0|   32|          0|
    |localC_326_reg_24661                                                    |   32|   0|   32|          0|
    |localC_327_reg_24673                                                    |   32|   0|   32|          0|
    |localC_328_reg_24685                                                    |   32|   0|   32|          0|
    |localC_329_reg_24697                                                    |   32|   0|   32|          0|
    |localC_32_reg_21133                                                     |   32|   0|   32|          0|
    |localC_330_reg_24709                                                    |   32|   0|   32|          0|
    |localC_331_reg_24721                                                    |   32|   0|   32|          0|
    |localC_332_reg_24733                                                    |   32|   0|   32|          0|
    |localC_333_reg_24745                                                    |   32|   0|   32|          0|
    |localC_334_reg_24757                                                    |   32|   0|   32|          0|
    |localC_335_reg_24769                                                    |   32|   0|   32|          0|
    |localC_336_reg_24781                                                    |   32|   0|   32|          0|
    |localC_337_reg_24793                                                    |   32|   0|   32|          0|
    |localC_338_reg_24805                                                    |   32|   0|   32|          0|
    |localC_339_reg_24817                                                    |   32|   0|   32|          0|
    |localC_33_reg_21145                                                     |   32|   0|   32|          0|
    |localC_340_reg_24829                                                    |   32|   0|   32|          0|
    |localC_341_reg_24841                                                    |   32|   0|   32|          0|
    |localC_342_reg_24853                                                    |   32|   0|   32|          0|
    |localC_343_reg_24865                                                    |   32|   0|   32|          0|
    |localC_344_reg_24877                                                    |   32|   0|   32|          0|
    |localC_345_reg_24889                                                    |   32|   0|   32|          0|
    |localC_346_reg_24901                                                    |   32|   0|   32|          0|
    |localC_347_reg_24913                                                    |   32|   0|   32|          0|
    |localC_348_reg_24925                                                    |   32|   0|   32|          0|
    |localC_349_reg_24937                                                    |   32|   0|   32|          0|
    |localC_34_reg_21157                                                     |   32|   0|   32|          0|
    |localC_350_reg_24949                                                    |   32|   0|   32|          0|
    |localC_351_reg_24961                                                    |   32|   0|   32|          0|
    |localC_352_reg_24973                                                    |   32|   0|   32|          0|
    |localC_353_reg_24985                                                    |   32|   0|   32|          0|
    |localC_354_reg_24997                                                    |   32|   0|   32|          0|
    |localC_355_reg_25009                                                    |   32|   0|   32|          0|
    |localC_356_reg_25021                                                    |   32|   0|   32|          0|
    |localC_357_reg_25033                                                    |   32|   0|   32|          0|
    |localC_358_reg_25045                                                    |   32|   0|   32|          0|
    |localC_359_reg_25057                                                    |   32|   0|   32|          0|
    |localC_35_reg_21169                                                     |   32|   0|   32|          0|
    |localC_360_reg_25069                                                    |   32|   0|   32|          0|
    |localC_361_reg_25081                                                    |   32|   0|   32|          0|
    |localC_362_reg_25093                                                    |   32|   0|   32|          0|
    |localC_363_reg_25105                                                    |   32|   0|   32|          0|
    |localC_364_reg_25117                                                    |   32|   0|   32|          0|
    |localC_365_reg_25129                                                    |   32|   0|   32|          0|
    |localC_366_reg_25141                                                    |   32|   0|   32|          0|
    |localC_367_reg_25153                                                    |   32|   0|   32|          0|
    |localC_368_reg_25165                                                    |   32|   0|   32|          0|
    |localC_369_reg_25177                                                    |   32|   0|   32|          0|
    |localC_36_reg_21181                                                     |   32|   0|   32|          0|
    |localC_370_reg_25189                                                    |   32|   0|   32|          0|
    |localC_371_reg_25201                                                    |   32|   0|   32|          0|
    |localC_372_reg_25213                                                    |   32|   0|   32|          0|
    |localC_373_reg_25225                                                    |   32|   0|   32|          0|
    |localC_374_reg_25237                                                    |   32|   0|   32|          0|
    |localC_375_reg_25249                                                    |   32|   0|   32|          0|
    |localC_376_reg_25261                                                    |   32|   0|   32|          0|
    |localC_377_reg_25273                                                    |   32|   0|   32|          0|
    |localC_378_reg_25285                                                    |   32|   0|   32|          0|
    |localC_379_reg_25297                                                    |   32|   0|   32|          0|
    |localC_37_reg_21193                                                     |   32|   0|   32|          0|
    |localC_380_reg_25309                                                    |   32|   0|   32|          0|
    |localC_381_reg_25321                                                    |   32|   0|   32|          0|
    |localC_382_reg_25333                                                    |   32|   0|   32|          0|
    |localC_383_reg_25345                                                    |   32|   0|   32|          0|
    |localC_384_reg_25357                                                    |   32|   0|   32|          0|
    |localC_385_reg_25369                                                    |   32|   0|   32|          0|
    |localC_386_reg_25381                                                    |   32|   0|   32|          0|
    |localC_387_reg_25393                                                    |   32|   0|   32|          0|
    |localC_388_reg_25405                                                    |   32|   0|   32|          0|
    |localC_389_reg_25417                                                    |   32|   0|   32|          0|
    |localC_38_reg_21205                                                     |   32|   0|   32|          0|
    |localC_390_reg_25429                                                    |   32|   0|   32|          0|
    |localC_391_reg_25441                                                    |   32|   0|   32|          0|
    |localC_392_reg_25453                                                    |   32|   0|   32|          0|
    |localC_393_reg_25465                                                    |   32|   0|   32|          0|
    |localC_394_reg_25477                                                    |   32|   0|   32|          0|
    |localC_395_reg_25489                                                    |   32|   0|   32|          0|
    |localC_396_reg_25501                                                    |   32|   0|   32|          0|
    |localC_397_reg_25513                                                    |   32|   0|   32|          0|
    |localC_398_reg_25525                                                    |   32|   0|   32|          0|
    |localC_399_reg_25537                                                    |   32|   0|   32|          0|
    |localC_39_reg_21217                                                     |   32|   0|   32|          0|
    |localC_3_reg_20785                                                      |   32|   0|   32|          0|
    |localC_400_reg_25549                                                    |   32|   0|   32|          0|
    |localC_401_reg_25561                                                    |   32|   0|   32|          0|
    |localC_402_reg_25573                                                    |   32|   0|   32|          0|
    |localC_403_reg_25585                                                    |   32|   0|   32|          0|
    |localC_404_reg_25597                                                    |   32|   0|   32|          0|
    |localC_405_reg_25609                                                    |   32|   0|   32|          0|
    |localC_406_reg_25621                                                    |   32|   0|   32|          0|
    |localC_407_reg_25633                                                    |   32|   0|   32|          0|
    |localC_408_reg_25645                                                    |   32|   0|   32|          0|
    |localC_409_reg_25657                                                    |   32|   0|   32|          0|
    |localC_40_reg_21229                                                     |   32|   0|   32|          0|
    |localC_410_reg_25669                                                    |   32|   0|   32|          0|
    |localC_411_reg_25681                                                    |   32|   0|   32|          0|
    |localC_412_reg_25693                                                    |   32|   0|   32|          0|
    |localC_413_reg_25705                                                    |   32|   0|   32|          0|
    |localC_414_reg_25717                                                    |   32|   0|   32|          0|
    |localC_415_reg_25729                                                    |   32|   0|   32|          0|
    |localC_416_reg_25741                                                    |   32|   0|   32|          0|
    |localC_417_reg_25753                                                    |   32|   0|   32|          0|
    |localC_418_reg_25765                                                    |   32|   0|   32|          0|
    |localC_419_reg_25777                                                    |   32|   0|   32|          0|
    |localC_41_reg_21241                                                     |   32|   0|   32|          0|
    |localC_420_reg_25789                                                    |   32|   0|   32|          0|
    |localC_421_reg_25801                                                    |   32|   0|   32|          0|
    |localC_422_reg_25813                                                    |   32|   0|   32|          0|
    |localC_423_reg_25825                                                    |   32|   0|   32|          0|
    |localC_424_reg_25837                                                    |   32|   0|   32|          0|
    |localC_425_reg_25849                                                    |   32|   0|   32|          0|
    |localC_426_reg_25861                                                    |   32|   0|   32|          0|
    |localC_427_reg_25873                                                    |   32|   0|   32|          0|
    |localC_428_reg_25885                                                    |   32|   0|   32|          0|
    |localC_429_reg_25897                                                    |   32|   0|   32|          0|
    |localC_42_reg_21253                                                     |   32|   0|   32|          0|
    |localC_430_reg_25909                                                    |   32|   0|   32|          0|
    |localC_431_reg_25921                                                    |   32|   0|   32|          0|
    |localC_432_reg_25933                                                    |   32|   0|   32|          0|
    |localC_433_reg_25945                                                    |   32|   0|   32|          0|
    |localC_434_reg_25957                                                    |   32|   0|   32|          0|
    |localC_435_reg_25969                                                    |   32|   0|   32|          0|
    |localC_436_reg_25981                                                    |   32|   0|   32|          0|
    |localC_437_reg_25993                                                    |   32|   0|   32|          0|
    |localC_438_reg_26005                                                    |   32|   0|   32|          0|
    |localC_439_reg_26017                                                    |   32|   0|   32|          0|
    |localC_43_reg_21265                                                     |   32|   0|   32|          0|
    |localC_440_reg_26029                                                    |   32|   0|   32|          0|
    |localC_441_reg_26041                                                    |   32|   0|   32|          0|
    |localC_442_reg_26053                                                    |   32|   0|   32|          0|
    |localC_443_reg_26065                                                    |   32|   0|   32|          0|
    |localC_444_reg_26077                                                    |   32|   0|   32|          0|
    |localC_445_reg_26089                                                    |   32|   0|   32|          0|
    |localC_446_reg_26101                                                    |   32|   0|   32|          0|
    |localC_447_reg_26113                                                    |   32|   0|   32|          0|
    |localC_448_reg_26125                                                    |   32|   0|   32|          0|
    |localC_449_reg_26137                                                    |   32|   0|   32|          0|
    |localC_44_reg_21277                                                     |   32|   0|   32|          0|
    |localC_450_reg_26149                                                    |   32|   0|   32|          0|
    |localC_451_reg_26161                                                    |   32|   0|   32|          0|
    |localC_452_reg_26173                                                    |   32|   0|   32|          0|
    |localC_453_reg_26185                                                    |   32|   0|   32|          0|
    |localC_454_reg_26197                                                    |   32|   0|   32|          0|
    |localC_455_reg_26209                                                    |   32|   0|   32|          0|
    |localC_456_reg_26221                                                    |   32|   0|   32|          0|
    |localC_457_reg_26233                                                    |   32|   0|   32|          0|
    |localC_458_reg_26245                                                    |   32|   0|   32|          0|
    |localC_459_reg_26257                                                    |   32|   0|   32|          0|
    |localC_45_reg_21289                                                     |   32|   0|   32|          0|
    |localC_460_reg_26269                                                    |   32|   0|   32|          0|
    |localC_461_reg_26281                                                    |   32|   0|   32|          0|
    |localC_462_reg_26293                                                    |   32|   0|   32|          0|
    |localC_463_reg_26305                                                    |   32|   0|   32|          0|
    |localC_464_reg_26317                                                    |   32|   0|   32|          0|
    |localC_465_reg_26329                                                    |   32|   0|   32|          0|
    |localC_466_reg_26341                                                    |   32|   0|   32|          0|
    |localC_467_reg_26353                                                    |   32|   0|   32|          0|
    |localC_468_reg_26365                                                    |   32|   0|   32|          0|
    |localC_469_reg_26377                                                    |   32|   0|   32|          0|
    |localC_46_reg_21301                                                     |   32|   0|   32|          0|
    |localC_470_reg_26389                                                    |   32|   0|   32|          0|
    |localC_471_reg_26401                                                    |   32|   0|   32|          0|
    |localC_472_reg_26413                                                    |   32|   0|   32|          0|
    |localC_473_reg_26425                                                    |   32|   0|   32|          0|
    |localC_474_reg_26437                                                    |   32|   0|   32|          0|
    |localC_475_reg_26449                                                    |   32|   0|   32|          0|
    |localC_476_reg_26461                                                    |   32|   0|   32|          0|
    |localC_477_reg_26473                                                    |   32|   0|   32|          0|
    |localC_478_reg_26485                                                    |   32|   0|   32|          0|
    |localC_479_reg_26497                                                    |   32|   0|   32|          0|
    |localC_47_reg_21313                                                     |   32|   0|   32|          0|
    |localC_480_reg_26509                                                    |   32|   0|   32|          0|
    |localC_481_reg_26521                                                    |   32|   0|   32|          0|
    |localC_482_reg_26533                                                    |   32|   0|   32|          0|
    |localC_483_reg_26545                                                    |   32|   0|   32|          0|
    |localC_484_reg_26557                                                    |   32|   0|   32|          0|
    |localC_485_reg_26569                                                    |   32|   0|   32|          0|
    |localC_486_reg_26581                                                    |   32|   0|   32|          0|
    |localC_487_reg_26593                                                    |   32|   0|   32|          0|
    |localC_488_reg_26605                                                    |   32|   0|   32|          0|
    |localC_489_reg_26617                                                    |   32|   0|   32|          0|
    |localC_48_reg_21325                                                     |   32|   0|   32|          0|
    |localC_490_reg_26629                                                    |   32|   0|   32|          0|
    |localC_491_reg_26641                                                    |   32|   0|   32|          0|
    |localC_492_reg_26653                                                    |   32|   0|   32|          0|
    |localC_493_reg_26665                                                    |   32|   0|   32|          0|
    |localC_494_reg_26677                                                    |   32|   0|   32|          0|
    |localC_495_reg_26689                                                    |   32|   0|   32|          0|
    |localC_496_reg_26701                                                    |   32|   0|   32|          0|
    |localC_497_reg_26713                                                    |   32|   0|   32|          0|
    |localC_498_reg_26725                                                    |   32|   0|   32|          0|
    |localC_499_reg_26737                                                    |   32|   0|   32|          0|
    |localC_49_reg_21337                                                     |   32|   0|   32|          0|
    |localC_4_reg_20797                                                      |   32|   0|   32|          0|
    |localC_500_reg_26749                                                    |   32|   0|   32|          0|
    |localC_501_reg_26761                                                    |   32|   0|   32|          0|
    |localC_502_reg_26773                                                    |   32|   0|   32|          0|
    |localC_503_reg_26785                                                    |   32|   0|   32|          0|
    |localC_504_reg_26797                                                    |   32|   0|   32|          0|
    |localC_505_reg_26809                                                    |   32|   0|   32|          0|
    |localC_506_reg_26821                                                    |   32|   0|   32|          0|
    |localC_507_reg_26833                                                    |   32|   0|   32|          0|
    |localC_508_reg_26845                                                    |   32|   0|   32|          0|
    |localC_509_reg_26857                                                    |   32|   0|   32|          0|
    |localC_50_reg_21349                                                     |   32|   0|   32|          0|
    |localC_510_reg_26869                                                    |   32|   0|   32|          0|
    |localC_511_reg_26881                                                    |   32|   0|   32|          0|
    |localC_512_reg_26893                                                    |   32|   0|   32|          0|
    |localC_513_reg_26905                                                    |   32|   0|   32|          0|
    |localC_514_reg_26917                                                    |   32|   0|   32|          0|
    |localC_515_reg_26929                                                    |   32|   0|   32|          0|
    |localC_516_reg_26941                                                    |   32|   0|   32|          0|
    |localC_517_reg_26953                                                    |   32|   0|   32|          0|
    |localC_518_reg_26965                                                    |   32|   0|   32|          0|
    |localC_519_reg_26977                                                    |   32|   0|   32|          0|
    |localC_51_reg_21361                                                     |   32|   0|   32|          0|
    |localC_520_reg_26989                                                    |   32|   0|   32|          0|
    |localC_521_reg_27001                                                    |   32|   0|   32|          0|
    |localC_522_reg_27013                                                    |   32|   0|   32|          0|
    |localC_523_reg_27025                                                    |   32|   0|   32|          0|
    |localC_524_reg_27037                                                    |   32|   0|   32|          0|
    |localC_525_reg_27049                                                    |   32|   0|   32|          0|
    |localC_526_reg_27061                                                    |   32|   0|   32|          0|
    |localC_527_reg_27073                                                    |   32|   0|   32|          0|
    |localC_528_reg_27085                                                    |   32|   0|   32|          0|
    |localC_529_reg_27097                                                    |   32|   0|   32|          0|
    |localC_52_reg_21373                                                     |   32|   0|   32|          0|
    |localC_530_reg_27109                                                    |   32|   0|   32|          0|
    |localC_531_reg_27121                                                    |   32|   0|   32|          0|
    |localC_532_reg_27133                                                    |   32|   0|   32|          0|
    |localC_533_reg_27145                                                    |   32|   0|   32|          0|
    |localC_534_reg_27157                                                    |   32|   0|   32|          0|
    |localC_535_reg_27169                                                    |   32|   0|   32|          0|
    |localC_536_reg_27181                                                    |   32|   0|   32|          0|
    |localC_537_reg_27193                                                    |   32|   0|   32|          0|
    |localC_538_reg_27205                                                    |   32|   0|   32|          0|
    |localC_539_reg_27217                                                    |   32|   0|   32|          0|
    |localC_53_reg_21385                                                     |   32|   0|   32|          0|
    |localC_540_reg_27229                                                    |   32|   0|   32|          0|
    |localC_541_reg_27241                                                    |   32|   0|   32|          0|
    |localC_542_reg_27253                                                    |   32|   0|   32|          0|
    |localC_543_reg_27265                                                    |   32|   0|   32|          0|
    |localC_544_reg_27277                                                    |   32|   0|   32|          0|
    |localC_545_reg_27289                                                    |   32|   0|   32|          0|
    |localC_546_reg_27301                                                    |   32|   0|   32|          0|
    |localC_547_reg_27313                                                    |   32|   0|   32|          0|
    |localC_548_reg_27325                                                    |   32|   0|   32|          0|
    |localC_549_reg_27337                                                    |   32|   0|   32|          0|
    |localC_54_reg_21397                                                     |   32|   0|   32|          0|
    |localC_550_reg_27349                                                    |   32|   0|   32|          0|
    |localC_551_reg_27361                                                    |   32|   0|   32|          0|
    |localC_552_reg_27373                                                    |   32|   0|   32|          0|
    |localC_553_reg_27385                                                    |   32|   0|   32|          0|
    |localC_554_reg_27397                                                    |   32|   0|   32|          0|
    |localC_555_reg_27409                                                    |   32|   0|   32|          0|
    |localC_556_reg_27421                                                    |   32|   0|   32|          0|
    |localC_557_reg_27433                                                    |   32|   0|   32|          0|
    |localC_558_reg_27445                                                    |   32|   0|   32|          0|
    |localC_559_reg_27457                                                    |   32|   0|   32|          0|
    |localC_55_reg_21409                                                     |   32|   0|   32|          0|
    |localC_560_reg_27469                                                    |   32|   0|   32|          0|
    |localC_561_reg_27481                                                    |   32|   0|   32|          0|
    |localC_562_reg_27493                                                    |   32|   0|   32|          0|
    |localC_563_reg_27505                                                    |   32|   0|   32|          0|
    |localC_564_reg_27517                                                    |   32|   0|   32|          0|
    |localC_565_reg_27529                                                    |   32|   0|   32|          0|
    |localC_566_reg_27541                                                    |   32|   0|   32|          0|
    |localC_567_reg_27553                                                    |   32|   0|   32|          0|
    |localC_568_reg_27565                                                    |   32|   0|   32|          0|
    |localC_569_reg_27577                                                    |   32|   0|   32|          0|
    |localC_56_reg_21421                                                     |   32|   0|   32|          0|
    |localC_570_reg_27589                                                    |   32|   0|   32|          0|
    |localC_571_reg_27601                                                    |   32|   0|   32|          0|
    |localC_572_reg_27613                                                    |   32|   0|   32|          0|
    |localC_573_reg_27625                                                    |   32|   0|   32|          0|
    |localC_574_reg_27637                                                    |   32|   0|   32|          0|
    |localC_575_reg_27649                                                    |   32|   0|   32|          0|
    |localC_576_reg_27661                                                    |   32|   0|   32|          0|
    |localC_577_reg_27673                                                    |   32|   0|   32|          0|
    |localC_578_reg_27685                                                    |   32|   0|   32|          0|
    |localC_579_reg_27697                                                    |   32|   0|   32|          0|
    |localC_57_reg_21433                                                     |   32|   0|   32|          0|
    |localC_580_reg_27709                                                    |   32|   0|   32|          0|
    |localC_581_reg_27721                                                    |   32|   0|   32|          0|
    |localC_582_reg_27733                                                    |   32|   0|   32|          0|
    |localC_583_reg_27745                                                    |   32|   0|   32|          0|
    |localC_584_reg_27757                                                    |   32|   0|   32|          0|
    |localC_585_reg_27769                                                    |   32|   0|   32|          0|
    |localC_586_reg_27781                                                    |   32|   0|   32|          0|
    |localC_587_reg_27793                                                    |   32|   0|   32|          0|
    |localC_588_reg_27805                                                    |   32|   0|   32|          0|
    |localC_589_reg_27817                                                    |   32|   0|   32|          0|
    |localC_58_reg_21445                                                     |   32|   0|   32|          0|
    |localC_590_reg_27829                                                    |   32|   0|   32|          0|
    |localC_591_reg_27841                                                    |   32|   0|   32|          0|
    |localC_592_reg_27853                                                    |   32|   0|   32|          0|
    |localC_593_reg_27865                                                    |   32|   0|   32|          0|
    |localC_594_reg_27877                                                    |   32|   0|   32|          0|
    |localC_595_reg_27889                                                    |   32|   0|   32|          0|
    |localC_596_reg_27901                                                    |   32|   0|   32|          0|
    |localC_597_reg_27913                                                    |   32|   0|   32|          0|
    |localC_598_reg_27925                                                    |   32|   0|   32|          0|
    |localC_599_reg_27937                                                    |   32|   0|   32|          0|
    |localC_59_reg_21457                                                     |   32|   0|   32|          0|
    |localC_5_reg_20809                                                      |   32|   0|   32|          0|
    |localC_600_reg_27949                                                    |   32|   0|   32|          0|
    |localC_601_reg_27961                                                    |   32|   0|   32|          0|
    |localC_602_reg_27973                                                    |   32|   0|   32|          0|
    |localC_603_reg_27985                                                    |   32|   0|   32|          0|
    |localC_604_reg_27997                                                    |   32|   0|   32|          0|
    |localC_605_reg_28009                                                    |   32|   0|   32|          0|
    |localC_606_reg_28021                                                    |   32|   0|   32|          0|
    |localC_607_reg_28033                                                    |   32|   0|   32|          0|
    |localC_608_reg_28045                                                    |   32|   0|   32|          0|
    |localC_609_reg_28057                                                    |   32|   0|   32|          0|
    |localC_60_reg_21469                                                     |   32|   0|   32|          0|
    |localC_610_reg_28069                                                    |   32|   0|   32|          0|
    |localC_611_reg_28081                                                    |   32|   0|   32|          0|
    |localC_612_reg_28093                                                    |   32|   0|   32|          0|
    |localC_613_reg_28105                                                    |   32|   0|   32|          0|
    |localC_614_reg_28117                                                    |   32|   0|   32|          0|
    |localC_615_reg_28129                                                    |   32|   0|   32|          0|
    |localC_616_reg_28141                                                    |   32|   0|   32|          0|
    |localC_617_reg_28153                                                    |   32|   0|   32|          0|
    |localC_618_reg_28165                                                    |   32|   0|   32|          0|
    |localC_619_reg_28177                                                    |   32|   0|   32|          0|
    |localC_61_reg_21481                                                     |   32|   0|   32|          0|
    |localC_620_reg_28189                                                    |   32|   0|   32|          0|
    |localC_621_reg_28201                                                    |   32|   0|   32|          0|
    |localC_622_reg_28213                                                    |   32|   0|   32|          0|
    |localC_623_reg_28225                                                    |   32|   0|   32|          0|
    |localC_624_reg_28237                                                    |   32|   0|   32|          0|
    |localC_625_reg_28249                                                    |   32|   0|   32|          0|
    |localC_626_reg_28261                                                    |   32|   0|   32|          0|
    |localC_627_reg_28273                                                    |   32|   0|   32|          0|
    |localC_628_reg_28285                                                    |   32|   0|   32|          0|
    |localC_629_reg_28297                                                    |   32|   0|   32|          0|
    |localC_62_reg_21493                                                     |   32|   0|   32|          0|
    |localC_630_reg_28309                                                    |   32|   0|   32|          0|
    |localC_631_reg_28321                                                    |   32|   0|   32|          0|
    |localC_632_reg_28333                                                    |   32|   0|   32|          0|
    |localC_633_reg_28345                                                    |   32|   0|   32|          0|
    |localC_634_reg_28357                                                    |   32|   0|   32|          0|
    |localC_635_reg_28369                                                    |   32|   0|   32|          0|
    |localC_636_reg_28381                                                    |   32|   0|   32|          0|
    |localC_637_reg_28393                                                    |   32|   0|   32|          0|
    |localC_638_reg_28405                                                    |   32|   0|   32|          0|
    |localC_639_reg_28417                                                    |   32|   0|   32|          0|
    |localC_63_reg_21505                                                     |   32|   0|   32|          0|
    |localC_640_reg_28429                                                    |   32|   0|   32|          0|
    |localC_641_reg_28441                                                    |   32|   0|   32|          0|
    |localC_642_reg_28453                                                    |   32|   0|   32|          0|
    |localC_643_reg_28465                                                    |   32|   0|   32|          0|
    |localC_644_reg_28477                                                    |   32|   0|   32|          0|
    |localC_645_reg_28489                                                    |   32|   0|   32|          0|
    |localC_646_reg_28501                                                    |   32|   0|   32|          0|
    |localC_647_reg_28513                                                    |   32|   0|   32|          0|
    |localC_648_reg_28525                                                    |   32|   0|   32|          0|
    |localC_649_reg_28537                                                    |   32|   0|   32|          0|
    |localC_64_reg_21517                                                     |   32|   0|   32|          0|
    |localC_650_reg_28549                                                    |   32|   0|   32|          0|
    |localC_651_reg_28561                                                    |   32|   0|   32|          0|
    |localC_652_reg_28573                                                    |   32|   0|   32|          0|
    |localC_653_reg_28585                                                    |   32|   0|   32|          0|
    |localC_654_reg_28597                                                    |   32|   0|   32|          0|
    |localC_655_reg_28609                                                    |   32|   0|   32|          0|
    |localC_656_reg_28621                                                    |   32|   0|   32|          0|
    |localC_657_reg_28633                                                    |   32|   0|   32|          0|
    |localC_658_reg_28645                                                    |   32|   0|   32|          0|
    |localC_659_reg_28657                                                    |   32|   0|   32|          0|
    |localC_65_reg_21529                                                     |   32|   0|   32|          0|
    |localC_660_reg_28669                                                    |   32|   0|   32|          0|
    |localC_661_reg_28681                                                    |   32|   0|   32|          0|
    |localC_662_reg_28693                                                    |   32|   0|   32|          0|
    |localC_663_reg_28705                                                    |   32|   0|   32|          0|
    |localC_664_reg_28717                                                    |   32|   0|   32|          0|
    |localC_665_reg_28729                                                    |   32|   0|   32|          0|
    |localC_666_reg_28741                                                    |   32|   0|   32|          0|
    |localC_667_reg_28753                                                    |   32|   0|   32|          0|
    |localC_668_reg_28765                                                    |   32|   0|   32|          0|
    |localC_669_reg_28777                                                    |   32|   0|   32|          0|
    |localC_66_reg_21541                                                     |   32|   0|   32|          0|
    |localC_670_reg_28789                                                    |   32|   0|   32|          0|
    |localC_671_reg_28801                                                    |   32|   0|   32|          0|
    |localC_672_reg_28813                                                    |   32|   0|   32|          0|
    |localC_673_reg_28825                                                    |   32|   0|   32|          0|
    |localC_674_reg_28837                                                    |   32|   0|   32|          0|
    |localC_675_reg_28849                                                    |   32|   0|   32|          0|
    |localC_676_reg_28861                                                    |   32|   0|   32|          0|
    |localC_677_reg_28873                                                    |   32|   0|   32|          0|
    |localC_678_reg_28885                                                    |   32|   0|   32|          0|
    |localC_679_reg_28897                                                    |   32|   0|   32|          0|
    |localC_67_reg_21553                                                     |   32|   0|   32|          0|
    |localC_680_reg_28909                                                    |   32|   0|   32|          0|
    |localC_681_reg_28921                                                    |   32|   0|   32|          0|
    |localC_682_reg_28933                                                    |   32|   0|   32|          0|
    |localC_683_reg_28945                                                    |   32|   0|   32|          0|
    |localC_684_reg_28957                                                    |   32|   0|   32|          0|
    |localC_685_reg_28969                                                    |   32|   0|   32|          0|
    |localC_686_reg_28981                                                    |   32|   0|   32|          0|
    |localC_687_reg_28993                                                    |   32|   0|   32|          0|
    |localC_688_reg_29005                                                    |   32|   0|   32|          0|
    |localC_689_reg_29017                                                    |   32|   0|   32|          0|
    |localC_68_reg_21565                                                     |   32|   0|   32|          0|
    |localC_690_reg_29029                                                    |   32|   0|   32|          0|
    |localC_691_reg_29041                                                    |   32|   0|   32|          0|
    |localC_692_reg_29053                                                    |   32|   0|   32|          0|
    |localC_693_reg_29065                                                    |   32|   0|   32|          0|
    |localC_694_reg_29077                                                    |   32|   0|   32|          0|
    |localC_695_reg_29089                                                    |   32|   0|   32|          0|
    |localC_696_reg_29101                                                    |   32|   0|   32|          0|
    |localC_697_reg_29113                                                    |   32|   0|   32|          0|
    |localC_698_reg_29125                                                    |   32|   0|   32|          0|
    |localC_699_reg_29137                                                    |   32|   0|   32|          0|
    |localC_69_reg_21577                                                     |   32|   0|   32|          0|
    |localC_6_reg_20821                                                      |   32|   0|   32|          0|
    |localC_700_reg_29149                                                    |   32|   0|   32|          0|
    |localC_701_reg_29161                                                    |   32|   0|   32|          0|
    |localC_702_reg_29173                                                    |   32|   0|   32|          0|
    |localC_703_reg_29185                                                    |   32|   0|   32|          0|
    |localC_704_reg_29197                                                    |   32|   0|   32|          0|
    |localC_705_reg_29209                                                    |   32|   0|   32|          0|
    |localC_706_reg_29221                                                    |   32|   0|   32|          0|
    |localC_707_reg_29233                                                    |   32|   0|   32|          0|
    |localC_708_reg_29245                                                    |   32|   0|   32|          0|
    |localC_709_reg_29257                                                    |   32|   0|   32|          0|
    |localC_70_reg_21589                                                     |   32|   0|   32|          0|
    |localC_710_reg_29269                                                    |   32|   0|   32|          0|
    |localC_711_reg_29281                                                    |   32|   0|   32|          0|
    |localC_712_reg_29293                                                    |   32|   0|   32|          0|
    |localC_713_reg_29305                                                    |   32|   0|   32|          0|
    |localC_714_reg_29317                                                    |   32|   0|   32|          0|
    |localC_715_reg_29329                                                    |   32|   0|   32|          0|
    |localC_716_reg_29341                                                    |   32|   0|   32|          0|
    |localC_717_reg_29353                                                    |   32|   0|   32|          0|
    |localC_718_reg_29365                                                    |   32|   0|   32|          0|
    |localC_719_reg_29377                                                    |   32|   0|   32|          0|
    |localC_71_reg_21601                                                     |   32|   0|   32|          0|
    |localC_720_reg_29389                                                    |   32|   0|   32|          0|
    |localC_721_reg_29401                                                    |   32|   0|   32|          0|
    |localC_722_reg_29413                                                    |   32|   0|   32|          0|
    |localC_723_reg_29425                                                    |   32|   0|   32|          0|
    |localC_724_reg_29437                                                    |   32|   0|   32|          0|
    |localC_725_reg_29449                                                    |   32|   0|   32|          0|
    |localC_726_reg_29461                                                    |   32|   0|   32|          0|
    |localC_727_reg_29473                                                    |   32|   0|   32|          0|
    |localC_728_reg_29485                                                    |   32|   0|   32|          0|
    |localC_729_reg_29497                                                    |   32|   0|   32|          0|
    |localC_72_reg_21613                                                     |   32|   0|   32|          0|
    |localC_730_reg_29509                                                    |   32|   0|   32|          0|
    |localC_731_reg_29521                                                    |   32|   0|   32|          0|
    |localC_732_reg_29533                                                    |   32|   0|   32|          0|
    |localC_733_reg_29545                                                    |   32|   0|   32|          0|
    |localC_734_reg_29557                                                    |   32|   0|   32|          0|
    |localC_735_reg_29569                                                    |   32|   0|   32|          0|
    |localC_736_reg_29581                                                    |   32|   0|   32|          0|
    |localC_737_reg_29593                                                    |   32|   0|   32|          0|
    |localC_738_reg_29605                                                    |   32|   0|   32|          0|
    |localC_739_reg_29617                                                    |   32|   0|   32|          0|
    |localC_73_reg_21625                                                     |   32|   0|   32|          0|
    |localC_740_reg_29629                                                    |   32|   0|   32|          0|
    |localC_741_reg_29641                                                    |   32|   0|   32|          0|
    |localC_742_reg_29653                                                    |   32|   0|   32|          0|
    |localC_743_reg_29665                                                    |   32|   0|   32|          0|
    |localC_744_reg_29677                                                    |   32|   0|   32|          0|
    |localC_745_reg_29689                                                    |   32|   0|   32|          0|
    |localC_746_reg_29701                                                    |   32|   0|   32|          0|
    |localC_747_reg_29713                                                    |   32|   0|   32|          0|
    |localC_748_reg_29725                                                    |   32|   0|   32|          0|
    |localC_749_reg_29737                                                    |   32|   0|   32|          0|
    |localC_74_reg_21637                                                     |   32|   0|   32|          0|
    |localC_750_reg_29749                                                    |   32|   0|   32|          0|
    |localC_751_reg_29761                                                    |   32|   0|   32|          0|
    |localC_752_reg_29773                                                    |   32|   0|   32|          0|
    |localC_753_reg_29785                                                    |   32|   0|   32|          0|
    |localC_754_reg_29797                                                    |   32|   0|   32|          0|
    |localC_755_reg_29809                                                    |   32|   0|   32|          0|
    |localC_756_reg_29821                                                    |   32|   0|   32|          0|
    |localC_757_reg_29833                                                    |   32|   0|   32|          0|
    |localC_758_reg_29845                                                    |   32|   0|   32|          0|
    |localC_759_reg_29857                                                    |   32|   0|   32|          0|
    |localC_75_reg_21649                                                     |   32|   0|   32|          0|
    |localC_760_reg_29869                                                    |   32|   0|   32|          0|
    |localC_761_reg_29881                                                    |   32|   0|   32|          0|
    |localC_762_reg_29893                                                    |   32|   0|   32|          0|
    |localC_763_reg_29905                                                    |   32|   0|   32|          0|
    |localC_764_reg_29917                                                    |   32|   0|   32|          0|
    |localC_765_reg_29929                                                    |   32|   0|   32|          0|
    |localC_766_reg_29941                                                    |   32|   0|   32|          0|
    |localC_767_reg_29953                                                    |   32|   0|   32|          0|
    |localC_768_reg_29965                                                    |   32|   0|   32|          0|
    |localC_769_reg_29977                                                    |   32|   0|   32|          0|
    |localC_76_reg_21661                                                     |   32|   0|   32|          0|
    |localC_770_reg_29989                                                    |   32|   0|   32|          0|
    |localC_771_reg_30001                                                    |   32|   0|   32|          0|
    |localC_772_reg_30013                                                    |   32|   0|   32|          0|
    |localC_773_reg_30025                                                    |   32|   0|   32|          0|
    |localC_774_reg_30037                                                    |   32|   0|   32|          0|
    |localC_775_reg_30049                                                    |   32|   0|   32|          0|
    |localC_776_reg_30061                                                    |   32|   0|   32|          0|
    |localC_777_reg_30073                                                    |   32|   0|   32|          0|
    |localC_778_reg_30085                                                    |   32|   0|   32|          0|
    |localC_779_reg_30097                                                    |   32|   0|   32|          0|
    |localC_77_reg_21673                                                     |   32|   0|   32|          0|
    |localC_780_reg_30109                                                    |   32|   0|   32|          0|
    |localC_781_reg_30121                                                    |   32|   0|   32|          0|
    |localC_782_reg_30133                                                    |   32|   0|   32|          0|
    |localC_783_reg_30145                                                    |   32|   0|   32|          0|
    |localC_784_reg_30157                                                    |   32|   0|   32|          0|
    |localC_785_reg_30169                                                    |   32|   0|   32|          0|
    |localC_786_reg_30181                                                    |   32|   0|   32|          0|
    |localC_787_reg_30193                                                    |   32|   0|   32|          0|
    |localC_788_reg_30205                                                    |   32|   0|   32|          0|
    |localC_789_reg_30217                                                    |   32|   0|   32|          0|
    |localC_78_reg_21685                                                     |   32|   0|   32|          0|
    |localC_790_reg_30229                                                    |   32|   0|   32|          0|
    |localC_791_reg_30241                                                    |   32|   0|   32|          0|
    |localC_792_reg_30253                                                    |   32|   0|   32|          0|
    |localC_793_reg_30265                                                    |   32|   0|   32|          0|
    |localC_794_reg_30277                                                    |   32|   0|   32|          0|
    |localC_795_reg_30289                                                    |   32|   0|   32|          0|
    |localC_796_reg_30301                                                    |   32|   0|   32|          0|
    |localC_797_reg_30313                                                    |   32|   0|   32|          0|
    |localC_798_reg_30325                                                    |   32|   0|   32|          0|
    |localC_799_reg_30337                                                    |   32|   0|   32|          0|
    |localC_79_reg_21697                                                     |   32|   0|   32|          0|
    |localC_7_reg_20833                                                      |   32|   0|   32|          0|
    |localC_800_reg_30349                                                    |   32|   0|   32|          0|
    |localC_801_reg_30361                                                    |   32|   0|   32|          0|
    |localC_802_reg_30373                                                    |   32|   0|   32|          0|
    |localC_803_reg_30385                                                    |   32|   0|   32|          0|
    |localC_804_reg_30397                                                    |   32|   0|   32|          0|
    |localC_805_reg_30409                                                    |   32|   0|   32|          0|
    |localC_806_reg_30421                                                    |   32|   0|   32|          0|
    |localC_807_reg_30433                                                    |   32|   0|   32|          0|
    |localC_808_reg_30445                                                    |   32|   0|   32|          0|
    |localC_809_reg_30457                                                    |   32|   0|   32|          0|
    |localC_80_reg_21709                                                     |   32|   0|   32|          0|
    |localC_810_reg_30469                                                    |   32|   0|   32|          0|
    |localC_811_reg_30481                                                    |   32|   0|   32|          0|
    |localC_812_reg_30493                                                    |   32|   0|   32|          0|
    |localC_813_reg_30505                                                    |   32|   0|   32|          0|
    |localC_814_reg_30517                                                    |   32|   0|   32|          0|
    |localC_815_reg_30529                                                    |   32|   0|   32|          0|
    |localC_816_reg_30541                                                    |   32|   0|   32|          0|
    |localC_817_reg_30553                                                    |   32|   0|   32|          0|
    |localC_818_reg_30565                                                    |   32|   0|   32|          0|
    |localC_819_reg_30577                                                    |   32|   0|   32|          0|
    |localC_81_reg_21721                                                     |   32|   0|   32|          0|
    |localC_820_reg_30589                                                    |   32|   0|   32|          0|
    |localC_821_reg_30601                                                    |   32|   0|   32|          0|
    |localC_822_reg_30613                                                    |   32|   0|   32|          0|
    |localC_823_reg_30625                                                    |   32|   0|   32|          0|
    |localC_824_reg_30637                                                    |   32|   0|   32|          0|
    |localC_825_reg_30649                                                    |   32|   0|   32|          0|
    |localC_826_reg_30661                                                    |   32|   0|   32|          0|
    |localC_827_reg_30673                                                    |   32|   0|   32|          0|
    |localC_828_reg_30685                                                    |   32|   0|   32|          0|
    |localC_829_reg_30697                                                    |   32|   0|   32|          0|
    |localC_82_reg_21733                                                     |   32|   0|   32|          0|
    |localC_830_reg_30709                                                    |   32|   0|   32|          0|
    |localC_831_reg_30721                                                    |   32|   0|   32|          0|
    |localC_832_reg_30733                                                    |   32|   0|   32|          0|
    |localC_833_reg_30745                                                    |   32|   0|   32|          0|
    |localC_834_reg_30757                                                    |   32|   0|   32|          0|
    |localC_835_reg_30769                                                    |   32|   0|   32|          0|
    |localC_836_reg_30781                                                    |   32|   0|   32|          0|
    |localC_837_reg_30793                                                    |   32|   0|   32|          0|
    |localC_838_reg_30805                                                    |   32|   0|   32|          0|
    |localC_839_reg_30817                                                    |   32|   0|   32|          0|
    |localC_83_reg_21745                                                     |   32|   0|   32|          0|
    |localC_840_reg_30829                                                    |   32|   0|   32|          0|
    |localC_841_reg_30841                                                    |   32|   0|   32|          0|
    |localC_842_reg_30853                                                    |   32|   0|   32|          0|
    |localC_843_reg_30865                                                    |   32|   0|   32|          0|
    |localC_844_reg_30877                                                    |   32|   0|   32|          0|
    |localC_845_reg_30889                                                    |   32|   0|   32|          0|
    |localC_846_reg_30901                                                    |   32|   0|   32|          0|
    |localC_847_reg_30913                                                    |   32|   0|   32|          0|
    |localC_848_reg_30925                                                    |   32|   0|   32|          0|
    |localC_849_reg_30937                                                    |   32|   0|   32|          0|
    |localC_84_reg_21757                                                     |   32|   0|   32|          0|
    |localC_850_reg_30949                                                    |   32|   0|   32|          0|
    |localC_851_reg_30961                                                    |   32|   0|   32|          0|
    |localC_852_reg_30973                                                    |   32|   0|   32|          0|
    |localC_853_reg_30985                                                    |   32|   0|   32|          0|
    |localC_854_reg_30997                                                    |   32|   0|   32|          0|
    |localC_855_reg_31009                                                    |   32|   0|   32|          0|
    |localC_856_reg_31021                                                    |   32|   0|   32|          0|
    |localC_857_reg_31033                                                    |   32|   0|   32|          0|
    |localC_858_reg_31045                                                    |   32|   0|   32|          0|
    |localC_859_reg_31057                                                    |   32|   0|   32|          0|
    |localC_85_reg_21769                                                     |   32|   0|   32|          0|
    |localC_860_reg_31069                                                    |   32|   0|   32|          0|
    |localC_861_reg_31081                                                    |   32|   0|   32|          0|
    |localC_862_reg_31093                                                    |   32|   0|   32|          0|
    |localC_863_reg_31105                                                    |   32|   0|   32|          0|
    |localC_864_reg_31117                                                    |   32|   0|   32|          0|
    |localC_865_reg_31129                                                    |   32|   0|   32|          0|
    |localC_866_reg_31141                                                    |   32|   0|   32|          0|
    |localC_867_reg_31153                                                    |   32|   0|   32|          0|
    |localC_868_reg_31165                                                    |   32|   0|   32|          0|
    |localC_869_reg_31177                                                    |   32|   0|   32|          0|
    |localC_86_reg_21781                                                     |   32|   0|   32|          0|
    |localC_870_reg_31189                                                    |   32|   0|   32|          0|
    |localC_871_reg_31201                                                    |   32|   0|   32|          0|
    |localC_872_reg_31213                                                    |   32|   0|   32|          0|
    |localC_873_reg_31225                                                    |   32|   0|   32|          0|
    |localC_874_reg_31237                                                    |   32|   0|   32|          0|
    |localC_875_reg_31249                                                    |   32|   0|   32|          0|
    |localC_876_reg_31261                                                    |   32|   0|   32|          0|
    |localC_877_reg_31273                                                    |   32|   0|   32|          0|
    |localC_878_reg_31285                                                    |   32|   0|   32|          0|
    |localC_879_reg_31297                                                    |   32|   0|   32|          0|
    |localC_87_reg_21793                                                     |   32|   0|   32|          0|
    |localC_880_reg_31309                                                    |   32|   0|   32|          0|
    |localC_881_reg_31321                                                    |   32|   0|   32|          0|
    |localC_882_reg_31333                                                    |   32|   0|   32|          0|
    |localC_883_reg_31345                                                    |   32|   0|   32|          0|
    |localC_884_reg_31357                                                    |   32|   0|   32|          0|
    |localC_885_reg_31369                                                    |   32|   0|   32|          0|
    |localC_886_reg_31381                                                    |   32|   0|   32|          0|
    |localC_887_reg_31393                                                    |   32|   0|   32|          0|
    |localC_888_reg_31405                                                    |   32|   0|   32|          0|
    |localC_889_reg_31417                                                    |   32|   0|   32|          0|
    |localC_88_reg_21805                                                     |   32|   0|   32|          0|
    |localC_890_reg_31429                                                    |   32|   0|   32|          0|
    |localC_891_reg_31441                                                    |   32|   0|   32|          0|
    |localC_892_reg_31453                                                    |   32|   0|   32|          0|
    |localC_893_reg_31465                                                    |   32|   0|   32|          0|
    |localC_894_reg_31477                                                    |   32|   0|   32|          0|
    |localC_895_reg_31489                                                    |   32|   0|   32|          0|
    |localC_896_reg_31501                                                    |   32|   0|   32|          0|
    |localC_897_reg_31513                                                    |   32|   0|   32|          0|
    |localC_898_reg_31525                                                    |   32|   0|   32|          0|
    |localC_899_reg_31537                                                    |   32|   0|   32|          0|
    |localC_89_reg_21817                                                     |   32|   0|   32|          0|
    |localC_8_reg_20845                                                      |   32|   0|   32|          0|
    |localC_900_reg_31549                                                    |   32|   0|   32|          0|
    |localC_901_reg_31561                                                    |   32|   0|   32|          0|
    |localC_902_reg_31573                                                    |   32|   0|   32|          0|
    |localC_903_reg_31585                                                    |   32|   0|   32|          0|
    |localC_904_reg_31597                                                    |   32|   0|   32|          0|
    |localC_905_reg_31609                                                    |   32|   0|   32|          0|
    |localC_906_reg_31621                                                    |   32|   0|   32|          0|
    |localC_907_reg_31633                                                    |   32|   0|   32|          0|
    |localC_908_reg_31645                                                    |   32|   0|   32|          0|
    |localC_909_reg_31657                                                    |   32|   0|   32|          0|
    |localC_90_reg_21829                                                     |   32|   0|   32|          0|
    |localC_910_reg_31669                                                    |   32|   0|   32|          0|
    |localC_911_reg_31681                                                    |   32|   0|   32|          0|
    |localC_912_reg_31693                                                    |   32|   0|   32|          0|
    |localC_913_reg_31705                                                    |   32|   0|   32|          0|
    |localC_914_reg_31717                                                    |   32|   0|   32|          0|
    |localC_915_reg_31729                                                    |   32|   0|   32|          0|
    |localC_916_reg_31741                                                    |   32|   0|   32|          0|
    |localC_917_reg_31753                                                    |   32|   0|   32|          0|
    |localC_918_reg_31765                                                    |   32|   0|   32|          0|
    |localC_919_reg_31777                                                    |   32|   0|   32|          0|
    |localC_91_reg_21841                                                     |   32|   0|   32|          0|
    |localC_920_reg_31789                                                    |   32|   0|   32|          0|
    |localC_921_reg_31801                                                    |   32|   0|   32|          0|
    |localC_922_reg_31813                                                    |   32|   0|   32|          0|
    |localC_923_reg_31825                                                    |   32|   0|   32|          0|
    |localC_924_reg_31837                                                    |   32|   0|   32|          0|
    |localC_925_reg_31849                                                    |   32|   0|   32|          0|
    |localC_926_reg_31861                                                    |   32|   0|   32|          0|
    |localC_927_reg_31873                                                    |   32|   0|   32|          0|
    |localC_928_reg_31885                                                    |   32|   0|   32|          0|
    |localC_929_reg_31897                                                    |   32|   0|   32|          0|
    |localC_92_reg_21853                                                     |   32|   0|   32|          0|
    |localC_930_reg_31909                                                    |   32|   0|   32|          0|
    |localC_931_reg_31921                                                    |   32|   0|   32|          0|
    |localC_932_reg_31933                                                    |   32|   0|   32|          0|
    |localC_933_reg_31945                                                    |   32|   0|   32|          0|
    |localC_934_reg_31957                                                    |   32|   0|   32|          0|
    |localC_935_reg_31969                                                    |   32|   0|   32|          0|
    |localC_936_reg_31981                                                    |   32|   0|   32|          0|
    |localC_937_reg_31993                                                    |   32|   0|   32|          0|
    |localC_938_reg_32005                                                    |   32|   0|   32|          0|
    |localC_939_reg_32017                                                    |   32|   0|   32|          0|
    |localC_93_reg_21865                                                     |   32|   0|   32|          0|
    |localC_940_reg_32029                                                    |   32|   0|   32|          0|
    |localC_941_reg_32041                                                    |   32|   0|   32|          0|
    |localC_942_reg_32053                                                    |   32|   0|   32|          0|
    |localC_943_reg_32065                                                    |   32|   0|   32|          0|
    |localC_944_reg_32077                                                    |   32|   0|   32|          0|
    |localC_945_reg_32089                                                    |   32|   0|   32|          0|
    |localC_946_reg_32101                                                    |   32|   0|   32|          0|
    |localC_947_reg_32113                                                    |   32|   0|   32|          0|
    |localC_948_reg_32125                                                    |   32|   0|   32|          0|
    |localC_949_reg_32137                                                    |   32|   0|   32|          0|
    |localC_94_reg_21877                                                     |   32|   0|   32|          0|
    |localC_950_reg_32149                                                    |   32|   0|   32|          0|
    |localC_951_reg_32161                                                    |   32|   0|   32|          0|
    |localC_952_reg_32173                                                    |   32|   0|   32|          0|
    |localC_953_reg_32185                                                    |   32|   0|   32|          0|
    |localC_954_reg_32197                                                    |   32|   0|   32|          0|
    |localC_955_reg_32209                                                    |   32|   0|   32|          0|
    |localC_956_reg_32221                                                    |   32|   0|   32|          0|
    |localC_957_reg_32233                                                    |   32|   0|   32|          0|
    |localC_958_reg_32245                                                    |   32|   0|   32|          0|
    |localC_959_reg_32257                                                    |   32|   0|   32|          0|
    |localC_95_reg_21889                                                     |   32|   0|   32|          0|
    |localC_960_reg_32269                                                    |   32|   0|   32|          0|
    |localC_961_reg_32281                                                    |   32|   0|   32|          0|
    |localC_962_reg_32293                                                    |   32|   0|   32|          0|
    |localC_963_reg_32305                                                    |   32|   0|   32|          0|
    |localC_964_reg_32317                                                    |   32|   0|   32|          0|
    |localC_965_reg_32329                                                    |   32|   0|   32|          0|
    |localC_966_reg_32341                                                    |   32|   0|   32|          0|
    |localC_967_reg_32353                                                    |   32|   0|   32|          0|
    |localC_968_reg_32365                                                    |   32|   0|   32|          0|
    |localC_969_reg_32377                                                    |   32|   0|   32|          0|
    |localC_96_reg_21901                                                     |   32|   0|   32|          0|
    |localC_970_reg_32389                                                    |   32|   0|   32|          0|
    |localC_971_reg_32401                                                    |   32|   0|   32|          0|
    |localC_972_reg_32413                                                    |   32|   0|   32|          0|
    |localC_973_reg_32425                                                    |   32|   0|   32|          0|
    |localC_974_reg_32437                                                    |   32|   0|   32|          0|
    |localC_975_reg_32449                                                    |   32|   0|   32|          0|
    |localC_976_reg_32461                                                    |   32|   0|   32|          0|
    |localC_977_reg_32473                                                    |   32|   0|   32|          0|
    |localC_978_reg_32485                                                    |   32|   0|   32|          0|
    |localC_979_reg_32497                                                    |   32|   0|   32|          0|
    |localC_97_reg_21913                                                     |   32|   0|   32|          0|
    |localC_980_reg_32509                                                    |   32|   0|   32|          0|
    |localC_981_reg_32521                                                    |   32|   0|   32|          0|
    |localC_982_reg_32533                                                    |   32|   0|   32|          0|
    |localC_983_reg_32545                                                    |   32|   0|   32|          0|
    |localC_984_reg_32557                                                    |   32|   0|   32|          0|
    |localC_985_reg_32569                                                    |   32|   0|   32|          0|
    |localC_986_reg_32581                                                    |   32|   0|   32|          0|
    |localC_987_reg_32593                                                    |   32|   0|   32|          0|
    |localC_988_reg_32605                                                    |   32|   0|   32|          0|
    |localC_989_reg_32617                                                    |   32|   0|   32|          0|
    |localC_98_reg_21925                                                     |   32|   0|   32|          0|
    |localC_990_reg_32629                                                    |   32|   0|   32|          0|
    |localC_991_reg_32641                                                    |   32|   0|   32|          0|
    |localC_992_reg_32653                                                    |   32|   0|   32|          0|
    |localC_993_reg_32665                                                    |   32|   0|   32|          0|
    |localC_994_reg_32677                                                    |   32|   0|   32|          0|
    |localC_995_reg_32689                                                    |   32|   0|   32|          0|
    |localC_996_reg_32701                                                    |   32|   0|   32|          0|
    |localC_997_reg_32713                                                    |   32|   0|   32|          0|
    |localC_998_reg_32725                                                    |   32|   0|   32|          0|
    |localC_999_reg_32737                                                    |   32|   0|   32|          0|
    |localC_99_reg_21937                                                     |   32|   0|   32|          0|
    |localC_9_reg_20857                                                      |   32|   0|   32|          0|
    |localC_reg_20749                                                        |   32|   0|   32|          0|
    |mul_ln110_reg_105364                                                    |   64|   0|   64|          0|
    |mul_ln119_reg_105379                                                    |  118|   0|  118|          0|
    |mul_ln96_1_reg_93012                                                    |   64|   0|   64|          0|
    |select_ln132_1_reg_105397                                               |   64|   0|   64|          0|
    |select_ln132_2_reg_105405                                               |   64|   0|   64|          0|
    |sext_ln110_2_reg_105317                                                 |   33|   0|   33|          0|
    |sext_ln110_5_reg_105333                                                 |   56|   0|   64|          8|
    |sext_ln110_reg_105312                                                   |   64|   0|   64|          0|
    |sext_ln119_reg_105384                                                   |   64|   0|   64|          0|
    |sext_ln166_reg_105417                                                   |   59|   0|   64|          5|
    |trunc_ln110_reg_105369                                                  |   62|   0|   62|          0|
    |trunc_ln111_1_reg_105359                                                |   31|   0|   31|          0|
    |trunc_ln132_reg_105412                                                  |   62|   0|   62|          0|
    |trunc_ln223_reg_111574                                                  |   62|   0|   62|          0|
    |zext_ln110_1_reg_105328                                                 |   59|   0|  118|         59|
    |zext_ln110_reg_105323                                                   |   32|   0|   64|         32|
    +------------------------------------------------------------------------+-----+----+-----+-----------+
    |Total                                                                   |51207|   0|51311|        104|
    +------------------------------------------------------------------------+-----+----+-----+-----------+



================================================================
== Interface
================================================================
* Summary: 
+-----------------------+-----+-----+------------+--------------+--------------+
|       RTL Ports       | Dir | Bits|  Protocol  | Source Object|    C Type    |
+-----------------------+-----+-----+------------+--------------+--------------+
|s_axi_control_AWVALID  |   in|    1|       s_axi|       control|        scalar|
|s_axi_control_AWREADY  |  out|    1|       s_axi|       control|        scalar|
|s_axi_control_AWADDR   |   in|    7|       s_axi|       control|        scalar|
|s_axi_control_WVALID   |   in|    1|       s_axi|       control|        scalar|
|s_axi_control_WREADY   |  out|    1|       s_axi|       control|        scalar|
|s_axi_control_WDATA    |   in|   32|       s_axi|       control|        scalar|
|s_axi_control_WSTRB    |   in|    4|       s_axi|       control|        scalar|
|s_axi_control_ARVALID  |   in|    1|       s_axi|       control|        scalar|
|s_axi_control_ARREADY  |  out|    1|       s_axi|       control|        scalar|
|s_axi_control_ARADDR   |   in|    7|       s_axi|       control|        scalar|
|s_axi_control_RVALID   |  out|    1|       s_axi|       control|        scalar|
|s_axi_control_RREADY   |   in|    1|       s_axi|       control|        scalar|
|s_axi_control_RDATA    |  out|   32|       s_axi|       control|        scalar|
|s_axi_control_RRESP    |  out|    2|       s_axi|       control|        scalar|
|s_axi_control_BVALID   |  out|    1|       s_axi|       control|        scalar|
|s_axi_control_BREADY   |   in|    1|       s_axi|       control|        scalar|
|s_axi_control_BRESP    |  out|    2|       s_axi|       control|        scalar|
|ap_clk                 |   in|    1|  ap_ctrl_hs|   mmult_accel|  return value|
|ap_rst_n               |   in|    1|  ap_ctrl_hs|   mmult_accel|  return value|
|interrupt              |  out|    1|  ap_ctrl_hs|   mmult_accel|  return value|
|m_axi_gmemA_AWVALID    |  out|    1|       m_axi|         gmemA|       pointer|
|m_axi_gmemA_AWREADY    |   in|    1|       m_axi|         gmemA|       pointer|
|m_axi_gmemA_AWADDR     |  out|   64|       m_axi|         gmemA|       pointer|
|m_axi_gmemA_AWID       |  out|    1|       m_axi|         gmemA|       pointer|
|m_axi_gmemA_AWLEN      |  out|    8|       m_axi|         gmemA|       pointer|
|m_axi_gmemA_AWSIZE     |  out|    3|       m_axi|         gmemA|       pointer|
|m_axi_gmemA_AWBURST    |  out|    2|       m_axi|         gmemA|       pointer|
|m_axi_gmemA_AWLOCK     |  out|    2|       m_axi|         gmemA|       pointer|
|m_axi_gmemA_AWCACHE    |  out|    4|       m_axi|         gmemA|       pointer|
|m_axi_gmemA_AWPROT     |  out|    3|       m_axi|         gmemA|       pointer|
|m_axi_gmemA_AWQOS      |  out|    4|       m_axi|         gmemA|       pointer|
|m_axi_gmemA_AWREGION   |  out|    4|       m_axi|         gmemA|       pointer|
|m_axi_gmemA_AWUSER     |  out|    1|       m_axi|         gmemA|       pointer|
|m_axi_gmemA_WVALID     |  out|    1|       m_axi|         gmemA|       pointer|
|m_axi_gmemA_WREADY     |   in|    1|       m_axi|         gmemA|       pointer|
|m_axi_gmemA_WDATA      |  out|   32|       m_axi|         gmemA|       pointer|
|m_axi_gmemA_WSTRB      |  out|    4|       m_axi|         gmemA|       pointer|
|m_axi_gmemA_WLAST      |  out|    1|       m_axi|         gmemA|       pointer|
|m_axi_gmemA_WID        |  out|    1|       m_axi|         gmemA|       pointer|
|m_axi_gmemA_WUSER      |  out|    1|       m_axi|         gmemA|       pointer|
|m_axi_gmemA_ARVALID    |  out|    1|       m_axi|         gmemA|       pointer|
|m_axi_gmemA_ARREADY    |   in|    1|       m_axi|         gmemA|       pointer|
|m_axi_gmemA_ARADDR     |  out|   64|       m_axi|         gmemA|       pointer|
|m_axi_gmemA_ARID       |  out|    1|       m_axi|         gmemA|       pointer|
|m_axi_gmemA_ARLEN      |  out|    8|       m_axi|         gmemA|       pointer|
|m_axi_gmemA_ARSIZE     |  out|    3|       m_axi|         gmemA|       pointer|
|m_axi_gmemA_ARBURST    |  out|    2|       m_axi|         gmemA|       pointer|
|m_axi_gmemA_ARLOCK     |  out|    2|       m_axi|         gmemA|       pointer|
|m_axi_gmemA_ARCACHE    |  out|    4|       m_axi|         gmemA|       pointer|
|m_axi_gmemA_ARPROT     |  out|    3|       m_axi|         gmemA|       pointer|
|m_axi_gmemA_ARQOS      |  out|    4|       m_axi|         gmemA|       pointer|
|m_axi_gmemA_ARREGION   |  out|    4|       m_axi|         gmemA|       pointer|
|m_axi_gmemA_ARUSER     |  out|    1|       m_axi|         gmemA|       pointer|
|m_axi_gmemA_RVALID     |   in|    1|       m_axi|         gmemA|       pointer|
|m_axi_gmemA_RREADY     |  out|    1|       m_axi|         gmemA|       pointer|
|m_axi_gmemA_RDATA      |   in|   32|       m_axi|         gmemA|       pointer|
|m_axi_gmemA_RLAST      |   in|    1|       m_axi|         gmemA|       pointer|
|m_axi_gmemA_RID        |   in|    1|       m_axi|         gmemA|       pointer|
|m_axi_gmemA_RUSER      |   in|    1|       m_axi|         gmemA|       pointer|
|m_axi_gmemA_RRESP      |   in|    2|       m_axi|         gmemA|       pointer|
|m_axi_gmemA_BVALID     |   in|    1|       m_axi|         gmemA|       pointer|
|m_axi_gmemA_BREADY     |  out|    1|       m_axi|         gmemA|       pointer|
|m_axi_gmemA_BRESP      |   in|    2|       m_axi|         gmemA|       pointer|
|m_axi_gmemA_BID        |   in|    1|       m_axi|         gmemA|       pointer|
|m_axi_gmemA_BUSER      |   in|    1|       m_axi|         gmemA|       pointer|
|m_axi_gmemB_AWVALID    |  out|    1|       m_axi|         gmemB|       pointer|
|m_axi_gmemB_AWREADY    |   in|    1|       m_axi|         gmemB|       pointer|
|m_axi_gmemB_AWADDR     |  out|   64|       m_axi|         gmemB|       pointer|
|m_axi_gmemB_AWID       |  out|    1|       m_axi|         gmemB|       pointer|
|m_axi_gmemB_AWLEN      |  out|    8|       m_axi|         gmemB|       pointer|
|m_axi_gmemB_AWSIZE     |  out|    3|       m_axi|         gmemB|       pointer|
|m_axi_gmemB_AWBURST    |  out|    2|       m_axi|         gmemB|       pointer|
|m_axi_gmemB_AWLOCK     |  out|    2|       m_axi|         gmemB|       pointer|
|m_axi_gmemB_AWCACHE    |  out|    4|       m_axi|         gmemB|       pointer|
|m_axi_gmemB_AWPROT     |  out|    3|       m_axi|         gmemB|       pointer|
|m_axi_gmemB_AWQOS      |  out|    4|       m_axi|         gmemB|       pointer|
|m_axi_gmemB_AWREGION   |  out|    4|       m_axi|         gmemB|       pointer|
|m_axi_gmemB_AWUSER     |  out|    1|       m_axi|         gmemB|       pointer|
|m_axi_gmemB_WVALID     |  out|    1|       m_axi|         gmemB|       pointer|
|m_axi_gmemB_WREADY     |   in|    1|       m_axi|         gmemB|       pointer|
|m_axi_gmemB_WDATA      |  out|   32|       m_axi|         gmemB|       pointer|
|m_axi_gmemB_WSTRB      |  out|    4|       m_axi|         gmemB|       pointer|
|m_axi_gmemB_WLAST      |  out|    1|       m_axi|         gmemB|       pointer|
|m_axi_gmemB_WID        |  out|    1|       m_axi|         gmemB|       pointer|
|m_axi_gmemB_WUSER      |  out|    1|       m_axi|         gmemB|       pointer|
|m_axi_gmemB_ARVALID    |  out|    1|       m_axi|         gmemB|       pointer|
|m_axi_gmemB_ARREADY    |   in|    1|       m_axi|         gmemB|       pointer|
|m_axi_gmemB_ARADDR     |  out|   64|       m_axi|         gmemB|       pointer|
|m_axi_gmemB_ARID       |  out|    1|       m_axi|         gmemB|       pointer|
|m_axi_gmemB_ARLEN      |  out|    8|       m_axi|         gmemB|       pointer|
|m_axi_gmemB_ARSIZE     |  out|    3|       m_axi|         gmemB|       pointer|
|m_axi_gmemB_ARBURST    |  out|    2|       m_axi|         gmemB|       pointer|
|m_axi_gmemB_ARLOCK     |  out|    2|       m_axi|         gmemB|       pointer|
|m_axi_gmemB_ARCACHE    |  out|    4|       m_axi|         gmemB|       pointer|
|m_axi_gmemB_ARPROT     |  out|    3|       m_axi|         gmemB|       pointer|
|m_axi_gmemB_ARQOS      |  out|    4|       m_axi|         gmemB|       pointer|
|m_axi_gmemB_ARREGION   |  out|    4|       m_axi|         gmemB|       pointer|
|m_axi_gmemB_ARUSER     |  out|    1|       m_axi|         gmemB|       pointer|
|m_axi_gmemB_RVALID     |   in|    1|       m_axi|         gmemB|       pointer|
|m_axi_gmemB_RREADY     |  out|    1|       m_axi|         gmemB|       pointer|
|m_axi_gmemB_RDATA      |   in|   32|       m_axi|         gmemB|       pointer|
|m_axi_gmemB_RLAST      |   in|    1|       m_axi|         gmemB|       pointer|
|m_axi_gmemB_RID        |   in|    1|       m_axi|         gmemB|       pointer|
|m_axi_gmemB_RUSER      |   in|    1|       m_axi|         gmemB|       pointer|
|m_axi_gmemB_RRESP      |   in|    2|       m_axi|         gmemB|       pointer|
|m_axi_gmemB_BVALID     |   in|    1|       m_axi|         gmemB|       pointer|
|m_axi_gmemB_BREADY     |  out|    1|       m_axi|         gmemB|       pointer|
|m_axi_gmemB_BRESP      |   in|    2|       m_axi|         gmemB|       pointer|
|m_axi_gmemB_BID        |   in|    1|       m_axi|         gmemB|       pointer|
|m_axi_gmemB_BUSER      |   in|    1|       m_axi|         gmemB|       pointer|
|m_axi_gmemC_AWVALID    |  out|    1|       m_axi|         gmemC|       pointer|
|m_axi_gmemC_AWREADY    |   in|    1|       m_axi|         gmemC|       pointer|
|m_axi_gmemC_AWADDR     |  out|   64|       m_axi|         gmemC|       pointer|
|m_axi_gmemC_AWID       |  out|    1|       m_axi|         gmemC|       pointer|
|m_axi_gmemC_AWLEN      |  out|    8|       m_axi|         gmemC|       pointer|
|m_axi_gmemC_AWSIZE     |  out|    3|       m_axi|         gmemC|       pointer|
|m_axi_gmemC_AWBURST    |  out|    2|       m_axi|         gmemC|       pointer|
|m_axi_gmemC_AWLOCK     |  out|    2|       m_axi|         gmemC|       pointer|
|m_axi_gmemC_AWCACHE    |  out|    4|       m_axi|         gmemC|       pointer|
|m_axi_gmemC_AWPROT     |  out|    3|       m_axi|         gmemC|       pointer|
|m_axi_gmemC_AWQOS      |  out|    4|       m_axi|         gmemC|       pointer|
|m_axi_gmemC_AWREGION   |  out|    4|       m_axi|         gmemC|       pointer|
|m_axi_gmemC_AWUSER     |  out|    1|       m_axi|         gmemC|       pointer|
|m_axi_gmemC_WVALID     |  out|    1|       m_axi|         gmemC|       pointer|
|m_axi_gmemC_WREADY     |   in|    1|       m_axi|         gmemC|       pointer|
|m_axi_gmemC_WDATA      |  out|   32|       m_axi|         gmemC|       pointer|
|m_axi_gmemC_WSTRB      |  out|    4|       m_axi|         gmemC|       pointer|
|m_axi_gmemC_WLAST      |  out|    1|       m_axi|         gmemC|       pointer|
|m_axi_gmemC_WID        |  out|    1|       m_axi|         gmemC|       pointer|
|m_axi_gmemC_WUSER      |  out|    1|       m_axi|         gmemC|       pointer|
|m_axi_gmemC_ARVALID    |  out|    1|       m_axi|         gmemC|       pointer|
|m_axi_gmemC_ARREADY    |   in|    1|       m_axi|         gmemC|       pointer|
|m_axi_gmemC_ARADDR     |  out|   64|       m_axi|         gmemC|       pointer|
|m_axi_gmemC_ARID       |  out|    1|       m_axi|         gmemC|       pointer|
|m_axi_gmemC_ARLEN      |  out|    8|       m_axi|         gmemC|       pointer|
|m_axi_gmemC_ARSIZE     |  out|    3|       m_axi|         gmemC|       pointer|
|m_axi_gmemC_ARBURST    |  out|    2|       m_axi|         gmemC|       pointer|
|m_axi_gmemC_ARLOCK     |  out|    2|       m_axi|         gmemC|       pointer|
|m_axi_gmemC_ARCACHE    |  out|    4|       m_axi|         gmemC|       pointer|
|m_axi_gmemC_ARPROT     |  out|    3|       m_axi|         gmemC|       pointer|
|m_axi_gmemC_ARQOS      |  out|    4|       m_axi|         gmemC|       pointer|
|m_axi_gmemC_ARREGION   |  out|    4|       m_axi|         gmemC|       pointer|
|m_axi_gmemC_ARUSER     |  out|    1|       m_axi|         gmemC|       pointer|
|m_axi_gmemC_RVALID     |   in|    1|       m_axi|         gmemC|       pointer|
|m_axi_gmemC_RREADY     |  out|    1|       m_axi|         gmemC|       pointer|
|m_axi_gmemC_RDATA      |   in|   32|       m_axi|         gmemC|       pointer|
|m_axi_gmemC_RLAST      |   in|    1|       m_axi|         gmemC|       pointer|
|m_axi_gmemC_RID        |   in|    1|       m_axi|         gmemC|       pointer|
|m_axi_gmemC_RUSER      |   in|    1|       m_axi|         gmemC|       pointer|
|m_axi_gmemC_RRESP      |   in|    2|       m_axi|         gmemC|       pointer|
|m_axi_gmemC_BVALID     |   in|    1|       m_axi|         gmemC|       pointer|
|m_axi_gmemC_BREADY     |  out|    1|       m_axi|         gmemC|       pointer|
|m_axi_gmemC_BRESP      |   in|    2|       m_axi|         gmemC|       pointer|
|m_axi_gmemC_BID        |   in|    1|       m_axi|         gmemC|       pointer|
|m_axi_gmemC_BUSER      |   in|    1|       m_axi|         gmemC|       pointer|
+-----------------------+-----+-----+------------+--------------+--------------+

