

================================================================
== Vitis HLS Report for 'mmult_accel_Pipeline_loadA_VITIS_LOOP_171_4'
================================================================
* Date:           Thu Jul 23 14:53:25 2026

* Version:        2022.2 (Build 3670227 on Oct 13 2022)
* Project:        mmult_accel_hls
* Solution:       solution1 (Vivado IP Flow Target)
* Product family: zynquplus
* Target device:  xck26-sfvc784-2LV-c


================================================================
== Performance Estimates
================================================================
+ Timing: 
    * Summary: 
    +--------+----------+----------+------------+
    |  Clock |  Target  | Estimated| Uncertainty|
    +--------+----------+----------+------------+
    |ap_clk  |  10.00 ns|  4.214 ns|     2.70 ns|
    +--------+----------+----------+------------+

+ Latency: 
    * Summary: 
    +---------+---------+-----------+-----------+------+------+---------+
    |  Latency (cycles) |   Latency (absolute)  |   Interval  | Pipeline|
    |   min   |   max   |    min    |    max    |  min |  max |   Type  |
    +---------+---------+-----------+-----------+------+------+---------+
    |     1026|     1026|  10.260 us|  10.260 us|  1026|  1026|       no|
    +---------+---------+-----------+-----------+------+------+---------+

    + Detail: 
        * Instance: 
        N/A

        * Loop: 
        +--------------------------+---------+---------+----------+-----------+-----------+------+----------+
        |                          |  Latency (cycles) | Iteration|  Initiation Interval  | Trip |          |
        |         Loop Name        |   min   |   max   |  Latency |  achieved |   target  | Count| Pipelined|
        +--------------------------+---------+---------+----------+-----------+-----------+------+----------+
        |- loadA_VITIS_LOOP_171_4  |     1024|     1024|         2|          1|          1|  1024|       yes|
        +--------------------------+---------+---------+----------+-----------+-----------+------+----------+



================================================================
== Utilization Estimates
================================================================
* Summary: 
+-----------------+---------+------+--------+--------+-----+
|       Name      | BRAM_18K|  DSP |   FF   |   LUT  | URAM|
+-----------------+---------+------+--------+--------+-----+
|DSP              |        -|     -|       -|       -|    -|
|Expression       |        -|     -|       0|    4576|    -|
|FIFO             |        -|     -|       -|       -|    -|
|Instance         |        -|     -|       -|       -|    -|
|Memory           |        -|     -|       -|       -|    -|
|Multiplexer      |        -|     -|       -|   14408|    -|
|Register         |        -|     -|    8229|       -|    -|
+-----------------+---------+------+--------+--------+-----+
|Total            |        0|     0|    8229|   18984|    0|
+-----------------+---------+------+--------+--------+-----+
|Available        |      288|  1248|  234240|  117120|   64|
+-----------------+---------+------+--------+--------+-----+
|Utilization (%)  |        0|     0|       3|      16|    0|
+-----------------+---------+------+--------+--------+-----+

+ Detail: 
    * Instance: 
    N/A

    * DSP: 
    N/A

    * Memory: 
    N/A

    * FIFO: 
    N/A

    * Expression: 
    +----------------------------+----------+----+---+----+------------+------------+
    |        Variable Name       | Operation| DSP| FF| LUT| Bitwidth P0| Bitwidth P1|
    +----------------------------+----------+----+---+----+------------+------------+
    |add_ln170_1_fu_26852_p2     |         +|   0|  0|  18|          11|           1|
    |add_ln170_fu_26861_p2       |         +|   0|  0|  13|           6|           1|
    |add_ln171_fu_32116_p2       |         +|   0|  0|  13|           6|           1|
    |add_ln174_fu_26959_p2       |         +|   0|  0|  71|          64|          64|
    |add_ln176_fu_26969_p2       |         +|   0|  0|  16|          16|          16|
    |empty_fu_26834_p2           |         +|   0|  0|  71|          64|          64|
    |p_mid125_fu_26885_p2        |         +|   0|  0|  71|          64|          64|
    |sub_ln176_fu_26923_p2       |         -|   0|  0|  16|          16|          16|
    |and_ln175_fu_26986_p2       |       and|   0|  0|   2|           1|           1|
    |ap_condition_13804          |       and|   0|  0|   2|           1|           1|
    |ap_condition_13809          |       and|   0|  0|   2|           1|           1|
    |ap_condition_13813          |       and|   0|  0|   2|           1|           1|
    |ap_condition_13818          |       and|   0|  0|   2|           1|           1|
    |ap_condition_13822          |       and|   0|  0|   2|           1|           1|
    |ap_condition_13827          |       and|   0|  0|   2|           1|           1|
    |ap_condition_13831          |       and|   0|  0|   2|           1|           1|
    |ap_condition_13836          |       and|   0|  0|   2|           1|           1|
    |ap_condition_13840          |       and|   0|  0|   2|           1|           1|
    |ap_condition_13845          |       and|   0|  0|   2|           1|           1|
    |ap_condition_13849          |       and|   0|  0|   2|           1|           1|
    |ap_condition_13854          |       and|   0|  0|   2|           1|           1|
    |ap_condition_13858          |       and|   0|  0|   2|           1|           1|
    |ap_condition_13863          |       and|   0|  0|   2|           1|           1|
    |ap_condition_13867          |       and|   0|  0|   2|           1|           1|
    |ap_condition_13872          |       and|   0|  0|   2|           1|           1|
    |ap_condition_13876          |       and|   0|  0|   2|           1|           1|
    |ap_condition_13881          |       and|   0|  0|   2|           1|           1|
    |ap_condition_13885          |       and|   0|  0|   2|           1|           1|
    |ap_condition_13890          |       and|   0|  0|   2|           1|           1|
    |ap_condition_13894          |       and|   0|  0|   2|           1|           1|
    |ap_condition_13899          |       and|   0|  0|   2|           1|           1|
    |ap_condition_13903          |       and|   0|  0|   2|           1|           1|
    |ap_condition_13908          |       and|   0|  0|   2|           1|           1|
    |ap_condition_13912          |       and|   0|  0|   2|           1|           1|
    |ap_condition_13917          |       and|   0|  0|   2|           1|           1|
    |ap_condition_13921          |       and|   0|  0|   2|           1|           1|
    |ap_condition_13926          |       and|   0|  0|   2|           1|           1|
    |ap_condition_13930          |       and|   0|  0|   2|           1|           1|
    |ap_condition_13935          |       and|   0|  0|   2|           1|           1|
    |ap_condition_13939          |       and|   0|  0|   2|           1|           1|
    |ap_condition_13944          |       and|   0|  0|   2|           1|           1|
    |ap_condition_13948          |       and|   0|  0|   2|           1|           1|
    |ap_condition_13953          |       and|   0|  0|   2|           1|           1|
    |ap_condition_13957          |       and|   0|  0|   2|           1|           1|
    |ap_condition_13962          |       and|   0|  0|   2|           1|           1|
    |ap_condition_13966          |       and|   0|  0|   2|           1|           1|
    |ap_condition_13971          |       and|   0|  0|   2|           1|           1|
    |ap_condition_13975          |       and|   0|  0|   2|           1|           1|
    |ap_condition_13980          |       and|   0|  0|   2|           1|           1|
    |ap_condition_13984          |       and|   0|  0|   2|           1|           1|
    |ap_condition_13989          |       and|   0|  0|   2|           1|           1|
    |ap_condition_13993          |       and|   0|  0|   2|           1|           1|
    |ap_condition_13998          |       and|   0|  0|   2|           1|           1|
    |ap_condition_14002          |       and|   0|  0|   2|           1|           1|
    |ap_condition_14007          |       and|   0|  0|   2|           1|           1|
    |ap_condition_14011          |       and|   0|  0|   2|           1|           1|
    |ap_condition_14016          |       and|   0|  0|   2|           1|           1|
    |ap_condition_14020          |       and|   0|  0|   2|           1|           1|
    |ap_condition_14025          |       and|   0|  0|   2|           1|           1|
    |ap_condition_14029          |       and|   0|  0|   2|           1|           1|
    |ap_condition_14034          |       and|   0|  0|   2|           1|           1|
    |ap_condition_14038          |       and|   0|  0|   2|           1|           1|
    |ap_condition_14043          |       and|   0|  0|   2|           1|           1|
    |ap_condition_14047          |       and|   0|  0|   2|           1|           1|
    |ap_condition_14052          |       and|   0|  0|   2|           1|           1|
    |ap_condition_14056          |       and|   0|  0|   2|           1|           1|
    |ap_condition_14061          |       and|   0|  0|   2|           1|           1|
    |ap_condition_14064          |       and|   0|  0|   2|           1|           1|
    |ap_condition_14067          |       and|   0|  0|   2|           1|           1|
    |ap_condition_14070          |       and|   0|  0|   2|           1|           1|
    |ap_condition_14073          |       and|   0|  0|   2|           1|           1|
    |ap_condition_14076          |       and|   0|  0|   2|           1|           1|
    |ap_condition_14079          |       and|   0|  0|   2|           1|           1|
    |ap_condition_14082          |       and|   0|  0|   2|           1|           1|
    |ap_condition_14085          |       and|   0|  0|   2|           1|           1|
    |ap_condition_14088          |       and|   0|  0|   2|           1|           1|
    |ap_condition_14091          |       and|   0|  0|   2|           1|           1|
    |ap_condition_14094          |       and|   0|  0|   2|           1|           1|
    |ap_condition_14097          |       and|   0|  0|   2|           1|           1|
    |ap_condition_14100          |       and|   0|  0|   2|           1|           1|
    |ap_condition_14103          |       and|   0|  0|   2|           1|           1|
    |ap_condition_14106          |       and|   0|  0|   2|           1|           1|
    |ap_condition_14109          |       and|   0|  0|   2|           1|           1|
    |ap_condition_14112          |       and|   0|  0|   2|           1|           1|
    |ap_condition_14115          |       and|   0|  0|   2|           1|           1|
    |ap_condition_14118          |       and|   0|  0|   2|           1|           1|
    |ap_condition_14121          |       and|   0|  0|   2|           1|           1|
    |ap_condition_14124          |       and|   0|  0|   2|           1|           1|
    |ap_condition_14127          |       and|   0|  0|   2|           1|           1|
    |ap_condition_14130          |       and|   0|  0|   2|           1|           1|
    |ap_condition_14133          |       and|   0|  0|   2|           1|           1|
    |ap_condition_14136          |       and|   0|  0|   2|           1|           1|
    |ap_condition_14139          |       and|   0|  0|   2|           1|           1|
    |ap_condition_14142          |       and|   0|  0|   2|           1|           1|
    |ap_condition_14145          |       and|   0|  0|   2|           1|           1|
    |ap_condition_14148          |       and|   0|  0|   2|           1|           1|
    |ap_condition_14151          |       and|   0|  0|   2|           1|           1|
    |ap_condition_14154          |       and|   0|  0|   2|           1|           1|
    |ap_condition_14157          |       and|   0|  0|   2|           1|           1|
    |ap_condition_14160          |       and|   0|  0|   2|           1|           1|
    |ap_condition_14163          |       and|   0|  0|   2|           1|           1|
    |ap_condition_14166          |       and|   0|  0|   2|           1|           1|
    |ap_condition_14169          |       and|   0|  0|   2|           1|           1|
    |ap_condition_14172          |       and|   0|  0|   2|           1|           1|
    |ap_condition_14175          |       and|   0|  0|   2|           1|           1|
    |ap_condition_14178          |       and|   0|  0|   2|           1|           1|
    |ap_condition_14181          |       and|   0|  0|   2|           1|           1|
    |ap_condition_14184          |       and|   0|  0|   2|           1|           1|
    |ap_condition_14187          |       and|   0|  0|   2|           1|           1|
    |ap_condition_14190          |       and|   0|  0|   2|           1|           1|
    |ap_condition_14193          |       and|   0|  0|   2|           1|           1|
    |ap_condition_14196          |       and|   0|  0|   2|           1|           1|
    |ap_condition_14199          |       and|   0|  0|   2|           1|           1|
    |ap_condition_14202          |       and|   0|  0|   2|           1|           1|
    |ap_condition_14205          |       and|   0|  0|   2|           1|           1|
    |ap_condition_14208          |       and|   0|  0|   2|           1|           1|
    |ap_condition_14211          |       and|   0|  0|   2|           1|           1|
    |ap_condition_14214          |       and|   0|  0|   2|           1|           1|
    |ap_condition_14217          |       and|   0|  0|   2|           1|           1|
    |ap_condition_14220          |       and|   0|  0|   2|           1|           1|
    |ap_condition_14223          |       and|   0|  0|   2|           1|           1|
    |ap_condition_14227          |       and|   0|  0|   2|           1|           1|
    |ap_condition_14232          |       and|   0|  0|   2|           1|           1|
    |ap_condition_14235          |       and|   0|  0|   2|           1|           1|
    |ap_condition_14238          |       and|   0|  0|   2|           1|           1|
    |ap_condition_14242          |       and|   0|  0|   2|           1|           1|
    |ap_condition_14247          |       and|   0|  0|   2|           1|           1|
    |ap_condition_14251          |       and|   0|  0|   2|           1|           1|
    |ap_condition_14256          |       and|   0|  0|   2|           1|           1|
    |ap_condition_14259          |       and|   0|  0|   2|           1|           1|
    |ap_condition_14262          |       and|   0|  0|   2|           1|           1|
    |ap_condition_14265          |       and|   0|  0|   2|           1|           1|
    |ap_condition_14268          |       and|   0|  0|   2|           1|           1|
    |ap_condition_14271          |       and|   0|  0|   2|           1|           1|
    |ap_condition_14274          |       and|   0|  0|   2|           1|           1|
    |ap_condition_14277          |       and|   0|  0|   2|           1|           1|
    |ap_condition_14280          |       and|   0|  0|   2|           1|           1|
    |ap_condition_14283          |       and|   0|  0|   2|           1|           1|
    |ap_condition_14286          |       and|   0|  0|   2|           1|           1|
    |ap_condition_14289          |       and|   0|  0|   2|           1|           1|
    |ap_condition_14292          |       and|   0|  0|   2|           1|           1|
    |ap_condition_14295          |       and|   0|  0|   2|           1|           1|
    |ap_condition_14298          |       and|   0|  0|   2|           1|           1|
    |ap_condition_14301          |       and|   0|  0|   2|           1|           1|
    |ap_condition_14304          |       and|   0|  0|   2|           1|           1|
    |ap_condition_14307          |       and|   0|  0|   2|           1|           1|
    |ap_condition_14310          |       and|   0|  0|   2|           1|           1|
    |ap_condition_14313          |       and|   0|  0|   2|           1|           1|
    |ap_condition_14316          |       and|   0|  0|   2|           1|           1|
    |ap_condition_14319          |       and|   0|  0|   2|           1|           1|
    |ap_condition_14322          |       and|   0|  0|   2|           1|           1|
    |ap_condition_14325          |       and|   0|  0|   2|           1|           1|
    |ap_condition_14328          |       and|   0|  0|   2|           1|           1|
    |ap_condition_14331          |       and|   0|  0|   2|           1|           1|
    |ap_condition_14334          |       and|   0|  0|   2|           1|           1|
    |ap_condition_14337          |       and|   0|  0|   2|           1|           1|
    |ap_condition_14340          |       and|   0|  0|   2|           1|           1|
    |ap_condition_14343          |       and|   0|  0|   2|           1|           1|
    |ap_condition_14346          |       and|   0|  0|   2|           1|           1|
    |ap_condition_14349          |       and|   0|  0|   2|           1|           1|
    |ap_condition_14352          |       and|   0|  0|   2|           1|           1|
    |ap_condition_14355          |       and|   0|  0|   2|           1|           1|
    |ap_condition_14358          |       and|   0|  0|   2|           1|           1|
    |ap_condition_14361          |       and|   0|  0|   2|           1|           1|
    |ap_condition_14364          |       and|   0|  0|   2|           1|           1|
    |ap_condition_14367          |       and|   0|  0|   2|           1|           1|
    |ap_condition_14370          |       and|   0|  0|   2|           1|           1|
    |ap_condition_14373          |       and|   0|  0|   2|           1|           1|
    |ap_condition_14376          |       and|   0|  0|   2|           1|           1|
    |ap_condition_14379          |       and|   0|  0|   2|           1|           1|
    |ap_condition_14382          |       and|   0|  0|   2|           1|           1|
    |ap_condition_14385          |       and|   0|  0|   2|           1|           1|
    |ap_condition_14388          |       and|   0|  0|   2|           1|           1|
    |ap_condition_14391          |       and|   0|  0|   2|           1|           1|
    |ap_condition_14394          |       and|   0|  0|   2|           1|           1|
    |ap_condition_14397          |       and|   0|  0|   2|           1|           1|
    |ap_condition_14400          |       and|   0|  0|   2|           1|           1|
    |ap_condition_14403          |       and|   0|  0|   2|           1|           1|
    |ap_condition_14406          |       and|   0|  0|   2|           1|           1|
    |ap_condition_14409          |       and|   0|  0|   2|           1|           1|
    |ap_condition_14412          |       and|   0|  0|   2|           1|           1|
    |ap_condition_14415          |       and|   0|  0|   2|           1|           1|
    |ap_condition_14418          |       and|   0|  0|   2|           1|           1|
    |ap_condition_14421          |       and|   0|  0|   2|           1|           1|
    |ap_condition_14424          |       and|   0|  0|   2|           1|           1|
    |ap_condition_14427          |       and|   0|  0|   2|           1|           1|
    |ap_condition_14430          |       and|   0|  0|   2|           1|           1|
    |ap_condition_14433          |       and|   0|  0|   2|           1|           1|
    |ap_condition_14436          |       and|   0|  0|   2|           1|           1|
    |ap_condition_14439          |       and|   0|  0|   2|           1|           1|
    |ap_condition_14442          |       and|   0|  0|   2|           1|           1|
    |ap_condition_14445          |       and|   0|  0|   2|           1|           1|
    |ap_condition_14448          |       and|   0|  0|   2|           1|           1|
    |ap_condition_14451          |       and|   0|  0|   2|           1|           1|
    |ap_condition_14454          |       and|   0|  0|   2|           1|           1|
    |ap_condition_14457          |       and|   0|  0|   2|           1|           1|
    |ap_condition_14460          |       and|   0|  0|   2|           1|           1|
    |ap_condition_14463          |       and|   0|  0|   2|           1|           1|
    |ap_condition_14466          |       and|   0|  0|   2|           1|           1|
    |ap_condition_14469          |       and|   0|  0|   2|           1|           1|
    |ap_condition_14472          |       and|   0|  0|   2|           1|           1|
    |ap_condition_14475          |       and|   0|  0|   2|           1|           1|
    |ap_condition_14478          |       and|   0|  0|   2|           1|           1|
    |ap_condition_14481          |       and|   0|  0|   2|           1|           1|
    |ap_condition_14484          |       and|   0|  0|   2|           1|           1|
    |ap_condition_14487          |       and|   0|  0|   2|           1|           1|
    |ap_condition_14490          |       and|   0|  0|   2|           1|           1|
    |ap_condition_14493          |       and|   0|  0|   2|           1|           1|
    |ap_condition_14496          |       and|   0|  0|   2|           1|           1|
    |ap_condition_14499          |       and|   0|  0|   2|           1|           1|
    |ap_condition_14502          |       and|   0|  0|   2|           1|           1|
    |ap_condition_14505          |       and|   0|  0|   2|           1|           1|
    |ap_condition_14508          |       and|   0|  0|   2|           1|           1|
    |ap_condition_14511          |       and|   0|  0|   2|           1|           1|
    |ap_condition_14514          |       and|   0|  0|   2|           1|           1|
    |ap_condition_14517          |       and|   0|  0|   2|           1|           1|
    |ap_condition_14520          |       and|   0|  0|   2|           1|           1|
    |ap_condition_14523          |       and|   0|  0|   2|           1|           1|
    |ap_condition_14526          |       and|   0|  0|   2|           1|           1|
    |ap_condition_14529          |       and|   0|  0|   2|           1|           1|
    |ap_condition_14532          |       and|   0|  0|   2|           1|           1|
    |ap_condition_14535          |       and|   0|  0|   2|           1|           1|
    |ap_condition_14538          |       and|   0|  0|   2|           1|           1|
    |ap_condition_14541          |       and|   0|  0|   2|           1|           1|
    |ap_condition_14544          |       and|   0|  0|   2|           1|           1|
    |ap_condition_14547          |       and|   0|  0|   2|           1|           1|
    |ap_condition_14550          |       and|   0|  0|   2|           1|           1|
    |ap_condition_14553          |       and|   0|  0|   2|           1|           1|
    |ap_condition_14556          |       and|   0|  0|   2|           1|           1|
    |ap_condition_14559          |       and|   0|  0|   2|           1|           1|
    |ap_condition_14562          |       and|   0|  0|   2|           1|           1|
    |ap_condition_14565          |       and|   0|  0|   2|           1|           1|
    |ap_condition_14568          |       and|   0|  0|   2|           1|           1|
    |ap_condition_14571          |       and|   0|  0|   2|           1|           1|
    |ap_condition_14574          |       and|   0|  0|   2|           1|           1|
    |ap_condition_14577          |       and|   0|  0|   2|           1|           1|
    |ap_condition_14580          |       and|   0|  0|   2|           1|           1|
    |ap_condition_14583          |       and|   0|  0|   2|           1|           1|
    |ap_condition_14586          |       and|   0|  0|   2|           1|           1|
    |ap_condition_14589          |       and|   0|  0|   2|           1|           1|
    |ap_condition_14592          |       and|   0|  0|   2|           1|           1|
    |ap_condition_14595          |       and|   0|  0|   2|           1|           1|
    |ap_condition_14598          |       and|   0|  0|   2|           1|           1|
    |ap_condition_14601          |       and|   0|  0|   2|           1|           1|
    |ap_condition_14604          |       and|   0|  0|   2|           1|           1|
    |ap_condition_14607          |       and|   0|  0|   2|           1|           1|
    |ap_condition_14610          |       and|   0|  0|   2|           1|           1|
    |ap_condition_14613          |       and|   0|  0|   2|           1|           1|
    |ap_condition_14616          |       and|   0|  0|   2|           1|           1|
    |ap_condition_14619          |       and|   0|  0|   2|           1|           1|
    |ap_condition_14622          |       and|   0|  0|   2|           1|           1|
    |ap_condition_14625          |       and|   0|  0|   2|           1|           1|
    |ap_condition_14628          |       and|   0|  0|   2|           1|           1|
    |ap_condition_14631          |       and|   0|  0|   2|           1|           1|
    |ap_condition_14634          |       and|   0|  0|   2|           1|           1|
    |ap_condition_14637          |       and|   0|  0|   2|           1|           1|
    |ap_condition_14640          |       and|   0|  0|   2|           1|           1|
    |ap_condition_14643          |       and|   0|  0|   2|           1|           1|
    |ap_condition_14646          |       and|   0|  0|   2|           1|           1|
    |ap_condition_14649          |       and|   0|  0|   2|           1|           1|
    |ap_condition_14652          |       and|   0|  0|   2|           1|           1|
    |ap_condition_14655          |       and|   0|  0|   2|           1|           1|
    |ap_condition_14658          |       and|   0|  0|   2|           1|           1|
    |ap_condition_14661          |       and|   0|  0|   2|           1|           1|
    |ap_condition_14664          |       and|   0|  0|   2|           1|           1|
    |ap_condition_14667          |       and|   0|  0|   2|           1|           1|
    |ap_condition_14670          |       and|   0|  0|   2|           1|           1|
    |ap_condition_14673          |       and|   0|  0|   2|           1|           1|
    |ap_condition_14676          |       and|   0|  0|   2|           1|           1|
    |ap_condition_14679          |       and|   0|  0|   2|           1|           1|
    |ap_condition_14682          |       and|   0|  0|   2|           1|           1|
    |ap_condition_14685          |       and|   0|  0|   2|           1|           1|
    |ap_condition_14688          |       and|   0|  0|   2|           1|           1|
    |ap_condition_14691          |       and|   0|  0|   2|           1|           1|
    |ap_condition_14694          |       and|   0|  0|   2|           1|           1|
    |ap_condition_14697          |       and|   0|  0|   2|           1|           1|
    |ap_condition_14700          |       and|   0|  0|   2|           1|           1|
    |ap_condition_14703          |       and|   0|  0|   2|           1|           1|
    |ap_condition_14706          |       and|   0|  0|   2|           1|           1|
    |ap_condition_14709          |       and|   0|  0|   2|           1|           1|
    |ap_condition_14712          |       and|   0|  0|   2|           1|           1|
    |ap_condition_14715          |       and|   0|  0|   2|           1|           1|
    |ap_condition_14718          |       and|   0|  0|   2|           1|           1|
    |ap_condition_14721          |       and|   0|  0|   2|           1|           1|
    |ap_condition_14724          |       and|   0|  0|   2|           1|           1|
    |ap_condition_14727          |       and|   0|  0|   2|           1|           1|
    |ap_condition_14730          |       and|   0|  0|   2|           1|           1|
    |ap_condition_14733          |       and|   0|  0|   2|           1|           1|
    |ap_condition_14736          |       and|   0|  0|   2|           1|           1|
    |ap_condition_14739          |       and|   0|  0|   2|           1|           1|
    |ap_condition_14742          |       and|   0|  0|   2|           1|           1|
    |ap_condition_14745          |       and|   0|  0|   2|           1|           1|
    |ap_condition_14748          |       and|   0|  0|   2|           1|           1|
    |ap_condition_14751          |       and|   0|  0|   2|           1|           1|
    |ap_condition_14754          |       and|   0|  0|   2|           1|           1|
    |ap_condition_14757          |       and|   0|  0|   2|           1|           1|
    |ap_condition_14760          |       and|   0|  0|   2|           1|           1|
    |ap_condition_14763          |       and|   0|  0|   2|           1|           1|
    |ap_condition_14766          |       and|   0|  0|   2|           1|           1|
    |ap_condition_14769          |       and|   0|  0|   2|           1|           1|
    |ap_condition_14772          |       and|   0|  0|   2|           1|           1|
    |ap_condition_14775          |       and|   0|  0|   2|           1|           1|
    |ap_condition_14778          |       and|   0|  0|   2|           1|           1|
    |ap_condition_14781          |       and|   0|  0|   2|           1|           1|
    |ap_condition_14784          |       and|   0|  0|   2|           1|           1|
    |ap_condition_14787          |       and|   0|  0|   2|           1|           1|
    |ap_condition_14790          |       and|   0|  0|   2|           1|           1|
    |ap_condition_14793          |       and|   0|  0|   2|           1|           1|
    |ap_condition_14796          |       and|   0|  0|   2|           1|           1|
    |ap_condition_14799          |       and|   0|  0|   2|           1|           1|
    |ap_condition_14802          |       and|   0|  0|   2|           1|           1|
    |ap_condition_14805          |       and|   0|  0|   2|           1|           1|
    |ap_condition_14808          |       and|   0|  0|   2|           1|           1|
    |ap_condition_14811          |       and|   0|  0|   2|           1|           1|
    |ap_condition_14814          |       and|   0|  0|   2|           1|           1|
    |ap_condition_14817          |       and|   0|  0|   2|           1|           1|
    |ap_condition_14820          |       and|   0|  0|   2|           1|           1|
    |ap_condition_14823          |       and|   0|  0|   2|           1|           1|
    |ap_condition_14826          |       and|   0|  0|   2|           1|           1|
    |ap_condition_14829          |       and|   0|  0|   2|           1|           1|
    |ap_condition_14832          |       and|   0|  0|   2|           1|           1|
    |ap_condition_14835          |       and|   0|  0|   2|           1|           1|
    |ap_condition_14838          |       and|   0|  0|   2|           1|           1|
    |ap_condition_14841          |       and|   0|  0|   2|           1|           1|
    |ap_condition_14844          |       and|   0|  0|   2|           1|           1|
    |ap_condition_14847          |       and|   0|  0|   2|           1|           1|
    |ap_condition_14850          |       and|   0|  0|   2|           1|           1|
    |ap_condition_14853          |       and|   0|  0|   2|           1|           1|
    |ap_condition_14856          |       and|   0|  0|   2|           1|           1|
    |ap_condition_14859          |       and|   0|  0|   2|           1|           1|
    |ap_condition_14862          |       and|   0|  0|   2|           1|           1|
    |ap_condition_14865          |       and|   0|  0|   2|           1|           1|
    |ap_condition_14868          |       and|   0|  0|   2|           1|           1|
    |ap_condition_14871          |       and|   0|  0|   2|           1|           1|
    |ap_condition_14874          |       and|   0|  0|   2|           1|           1|
    |ap_condition_14877          |       and|   0|  0|   2|           1|           1|
    |ap_condition_14880          |       and|   0|  0|   2|           1|           1|
    |ap_condition_14883          |       and|   0|  0|   2|           1|           1|
    |ap_condition_14886          |       and|   0|  0|   2|           1|           1|
    |ap_condition_14889          |       and|   0|  0|   2|           1|           1|
    |ap_condition_14892          |       and|   0|  0|   2|           1|           1|
    |ap_condition_14895          |       and|   0|  0|   2|           1|           1|
    |ap_condition_14898          |       and|   0|  0|   2|           1|           1|
    |ap_condition_14901          |       and|   0|  0|   2|           1|           1|
    |ap_condition_14904          |       and|   0|  0|   2|           1|           1|
    |ap_condition_14907          |       and|   0|  0|   2|           1|           1|
    |ap_condition_14910          |       and|   0|  0|   2|           1|           1|
    |ap_condition_14913          |       and|   0|  0|   2|           1|           1|
    |ap_condition_14916          |       and|   0|  0|   2|           1|           1|
    |ap_condition_14919          |       and|   0|  0|   2|           1|           1|
    |ap_condition_14922          |       and|   0|  0|   2|           1|           1|
    |ap_condition_14925          |       and|   0|  0|   2|           1|           1|
    |ap_condition_14928          |       and|   0|  0|   2|           1|           1|
    |ap_condition_14931          |       and|   0|  0|   2|           1|           1|
    |ap_condition_14934          |       and|   0|  0|   2|           1|           1|
    |ap_condition_14937          |       and|   0|  0|   2|           1|           1|
    |ap_condition_14940          |       and|   0|  0|   2|           1|           1|
    |ap_condition_14943          |       and|   0|  0|   2|           1|           1|
    |ap_condition_14946          |       and|   0|  0|   2|           1|           1|
    |ap_condition_14949          |       and|   0|  0|   2|           1|           1|
    |ap_condition_14952          |       and|   0|  0|   2|           1|           1|
    |ap_condition_14955          |       and|   0|  0|   2|           1|           1|
    |ap_condition_14958          |       and|   0|  0|   2|           1|           1|
    |ap_condition_14961          |       and|   0|  0|   2|           1|           1|
    |ap_condition_14964          |       and|   0|  0|   2|           1|           1|
    |ap_condition_14967          |       and|   0|  0|   2|           1|           1|
    |ap_condition_14970          |       and|   0|  0|   2|           1|           1|
    |ap_condition_14973          |       and|   0|  0|   2|           1|           1|
    |ap_condition_14976          |       and|   0|  0|   2|           1|           1|
    |ap_condition_14979          |       and|   0|  0|   2|           1|           1|
    |ap_condition_14982          |       and|   0|  0|   2|           1|           1|
    |ap_condition_14985          |       and|   0|  0|   2|           1|           1|
    |ap_condition_14988          |       and|   0|  0|   2|           1|           1|
    |ap_condition_14991          |       and|   0|  0|   2|           1|           1|
    |ap_condition_14994          |       and|   0|  0|   2|           1|           1|
    |ap_condition_14997          |       and|   0|  0|   2|           1|           1|
    |ap_condition_15000          |       and|   0|  0|   2|           1|           1|
    |ap_condition_15003          |       and|   0|  0|   2|           1|           1|
    |ap_condition_15006          |       and|   0|  0|   2|           1|           1|
    |ap_condition_15009          |       and|   0|  0|   2|           1|           1|
    |ap_condition_15012          |       and|   0|  0|   2|           1|           1|
    |ap_condition_15015          |       and|   0|  0|   2|           1|           1|
    |ap_condition_15018          |       and|   0|  0|   2|           1|           1|
    |ap_condition_15021          |       and|   0|  0|   2|           1|           1|
    |ap_condition_15024          |       and|   0|  0|   2|           1|           1|
    |ap_condition_15027          |       and|   0|  0|   2|           1|           1|
    |ap_condition_15030          |       and|   0|  0|   2|           1|           1|
    |ap_condition_15033          |       and|   0|  0|   2|           1|           1|
    |ap_condition_15036          |       and|   0|  0|   2|           1|           1|
    |ap_condition_15039          |       and|   0|  0|   2|           1|           1|
    |ap_condition_15042          |       and|   0|  0|   2|           1|           1|
    |ap_condition_15045          |       and|   0|  0|   2|           1|           1|
    |ap_condition_15048          |       and|   0|  0|   2|           1|           1|
    |ap_condition_15051          |       and|   0|  0|   2|           1|           1|
    |ap_condition_15054          |       and|   0|  0|   2|           1|           1|
    |ap_condition_15057          |       and|   0|  0|   2|           1|           1|
    |ap_condition_15060          |       and|   0|  0|   2|           1|           1|
    |ap_condition_15063          |       and|   0|  0|   2|           1|           1|
    |ap_condition_15066          |       and|   0|  0|   2|           1|           1|
    |ap_condition_15069          |       and|   0|  0|   2|           1|           1|
    |ap_condition_15072          |       and|   0|  0|   2|           1|           1|
    |ap_condition_15075          |       and|   0|  0|   2|           1|           1|
    |ap_condition_15078          |       and|   0|  0|   2|           1|           1|
    |ap_condition_15081          |       and|   0|  0|   2|           1|           1|
    |ap_condition_15084          |       and|   0|  0|   2|           1|           1|
    |ap_condition_15087          |       and|   0|  0|   2|           1|           1|
    |ap_condition_15090          |       and|   0|  0|   2|           1|           1|
    |ap_condition_15093          |       and|   0|  0|   2|           1|           1|
    |ap_condition_15096          |       and|   0|  0|   2|           1|           1|
    |ap_condition_15099          |       and|   0|  0|   2|           1|           1|
    |ap_condition_15102          |       and|   0|  0|   2|           1|           1|
    |ap_condition_15105          |       and|   0|  0|   2|           1|           1|
    |ap_condition_15108          |       and|   0|  0|   2|           1|           1|
    |ap_condition_15111          |       and|   0|  0|   2|           1|           1|
    |ap_condition_15114          |       and|   0|  0|   2|           1|           1|
    |ap_condition_15117          |       and|   0|  0|   2|           1|           1|
    |ap_condition_15120          |       and|   0|  0|   2|           1|           1|
    |ap_condition_15123          |       and|   0|  0|   2|           1|           1|
    |ap_condition_15126          |       and|   0|  0|   2|           1|           1|
    |ap_condition_15129          |       and|   0|  0|   2|           1|           1|
    |ap_condition_15132          |       and|   0|  0|   2|           1|           1|
    |ap_condition_15135          |       and|   0|  0|   2|           1|           1|
    |ap_condition_15138          |       and|   0|  0|   2|           1|           1|
    |ap_condition_15141          |       and|   0|  0|   2|           1|           1|
    |ap_condition_15144          |       and|   0|  0|   2|           1|           1|
    |ap_condition_15147          |       and|   0|  0|   2|           1|           1|
    |ap_condition_15150          |       and|   0|  0|   2|           1|           1|
    |ap_condition_15153          |       and|   0|  0|   2|           1|           1|
    |ap_condition_15156          |       and|   0|  0|   2|           1|           1|
    |ap_condition_15159          |       and|   0|  0|   2|           1|           1|
    |ap_condition_15162          |       and|   0|  0|   2|           1|           1|
    |ap_condition_15165          |       and|   0|  0|   2|           1|           1|
    |ap_condition_15168          |       and|   0|  0|   2|           1|           1|
    |ap_condition_15171          |       and|   0|  0|   2|           1|           1|
    |ap_condition_15174          |       and|   0|  0|   2|           1|           1|
    |ap_condition_15177          |       and|   0|  0|   2|           1|           1|
    |ap_condition_15180          |       and|   0|  0|   2|           1|           1|
    |ap_condition_15183          |       and|   0|  0|   2|           1|           1|
    |ap_condition_15186          |       and|   0|  0|   2|           1|           1|
    |ap_condition_15189          |       and|   0|  0|   2|           1|           1|
    |ap_condition_15192          |       and|   0|  0|   2|           1|           1|
    |ap_condition_15195          |       and|   0|  0|   2|           1|           1|
    |ap_condition_15198          |       and|   0|  0|   2|           1|           1|
    |ap_condition_15201          |       and|   0|  0|   2|           1|           1|
    |ap_condition_15204          |       and|   0|  0|   2|           1|           1|
    |ap_condition_15207          |       and|   0|  0|   2|           1|           1|
    |ap_condition_15210          |       and|   0|  0|   2|           1|           1|
    |ap_condition_15213          |       and|   0|  0|   2|           1|           1|
    |ap_condition_15216          |       and|   0|  0|   2|           1|           1|
    |ap_condition_15219          |       and|   0|  0|   2|           1|           1|
    |ap_condition_15222          |       and|   0|  0|   2|           1|           1|
    |ap_condition_15225          |       and|   0|  0|   2|           1|           1|
    |ap_condition_15228          |       and|   0|  0|   2|           1|           1|
    |ap_condition_15231          |       and|   0|  0|   2|           1|           1|
    |ap_condition_15234          |       and|   0|  0|   2|           1|           1|
    |ap_condition_15237          |       and|   0|  0|   2|           1|           1|
    |ap_condition_15240          |       and|   0|  0|   2|           1|           1|
    |ap_condition_15243          |       and|   0|  0|   2|           1|           1|
    |ap_condition_15246          |       and|   0|  0|   2|           1|           1|
    |ap_condition_15249          |       and|   0|  0|   2|           1|           1|
    |ap_condition_15252          |       and|   0|  0|   2|           1|           1|
    |ap_condition_15255          |       and|   0|  0|   2|           1|           1|
    |ap_condition_15258          |       and|   0|  0|   2|           1|           1|
    |ap_condition_15261          |       and|   0|  0|   2|           1|           1|
    |ap_condition_15264          |       and|   0|  0|   2|           1|           1|
    |ap_condition_15267          |       and|   0|  0|   2|           1|           1|
    |ap_condition_15270          |       and|   0|  0|   2|           1|           1|
    |ap_condition_15273          |       and|   0|  0|   2|           1|           1|
    |ap_condition_15276          |       and|   0|  0|   2|           1|           1|
    |ap_condition_15279          |       and|   0|  0|   2|           1|           1|
    |ap_condition_15282          |       and|   0|  0|   2|           1|           1|
    |ap_condition_15285          |       and|   0|  0|   2|           1|           1|
    |ap_condition_15288          |       and|   0|  0|   2|           1|           1|
    |ap_condition_15291          |       and|   0|  0|   2|           1|           1|
    |ap_condition_15294          |       and|   0|  0|   2|           1|           1|
    |ap_condition_15297          |       and|   0|  0|   2|           1|           1|
    |ap_condition_15300          |       and|   0|  0|   2|           1|           1|
    |ap_condition_15303          |       and|   0|  0|   2|           1|           1|
    |ap_condition_15306          |       and|   0|  0|   2|           1|           1|
    |ap_condition_15309          |       and|   0|  0|   2|           1|           1|
    |ap_condition_15312          |       and|   0|  0|   2|           1|           1|
    |ap_condition_15315          |       and|   0|  0|   2|           1|           1|
    |ap_condition_15318          |       and|   0|  0|   2|           1|           1|
    |ap_condition_15321          |       and|   0|  0|   2|           1|           1|
    |ap_condition_15324          |       and|   0|  0|   2|           1|           1|
    |ap_condition_15327          |       and|   0|  0|   2|           1|           1|
    |ap_condition_15330          |       and|   0|  0|   2|           1|           1|
    |ap_condition_15333          |       and|   0|  0|   2|           1|           1|
    |ap_condition_15336          |       and|   0|  0|   2|           1|           1|
    |ap_condition_15339          |       and|   0|  0|   2|           1|           1|
    |ap_condition_15342          |       and|   0|  0|   2|           1|           1|
    |ap_condition_15345          |       and|   0|  0|   2|           1|           1|
    |ap_condition_15348          |       and|   0|  0|   2|           1|           1|
    |ap_condition_15351          |       and|   0|  0|   2|           1|           1|
    |ap_condition_15354          |       and|   0|  0|   2|           1|           1|
    |ap_condition_15357          |       and|   0|  0|   2|           1|           1|
    |ap_condition_15360          |       and|   0|  0|   2|           1|           1|
    |ap_condition_15363          |       and|   0|  0|   2|           1|           1|
    |ap_condition_15366          |       and|   0|  0|   2|           1|           1|
    |ap_condition_15369          |       and|   0|  0|   2|           1|           1|
    |ap_condition_15372          |       and|   0|  0|   2|           1|           1|
    |ap_condition_15375          |       and|   0|  0|   2|           1|           1|
    |ap_condition_15378          |       and|   0|  0|   2|           1|           1|
    |ap_condition_15381          |       and|   0|  0|   2|           1|           1|
    |ap_condition_15384          |       and|   0|  0|   2|           1|           1|
    |ap_condition_15387          |       and|   0|  0|   2|           1|           1|
    |ap_condition_15390          |       and|   0|  0|   2|           1|           1|
    |ap_condition_15393          |       and|   0|  0|   2|           1|           1|
    |ap_condition_15396          |       and|   0|  0|   2|           1|           1|
    |ap_condition_15399          |       and|   0|  0|   2|           1|           1|
    |ap_condition_15402          |       and|   0|  0|   2|           1|           1|
    |ap_condition_15405          |       and|   0|  0|   2|           1|           1|
    |ap_condition_15408          |       and|   0|  0|   2|           1|           1|
    |ap_condition_15411          |       and|   0|  0|   2|           1|           1|
    |ap_condition_15414          |       and|   0|  0|   2|           1|           1|
    |ap_condition_15417          |       and|   0|  0|   2|           1|           1|
    |ap_condition_15420          |       and|   0|  0|   2|           1|           1|
    |ap_condition_15423          |       and|   0|  0|   2|           1|           1|
    |ap_condition_15426          |       and|   0|  0|   2|           1|           1|
    |ap_condition_15429          |       and|   0|  0|   2|           1|           1|
    |ap_condition_15432          |       and|   0|  0|   2|           1|           1|
    |ap_condition_15435          |       and|   0|  0|   2|           1|           1|
    |ap_condition_15438          |       and|   0|  0|   2|           1|           1|
    |ap_condition_15441          |       and|   0|  0|   2|           1|           1|
    |ap_condition_15444          |       and|   0|  0|   2|           1|           1|
    |ap_condition_15447          |       and|   0|  0|   2|           1|           1|
    |ap_condition_15450          |       and|   0|  0|   2|           1|           1|
    |ap_condition_15453          |       and|   0|  0|   2|           1|           1|
    |ap_condition_15456          |       and|   0|  0|   2|           1|           1|
    |ap_condition_15459          |       and|   0|  0|   2|           1|           1|
    |ap_condition_15462          |       and|   0|  0|   2|           1|           1|
    |ap_condition_15465          |       and|   0|  0|   2|           1|           1|
    |ap_condition_15468          |       and|   0|  0|   2|           1|           1|
    |ap_condition_15471          |       and|   0|  0|   2|           1|           1|
    |ap_condition_15474          |       and|   0|  0|   2|           1|           1|
    |ap_condition_15477          |       and|   0|  0|   2|           1|           1|
    |ap_condition_15480          |       and|   0|  0|   2|           1|           1|
    |ap_condition_15483          |       and|   0|  0|   2|           1|           1|
    |ap_condition_15486          |       and|   0|  0|   2|           1|           1|
    |ap_condition_15489          |       and|   0|  0|   2|           1|           1|
    |ap_condition_15492          |       and|   0|  0|   2|           1|           1|
    |ap_condition_15495          |       and|   0|  0|   2|           1|           1|
    |ap_condition_15498          |       and|   0|  0|   2|           1|           1|
    |ap_condition_15501          |       and|   0|  0|   2|           1|           1|
    |ap_condition_15504          |       and|   0|  0|   2|           1|           1|
    |ap_condition_15507          |       and|   0|  0|   2|           1|           1|
    |ap_condition_15510          |       and|   0|  0|   2|           1|           1|
    |ap_condition_15513          |       and|   0|  0|   2|           1|           1|
    |ap_condition_15516          |       and|   0|  0|   2|           1|           1|
    |ap_condition_15519          |       and|   0|  0|   2|           1|           1|
    |ap_condition_15522          |       and|   0|  0|   2|           1|           1|
    |ap_condition_15525          |       and|   0|  0|   2|           1|           1|
    |ap_condition_15528          |       and|   0|  0|   2|           1|           1|
    |ap_condition_15531          |       and|   0|  0|   2|           1|           1|
    |ap_condition_15534          |       and|   0|  0|   2|           1|           1|
    |ap_condition_15537          |       and|   0|  0|   2|           1|           1|
    |ap_condition_15540          |       and|   0|  0|   2|           1|           1|
    |ap_condition_15543          |       and|   0|  0|   2|           1|           1|
    |ap_condition_15546          |       and|   0|  0|   2|           1|           1|
    |ap_condition_15549          |       and|   0|  0|   2|           1|           1|
    |ap_condition_15552          |       and|   0|  0|   2|           1|           1|
    |ap_condition_15555          |       and|   0|  0|   2|           1|           1|
    |ap_condition_15558          |       and|   0|  0|   2|           1|           1|
    |ap_condition_15561          |       and|   0|  0|   2|           1|           1|
    |ap_condition_15564          |       and|   0|  0|   2|           1|           1|
    |ap_condition_15567          |       and|   0|  0|   2|           1|           1|
    |ap_condition_15570          |       and|   0|  0|   2|           1|           1|
    |ap_condition_15573          |       and|   0|  0|   2|           1|           1|
    |ap_condition_15576          |       and|   0|  0|   2|           1|           1|
    |ap_condition_15579          |       and|   0|  0|   2|           1|           1|
    |ap_condition_15582          |       and|   0|  0|   2|           1|           1|
    |ap_condition_15585          |       and|   0|  0|   2|           1|           1|
    |ap_condition_15588          |       and|   0|  0|   2|           1|           1|
    |ap_condition_15591          |       and|   0|  0|   2|           1|           1|
    |ap_condition_15594          |       and|   0|  0|   2|           1|           1|
    |ap_condition_15597          |       and|   0|  0|   2|           1|           1|
    |ap_condition_15600          |       and|   0|  0|   2|           1|           1|
    |ap_condition_15603          |       and|   0|  0|   2|           1|           1|
    |ap_condition_15606          |       and|   0|  0|   2|           1|           1|
    |ap_condition_15609          |       and|   0|  0|   2|           1|           1|
    |ap_condition_15612          |       and|   0|  0|   2|           1|           1|
    |ap_condition_15615          |       and|   0|  0|   2|           1|           1|
    |ap_condition_15618          |       and|   0|  0|   2|           1|           1|
    |ap_condition_15621          |       and|   0|  0|   2|           1|           1|
    |ap_condition_15624          |       and|   0|  0|   2|           1|           1|
    |ap_condition_15627          |       and|   0|  0|   2|           1|           1|
    |ap_condition_15630          |       and|   0|  0|   2|           1|           1|
    |ap_condition_15633          |       and|   0|  0|   2|           1|           1|
    |ap_condition_15636          |       and|   0|  0|   2|           1|           1|
    |ap_condition_15639          |       and|   0|  0|   2|           1|           1|
    |ap_condition_15642          |       and|   0|  0|   2|           1|           1|
    |ap_condition_15645          |       and|   0|  0|   2|           1|           1|
    |ap_condition_15648          |       and|   0|  0|   2|           1|           1|
    |ap_condition_15651          |       and|   0|  0|   2|           1|           1|
    |ap_condition_15654          |       and|   0|  0|   2|           1|           1|
    |ap_condition_15657          |       and|   0|  0|   2|           1|           1|
    |ap_condition_15660          |       and|   0|  0|   2|           1|           1|
    |ap_condition_15663          |       and|   0|  0|   2|           1|           1|
    |ap_condition_15666          |       and|   0|  0|   2|           1|           1|
    |ap_condition_15669          |       and|   0|  0|   2|           1|           1|
    |ap_condition_15672          |       and|   0|  0|   2|           1|           1|
    |ap_condition_15675          |       and|   0|  0|   2|           1|           1|
    |ap_condition_15678          |       and|   0|  0|   2|           1|           1|
    |ap_condition_15681          |       and|   0|  0|   2|           1|           1|
    |ap_condition_15684          |       and|   0|  0|   2|           1|           1|
    |ap_condition_15687          |       and|   0|  0|   2|           1|           1|
    |ap_condition_15690          |       and|   0|  0|   2|           1|           1|
    |ap_condition_15693          |       and|   0|  0|   2|           1|           1|
    |ap_condition_15696          |       and|   0|  0|   2|           1|           1|
    |ap_condition_15699          |       and|   0|  0|   2|           1|           1|
    |ap_condition_15702          |       and|   0|  0|   2|           1|           1|
    |ap_condition_15705          |       and|   0|  0|   2|           1|           1|
    |ap_condition_15708          |       and|   0|  0|   2|           1|           1|
    |ap_condition_15711          |       and|   0|  0|   2|           1|           1|
    |ap_condition_15714          |       and|   0|  0|   2|           1|           1|
    |ap_condition_15717          |       and|   0|  0|   2|           1|           1|
    |ap_condition_15720          |       and|   0|  0|   2|           1|           1|
    |ap_condition_15723          |       and|   0|  0|   2|           1|           1|
    |ap_condition_15726          |       and|   0|  0|   2|           1|           1|
    |ap_condition_15729          |       and|   0|  0|   2|           1|           1|
    |ap_condition_15732          |       and|   0|  0|   2|           1|           1|
    |ap_condition_15735          |       and|   0|  0|   2|           1|           1|
    |ap_condition_15738          |       and|   0|  0|   2|           1|           1|
    |ap_condition_15741          |       and|   0|  0|   2|           1|           1|
    |ap_condition_15744          |       and|   0|  0|   2|           1|           1|
    |ap_condition_15747          |       and|   0|  0|   2|           1|           1|
    |ap_condition_15750          |       and|   0|  0|   2|           1|           1|
    |ap_condition_15753          |       and|   0|  0|   2|           1|           1|
    |ap_condition_15756          |       and|   0|  0|   2|           1|           1|
    |ap_condition_15759          |       and|   0|  0|   2|           1|           1|
    |ap_condition_15762          |       and|   0|  0|   2|           1|           1|
    |ap_condition_15765          |       and|   0|  0|   2|           1|           1|
    |ap_condition_15768          |       and|   0|  0|   2|           1|           1|
    |ap_condition_15771          |       and|   0|  0|   2|           1|           1|
    |ap_condition_15774          |       and|   0|  0|   2|           1|           1|
    |ap_condition_15777          |       and|   0|  0|   2|           1|           1|
    |ap_condition_15780          |       and|   0|  0|   2|           1|           1|
    |ap_condition_15783          |       and|   0|  0|   2|           1|           1|
    |ap_condition_15786          |       and|   0|  0|   2|           1|           1|
    |ap_condition_15789          |       and|   0|  0|   2|           1|           1|
    |ap_condition_15792          |       and|   0|  0|   2|           1|           1|
    |ap_condition_15795          |       and|   0|  0|   2|           1|           1|
    |ap_condition_15798          |       and|   0|  0|   2|           1|           1|
    |ap_condition_15801          |       and|   0|  0|   2|           1|           1|
    |ap_condition_15804          |       and|   0|  0|   2|           1|           1|
    |ap_condition_15807          |       and|   0|  0|   2|           1|           1|
    |ap_condition_15810          |       and|   0|  0|   2|           1|           1|
    |ap_condition_15813          |       and|   0|  0|   2|           1|           1|
    |ap_condition_15816          |       and|   0|  0|   2|           1|           1|
    |ap_condition_15819          |       and|   0|  0|   2|           1|           1|
    |ap_condition_15822          |       and|   0|  0|   2|           1|           1|
    |ap_condition_15825          |       and|   0|  0|   2|           1|           1|
    |ap_condition_15828          |       and|   0|  0|   2|           1|           1|
    |ap_condition_15831          |       and|   0|  0|   2|           1|           1|
    |ap_condition_15834          |       and|   0|  0|   2|           1|           1|
    |ap_condition_15837          |       and|   0|  0|   2|           1|           1|
    |ap_condition_15840          |       and|   0|  0|   2|           1|           1|
    |ap_condition_15843          |       and|   0|  0|   2|           1|           1|
    |ap_condition_15846          |       and|   0|  0|   2|           1|           1|
    |ap_condition_15849          |       and|   0|  0|   2|           1|           1|
    |ap_condition_15852          |       and|   0|  0|   2|           1|           1|
    |ap_condition_15855          |       and|   0|  0|   2|           1|           1|
    |ap_condition_15858          |       and|   0|  0|   2|           1|           1|
    |ap_condition_15861          |       and|   0|  0|   2|           1|           1|
    |ap_condition_15864          |       and|   0|  0|   2|           1|           1|
    |ap_condition_15867          |       and|   0|  0|   2|           1|           1|
    |ap_condition_15870          |       and|   0|  0|   2|           1|           1|
    |ap_condition_15873          |       and|   0|  0|   2|           1|           1|
    |ap_condition_15876          |       and|   0|  0|   2|           1|           1|
    |ap_condition_15879          |       and|   0|  0|   2|           1|           1|
    |ap_condition_15882          |       and|   0|  0|   2|           1|           1|
    |ap_condition_15885          |       and|   0|  0|   2|           1|           1|
    |ap_condition_15888          |       and|   0|  0|   2|           1|           1|
    |ap_condition_15891          |       and|   0|  0|   2|           1|           1|
    |ap_condition_15894          |       and|   0|  0|   2|           1|           1|
    |ap_condition_15897          |       and|   0|  0|   2|           1|           1|
    |ap_condition_15900          |       and|   0|  0|   2|           1|           1|
    |ap_condition_15903          |       and|   0|  0|   2|           1|           1|
    |ap_condition_15906          |       and|   0|  0|   2|           1|           1|
    |ap_condition_15909          |       and|   0|  0|   2|           1|           1|
    |ap_condition_15912          |       and|   0|  0|   2|           1|           1|
    |ap_condition_15915          |       and|   0|  0|   2|           1|           1|
    |ap_condition_15918          |       and|   0|  0|   2|           1|           1|
    |ap_condition_15921          |       and|   0|  0|   2|           1|           1|
    |ap_condition_15924          |       and|   0|  0|   2|           1|           1|
    |ap_condition_15927          |       and|   0|  0|   2|           1|           1|
    |ap_condition_15930          |       and|   0|  0|   2|           1|           1|
    |ap_condition_15933          |       and|   0|  0|   2|           1|           1|
    |ap_condition_15936          |       and|   0|  0|   2|           1|           1|
    |ap_condition_15939          |       and|   0|  0|   2|           1|           1|
    |ap_condition_15942          |       and|   0|  0|   2|           1|           1|
    |ap_condition_15945          |       and|   0|  0|   2|           1|           1|
    |ap_condition_15948          |       and|   0|  0|   2|           1|           1|
    |ap_condition_15951          |       and|   0|  0|   2|           1|           1|
    |ap_condition_15954          |       and|   0|  0|   2|           1|           1|
    |ap_condition_15957          |       and|   0|  0|   2|           1|           1|
    |ap_condition_15960          |       and|   0|  0|   2|           1|           1|
    |ap_condition_15963          |       and|   0|  0|   2|           1|           1|
    |ap_condition_15966          |       and|   0|  0|   2|           1|           1|
    |ap_condition_15969          |       and|   0|  0|   2|           1|           1|
    |ap_condition_15972          |       and|   0|  0|   2|           1|           1|
    |ap_condition_15975          |       and|   0|  0|   2|           1|           1|
    |ap_condition_15978          |       and|   0|  0|   2|           1|           1|
    |ap_condition_15981          |       and|   0|  0|   2|           1|           1|
    |ap_condition_15984          |       and|   0|  0|   2|           1|           1|
    |ap_condition_15987          |       and|   0|  0|   2|           1|           1|
    |ap_condition_15990          |       and|   0|  0|   2|           1|           1|
    |ap_condition_15993          |       and|   0|  0|   2|           1|           1|
    |ap_condition_15996          |       and|   0|  0|   2|           1|           1|
    |ap_condition_15999          |       and|   0|  0|   2|           1|           1|
    |ap_condition_16002          |       and|   0|  0|   2|           1|           1|
    |ap_condition_16005          |       and|   0|  0|   2|           1|           1|
    |ap_condition_16008          |       and|   0|  0|   2|           1|           1|
    |ap_condition_16011          |       and|   0|  0|   2|           1|           1|
    |ap_condition_16014          |       and|   0|  0|   2|           1|           1|
    |ap_condition_16017          |       and|   0|  0|   2|           1|           1|
    |ap_condition_16020          |       and|   0|  0|   2|           1|           1|
    |ap_condition_16023          |       and|   0|  0|   2|           1|           1|
    |ap_condition_16026          |       and|   0|  0|   2|           1|           1|
    |ap_condition_16029          |       and|   0|  0|   2|           1|           1|
    |ap_condition_16032          |       and|   0|  0|   2|           1|           1|
    |ap_condition_16035          |       and|   0|  0|   2|           1|           1|
    |ap_condition_16038          |       and|   0|  0|   2|           1|           1|
    |ap_condition_16041          |       and|   0|  0|   2|           1|           1|
    |ap_condition_16044          |       and|   0|  0|   2|           1|           1|
    |ap_condition_16047          |       and|   0|  0|   2|           1|           1|
    |ap_condition_16050          |       and|   0|  0|   2|           1|           1|
    |ap_condition_16053          |       and|   0|  0|   2|           1|           1|
    |ap_condition_16056          |       and|   0|  0|   2|           1|           1|
    |ap_condition_16059          |       and|   0|  0|   2|           1|           1|
    |ap_condition_16062          |       and|   0|  0|   2|           1|           1|
    |ap_condition_16065          |       and|   0|  0|   2|           1|           1|
    |ap_condition_16068          |       and|   0|  0|   2|           1|           1|
    |ap_condition_16071          |       and|   0|  0|   2|           1|           1|
    |ap_condition_16074          |       and|   0|  0|   2|           1|           1|
    |ap_condition_16077          |       and|   0|  0|   2|           1|           1|
    |ap_condition_16080          |       and|   0|  0|   2|           1|           1|
    |ap_condition_16083          |       and|   0|  0|   2|           1|           1|
    |ap_condition_16086          |       and|   0|  0|   2|           1|           1|
    |ap_condition_16089          |       and|   0|  0|   2|           1|           1|
    |ap_condition_16092          |       and|   0|  0|   2|           1|           1|
    |ap_condition_16095          |       and|   0|  0|   2|           1|           1|
    |ap_condition_16098          |       and|   0|  0|   2|           1|           1|
    |ap_condition_16101          |       and|   0|  0|   2|           1|           1|
    |ap_condition_16104          |       and|   0|  0|   2|           1|           1|
    |ap_condition_16107          |       and|   0|  0|   2|           1|           1|
    |ap_condition_16110          |       and|   0|  0|   2|           1|           1|
    |ap_condition_16113          |       and|   0|  0|   2|           1|           1|
    |ap_condition_16116          |       and|   0|  0|   2|           1|           1|
    |ap_condition_16119          |       and|   0|  0|   2|           1|           1|
    |ap_condition_16122          |       and|   0|  0|   2|           1|           1|
    |ap_condition_16125          |       and|   0|  0|   2|           1|           1|
    |ap_condition_16128          |       and|   0|  0|   2|           1|           1|
    |ap_condition_16131          |       and|   0|  0|   2|           1|           1|
    |ap_condition_16134          |       and|   0|  0|   2|           1|           1|
    |ap_condition_16137          |       and|   0|  0|   2|           1|           1|
    |ap_condition_16140          |       and|   0|  0|   2|           1|           1|
    |ap_condition_16143          |       and|   0|  0|   2|           1|           1|
    |ap_condition_16146          |       and|   0|  0|   2|           1|           1|
    |ap_condition_16149          |       and|   0|  0|   2|           1|           1|
    |ap_condition_16152          |       and|   0|  0|   2|           1|           1|
    |ap_condition_16155          |       and|   0|  0|   2|           1|           1|
    |ap_condition_16158          |       and|   0|  0|   2|           1|           1|
    |ap_condition_16161          |       and|   0|  0|   2|           1|           1|
    |ap_condition_16164          |       and|   0|  0|   2|           1|           1|
    |ap_condition_16167          |       and|   0|  0|   2|           1|           1|
    |ap_condition_16170          |       and|   0|  0|   2|           1|           1|
    |ap_condition_16173          |       and|   0|  0|   2|           1|           1|
    |ap_condition_16176          |       and|   0|  0|   2|           1|           1|
    |ap_condition_16179          |       and|   0|  0|   2|           1|           1|
    |ap_condition_16182          |       and|   0|  0|   2|           1|           1|
    |ap_condition_16185          |       and|   0|  0|   2|           1|           1|
    |ap_condition_16188          |       and|   0|  0|   2|           1|           1|
    |ap_condition_16191          |       and|   0|  0|   2|           1|           1|
    |ap_condition_16194          |       and|   0|  0|   2|           1|           1|
    |ap_condition_16197          |       and|   0|  0|   2|           1|           1|
    |ap_condition_16200          |       and|   0|  0|   2|           1|           1|
    |ap_condition_16203          |       and|   0|  0|   2|           1|           1|
    |ap_condition_16206          |       and|   0|  0|   2|           1|           1|
    |ap_condition_16209          |       and|   0|  0|   2|           1|           1|
    |ap_condition_16212          |       and|   0|  0|   2|           1|           1|
    |ap_condition_16215          |       and|   0|  0|   2|           1|           1|
    |ap_condition_16218          |       and|   0|  0|   2|           1|           1|
    |ap_condition_16221          |       and|   0|  0|   2|           1|           1|
    |ap_condition_16224          |       and|   0|  0|   2|           1|           1|
    |ap_condition_16227          |       and|   0|  0|   2|           1|           1|
    |ap_condition_16230          |       and|   0|  0|   2|           1|           1|
    |ap_condition_16233          |       and|   0|  0|   2|           1|           1|
    |ap_condition_16236          |       and|   0|  0|   2|           1|           1|
    |ap_condition_16239          |       and|   0|  0|   2|           1|           1|
    |ap_condition_16242          |       and|   0|  0|   2|           1|           1|
    |ap_condition_16245          |       and|   0|  0|   2|           1|           1|
    |ap_condition_16248          |       and|   0|  0|   2|           1|           1|
    |ap_condition_16251          |       and|   0|  0|   2|           1|           1|
    |ap_condition_16254          |       and|   0|  0|   2|           1|           1|
    |ap_condition_16257          |       and|   0|  0|   2|           1|           1|
    |ap_condition_16260          |       and|   0|  0|   2|           1|           1|
    |ap_condition_16263          |       and|   0|  0|   2|           1|           1|
    |ap_condition_16266          |       and|   0|  0|   2|           1|           1|
    |ap_condition_16269          |       and|   0|  0|   2|           1|           1|
    |ap_condition_16272          |       and|   0|  0|   2|           1|           1|
    |ap_condition_16275          |       and|   0|  0|   2|           1|           1|
    |ap_condition_16278          |       and|   0|  0|   2|           1|           1|
    |ap_condition_16281          |       and|   0|  0|   2|           1|           1|
    |ap_condition_16284          |       and|   0|  0|   2|           1|           1|
    |ap_condition_16287          |       and|   0|  0|   2|           1|           1|
    |ap_condition_16290          |       and|   0|  0|   2|           1|           1|
    |ap_condition_16293          |       and|   0|  0|   2|           1|           1|
    |ap_condition_16296          |       and|   0|  0|   2|           1|           1|
    |ap_condition_16299          |       and|   0|  0|   2|           1|           1|
    |ap_condition_16302          |       and|   0|  0|   2|           1|           1|
    |ap_condition_16305          |       and|   0|  0|   2|           1|           1|
    |ap_condition_16308          |       and|   0|  0|   2|           1|           1|
    |ap_condition_16311          |       and|   0|  0|   2|           1|           1|
    |ap_condition_16314          |       and|   0|  0|   2|           1|           1|
    |ap_condition_16317          |       and|   0|  0|   2|           1|           1|
    |ap_condition_16320          |       and|   0|  0|   2|           1|           1|
    |ap_condition_16323          |       and|   0|  0|   2|           1|           1|
    |ap_condition_16326          |       and|   0|  0|   2|           1|           1|
    |ap_condition_16329          |       and|   0|  0|   2|           1|           1|
    |ap_condition_16332          |       and|   0|  0|   2|           1|           1|
    |ap_condition_16335          |       and|   0|  0|   2|           1|           1|
    |ap_condition_16338          |       and|   0|  0|   2|           1|           1|
    |ap_condition_16341          |       and|   0|  0|   2|           1|           1|
    |ap_condition_16344          |       and|   0|  0|   2|           1|           1|
    |ap_condition_16347          |       and|   0|  0|   2|           1|           1|
    |ap_condition_16350          |       and|   0|  0|   2|           1|           1|
    |ap_condition_16353          |       and|   0|  0|   2|           1|           1|
    |ap_condition_16356          |       and|   0|  0|   2|           1|           1|
    |ap_condition_16359          |       and|   0|  0|   2|           1|           1|
    |ap_condition_16362          |       and|   0|  0|   2|           1|           1|
    |ap_condition_16365          |       and|   0|  0|   2|           1|           1|
    |ap_condition_16368          |       and|   0|  0|   2|           1|           1|
    |ap_condition_16371          |       and|   0|  0|   2|           1|           1|
    |ap_condition_16374          |       and|   0|  0|   2|           1|           1|
    |ap_condition_16377          |       and|   0|  0|   2|           1|           1|
    |ap_condition_16380          |       and|   0|  0|   2|           1|           1|
    |ap_condition_16383          |       and|   0|  0|   2|           1|           1|
    |ap_condition_16386          |       and|   0|  0|   2|           1|           1|
    |ap_condition_16389          |       and|   0|  0|   2|           1|           1|
    |ap_condition_16392          |       and|   0|  0|   2|           1|           1|
    |ap_condition_16395          |       and|   0|  0|   2|           1|           1|
    |ap_condition_16398          |       and|   0|  0|   2|           1|           1|
    |ap_condition_16401          |       and|   0|  0|   2|           1|           1|
    |ap_condition_16404          |       and|   0|  0|   2|           1|           1|
    |ap_condition_16407          |       and|   0|  0|   2|           1|           1|
    |ap_condition_16410          |       and|   0|  0|   2|           1|           1|
    |ap_condition_16413          |       and|   0|  0|   2|           1|           1|
    |ap_condition_16416          |       and|   0|  0|   2|           1|           1|
    |ap_condition_16419          |       and|   0|  0|   2|           1|           1|
    |ap_condition_16422          |       and|   0|  0|   2|           1|           1|
    |ap_condition_16425          |       and|   0|  0|   2|           1|           1|
    |ap_condition_16428          |       and|   0|  0|   2|           1|           1|
    |ap_condition_16431          |       and|   0|  0|   2|           1|           1|
    |ap_condition_16434          |       and|   0|  0|   2|           1|           1|
    |ap_condition_16437          |       and|   0|  0|   2|           1|           1|
    |ap_condition_16440          |       and|   0|  0|   2|           1|           1|
    |ap_condition_16443          |       and|   0|  0|   2|           1|           1|
    |ap_condition_16446          |       and|   0|  0|   2|           1|           1|
    |ap_condition_16449          |       and|   0|  0|   2|           1|           1|
    |ap_condition_16452          |       and|   0|  0|   2|           1|           1|
    |ap_condition_16455          |       and|   0|  0|   2|           1|           1|
    |ap_condition_16458          |       and|   0|  0|   2|           1|           1|
    |ap_condition_16461          |       and|   0|  0|   2|           1|           1|
    |ap_condition_16464          |       and|   0|  0|   2|           1|           1|
    |ap_condition_16467          |       and|   0|  0|   2|           1|           1|
    |ap_condition_16470          |       and|   0|  0|   2|           1|           1|
    |ap_condition_16473          |       and|   0|  0|   2|           1|           1|
    |ap_condition_16476          |       and|   0|  0|   2|           1|           1|
    |ap_condition_16479          |       and|   0|  0|   2|           1|           1|
    |ap_condition_16482          |       and|   0|  0|   2|           1|           1|
    |ap_condition_16485          |       and|   0|  0|   2|           1|           1|
    |ap_condition_16488          |       and|   0|  0|   2|           1|           1|
    |ap_condition_16491          |       and|   0|  0|   2|           1|           1|
    |ap_condition_16494          |       and|   0|  0|   2|           1|           1|
    |ap_condition_16497          |       and|   0|  0|   2|           1|           1|
    |ap_condition_16500          |       and|   0|  0|   2|           1|           1|
    |ap_condition_16503          |       and|   0|  0|   2|           1|           1|
    |ap_condition_16506          |       and|   0|  0|   2|           1|           1|
    |ap_condition_16509          |       and|   0|  0|   2|           1|           1|
    |ap_condition_16512          |       and|   0|  0|   2|           1|           1|
    |ap_condition_16515          |       and|   0|  0|   2|           1|           1|
    |ap_condition_16518          |       and|   0|  0|   2|           1|           1|
    |ap_condition_16521          |       and|   0|  0|   2|           1|           1|
    |ap_condition_16524          |       and|   0|  0|   2|           1|           1|
    |ap_condition_16527          |       and|   0|  0|   2|           1|           1|
    |ap_condition_16530          |       and|   0|  0|   2|           1|           1|
    |ap_condition_16533          |       and|   0|  0|   2|           1|           1|
    |ap_condition_16536          |       and|   0|  0|   2|           1|           1|
    |ap_condition_16539          |       and|   0|  0|   2|           1|           1|
    |ap_condition_16542          |       and|   0|  0|   2|           1|           1|
    |ap_condition_16545          |       and|   0|  0|   2|           1|           1|
    |ap_condition_16548          |       and|   0|  0|   2|           1|           1|
    |ap_condition_16551          |       and|   0|  0|   2|           1|           1|
    |ap_condition_16554          |       and|   0|  0|   2|           1|           1|
    |ap_condition_16557          |       and|   0|  0|   2|           1|           1|
    |ap_condition_16560          |       and|   0|  0|   2|           1|           1|
    |ap_condition_16563          |       and|   0|  0|   2|           1|           1|
    |ap_condition_16566          |       and|   0|  0|   2|           1|           1|
    |ap_condition_16569          |       and|   0|  0|   2|           1|           1|
    |ap_condition_16572          |       and|   0|  0|   2|           1|           1|
    |ap_condition_16575          |       and|   0|  0|   2|           1|           1|
    |ap_condition_16578          |       and|   0|  0|   2|           1|           1|
    |ap_condition_16581          |       and|   0|  0|   2|           1|           1|
    |ap_condition_16584          |       and|   0|  0|   2|           1|           1|
    |ap_condition_16587          |       and|   0|  0|   2|           1|           1|
    |ap_condition_16590          |       and|   0|  0|   2|           1|           1|
    |ap_condition_16593          |       and|   0|  0|   2|           1|           1|
    |ap_condition_16596          |       and|   0|  0|   2|           1|           1|
    |ap_condition_16599          |       and|   0|  0|   2|           1|           1|
    |ap_condition_16602          |       and|   0|  0|   2|           1|           1|
    |ap_condition_16605          |       and|   0|  0|   2|           1|           1|
    |ap_condition_16608          |       and|   0|  0|   2|           1|           1|
    |ap_condition_16611          |       and|   0|  0|   2|           1|           1|
    |ap_condition_16614          |       and|   0|  0|   2|           1|           1|
    |ap_condition_16617          |       and|   0|  0|   2|           1|           1|
    |ap_condition_16620          |       and|   0|  0|   2|           1|           1|
    |ap_condition_16623          |       and|   0|  0|   2|           1|           1|
    |ap_condition_16626          |       and|   0|  0|   2|           1|           1|
    |ap_condition_16629          |       and|   0|  0|   2|           1|           1|
    |ap_condition_16632          |       and|   0|  0|   2|           1|           1|
    |ap_condition_16635          |       and|   0|  0|   2|           1|           1|
    |ap_condition_16638          |       and|   0|  0|   2|           1|           1|
    |ap_condition_16641          |       and|   0|  0|   2|           1|           1|
    |ap_condition_16644          |       and|   0|  0|   2|           1|           1|
    |ap_condition_16647          |       and|   0|  0|   2|           1|           1|
    |ap_condition_16650          |       and|   0|  0|   2|           1|           1|
    |ap_condition_16653          |       and|   0|  0|   2|           1|           1|
    |ap_condition_16656          |       and|   0|  0|   2|           1|           1|
    |ap_condition_16659          |       and|   0|  0|   2|           1|           1|
    |ap_condition_16662          |       and|   0|  0|   2|           1|           1|
    |ap_condition_16665          |       and|   0|  0|   2|           1|           1|
    |ap_condition_16668          |       and|   0|  0|   2|           1|           1|
    |ap_condition_16671          |       and|   0|  0|   2|           1|           1|
    |ap_condition_16674          |       and|   0|  0|   2|           1|           1|
    |ap_condition_16677          |       and|   0|  0|   2|           1|           1|
    |ap_condition_16680          |       and|   0|  0|   2|           1|           1|
    |ap_condition_16683          |       and|   0|  0|   2|           1|           1|
    |ap_condition_16686          |       and|   0|  0|   2|           1|           1|
    |ap_condition_16689          |       and|   0|  0|   2|           1|           1|
    |ap_condition_16692          |       and|   0|  0|   2|           1|           1|
    |ap_condition_16695          |       and|   0|  0|   2|           1|           1|
    |ap_condition_16698          |       and|   0|  0|   2|           1|           1|
    |ap_condition_16701          |       and|   0|  0|   2|           1|           1|
    |ap_condition_16704          |       and|   0|  0|   2|           1|           1|
    |ap_condition_16707          |       and|   0|  0|   2|           1|           1|
    |ap_condition_16710          |       and|   0|  0|   2|           1|           1|
    |ap_condition_16713          |       and|   0|  0|   2|           1|           1|
    |ap_condition_16716          |       and|   0|  0|   2|           1|           1|
    |ap_condition_16719          |       and|   0|  0|   2|           1|           1|
    |ap_condition_16722          |       and|   0|  0|   2|           1|           1|
    |ap_condition_16725          |       and|   0|  0|   2|           1|           1|
    |ap_condition_16728          |       and|   0|  0|   2|           1|           1|
    |ap_condition_16731          |       and|   0|  0|   2|           1|           1|
    |ap_condition_16734          |       and|   0|  0|   2|           1|           1|
    |ap_condition_16737          |       and|   0|  0|   2|           1|           1|
    |ap_condition_16740          |       and|   0|  0|   2|           1|           1|
    |ap_condition_16743          |       and|   0|  0|   2|           1|           1|
    |ap_condition_16746          |       and|   0|  0|   2|           1|           1|
    |ap_condition_16749          |       and|   0|  0|   2|           1|           1|
    |ap_condition_16752          |       and|   0|  0|   2|           1|           1|
    |ap_condition_16755          |       and|   0|  0|   2|           1|           1|
    |ap_condition_16758          |       and|   0|  0|   2|           1|           1|
    |ap_condition_16761          |       and|   0|  0|   2|           1|           1|
    |ap_condition_16764          |       and|   0|  0|   2|           1|           1|
    |ap_condition_16767          |       and|   0|  0|   2|           1|           1|
    |ap_condition_16770          |       and|   0|  0|   2|           1|           1|
    |ap_condition_16773          |       and|   0|  0|   2|           1|           1|
    |ap_condition_16776          |       and|   0|  0|   2|           1|           1|
    |ap_condition_16779          |       and|   0|  0|   2|           1|           1|
    |ap_condition_16782          |       and|   0|  0|   2|           1|           1|
    |ap_condition_16785          |       and|   0|  0|   2|           1|           1|
    |ap_condition_16788          |       and|   0|  0|   2|           1|           1|
    |ap_condition_16791          |       and|   0|  0|   2|           1|           1|
    |ap_condition_16794          |       and|   0|  0|   2|           1|           1|
    |ap_condition_16797          |       and|   0|  0|   2|           1|           1|
    |ap_condition_16800          |       and|   0|  0|   2|           1|           1|
    |ap_condition_16803          |       and|   0|  0|   2|           1|           1|
    |ap_condition_16806          |       and|   0|  0|   2|           1|           1|
    |ap_condition_16809          |       and|   0|  0|   2|           1|           1|
    |ap_condition_16812          |       and|   0|  0|   2|           1|           1|
    |ap_condition_16815          |       and|   0|  0|   2|           1|           1|
    |ap_condition_16818          |       and|   0|  0|   2|           1|           1|
    |ap_condition_16821          |       and|   0|  0|   2|           1|           1|
    |ap_condition_16824          |       and|   0|  0|   2|           1|           1|
    |ap_condition_16827          |       and|   0|  0|   2|           1|           1|
    |ap_condition_16830          |       and|   0|  0|   2|           1|           1|
    |ap_condition_16833          |       and|   0|  0|   2|           1|           1|
    |ap_condition_16836          |       and|   0|  0|   2|           1|           1|
    |ap_condition_16839          |       and|   0|  0|   2|           1|           1|
    |ap_condition_16842          |       and|   0|  0|   2|           1|           1|
    |ap_condition_16845          |       and|   0|  0|   2|           1|           1|
    |ap_condition_16848          |       and|   0|  0|   2|           1|           1|
    |ap_condition_16851          |       and|   0|  0|   2|           1|           1|
    |ap_condition_16854          |       and|   0|  0|   2|           1|           1|
    |ap_condition_16857          |       and|   0|  0|   2|           1|           1|
    |ap_condition_16860          |       and|   0|  0|   2|           1|           1|
    |ap_condition_16863          |       and|   0|  0|   2|           1|           1|
    |ap_condition_16866          |       and|   0|  0|   2|           1|           1|
    |ap_condition_16869          |       and|   0|  0|   2|           1|           1|
    |ap_condition_16872          |       and|   0|  0|   2|           1|           1|
    |ap_condition_16875          |       and|   0|  0|   2|           1|           1|
    |ap_condition_16878          |       and|   0|  0|   2|           1|           1|
    |ap_condition_16881          |       and|   0|  0|   2|           1|           1|
    |ap_condition_16884          |       and|   0|  0|   2|           1|           1|
    |ap_condition_16887          |       and|   0|  0|   2|           1|           1|
    |ap_condition_16890          |       and|   0|  0|   2|           1|           1|
    |ap_condition_16893          |       and|   0|  0|   2|           1|           1|
    |ap_condition_16896          |       and|   0|  0|   2|           1|           1|
    |ap_condition_16899          |       and|   0|  0|   2|           1|           1|
    |ap_condition_16902          |       and|   0|  0|   2|           1|           1|
    |ap_condition_16905          |       and|   0|  0|   2|           1|           1|
    |ap_condition_16908          |       and|   0|  0|   2|           1|           1|
    |ap_condition_16911          |       and|   0|  0|   2|           1|           1|
    |ap_condition_16914          |       and|   0|  0|   2|           1|           1|
    |ap_condition_16917          |       and|   0|  0|   2|           1|           1|
    |ap_condition_16920          |       and|   0|  0|   2|           1|           1|
    |ap_condition_16923          |       and|   0|  0|   2|           1|           1|
    |ap_condition_16926          |       and|   0|  0|   2|           1|           1|
    |ap_condition_16929          |       and|   0|  0|   2|           1|           1|
    |ap_condition_16932          |       and|   0|  0|   2|           1|           1|
    |ap_condition_16935          |       and|   0|  0|   2|           1|           1|
    |ap_condition_16938          |       and|   0|  0|   2|           1|           1|
    |ap_condition_16941          |       and|   0|  0|   2|           1|           1|
    |ap_condition_16944          |       and|   0|  0|   2|           1|           1|
    |ap_condition_16947          |       and|   0|  0|   2|           1|           1|
    |ap_condition_16950          |       and|   0|  0|   2|           1|           1|
    |ap_condition_16953          |       and|   0|  0|   2|           1|           1|
    |ap_condition_16956          |       and|   0|  0|   2|           1|           1|
    |ap_condition_16959          |       and|   0|  0|   2|           1|           1|
    |ap_condition_16962          |       and|   0|  0|   2|           1|           1|
    |ap_condition_16965          |       and|   0|  0|   2|           1|           1|
    |ap_condition_16968          |       and|   0|  0|   2|           1|           1|
    |ap_condition_16971          |       and|   0|  0|   2|           1|           1|
    |ap_condition_16974          |       and|   0|  0|   2|           1|           1|
    |ap_condition_16977          |       and|   0|  0|   2|           1|           1|
    |ap_condition_16980          |       and|   0|  0|   2|           1|           1|
    |ap_condition_16983          |       and|   0|  0|   2|           1|           1|
    |ap_condition_16986          |       and|   0|  0|   2|           1|           1|
    |ap_condition_16989          |       and|   0|  0|   2|           1|           1|
    |ap_condition_16992          |       and|   0|  0|   2|           1|           1|
    |ap_condition_16995          |       and|   0|  0|   2|           1|           1|
    |ap_condition_16998          |       and|   0|  0|   2|           1|           1|
    |ap_condition_17001          |       and|   0|  0|   2|           1|           1|
    |ap_condition_17004          |       and|   0|  0|   2|           1|           1|
    |ap_condition_17007          |       and|   0|  0|   2|           1|           1|
    |ap_condition_17010          |       and|   0|  0|   2|           1|           1|
    |ap_condition_17013          |       and|   0|  0|   2|           1|           1|
    |ap_condition_17016          |       and|   0|  0|   2|           1|           1|
    |ap_condition_17019          |       and|   0|  0|   2|           1|           1|
    |ap_condition_17022          |       and|   0|  0|   2|           1|           1|
    |ap_condition_17025          |       and|   0|  0|   2|           1|           1|
    |ap_condition_17028          |       and|   0|  0|   2|           1|           1|
    |ap_condition_17031          |       and|   0|  0|   2|           1|           1|
    |ap_condition_17034          |       and|   0|  0|   2|           1|           1|
    |ap_condition_17037          |       and|   0|  0|   2|           1|           1|
    |ap_condition_17040          |       and|   0|  0|   2|           1|           1|
    |ap_condition_17043          |       and|   0|  0|   2|           1|           1|
    |ap_condition_17046          |       and|   0|  0|   2|           1|           1|
    |ap_condition_17049          |       and|   0|  0|   2|           1|           1|
    |ap_condition_17052          |       and|   0|  0|   2|           1|           1|
    |ap_condition_17055          |       and|   0|  0|   2|           1|           1|
    |ap_condition_17058          |       and|   0|  0|   2|           1|           1|
    |ap_condition_17061          |       and|   0|  0|   2|           1|           1|
    |ap_condition_17064          |       and|   0|  0|   2|           1|           1|
    |ap_condition_17067          |       and|   0|  0|   2|           1|           1|
    |ap_condition_17070          |       and|   0|  0|   2|           1|           1|
    |ap_condition_17073          |       and|   0|  0|   2|           1|           1|
    |ap_condition_17076          |       and|   0|  0|   2|           1|           1|
    |ap_condition_17079          |       and|   0|  0|   2|           1|           1|
    |ap_condition_17082          |       and|   0|  0|   2|           1|           1|
    |ap_condition_17085          |       and|   0|  0|   2|           1|           1|
    |ap_condition_17088          |       and|   0|  0|   2|           1|           1|
    |ap_condition_17091          |       and|   0|  0|   2|           1|           1|
    |ap_condition_17094          |       and|   0|  0|   2|           1|           1|
    |ap_condition_17097          |       and|   0|  0|   2|           1|           1|
    |ap_condition_17100          |       and|   0|  0|   2|           1|           1|
    |ap_condition_17103          |       and|   0|  0|   2|           1|           1|
    |ap_condition_17106          |       and|   0|  0|   2|           1|           1|
    |ap_condition_17109          |       and|   0|  0|   2|           1|           1|
    |ap_condition_17112          |       and|   0|  0|   2|           1|           1|
    |ap_condition_17115          |       and|   0|  0|   2|           1|           1|
    |ap_condition_17118          |       and|   0|  0|   2|           1|           1|
    |ap_condition_17121          |       and|   0|  0|   2|           1|           1|
    |ap_condition_17124          |       and|   0|  0|   2|           1|           1|
    |ap_condition_17127          |       and|   0|  0|   2|           1|           1|
    |ap_condition_17130          |       and|   0|  0|   2|           1|           1|
    |ap_condition_17133          |       and|   0|  0|   2|           1|           1|
    |ap_condition_17136          |       and|   0|  0|   2|           1|           1|
    |ap_condition_17139          |       and|   0|  0|   2|           1|           1|
    |ap_condition_17142          |       and|   0|  0|   2|           1|           1|
    |ap_condition_17145          |       and|   0|  0|   2|           1|           1|
    |ap_condition_17148          |       and|   0|  0|   2|           1|           1|
    |ap_condition_17151          |       and|   0|  0|   2|           1|           1|
    |ap_condition_17154          |       and|   0|  0|   2|           1|           1|
    |ap_condition_17157          |       and|   0|  0|   2|           1|           1|
    |ap_condition_17160          |       and|   0|  0|   2|           1|           1|
    |ap_condition_17163          |       and|   0|  0|   2|           1|           1|
    |ap_condition_17166          |       and|   0|  0|   2|           1|           1|
    |ap_condition_17169          |       and|   0|  0|   2|           1|           1|
    |ap_condition_17172          |       and|   0|  0|   2|           1|           1|
    |ap_condition_17175          |       and|   0|  0|   2|           1|           1|
    |ap_condition_17178          |       and|   0|  0|   2|           1|           1|
    |ap_condition_17181          |       and|   0|  0|   2|           1|           1|
    |ap_condition_17184          |       and|   0|  0|   2|           1|           1|
    |ap_condition_17187          |       and|   0|  0|   2|           1|           1|
    |ap_condition_17190          |       and|   0|  0|   2|           1|           1|
    |ap_condition_17193          |       and|   0|  0|   2|           1|           1|
    |ap_condition_17196          |       and|   0|  0|   2|           1|           1|
    |ap_condition_17199          |       and|   0|  0|   2|           1|           1|
    |ap_condition_17202          |       and|   0|  0|   2|           1|           1|
    |ap_condition_17205          |       and|   0|  0|   2|           1|           1|
    |ap_condition_17208          |       and|   0|  0|   2|           1|           1|
    |ap_condition_17211          |       and|   0|  0|   2|           1|           1|
    |ap_condition_17214          |       and|   0|  0|   2|           1|           1|
    |ap_condition_17217          |       and|   0|  0|   2|           1|           1|
    |ap_condition_17220          |       and|   0|  0|   2|           1|           1|
    |ap_condition_17223          |       and|   0|  0|   2|           1|           1|
    |ap_condition_17226          |       and|   0|  0|   2|           1|           1|
    |ap_condition_17229          |       and|   0|  0|   2|           1|           1|
    |ap_condition_17232          |       and|   0|  0|   2|           1|           1|
    |ap_condition_17235          |       and|   0|  0|   2|           1|           1|
    |ap_condition_17238          |       and|   0|  0|   2|           1|           1|
    |ap_condition_17241          |       and|   0|  0|   2|           1|           1|
    |ap_condition_17244          |       and|   0|  0|   2|           1|           1|
    |ap_condition_17247          |       and|   0|  0|   2|           1|           1|
    |ap_condition_17250          |       and|   0|  0|   2|           1|           1|
    |ap_condition_17253          |       and|   0|  0|   2|           1|           1|
    |ap_condition_17256          |       and|   0|  0|   2|           1|           1|
    |ap_condition_17259          |       and|   0|  0|   2|           1|           1|
    |ap_condition_17262          |       and|   0|  0|   2|           1|           1|
    |ap_condition_17265          |       and|   0|  0|   2|           1|           1|
    |ap_condition_17268          |       and|   0|  0|   2|           1|           1|
    |ap_condition_17271          |       and|   0|  0|   2|           1|           1|
    |ap_condition_17274          |       and|   0|  0|   2|           1|           1|
    |ap_condition_17277          |       and|   0|  0|   2|           1|           1|
    |ap_condition_17280          |       and|   0|  0|   2|           1|           1|
    |ap_condition_17283          |       and|   0|  0|   2|           1|           1|
    |ap_condition_17286          |       and|   0|  0|   2|           1|           1|
    |ap_condition_17289          |       and|   0|  0|   2|           1|           1|
    |ap_condition_17292          |       and|   0|  0|   2|           1|           1|
    |ap_condition_17295          |       and|   0|  0|   2|           1|           1|
    |ap_condition_17298          |       and|   0|  0|   2|           1|           1|
    |ap_condition_17301          |       and|   0|  0|   2|           1|           1|
    |ap_condition_17304          |       and|   0|  0|   2|           1|           1|
    |ap_condition_17307          |       and|   0|  0|   2|           1|           1|
    |ap_condition_17310          |       and|   0|  0|   2|           1|           1|
    |ap_condition_17313          |       and|   0|  0|   2|           1|           1|
    |ap_condition_17316          |       and|   0|  0|   2|           1|           1|
    |ap_condition_17319          |       and|   0|  0|   2|           1|           1|
    |ap_condition_17322          |       and|   0|  0|   2|           1|           1|
    |ap_condition_17325          |       and|   0|  0|   2|           1|           1|
    |ap_condition_17328          |       and|   0|  0|   2|           1|           1|
    |ap_condition_17331          |       and|   0|  0|   2|           1|           1|
    |ap_condition_17334          |       and|   0|  0|   2|           1|           1|
    |ap_condition_17337          |       and|   0|  0|   2|           1|           1|
    |ap_condition_17340          |       and|   0|  0|   2|           1|           1|
    |ap_condition_17343          |       and|   0|  0|   2|           1|           1|
    |ap_condition_17346          |       and|   0|  0|   2|           1|           1|
    |ap_condition_17349          |       and|   0|  0|   2|           1|           1|
    |ap_condition_17352          |       and|   0|  0|   2|           1|           1|
    |ap_condition_17355          |       and|   0|  0|   2|           1|           1|
    |ap_condition_17358          |       and|   0|  0|   2|           1|           1|
    |ap_condition_17361          |       and|   0|  0|   2|           1|           1|
    |ap_condition_17364          |       and|   0|  0|   2|           1|           1|
    |ap_condition_17367          |       and|   0|  0|   2|           1|           1|
    |ap_condition_17370          |       and|   0|  0|   2|           1|           1|
    |ap_condition_17373          |       and|   0|  0|   2|           1|           1|
    |ap_condition_17376          |       and|   0|  0|   2|           1|           1|
    |ap_condition_17379          |       and|   0|  0|   2|           1|           1|
    |ap_condition_17382          |       and|   0|  0|   2|           1|           1|
    |ap_condition_17385          |       and|   0|  0|   2|           1|           1|
    |ap_condition_17388          |       and|   0|  0|   2|           1|           1|
    |ap_condition_17391          |       and|   0|  0|   2|           1|           1|
    |ap_condition_17394          |       and|   0|  0|   2|           1|           1|
    |ap_condition_17397          |       and|   0|  0|   2|           1|           1|
    |ap_condition_17400          |       and|   0|  0|   2|           1|           1|
    |ap_condition_17403          |       and|   0|  0|   2|           1|           1|
    |ap_condition_17406          |       and|   0|  0|   2|           1|           1|
    |ap_condition_17409          |       and|   0|  0|   2|           1|           1|
    |ap_condition_17412          |       and|   0|  0|   2|           1|           1|
    |ap_condition_17415          |       and|   0|  0|   2|           1|           1|
    |ap_condition_17418          |       and|   0|  0|   2|           1|           1|
    |ap_condition_17421          |       and|   0|  0|   2|           1|           1|
    |ap_condition_17424          |       and|   0|  0|   2|           1|           1|
    |ap_condition_17427          |       and|   0|  0|   2|           1|           1|
    |ap_condition_17430          |       and|   0|  0|   2|           1|           1|
    |ap_condition_17433          |       and|   0|  0|   2|           1|           1|
    |ap_condition_17436          |       and|   0|  0|   2|           1|           1|
    |ap_condition_17439          |       and|   0|  0|   2|           1|           1|
    |ap_condition_17442          |       and|   0|  0|   2|           1|           1|
    |ap_condition_17445          |       and|   0|  0|   2|           1|           1|
    |ap_condition_17448          |       and|   0|  0|   2|           1|           1|
    |ap_condition_17451          |       and|   0|  0|   2|           1|           1|
    |ap_condition_17454          |       and|   0|  0|   2|           1|           1|
    |ap_condition_17457          |       and|   0|  0|   2|           1|           1|
    |ap_condition_17460          |       and|   0|  0|   2|           1|           1|
    |ap_condition_17463          |       and|   0|  0|   2|           1|           1|
    |ap_condition_17466          |       and|   0|  0|   2|           1|           1|
    |ap_condition_17469          |       and|   0|  0|   2|           1|           1|
    |ap_condition_17472          |       and|   0|  0|   2|           1|           1|
    |ap_condition_17475          |       and|   0|  0|   2|           1|           1|
    |ap_condition_17478          |       and|   0|  0|   2|           1|           1|
    |ap_condition_17481          |       and|   0|  0|   2|           1|           1|
    |ap_condition_17484          |       and|   0|  0|   2|           1|           1|
    |ap_condition_17487          |       and|   0|  0|   2|           1|           1|
    |ap_condition_17490          |       and|   0|  0|   2|           1|           1|
    |ap_condition_17493          |       and|   0|  0|   2|           1|           1|
    |ap_condition_17496          |       and|   0|  0|   2|           1|           1|
    |ap_condition_17499          |       and|   0|  0|   2|           1|           1|
    |ap_condition_17502          |       and|   0|  0|   2|           1|           1|
    |ap_condition_17505          |       and|   0|  0|   2|           1|           1|
    |ap_condition_17508          |       and|   0|  0|   2|           1|           1|
    |ap_condition_17511          |       and|   0|  0|   2|           1|           1|
    |ap_condition_17514          |       and|   0|  0|   2|           1|           1|
    |ap_condition_17517          |       and|   0|  0|   2|           1|           1|
    |ap_condition_17520          |       and|   0|  0|   2|           1|           1|
    |ap_condition_17523          |       and|   0|  0|   2|           1|           1|
    |ap_condition_17526          |       and|   0|  0|   2|           1|           1|
    |ap_condition_17529          |       and|   0|  0|   2|           1|           1|
    |ap_condition_17532          |       and|   0|  0|   2|           1|           1|
    |ap_condition_17535          |       and|   0|  0|   2|           1|           1|
    |ap_condition_17538          |       and|   0|  0|   2|           1|           1|
    |ap_condition_17541          |       and|   0|  0|   2|           1|           1|
    |ap_condition_17544          |       and|   0|  0|   2|           1|           1|
    |ap_condition_17547          |       and|   0|  0|   2|           1|           1|
    |ap_condition_17550          |       and|   0|  0|   2|           1|           1|
    |ap_condition_17553          |       and|   0|  0|   2|           1|           1|
    |ap_condition_17556          |       and|   0|  0|   2|           1|           1|
    |ap_condition_17559          |       and|   0|  0|   2|           1|           1|
    |ap_condition_17562          |       and|   0|  0|   2|           1|           1|
    |ap_condition_17565          |       and|   0|  0|   2|           1|           1|
    |ap_condition_17568          |       and|   0|  0|   2|           1|           1|
    |ap_condition_17571          |       and|   0|  0|   2|           1|           1|
    |ap_condition_17574          |       and|   0|  0|   2|           1|           1|
    |ap_condition_17577          |       and|   0|  0|   2|           1|           1|
    |ap_condition_17580          |       and|   0|  0|   2|           1|           1|
    |ap_condition_17583          |       and|   0|  0|   2|           1|           1|
    |ap_condition_17586          |       and|   0|  0|   2|           1|           1|
    |ap_condition_17589          |       and|   0|  0|   2|           1|           1|
    |ap_condition_17592          |       and|   0|  0|   2|           1|           1|
    |ap_condition_17595          |       and|   0|  0|   2|           1|           1|
    |ap_condition_17598          |       and|   0|  0|   2|           1|           1|
    |ap_condition_17601          |       and|   0|  0|   2|           1|           1|
    |ap_condition_17604          |       and|   0|  0|   2|           1|           1|
    |ap_condition_17607          |       and|   0|  0|   2|           1|           1|
    |ap_condition_17610          |       and|   0|  0|   2|           1|           1|
    |ap_condition_17613          |       and|   0|  0|   2|           1|           1|
    |ap_condition_17616          |       and|   0|  0|   2|           1|           1|
    |ap_condition_17619          |       and|   0|  0|   2|           1|           1|
    |ap_condition_17622          |       and|   0|  0|   2|           1|           1|
    |ap_condition_17625          |       and|   0|  0|   2|           1|           1|
    |ap_condition_17628          |       and|   0|  0|   2|           1|           1|
    |ap_condition_17631          |       and|   0|  0|   2|           1|           1|
    |ap_condition_17634          |       and|   0|  0|   2|           1|           1|
    |ap_condition_17637          |       and|   0|  0|   2|           1|           1|
    |ap_condition_17640          |       and|   0|  0|   2|           1|           1|
    |ap_condition_17643          |       and|   0|  0|   2|           1|           1|
    |ap_condition_17646          |       and|   0|  0|   2|           1|           1|
    |ap_condition_17649          |       and|   0|  0|   2|           1|           1|
    |ap_condition_17652          |       and|   0|  0|   2|           1|           1|
    |ap_condition_17655          |       and|   0|  0|   2|           1|           1|
    |ap_condition_17658          |       and|   0|  0|   2|           1|           1|
    |ap_condition_17661          |       and|   0|  0|   2|           1|           1|
    |ap_condition_17664          |       and|   0|  0|   2|           1|           1|
    |ap_condition_17667          |       and|   0|  0|   2|           1|           1|
    |ap_condition_17670          |       and|   0|  0|   2|           1|           1|
    |ap_condition_17673          |       and|   0|  0|   2|           1|           1|
    |ap_condition_17676          |       and|   0|  0|   2|           1|           1|
    |ap_condition_17679          |       and|   0|  0|   2|           1|           1|
    |ap_condition_17682          |       and|   0|  0|   2|           1|           1|
    |ap_condition_17685          |       and|   0|  0|   2|           1|           1|
    |ap_condition_17688          |       and|   0|  0|   2|           1|           1|
    |ap_condition_17691          |       and|   0|  0|   2|           1|           1|
    |ap_condition_17694          |       and|   0|  0|   2|           1|           1|
    |ap_condition_17697          |       and|   0|  0|   2|           1|           1|
    |ap_condition_17700          |       and|   0|  0|   2|           1|           1|
    |ap_condition_17703          |       and|   0|  0|   2|           1|           1|
    |ap_condition_17706          |       and|   0|  0|   2|           1|           1|
    |ap_condition_17709          |       and|   0|  0|   2|           1|           1|
    |ap_condition_17712          |       and|   0|  0|   2|           1|           1|
    |ap_condition_17715          |       and|   0|  0|   2|           1|           1|
    |ap_condition_17718          |       and|   0|  0|   2|           1|           1|
    |ap_condition_17721          |       and|   0|  0|   2|           1|           1|
    |ap_condition_17724          |       and|   0|  0|   2|           1|           1|
    |ap_condition_17727          |       and|   0|  0|   2|           1|           1|
    |ap_condition_17730          |       and|   0|  0|   2|           1|           1|
    |ap_condition_17733          |       and|   0|  0|   2|           1|           1|
    |ap_condition_17736          |       and|   0|  0|   2|           1|           1|
    |ap_condition_17739          |       and|   0|  0|   2|           1|           1|
    |ap_condition_17742          |       and|   0|  0|   2|           1|           1|
    |ap_condition_17745          |       and|   0|  0|   2|           1|           1|
    |ap_condition_17748          |       and|   0|  0|   2|           1|           1|
    |ap_condition_17751          |       and|   0|  0|   2|           1|           1|
    |ap_condition_17754          |       and|   0|  0|   2|           1|           1|
    |ap_condition_17757          |       and|   0|  0|   2|           1|           1|
    |ap_condition_17760          |       and|   0|  0|   2|           1|           1|
    |ap_condition_17763          |       and|   0|  0|   2|           1|           1|
    |ap_condition_17766          |       and|   0|  0|   2|           1|           1|
    |ap_condition_17769          |       and|   0|  0|   2|           1|           1|
    |ap_condition_17772          |       and|   0|  0|   2|           1|           1|
    |ap_condition_17775          |       and|   0|  0|   2|           1|           1|
    |ap_condition_17778          |       and|   0|  0|   2|           1|           1|
    |ap_condition_17781          |       and|   0|  0|   2|           1|           1|
    |ap_condition_17784          |       and|   0|  0|   2|           1|           1|
    |ap_condition_17787          |       and|   0|  0|   2|           1|           1|
    |ap_condition_17790          |       and|   0|  0|   2|           1|           1|
    |ap_condition_17793          |       and|   0|  0|   2|           1|           1|
    |ap_condition_17796          |       and|   0|  0|   2|           1|           1|
    |ap_condition_17799          |       and|   0|  0|   2|           1|           1|
    |ap_condition_17802          |       and|   0|  0|   2|           1|           1|
    |ap_condition_17805          |       and|   0|  0|   2|           1|           1|
    |ap_condition_17808          |       and|   0|  0|   2|           1|           1|
    |ap_condition_17811          |       and|   0|  0|   2|           1|           1|
    |ap_condition_17814          |       and|   0|  0|   2|           1|           1|
    |ap_condition_17817          |       and|   0|  0|   2|           1|           1|
    |ap_condition_17820          |       and|   0|  0|   2|           1|           1|
    |ap_condition_17823          |       and|   0|  0|   2|           1|           1|
    |ap_condition_17826          |       and|   0|  0|   2|           1|           1|
    |ap_condition_17829          |       and|   0|  0|   2|           1|           1|
    |ap_condition_17832          |       and|   0|  0|   2|           1|           1|
    |ap_condition_17835          |       and|   0|  0|   2|           1|           1|
    |ap_condition_17838          |       and|   0|  0|   2|           1|           1|
    |ap_condition_17841          |       and|   0|  0|   2|           1|           1|
    |ap_condition_17844          |       and|   0|  0|   2|           1|           1|
    |ap_condition_17847          |       and|   0|  0|   2|           1|           1|
    |ap_condition_17850          |       and|   0|  0|   2|           1|           1|
    |ap_condition_17853          |       and|   0|  0|   2|           1|           1|
    |ap_condition_17856          |       and|   0|  0|   2|           1|           1|
    |ap_condition_17859          |       and|   0|  0|   2|           1|           1|
    |ap_condition_17862          |       and|   0|  0|   2|           1|           1|
    |ap_condition_17865          |       and|   0|  0|   2|           1|           1|
    |ap_condition_17868          |       and|   0|  0|   2|           1|           1|
    |ap_condition_17871          |       and|   0|  0|   2|           1|           1|
    |ap_condition_17874          |       and|   0|  0|   2|           1|           1|
    |ap_condition_17877          |       and|   0|  0|   2|           1|           1|
    |ap_condition_17880          |       and|   0|  0|   2|           1|           1|
    |ap_condition_17883          |       and|   0|  0|   2|           1|           1|
    |ap_condition_17886          |       and|   0|  0|   2|           1|           1|
    |ap_condition_17889          |       and|   0|  0|   2|           1|           1|
    |ap_condition_17892          |       and|   0|  0|   2|           1|           1|
    |ap_condition_17895          |       and|   0|  0|   2|           1|           1|
    |ap_condition_17898          |       and|   0|  0|   2|           1|           1|
    |ap_condition_17901          |       and|   0|  0|   2|           1|           1|
    |ap_condition_17904          |       and|   0|  0|   2|           1|           1|
    |ap_condition_17907          |       and|   0|  0|   2|           1|           1|
    |ap_condition_17910          |       and|   0|  0|   2|           1|           1|
    |ap_condition_17913          |       and|   0|  0|   2|           1|           1|
    |ap_condition_17916          |       and|   0|  0|   2|           1|           1|
    |ap_condition_17919          |       and|   0|  0|   2|           1|           1|
    |ap_condition_17922          |       and|   0|  0|   2|           1|           1|
    |ap_condition_17925          |       and|   0|  0|   2|           1|           1|
    |ap_condition_17928          |       and|   0|  0|   2|           1|           1|
    |ap_condition_17931          |       and|   0|  0|   2|           1|           1|
    |ap_condition_17934          |       and|   0|  0|   2|           1|           1|
    |ap_condition_17937          |       and|   0|  0|   2|           1|           1|
    |ap_condition_17940          |       and|   0|  0|   2|           1|           1|
    |ap_condition_17943          |       and|   0|  0|   2|           1|           1|
    |ap_condition_17946          |       and|   0|  0|   2|           1|           1|
    |ap_condition_17949          |       and|   0|  0|   2|           1|           1|
    |ap_condition_17952          |       and|   0|  0|   2|           1|           1|
    |ap_condition_17955          |       and|   0|  0|   2|           1|           1|
    |ap_condition_17958          |       and|   0|  0|   2|           1|           1|
    |ap_condition_17961          |       and|   0|  0|   2|           1|           1|
    |ap_condition_17964          |       and|   0|  0|   2|           1|           1|
    |ap_condition_17967          |       and|   0|  0|   2|           1|           1|
    |ap_condition_17970          |       and|   0|  0|   2|           1|           1|
    |ap_condition_17973          |       and|   0|  0|   2|           1|           1|
    |ap_condition_17976          |       and|   0|  0|   2|           1|           1|
    |ap_condition_17979          |       and|   0|  0|   2|           1|           1|
    |ap_condition_17982          |       and|   0|  0|   2|           1|           1|
    |ap_condition_17985          |       and|   0|  0|   2|           1|           1|
    |ap_condition_17988          |       and|   0|  0|   2|           1|           1|
    |ap_condition_17991          |       and|   0|  0|   2|           1|           1|
    |ap_condition_17994          |       and|   0|  0|   2|           1|           1|
    |ap_condition_17997          |       and|   0|  0|   2|           1|           1|
    |ap_condition_18000          |       and|   0|  0|   2|           1|           1|
    |ap_condition_18003          |       and|   0|  0|   2|           1|           1|
    |ap_condition_18006          |       and|   0|  0|   2|           1|           1|
    |ap_condition_18009          |       and|   0|  0|   2|           1|           1|
    |ap_condition_18012          |       and|   0|  0|   2|           1|           1|
    |ap_condition_18015          |       and|   0|  0|   2|           1|           1|
    |ap_condition_18018          |       and|   0|  0|   2|           1|           1|
    |ap_condition_18021          |       and|   0|  0|   2|           1|           1|
    |ap_condition_18024          |       and|   0|  0|   2|           1|           1|
    |ap_condition_18027          |       and|   0|  0|   2|           1|           1|
    |ap_condition_18030          |       and|   0|  0|   2|           1|           1|
    |ap_condition_18033          |       and|   0|  0|   2|           1|           1|
    |ap_condition_18036          |       and|   0|  0|   2|           1|           1|
    |ap_condition_18039          |       and|   0|  0|   2|           1|           1|
    |ap_condition_18042          |       and|   0|  0|   2|           1|           1|
    |ap_condition_18045          |       and|   0|  0|   2|           1|           1|
    |ap_condition_18048          |       and|   0|  0|   2|           1|           1|
    |ap_condition_18051          |       and|   0|  0|   2|           1|           1|
    |ap_condition_18054          |       and|   0|  0|   2|           1|           1|
    |ap_condition_18057          |       and|   0|  0|   2|           1|           1|
    |ap_condition_18060          |       and|   0|  0|   2|           1|           1|
    |ap_condition_18063          |       and|   0|  0|   2|           1|           1|
    |ap_condition_18066          |       and|   0|  0|   2|           1|           1|
    |ap_condition_18069          |       and|   0|  0|   2|           1|           1|
    |ap_condition_18072          |       and|   0|  0|   2|           1|           1|
    |ap_condition_18075          |       and|   0|  0|   2|           1|           1|
    |ap_condition_18078          |       and|   0|  0|   2|           1|           1|
    |ap_condition_18081          |       and|   0|  0|   2|           1|           1|
    |ap_condition_18084          |       and|   0|  0|   2|           1|           1|
    |ap_condition_18087          |       and|   0|  0|   2|           1|           1|
    |ap_condition_18090          |       and|   0|  0|   2|           1|           1|
    |ap_condition_18093          |       and|   0|  0|   2|           1|           1|
    |ap_condition_18096          |       and|   0|  0|   2|           1|           1|
    |ap_condition_18099          |       and|   0|  0|   2|           1|           1|
    |ap_condition_18102          |       and|   0|  0|   2|           1|           1|
    |ap_condition_18105          |       and|   0|  0|   2|           1|           1|
    |ap_condition_18108          |       and|   0|  0|   2|           1|           1|
    |ap_condition_18111          |       and|   0|  0|   2|           1|           1|
    |ap_condition_18114          |       and|   0|  0|   2|           1|           1|
    |ap_condition_18117          |       and|   0|  0|   2|           1|           1|
    |ap_condition_18120          |       and|   0|  0|   2|           1|           1|
    |ap_condition_18123          |       and|   0|  0|   2|           1|           1|
    |ap_condition_18126          |       and|   0|  0|   2|           1|           1|
    |ap_condition_18129          |       and|   0|  0|   2|           1|           1|
    |ap_condition_18132          |       and|   0|  0|   2|           1|           1|
    |ap_condition_18135          |       and|   0|  0|   2|           1|           1|
    |ap_condition_18138          |       and|   0|  0|   2|           1|           1|
    |ap_condition_18141          |       and|   0|  0|   2|           1|           1|
    |ap_condition_18144          |       and|   0|  0|   2|           1|           1|
    |ap_condition_18147          |       and|   0|  0|   2|           1|           1|
    |ap_condition_18150          |       and|   0|  0|   2|           1|           1|
    |ap_condition_18153          |       and|   0|  0|   2|           1|           1|
    |ap_condition_18156          |       and|   0|  0|   2|           1|           1|
    |ap_condition_18159          |       and|   0|  0|   2|           1|           1|
    |ap_condition_18162          |       and|   0|  0|   2|           1|           1|
    |ap_condition_18165          |       and|   0|  0|   2|           1|           1|
    |ap_condition_18168          |       and|   0|  0|   2|           1|           1|
    |ap_condition_18171          |       and|   0|  0|   2|           1|           1|
    |ap_condition_18174          |       and|   0|  0|   2|           1|           1|
    |ap_condition_18177          |       and|   0|  0|   2|           1|           1|
    |ap_condition_18180          |       and|   0|  0|   2|           1|           1|
    |ap_condition_18183          |       and|   0|  0|   2|           1|           1|
    |ap_condition_18186          |       and|   0|  0|   2|           1|           1|
    |ap_condition_18189          |       and|   0|  0|   2|           1|           1|
    |ap_condition_18192          |       and|   0|  0|   2|           1|           1|
    |ap_condition_18195          |       and|   0|  0|   2|           1|           1|
    |ap_condition_18198          |       and|   0|  0|   2|           1|           1|
    |ap_condition_18201          |       and|   0|  0|   2|           1|           1|
    |ap_condition_18204          |       and|   0|  0|   2|           1|           1|
    |ap_condition_18207          |       and|   0|  0|   2|           1|           1|
    |ap_condition_18210          |       and|   0|  0|   2|           1|           1|
    |ap_condition_18213          |       and|   0|  0|   2|           1|           1|
    |ap_condition_18216          |       and|   0|  0|   2|           1|           1|
    |ap_condition_18219          |       and|   0|  0|   2|           1|           1|
    |ap_condition_18222          |       and|   0|  0|   2|           1|           1|
    |ap_condition_18225          |       and|   0|  0|   2|           1|           1|
    |ap_condition_18228          |       and|   0|  0|   2|           1|           1|
    |ap_condition_18231          |       and|   0|  0|   2|           1|           1|
    |ap_condition_18234          |       and|   0|  0|   2|           1|           1|
    |ap_condition_18237          |       and|   0|  0|   2|           1|           1|
    |ap_condition_18240          |       and|   0|  0|   2|           1|           1|
    |ap_condition_18243          |       and|   0|  0|   2|           1|           1|
    |ap_condition_18246          |       and|   0|  0|   2|           1|           1|
    |ap_condition_18249          |       and|   0|  0|   2|           1|           1|
    |ap_condition_18252          |       and|   0|  0|   2|           1|           1|
    |ap_condition_18255          |       and|   0|  0|   2|           1|           1|
    |ap_condition_18258          |       and|   0|  0|   2|           1|           1|
    |ap_condition_18261          |       and|   0|  0|   2|           1|           1|
    |ap_condition_18264          |       and|   0|  0|   2|           1|           1|
    |ap_condition_18267          |       and|   0|  0|   2|           1|           1|
    |ap_condition_18270          |       and|   0|  0|   2|           1|           1|
    |ap_condition_18273          |       and|   0|  0|   2|           1|           1|
    |ap_condition_18276          |       and|   0|  0|   2|           1|           1|
    |ap_condition_18279          |       and|   0|  0|   2|           1|           1|
    |ap_condition_18282          |       and|   0|  0|   2|           1|           1|
    |ap_condition_18285          |       and|   0|  0|   2|           1|           1|
    |ap_condition_18288          |       and|   0|  0|   2|           1|           1|
    |ap_condition_18291          |       and|   0|  0|   2|           1|           1|
    |ap_condition_18294          |       and|   0|  0|   2|           1|           1|
    |ap_condition_18297          |       and|   0|  0|   2|           1|           1|
    |ap_condition_18300          |       and|   0|  0|   2|           1|           1|
    |ap_condition_18303          |       and|   0|  0|   2|           1|           1|
    |ap_condition_18306          |       and|   0|  0|   2|           1|           1|
    |ap_condition_18309          |       and|   0|  0|   2|           1|           1|
    |ap_condition_18312          |       and|   0|  0|   2|           1|           1|
    |ap_condition_18315          |       and|   0|  0|   2|           1|           1|
    |ap_condition_18318          |       and|   0|  0|   2|           1|           1|
    |ap_condition_18321          |       and|   0|  0|   2|           1|           1|
    |ap_condition_18324          |       and|   0|  0|   2|           1|           1|
    |ap_condition_18327          |       and|   0|  0|   2|           1|           1|
    |ap_condition_18330          |       and|   0|  0|   2|           1|           1|
    |ap_condition_18333          |       and|   0|  0|   2|           1|           1|
    |ap_condition_18336          |       and|   0|  0|   2|           1|           1|
    |ap_condition_18339          |       and|   0|  0|   2|           1|           1|
    |ap_condition_18342          |       and|   0|  0|   2|           1|           1|
    |ap_condition_18345          |       and|   0|  0|   2|           1|           1|
    |ap_condition_18348          |       and|   0|  0|   2|           1|           1|
    |ap_condition_18351          |       and|   0|  0|   2|           1|           1|
    |ap_condition_18354          |       and|   0|  0|   2|           1|           1|
    |ap_condition_18357          |       and|   0|  0|   2|           1|           1|
    |ap_condition_18360          |       and|   0|  0|   2|           1|           1|
    |ap_condition_18363          |       and|   0|  0|   2|           1|           1|
    |ap_condition_18366          |       and|   0|  0|   2|           1|           1|
    |ap_condition_18369          |       and|   0|  0|   2|           1|           1|
    |ap_condition_18372          |       and|   0|  0|   2|           1|           1|
    |ap_condition_18375          |       and|   0|  0|   2|           1|           1|
    |ap_condition_18378          |       and|   0|  0|   2|           1|           1|
    |ap_condition_18381          |       and|   0|  0|   2|           1|           1|
    |ap_condition_18384          |       and|   0|  0|   2|           1|           1|
    |ap_condition_18387          |       and|   0|  0|   2|           1|           1|
    |ap_condition_18390          |       and|   0|  0|   2|           1|           1|
    |ap_condition_18393          |       and|   0|  0|   2|           1|           1|
    |ap_condition_18396          |       and|   0|  0|   2|           1|           1|
    |ap_condition_18399          |       and|   0|  0|   2|           1|           1|
    |ap_condition_18402          |       and|   0|  0|   2|           1|           1|
    |ap_condition_18405          |       and|   0|  0|   2|           1|           1|
    |ap_condition_18408          |       and|   0|  0|   2|           1|           1|
    |ap_condition_18411          |       and|   0|  0|   2|           1|           1|
    |ap_condition_18414          |       and|   0|  0|   2|           1|           1|
    |ap_condition_18417          |       and|   0|  0|   2|           1|           1|
    |ap_condition_18420          |       and|   0|  0|   2|           1|           1|
    |ap_condition_18423          |       and|   0|  0|   2|           1|           1|
    |ap_condition_18426          |       and|   0|  0|   2|           1|           1|
    |ap_condition_18429          |       and|   0|  0|   2|           1|           1|
    |ap_condition_18432          |       and|   0|  0|   2|           1|           1|
    |ap_condition_18435          |       and|   0|  0|   2|           1|           1|
    |ap_condition_18438          |       and|   0|  0|   2|           1|           1|
    |ap_condition_18441          |       and|   0|  0|   2|           1|           1|
    |ap_condition_18444          |       and|   0|  0|   2|           1|           1|
    |ap_condition_18447          |       and|   0|  0|   2|           1|           1|
    |ap_condition_18450          |       and|   0|  0|   2|           1|           1|
    |ap_condition_18453          |       and|   0|  0|   2|           1|           1|
    |ap_condition_18456          |       and|   0|  0|   2|           1|           1|
    |ap_condition_18459          |       and|   0|  0|   2|           1|           1|
    |ap_condition_18462          |       and|   0|  0|   2|           1|           1|
    |ap_condition_18465          |       and|   0|  0|   2|           1|           1|
    |ap_condition_18468          |       and|   0|  0|   2|           1|           1|
    |ap_condition_18471          |       and|   0|  0|   2|           1|           1|
    |ap_condition_18474          |       and|   0|  0|   2|           1|           1|
    |ap_condition_18477          |       and|   0|  0|   2|           1|           1|
    |ap_condition_18480          |       and|   0|  0|   2|           1|           1|
    |ap_condition_18483          |       and|   0|  0|   2|           1|           1|
    |ap_condition_18486          |       and|   0|  0|   2|           1|           1|
    |ap_condition_18489          |       and|   0|  0|   2|           1|           1|
    |ap_condition_18492          |       and|   0|  0|   2|           1|           1|
    |ap_condition_18495          |       and|   0|  0|   2|           1|           1|
    |ap_condition_18498          |       and|   0|  0|   2|           1|           1|
    |ap_condition_18501          |       and|   0|  0|   2|           1|           1|
    |ap_condition_18504          |       and|   0|  0|   2|           1|           1|
    |ap_condition_18507          |       and|   0|  0|   2|           1|           1|
    |ap_condition_18510          |       and|   0|  0|   2|           1|           1|
    |ap_condition_18513          |       and|   0|  0|   2|           1|           1|
    |ap_condition_18516          |       and|   0|  0|   2|           1|           1|
    |ap_condition_18519          |       and|   0|  0|   2|           1|           1|
    |ap_condition_18522          |       and|   0|  0|   2|           1|           1|
    |ap_condition_18525          |       and|   0|  0|   2|           1|           1|
    |ap_condition_18528          |       and|   0|  0|   2|           1|           1|
    |ap_condition_18531          |       and|   0|  0|   2|           1|           1|
    |ap_condition_18534          |       and|   0|  0|   2|           1|           1|
    |ap_condition_18537          |       and|   0|  0|   2|           1|           1|
    |ap_condition_18540          |       and|   0|  0|   2|           1|           1|
    |ap_condition_18543          |       and|   0|  0|   2|           1|           1|
    |ap_condition_18546          |       and|   0|  0|   2|           1|           1|
    |ap_condition_18549          |       and|   0|  0|   2|           1|           1|
    |ap_condition_18552          |       and|   0|  0|   2|           1|           1|
    |ap_condition_18555          |       and|   0|  0|   2|           1|           1|
    |ap_condition_18558          |       and|   0|  0|   2|           1|           1|
    |ap_condition_18561          |       and|   0|  0|   2|           1|           1|
    |ap_condition_18564          |       and|   0|  0|   2|           1|           1|
    |ap_condition_18567          |       and|   0|  0|   2|           1|           1|
    |ap_condition_18570          |       and|   0|  0|   2|           1|           1|
    |ap_condition_18573          |       and|   0|  0|   2|           1|           1|
    |ap_condition_18576          |       and|   0|  0|   2|           1|           1|
    |ap_condition_18579          |       and|   0|  0|   2|           1|           1|
    |ap_condition_18582          |       and|   0|  0|   2|           1|           1|
    |ap_condition_18585          |       and|   0|  0|   2|           1|           1|
    |ap_condition_18588          |       and|   0|  0|   2|           1|           1|
    |ap_condition_18591          |       and|   0|  0|   2|           1|           1|
    |ap_condition_18594          |       and|   0|  0|   2|           1|           1|
    |ap_condition_18597          |       and|   0|  0|   2|           1|           1|
    |ap_condition_18600          |       and|   0|  0|   2|           1|           1|
    |ap_condition_18603          |       and|   0|  0|   2|           1|           1|
    |ap_condition_18606          |       and|   0|  0|   2|           1|           1|
    |ap_condition_18609          |       and|   0|  0|   2|           1|           1|
    |ap_condition_18612          |       and|   0|  0|   2|           1|           1|
    |ap_condition_18615          |       and|   0|  0|   2|           1|           1|
    |ap_condition_18618          |       and|   0|  0|   2|           1|           1|
    |ap_condition_18621          |       and|   0|  0|   2|           1|           1|
    |ap_condition_18624          |       and|   0|  0|   2|           1|           1|
    |ap_condition_18627          |       and|   0|  0|   2|           1|           1|
    |ap_condition_18630          |       and|   0|  0|   2|           1|           1|
    |ap_condition_18633          |       and|   0|  0|   2|           1|           1|
    |ap_condition_18636          |       and|   0|  0|   2|           1|           1|
    |ap_condition_18639          |       and|   0|  0|   2|           1|           1|
    |ap_condition_18642          |       and|   0|  0|   2|           1|           1|
    |ap_condition_18645          |       and|   0|  0|   2|           1|           1|
    |ap_condition_18648          |       and|   0|  0|   2|           1|           1|
    |ap_condition_18651          |       and|   0|  0|   2|           1|           1|
    |ap_condition_18654          |       and|   0|  0|   2|           1|           1|
    |ap_condition_18657          |       and|   0|  0|   2|           1|           1|
    |ap_condition_18660          |       and|   0|  0|   2|           1|           1|
    |ap_condition_18663          |       and|   0|  0|   2|           1|           1|
    |ap_condition_18666          |       and|   0|  0|   2|           1|           1|
    |ap_condition_18669          |       and|   0|  0|   2|           1|           1|
    |ap_condition_18672          |       and|   0|  0|   2|           1|           1|
    |ap_condition_18675          |       and|   0|  0|   2|           1|           1|
    |ap_condition_18678          |       and|   0|  0|   2|           1|           1|
    |ap_condition_18681          |       and|   0|  0|   2|           1|           1|
    |ap_condition_18684          |       and|   0|  0|   2|           1|           1|
    |ap_condition_18687          |       and|   0|  0|   2|           1|           1|
    |ap_condition_18690          |       and|   0|  0|   2|           1|           1|
    |ap_condition_18693          |       and|   0|  0|   2|           1|           1|
    |ap_condition_18696          |       and|   0|  0|   2|           1|           1|
    |ap_condition_18699          |       and|   0|  0|   2|           1|           1|
    |ap_condition_18702          |       and|   0|  0|   2|           1|           1|
    |ap_condition_18705          |       and|   0|  0|   2|           1|           1|
    |ap_condition_18708          |       and|   0|  0|   2|           1|           1|
    |ap_condition_18711          |       and|   0|  0|   2|           1|           1|
    |ap_condition_18714          |       and|   0|  0|   2|           1|           1|
    |ap_condition_18717          |       and|   0|  0|   2|           1|           1|
    |ap_condition_18720          |       and|   0|  0|   2|           1|           1|
    |ap_condition_18723          |       and|   0|  0|   2|           1|           1|
    |ap_condition_18726          |       and|   0|  0|   2|           1|           1|
    |ap_condition_18729          |       and|   0|  0|   2|           1|           1|
    |ap_condition_18732          |       and|   0|  0|   2|           1|           1|
    |ap_condition_18735          |       and|   0|  0|   2|           1|           1|
    |ap_condition_18738          |       and|   0|  0|   2|           1|           1|
    |ap_condition_18741          |       and|   0|  0|   2|           1|           1|
    |ap_condition_18744          |       and|   0|  0|   2|           1|           1|
    |ap_condition_18747          |       and|   0|  0|   2|           1|           1|
    |ap_condition_18750          |       and|   0|  0|   2|           1|           1|
    |ap_condition_18753          |       and|   0|  0|   2|           1|           1|
    |ap_condition_18756          |       and|   0|  0|   2|           1|           1|
    |ap_condition_18759          |       and|   0|  0|   2|           1|           1|
    |ap_condition_18762          |       and|   0|  0|   2|           1|           1|
    |ap_condition_18765          |       and|   0|  0|   2|           1|           1|
    |ap_condition_18768          |       and|   0|  0|   2|           1|           1|
    |ap_condition_18771          |       and|   0|  0|   2|           1|           1|
    |ap_condition_18774          |       and|   0|  0|   2|           1|           1|
    |ap_condition_18777          |       and|   0|  0|   2|           1|           1|
    |ap_condition_18780          |       and|   0|  0|   2|           1|           1|
    |ap_condition_18783          |       and|   0|  0|   2|           1|           1|
    |ap_condition_18786          |       and|   0|  0|   2|           1|           1|
    |ap_condition_18789          |       and|   0|  0|   2|           1|           1|
    |ap_condition_18792          |       and|   0|  0|   2|           1|           1|
    |ap_condition_18795          |       and|   0|  0|   2|           1|           1|
    |ap_condition_18798          |       and|   0|  0|   2|           1|           1|
    |ap_condition_18801          |       and|   0|  0|   2|           1|           1|
    |ap_condition_18804          |       and|   0|  0|   2|           1|           1|
    |ap_condition_18807          |       and|   0|  0|   2|           1|           1|
    |ap_condition_18810          |       and|   0|  0|   2|           1|           1|
    |ap_condition_18813          |       and|   0|  0|   2|           1|           1|
    |ap_condition_18816          |       and|   0|  0|   2|           1|           1|
    |ap_condition_18819          |       and|   0|  0|   2|           1|           1|
    |ap_condition_18822          |       and|   0|  0|   2|           1|           1|
    |ap_condition_18825          |       and|   0|  0|   2|           1|           1|
    |ap_condition_18828          |       and|   0|  0|   2|           1|           1|
    |ap_condition_18831          |       and|   0|  0|   2|           1|           1|
    |ap_condition_18834          |       and|   0|  0|   2|           1|           1|
    |ap_condition_18837          |       and|   0|  0|   2|           1|           1|
    |ap_condition_18840          |       and|   0|  0|   2|           1|           1|
    |ap_condition_18843          |       and|   0|  0|   2|           1|           1|
    |ap_condition_18846          |       and|   0|  0|   2|           1|           1|
    |ap_condition_18849          |       and|   0|  0|   2|           1|           1|
    |ap_condition_18852          |       and|   0|  0|   2|           1|           1|
    |ap_condition_18855          |       and|   0|  0|   2|           1|           1|
    |ap_condition_18858          |       and|   0|  0|   2|           1|           1|
    |ap_condition_18861          |       and|   0|  0|   2|           1|           1|
    |ap_condition_18864          |       and|   0|  0|   2|           1|           1|
    |ap_condition_18867          |       and|   0|  0|   2|           1|           1|
    |ap_condition_18870          |       and|   0|  0|   2|           1|           1|
    |ap_condition_18873          |       and|   0|  0|   2|           1|           1|
    |ap_condition_18876          |       and|   0|  0|   2|           1|           1|
    |ap_condition_18879          |       and|   0|  0|   2|           1|           1|
    |ap_condition_18882          |       and|   0|  0|   2|           1|           1|
    |ap_condition_18885          |       and|   0|  0|   2|           1|           1|
    |ap_condition_18888          |       and|   0|  0|   2|           1|           1|
    |ap_condition_18891          |       and|   0|  0|   2|           1|           1|
    |ap_condition_18894          |       and|   0|  0|   2|           1|           1|
    |ap_condition_18897          |       and|   0|  0|   2|           1|           1|
    |ap_condition_18900          |       and|   0|  0|   2|           1|           1|
    |ap_condition_18903          |       and|   0|  0|   2|           1|           1|
    |ap_condition_18906          |       and|   0|  0|   2|           1|           1|
    |ap_condition_18909          |       and|   0|  0|   2|           1|           1|
    |ap_condition_18912          |       and|   0|  0|   2|           1|           1|
    |ap_condition_18915          |       and|   0|  0|   2|           1|           1|
    |ap_condition_18918          |       and|   0|  0|   2|           1|           1|
    |ap_condition_18921          |       and|   0|  0|   2|           1|           1|
    |ap_condition_18924          |       and|   0|  0|   2|           1|           1|
    |ap_condition_18927          |       and|   0|  0|   2|           1|           1|
    |ap_condition_18930          |       and|   0|  0|   2|           1|           1|
    |ap_condition_18933          |       and|   0|  0|   2|           1|           1|
    |ap_condition_18936          |       and|   0|  0|   2|           1|           1|
    |ap_condition_18939          |       and|   0|  0|   2|           1|           1|
    |ap_condition_18942          |       and|   0|  0|   2|           1|           1|
    |ap_condition_18945          |       and|   0|  0|   2|           1|           1|
    |ap_condition_18948          |       and|   0|  0|   2|           1|           1|
    |ap_condition_18951          |       and|   0|  0|   2|           1|           1|
    |ap_condition_18954          |       and|   0|  0|   2|           1|           1|
    |ap_condition_18957          |       and|   0|  0|   2|           1|           1|
    |ap_condition_18960          |       and|   0|  0|   2|           1|           1|
    |ap_condition_18963          |       and|   0|  0|   2|           1|           1|
    |ap_condition_18966          |       and|   0|  0|   2|           1|           1|
    |ap_condition_18969          |       and|   0|  0|   2|           1|           1|
    |ap_condition_18972          |       and|   0|  0|   2|           1|           1|
    |ap_condition_18975          |       and|   0|  0|   2|           1|           1|
    |ap_condition_18978          |       and|   0|  0|   2|           1|           1|
    |ap_condition_18981          |       and|   0|  0|   2|           1|           1|
    |ap_condition_18984          |       and|   0|  0|   2|           1|           1|
    |ap_condition_18987          |       and|   0|  0|   2|           1|           1|
    |ap_condition_18990          |       and|   0|  0|   2|           1|           1|
    |ap_condition_18993          |       and|   0|  0|   2|           1|           1|
    |ap_condition_18996          |       and|   0|  0|   2|           1|           1|
    |ap_condition_18999          |       and|   0|  0|   2|           1|           1|
    |ap_condition_19002          |       and|   0|  0|   2|           1|           1|
    |ap_condition_19005          |       and|   0|  0|   2|           1|           1|
    |ap_condition_19008          |       and|   0|  0|   2|           1|           1|
    |ap_condition_19011          |       and|   0|  0|   2|           1|           1|
    |ap_condition_19014          |       and|   0|  0|   2|           1|           1|
    |ap_condition_19017          |       and|   0|  0|   2|           1|           1|
    |ap_condition_19020          |       and|   0|  0|   2|           1|           1|
    |ap_condition_19023          |       and|   0|  0|   2|           1|           1|
    |ap_condition_19026          |       and|   0|  0|   2|           1|           1|
    |ap_condition_19029          |       and|   0|  0|   2|           1|           1|
    |ap_condition_19032          |       and|   0|  0|   2|           1|           1|
    |ap_condition_19035          |       and|   0|  0|   2|           1|           1|
    |ap_condition_19038          |       and|   0|  0|   2|           1|           1|
    |ap_condition_19041          |       and|   0|  0|   2|           1|           1|
    |ap_condition_19044          |       and|   0|  0|   2|           1|           1|
    |ap_condition_19047          |       and|   0|  0|   2|           1|           1|
    |ap_condition_19050          |       and|   0|  0|   2|           1|           1|
    |ap_condition_19053          |       and|   0|  0|   2|           1|           1|
    |ap_condition_19056          |       and|   0|  0|   2|           1|           1|
    |ap_condition_19059          |       and|   0|  0|   2|           1|           1|
    |ap_condition_19062          |       and|   0|  0|   2|           1|           1|
    |ap_condition_19065          |       and|   0|  0|   2|           1|           1|
    |ap_condition_19068          |       and|   0|  0|   2|           1|           1|
    |ap_condition_19071          |       and|   0|  0|   2|           1|           1|
    |ap_condition_19074          |       and|   0|  0|   2|           1|           1|
    |ap_condition_19077          |       and|   0|  0|   2|           1|           1|
    |ap_condition_19080          |       and|   0|  0|   2|           1|           1|
    |ap_condition_19083          |       and|   0|  0|   2|           1|           1|
    |ap_condition_19086          |       and|   0|  0|   2|           1|           1|
    |ap_condition_19089          |       and|   0|  0|   2|           1|           1|
    |ap_condition_19092          |       and|   0|  0|   2|           1|           1|
    |ap_condition_19095          |       and|   0|  0|   2|           1|           1|
    |ap_condition_19098          |       and|   0|  0|   2|           1|           1|
    |ap_condition_19101          |       and|   0|  0|   2|           1|           1|
    |ap_condition_19104          |       and|   0|  0|   2|           1|           1|
    |ap_condition_19107          |       and|   0|  0|   2|           1|           1|
    |ap_condition_19110          |       and|   0|  0|   2|           1|           1|
    |ap_condition_19113          |       and|   0|  0|   2|           1|           1|
    |ap_condition_19116          |       and|   0|  0|   2|           1|           1|
    |ap_condition_19119          |       and|   0|  0|   2|           1|           1|
    |ap_condition_19122          |       and|   0|  0|   2|           1|           1|
    |ap_condition_19125          |       and|   0|  0|   2|           1|           1|
    |ap_condition_19128          |       and|   0|  0|   2|           1|           1|
    |ap_condition_19131          |       and|   0|  0|   2|           1|           1|
    |ap_condition_19134          |       and|   0|  0|   2|           1|           1|
    |ap_condition_19137          |       and|   0|  0|   2|           1|           1|
    |ap_condition_19140          |       and|   0|  0|   2|           1|           1|
    |ap_condition_19143          |       and|   0|  0|   2|           1|           1|
    |ap_condition_19146          |       and|   0|  0|   2|           1|           1|
    |ap_condition_19149          |       and|   0|  0|   2|           1|           1|
    |ap_condition_19152          |       and|   0|  0|   2|           1|           1|
    |ap_condition_19155          |       and|   0|  0|   2|           1|           1|
    |ap_condition_19158          |       and|   0|  0|   2|           1|           1|
    |ap_condition_19161          |       and|   0|  0|   2|           1|           1|
    |ap_condition_19164          |       and|   0|  0|   2|           1|           1|
    |ap_condition_19167          |       and|   0|  0|   2|           1|           1|
    |ap_condition_19170          |       and|   0|  0|   2|           1|           1|
    |ap_condition_19173          |       and|   0|  0|   2|           1|           1|
    |ap_condition_19176          |       and|   0|  0|   2|           1|           1|
    |ap_condition_19179          |       and|   0|  0|   2|           1|           1|
    |ap_condition_19182          |       and|   0|  0|   2|           1|           1|
    |ap_condition_19185          |       and|   0|  0|   2|           1|           1|
    |ap_condition_19188          |       and|   0|  0|   2|           1|           1|
    |ap_condition_19191          |       and|   0|  0|   2|           1|           1|
    |ap_condition_19194          |       and|   0|  0|   2|           1|           1|
    |ap_condition_19197          |       and|   0|  0|   2|           1|           1|
    |ap_condition_19200          |       and|   0|  0|   2|           1|           1|
    |ap_condition_19203          |       and|   0|  0|   2|           1|           1|
    |ap_condition_19206          |       and|   0|  0|   2|           1|           1|
    |ap_condition_19209          |       and|   0|  0|   2|           1|           1|
    |ap_condition_19212          |       and|   0|  0|   2|           1|           1|
    |ap_condition_19215          |       and|   0|  0|   2|           1|           1|
    |ap_condition_19218          |       and|   0|  0|   2|           1|           1|
    |ap_condition_19221          |       and|   0|  0|   2|           1|           1|
    |ap_condition_19224          |       and|   0|  0|   2|           1|           1|
    |ap_condition_19227          |       and|   0|  0|   2|           1|           1|
    |ap_condition_19230          |       and|   0|  0|   2|           1|           1|
    |ap_condition_19233          |       and|   0|  0|   2|           1|           1|
    |ap_condition_19236          |       and|   0|  0|   2|           1|           1|
    |ap_condition_19239          |       and|   0|  0|   2|           1|           1|
    |ap_condition_19242          |       and|   0|  0|   2|           1|           1|
    |ap_condition_19245          |       and|   0|  0|   2|           1|           1|
    |ap_condition_19248          |       and|   0|  0|   2|           1|           1|
    |ap_condition_19251          |       and|   0|  0|   2|           1|           1|
    |ap_condition_19254          |       and|   0|  0|   2|           1|           1|
    |ap_condition_19257          |       and|   0|  0|   2|           1|           1|
    |ap_condition_19260          |       and|   0|  0|   2|           1|           1|
    |ap_condition_19263          |       and|   0|  0|   2|           1|           1|
    |ap_condition_19266          |       and|   0|  0|   2|           1|           1|
    |ap_condition_19269          |       and|   0|  0|   2|           1|           1|
    |ap_condition_19272          |       and|   0|  0|   2|           1|           1|
    |ap_condition_19275          |       and|   0|  0|   2|           1|           1|
    |ap_condition_19278          |       and|   0|  0|   2|           1|           1|
    |ap_condition_19281          |       and|   0|  0|   2|           1|           1|
    |ap_condition_19284          |       and|   0|  0|   2|           1|           1|
    |ap_condition_19287          |       and|   0|  0|   2|           1|           1|
    |ap_condition_19290          |       and|   0|  0|   2|           1|           1|
    |ap_condition_19293          |       and|   0|  0|   2|           1|           1|
    |ap_condition_19296          |       and|   0|  0|   2|           1|           1|
    |ap_condition_19299          |       and|   0|  0|   2|           1|           1|
    |ap_condition_19302          |       and|   0|  0|   2|           1|           1|
    |ap_condition_19305          |       and|   0|  0|   2|           1|           1|
    |ap_condition_19308          |       and|   0|  0|   2|           1|           1|
    |ap_condition_19311          |       and|   0|  0|   2|           1|           1|
    |ap_condition_19314          |       and|   0|  0|   2|           1|           1|
    |ap_condition_19317          |       and|   0|  0|   2|           1|           1|
    |ap_condition_19320          |       and|   0|  0|   2|           1|           1|
    |ap_condition_19323          |       and|   0|  0|   2|           1|           1|
    |ap_condition_19326          |       and|   0|  0|   2|           1|           1|
    |ap_condition_19329          |       and|   0|  0|   2|           1|           1|
    |ap_condition_19332          |       and|   0|  0|   2|           1|           1|
    |ap_condition_19335          |       and|   0|  0|   2|           1|           1|
    |ap_condition_19338          |       and|   0|  0|   2|           1|           1|
    |ap_condition_19341          |       and|   0|  0|   2|           1|           1|
    |ap_condition_19344          |       and|   0|  0|   2|           1|           1|
    |ap_condition_19347          |       and|   0|  0|   2|           1|           1|
    |ap_condition_19350          |       and|   0|  0|   2|           1|           1|
    |ap_condition_19353          |       and|   0|  0|   2|           1|           1|
    |ap_condition_19356          |       and|   0|  0|   2|           1|           1|
    |ap_condition_19359          |       and|   0|  0|   2|           1|           1|
    |ap_condition_19362          |       and|   0|  0|   2|           1|           1|
    |ap_condition_19365          |       and|   0|  0|   2|           1|           1|
    |ap_condition_19368          |       and|   0|  0|   2|           1|           1|
    |ap_condition_19371          |       and|   0|  0|   2|           1|           1|
    |ap_condition_19374          |       and|   0|  0|   2|           1|           1|
    |ap_condition_19377          |       and|   0|  0|   2|           1|           1|
    |ap_condition_19380          |       and|   0|  0|   2|           1|           1|
    |ap_condition_19383          |       and|   0|  0|   2|           1|           1|
    |ap_condition_19386          |       and|   0|  0|   2|           1|           1|
    |ap_condition_19389          |       and|   0|  0|   2|           1|           1|
    |ap_condition_19392          |       and|   0|  0|   2|           1|           1|
    |ap_condition_19395          |       and|   0|  0|   2|           1|           1|
    |ap_condition_19398          |       and|   0|  0|   2|           1|           1|
    |ap_condition_19401          |       and|   0|  0|   2|           1|           1|
    |ap_condition_19404          |       and|   0|  0|   2|           1|           1|
    |ap_condition_19407          |       and|   0|  0|   2|           1|           1|
    |ap_condition_19410          |       and|   0|  0|   2|           1|           1|
    |ap_condition_19413          |       and|   0|  0|   2|           1|           1|
    |ap_condition_19416          |       and|   0|  0|   2|           1|           1|
    |ap_condition_19419          |       and|   0|  0|   2|           1|           1|
    |ap_condition_19422          |       and|   0|  0|   2|           1|           1|
    |ap_condition_19425          |       and|   0|  0|   2|           1|           1|
    |ap_condition_19428          |       and|   0|  0|   2|           1|           1|
    |ap_condition_19431          |       and|   0|  0|   2|           1|           1|
    |ap_condition_19434          |       and|   0|  0|   2|           1|           1|
    |ap_condition_19437          |       and|   0|  0|   2|           1|           1|
    |ap_condition_19440          |       and|   0|  0|   2|           1|           1|
    |ap_condition_19443          |       and|   0|  0|   2|           1|           1|
    |ap_condition_19446          |       and|   0|  0|   2|           1|           1|
    |ap_condition_19449          |       and|   0|  0|   2|           1|           1|
    |ap_condition_19452          |       and|   0|  0|   2|           1|           1|
    |ap_condition_19455          |       and|   0|  0|   2|           1|           1|
    |ap_condition_19458          |       and|   0|  0|   2|           1|           1|
    |ap_condition_19461          |       and|   0|  0|   2|           1|           1|
    |ap_condition_19464          |       and|   0|  0|   2|           1|           1|
    |ap_condition_19467          |       and|   0|  0|   2|           1|           1|
    |ap_condition_19470          |       and|   0|  0|   2|           1|           1|
    |ap_condition_19473          |       and|   0|  0|   2|           1|           1|
    |ap_condition_19476          |       and|   0|  0|   2|           1|           1|
    |ap_condition_19479          |       and|   0|  0|   2|           1|           1|
    |ap_condition_19482          |       and|   0|  0|   2|           1|           1|
    |ap_condition_19485          |       and|   0|  0|   2|           1|           1|
    |ap_condition_19488          |       and|   0|  0|   2|           1|           1|
    |ap_condition_19491          |       and|   0|  0|   2|           1|           1|
    |ap_condition_19494          |       and|   0|  0|   2|           1|           1|
    |ap_condition_19497          |       and|   0|  0|   2|           1|           1|
    |ap_condition_19500          |       and|   0|  0|   2|           1|           1|
    |ap_condition_19503          |       and|   0|  0|   2|           1|           1|
    |ap_condition_19506          |       and|   0|  0|   2|           1|           1|
    |ap_condition_19509          |       and|   0|  0|   2|           1|           1|
    |ap_condition_19512          |       and|   0|  0|   2|           1|           1|
    |ap_condition_19515          |       and|   0|  0|   2|           1|           1|
    |ap_condition_19518          |       and|   0|  0|   2|           1|           1|
    |ap_condition_19521          |       and|   0|  0|   2|           1|           1|
    |ap_condition_19524          |       and|   0|  0|   2|           1|           1|
    |ap_condition_19527          |       and|   0|  0|   2|           1|           1|
    |ap_condition_19530          |       and|   0|  0|   2|           1|           1|
    |ap_condition_19533          |       and|   0|  0|   2|           1|           1|
    |ap_condition_19536          |       and|   0|  0|   2|           1|           1|
    |ap_condition_19539          |       and|   0|  0|   2|           1|           1|
    |ap_condition_19542          |       and|   0|  0|   2|           1|           1|
    |ap_condition_19545          |       and|   0|  0|   2|           1|           1|
    |ap_condition_19548          |       and|   0|  0|   2|           1|           1|
    |ap_condition_19551          |       and|   0|  0|   2|           1|           1|
    |ap_condition_19554          |       and|   0|  0|   2|           1|           1|
    |ap_condition_19557          |       and|   0|  0|   2|           1|           1|
    |ap_condition_19560          |       and|   0|  0|   2|           1|           1|
    |ap_condition_19563          |       and|   0|  0|   2|           1|           1|
    |ap_condition_19566          |       and|   0|  0|   2|           1|           1|
    |ap_condition_19569          |       and|   0|  0|   2|           1|           1|
    |ap_condition_19572          |       and|   0|  0|   2|           1|           1|
    |ap_condition_19575          |       and|   0|  0|   2|           1|           1|
    |ap_condition_19578          |       and|   0|  0|   2|           1|           1|
    |ap_condition_19581          |       and|   0|  0|   2|           1|           1|
    |ap_condition_19584          |       and|   0|  0|   2|           1|           1|
    |ap_condition_19587          |       and|   0|  0|   2|           1|           1|
    |ap_condition_19590          |       and|   0|  0|   2|           1|           1|
    |ap_condition_19593          |       and|   0|  0|   2|           1|           1|
    |ap_condition_19596          |       and|   0|  0|   2|           1|           1|
    |ap_condition_19599          |       and|   0|  0|   2|           1|           1|
    |ap_condition_19602          |       and|   0|  0|   2|           1|           1|
    |ap_condition_19605          |       and|   0|  0|   2|           1|           1|
    |ap_condition_19608          |       and|   0|  0|   2|           1|           1|
    |ap_condition_19611          |       and|   0|  0|   2|           1|           1|
    |ap_condition_19614          |       and|   0|  0|   2|           1|           1|
    |ap_condition_19617          |       and|   0|  0|   2|           1|           1|
    |ap_condition_19620          |       and|   0|  0|   2|           1|           1|
    |ap_condition_19623          |       and|   0|  0|   2|           1|           1|
    |ap_condition_19626          |       and|   0|  0|   2|           1|           1|
    |ap_condition_19629          |       and|   0|  0|   2|           1|           1|
    |ap_condition_19632          |       and|   0|  0|   2|           1|           1|
    |ap_condition_19635          |       and|   0|  0|   2|           1|           1|
    |ap_condition_19638          |       and|   0|  0|   2|           1|           1|
    |ap_condition_19641          |       and|   0|  0|   2|           1|           1|
    |ap_condition_19644          |       and|   0|  0|   2|           1|           1|
    |ap_condition_19647          |       and|   0|  0|   2|           1|           1|
    |ap_condition_19650          |       and|   0|  0|   2|           1|           1|
    |ap_condition_19653          |       and|   0|  0|   2|           1|           1|
    |ap_condition_19656          |       and|   0|  0|   2|           1|           1|
    |ap_condition_19659          |       and|   0|  0|   2|           1|           1|
    |ap_condition_19662          |       and|   0|  0|   2|           1|           1|
    |ap_condition_19665          |       and|   0|  0|   2|           1|           1|
    |ap_condition_19668          |       and|   0|  0|   2|           1|           1|
    |ap_condition_19671          |       and|   0|  0|   2|           1|           1|
    |ap_condition_19674          |       and|   0|  0|   2|           1|           1|
    |ap_condition_19677          |       and|   0|  0|   2|           1|           1|
    |ap_condition_19680          |       and|   0|  0|   2|           1|           1|
    |ap_condition_19683          |       and|   0|  0|   2|           1|           1|
    |ap_condition_19686          |       and|   0|  0|   2|           1|           1|
    |ap_condition_19689          |       and|   0|  0|   2|           1|           1|
    |ap_condition_19692          |       and|   0|  0|   2|           1|           1|
    |ap_condition_19695          |       and|   0|  0|   2|           1|           1|
    |ap_condition_19698          |       and|   0|  0|   2|           1|           1|
    |ap_condition_19701          |       and|   0|  0|   2|           1|           1|
    |ap_condition_19704          |       and|   0|  0|   2|           1|           1|
    |ap_condition_19707          |       and|   0|  0|   2|           1|           1|
    |ap_condition_19710          |       and|   0|  0|   2|           1|           1|
    |ap_condition_19713          |       and|   0|  0|   2|           1|           1|
    |ap_condition_19716          |       and|   0|  0|   2|           1|           1|
    |ap_condition_19719          |       and|   0|  0|   2|           1|           1|
    |ap_condition_19722          |       and|   0|  0|   2|           1|           1|
    |ap_condition_19725          |       and|   0|  0|   2|           1|           1|
    |ap_condition_19728          |       and|   0|  0|   2|           1|           1|
    |ap_condition_19731          |       and|   0|  0|   2|           1|           1|
    |ap_condition_19734          |       and|   0|  0|   2|           1|           1|
    |ap_condition_19737          |       and|   0|  0|   2|           1|           1|
    |ap_condition_19740          |       and|   0|  0|   2|           1|           1|
    |ap_condition_19743          |       and|   0|  0|   2|           1|           1|
    |ap_condition_19746          |       and|   0|  0|   2|           1|           1|
    |ap_condition_19749          |       and|   0|  0|   2|           1|           1|
    |ap_condition_19752          |       and|   0|  0|   2|           1|           1|
    |ap_condition_19755          |       and|   0|  0|   2|           1|           1|
    |ap_condition_19758          |       and|   0|  0|   2|           1|           1|
    |ap_condition_19761          |       and|   0|  0|   2|           1|           1|
    |ap_condition_19764          |       and|   0|  0|   2|           1|           1|
    |ap_condition_19767          |       and|   0|  0|   2|           1|           1|
    |ap_condition_19770          |       and|   0|  0|   2|           1|           1|
    |ap_condition_19773          |       and|   0|  0|   2|           1|           1|
    |ap_condition_19776          |       and|   0|  0|   2|           1|           1|
    |ap_condition_19779          |       and|   0|  0|   2|           1|           1|
    |ap_condition_19782          |       and|   0|  0|   2|           1|           1|
    |ap_condition_19785          |       and|   0|  0|   2|           1|           1|
    |ap_condition_19788          |       and|   0|  0|   2|           1|           1|
    |ap_condition_19791          |       and|   0|  0|   2|           1|           1|
    |ap_condition_19794          |       and|   0|  0|   2|           1|           1|
    |ap_condition_19797          |       and|   0|  0|   2|           1|           1|
    |ap_condition_19800          |       and|   0|  0|   2|           1|           1|
    |ap_condition_19803          |       and|   0|  0|   2|           1|           1|
    |ap_condition_19806          |       and|   0|  0|   2|           1|           1|
    |ap_condition_19809          |       and|   0|  0|   2|           1|           1|
    |ap_condition_19812          |       and|   0|  0|   2|           1|           1|
    |ap_condition_19815          |       and|   0|  0|   2|           1|           1|
    |ap_condition_19818          |       and|   0|  0|   2|           1|           1|
    |ap_condition_19821          |       and|   0|  0|   2|           1|           1|
    |ap_condition_19824          |       and|   0|  0|   2|           1|           1|
    |ap_condition_19827          |       and|   0|  0|   2|           1|           1|
    |ap_condition_19830          |       and|   0|  0|   2|           1|           1|
    |ap_condition_19833          |       and|   0|  0|   2|           1|           1|
    |ap_condition_19836          |       and|   0|  0|   2|           1|           1|
    |ap_condition_19839          |       and|   0|  0|   2|           1|           1|
    |ap_condition_19842          |       and|   0|  0|   2|           1|           1|
    |ap_condition_19845          |       and|   0|  0|   2|           1|           1|
    |ap_condition_19848          |       and|   0|  0|   2|           1|           1|
    |ap_condition_19851          |       and|   0|  0|   2|           1|           1|
    |ap_condition_19854          |       and|   0|  0|   2|           1|           1|
    |ap_condition_19857          |       and|   0|  0|   2|           1|           1|
    |ap_condition_19860          |       and|   0|  0|   2|           1|           1|
    |ap_condition_19863          |       and|   0|  0|   2|           1|           1|
    |ap_condition_19866          |       and|   0|  0|   2|           1|           1|
    |ap_condition_19869          |       and|   0|  0|   2|           1|           1|
    |ap_condition_19872          |       and|   0|  0|   2|           1|           1|
    |ap_condition_19875          |       and|   0|  0|   2|           1|           1|
    |ap_condition_19878          |       and|   0|  0|   2|           1|           1|
    |ap_condition_19881          |       and|   0|  0|   2|           1|           1|
    |ap_condition_19884          |       and|   0|  0|   2|           1|           1|
    |ap_condition_19887          |       and|   0|  0|   2|           1|           1|
    |ap_condition_19890          |       and|   0|  0|   2|           1|           1|
    |ap_condition_19893          |       and|   0|  0|   2|           1|           1|
    |ap_condition_19896          |       and|   0|  0|   2|           1|           1|
    |ap_condition_19899          |       and|   0|  0|   2|           1|           1|
    |ap_condition_19902          |       and|   0|  0|   2|           1|           1|
    |ap_condition_19905          |       and|   0|  0|   2|           1|           1|
    |ap_condition_19908          |       and|   0|  0|   2|           1|           1|
    |ap_condition_19911          |       and|   0|  0|   2|           1|           1|
    |ap_condition_19914          |       and|   0|  0|   2|           1|           1|
    |ap_condition_19917          |       and|   0|  0|   2|           1|           1|
    |ap_condition_19920          |       and|   0|  0|   2|           1|           1|
    |ap_condition_19923          |       and|   0|  0|   2|           1|           1|
    |ap_condition_19926          |       and|   0|  0|   2|           1|           1|
    |ap_condition_19929          |       and|   0|  0|   2|           1|           1|
    |ap_condition_19932          |       and|   0|  0|   2|           1|           1|
    |ap_condition_19935          |       and|   0|  0|   2|           1|           1|
    |ap_condition_19938          |       and|   0|  0|   2|           1|           1|
    |ap_condition_19941          |       and|   0|  0|   2|           1|           1|
    |ap_condition_19944          |       and|   0|  0|   2|           1|           1|
    |ap_condition_19947          |       and|   0|  0|   2|           1|           1|
    |ap_condition_19950          |       and|   0|  0|   2|           1|           1|
    |ap_condition_19953          |       and|   0|  0|   2|           1|           1|
    |ap_condition_19956          |       and|   0|  0|   2|           1|           1|
    |ap_condition_19959          |       and|   0|  0|   2|           1|           1|
    |ap_condition_19962          |       and|   0|  0|   2|           1|           1|
    |ap_condition_19965          |       and|   0|  0|   2|           1|           1|
    |ap_condition_19968          |       and|   0|  0|   2|           1|           1|
    |ap_condition_19971          |       and|   0|  0|   2|           1|           1|
    |ap_condition_19974          |       and|   0|  0|   2|           1|           1|
    |ap_condition_19977          |       and|   0|  0|   2|           1|           1|
    |ap_condition_19980          |       and|   0|  0|   2|           1|           1|
    |ap_condition_19983          |       and|   0|  0|   2|           1|           1|
    |ap_condition_19986          |       and|   0|  0|   2|           1|           1|
    |ap_condition_19989          |       and|   0|  0|   2|           1|           1|
    |ap_condition_19992          |       and|   0|  0|   2|           1|           1|
    |ap_condition_19995          |       and|   0|  0|   2|           1|           1|
    |ap_condition_19998          |       and|   0|  0|   2|           1|           1|
    |ap_condition_20001          |       and|   0|  0|   2|           1|           1|
    |ap_condition_20004          |       and|   0|  0|   2|           1|           1|
    |ap_condition_20007          |       and|   0|  0|   2|           1|           1|
    |ap_condition_20010          |       and|   0|  0|   2|           1|           1|
    |ap_condition_20013          |       and|   0|  0|   2|           1|           1|
    |ap_condition_20016          |       and|   0|  0|   2|           1|           1|
    |ap_condition_20019          |       and|   0|  0|   2|           1|           1|
    |ap_condition_20022          |       and|   0|  0|   2|           1|           1|
    |ap_condition_20025          |       and|   0|  0|   2|           1|           1|
    |ap_condition_20028          |       and|   0|  0|   2|           1|           1|
    |ap_condition_20031          |       and|   0|  0|   2|           1|           1|
    |ap_condition_20034          |       and|   0|  0|   2|           1|           1|
    |ap_condition_20037          |       and|   0|  0|   2|           1|           1|
    |ap_condition_20040          |       and|   0|  0|   2|           1|           1|
    |cmp83_fu_26840_p2           |      icmp|   0|  0|  29|          64|          64|
    |cmp83_mid1_fu_26929_p2      |      icmp|   0|  0|  29|          64|          64|
    |icmp_ln170_fu_26846_p2      |      icmp|   0|  0|  12|          11|          12|
    |icmp_ln171_fu_26867_p2      |      icmp|   0|  0|  10|           6|           7|
    |icmp_ln175_fu_26980_p2      |      icmp|   0|  0|  29|          64|          64|
    |select_ln170_1_fu_26891_p3  |    select|   0|  0|  64|           1|          64|
    |select_ln170_2_fu_26935_p3  |    select|   0|  0|   2|           1|           1|
    |select_ln170_3_fu_26943_p3  |    select|   0|  0|   6|           1|           6|
    |select_ln170_fu_26873_p3    |    select|   0|  0|   6|           1|           1|
    |ap_enable_pp0               |       xor|   0|  0|   2|           1|           2|
    +----------------------------+----------+----+---+----+------------+------------+
    |Total                       |          |   0|  0|4576|        2510|        2561|
    +----------------------------+----------+----+---+----+------------+------------+

    * Multiplexer: 
    +----------------------------------------+-----+-----------+-----+-----------+
    |                  Name                  | LUT | Input Size| Bits| Total Bits|
    +----------------------------------------+-----+-----------+-----+-----------+
    |ap_done_int                             |    9|          2|    1|          2|
    |ap_enable_reg_pp0_iter1                 |    9|          2|    1|          2|
    |ap_sig_allocacmp_ii_2                   |    9|          2|    6|         12|
    |ap_sig_allocacmp_indvar_flatten27_load  |    9|          2|   11|         22|
    |ap_sig_allocacmp_kk_1_load              |    9|          2|    6|         12|
    |ii_fu_4228                              |    9|          2|    6|         12|
    |indvar_flatten27_fu_4232                |    9|          2|   11|         22|
    |kk_1_fu_4224                            |    9|          2|    6|         12|
    |localA_1000_fu_8232                     |   14|          3|    8|         24|
    |localA_1001_fu_8236                     |   14|          3|    8|         24|
    |localA_1002_fu_8240                     |   14|          3|    8|         24|
    |localA_1003_fu_8244                     |   14|          3|    8|         24|
    |localA_1004_fu_8248                     |   14|          3|    8|         24|
    |localA_1005_fu_8252                     |   14|          3|    8|         24|
    |localA_1006_fu_8256                     |   14|          3|    8|         24|
    |localA_1007_fu_8260                     |   14|          3|    8|         24|
    |localA_1008_fu_8264                     |   14|          3|    8|         24|
    |localA_1009_fu_8268                     |   14|          3|    8|         24|
    |localA_100_fu_4632                      |   14|          3|    8|         24|
    |localA_1010_fu_8272                     |   14|          3|    8|         24|
    |localA_1011_fu_8276                     |   14|          3|    8|         24|
    |localA_1012_fu_8280                     |   14|          3|    8|         24|
    |localA_1013_fu_8284                     |   14|          3|    8|         24|
    |localA_1014_fu_8288                     |   14|          3|    8|         24|
    |localA_1015_fu_8292                     |   14|          3|    8|         24|
    |localA_1016_fu_8296                     |   14|          3|    8|         24|
    |localA_1017_fu_8300                     |   14|          3|    8|         24|
    |localA_1018_fu_8304                     |   14|          3|    8|         24|
    |localA_1019_fu_8308                     |   14|          3|    8|         24|
    |localA_101_fu_4636                      |   14|          3|    8|         24|
    |localA_1020_fu_8312                     |   14|          3|    8|         24|
    |localA_1021_fu_8316                     |   14|          3|    8|         24|
    |localA_1022_fu_8320                     |   14|          3|    8|         24|
    |localA_1023_fu_8324                     |   14|          3|    8|         24|
    |localA_1024_fu_8328                     |   14|          3|    8|         24|
    |localA_102_fu_4640                      |   14|          3|    8|         24|
    |localA_103_fu_4644                      |   14|          3|    8|         24|
    |localA_104_fu_4648                      |   14|          3|    8|         24|
    |localA_105_fu_4652                      |   14|          3|    8|         24|
    |localA_106_fu_4656                      |   14|          3|    8|         24|
    |localA_107_fu_4660                      |   14|          3|    8|         24|
    |localA_108_fu_4664                      |   14|          3|    8|         24|
    |localA_109_fu_4668                      |   14|          3|    8|         24|
    |localA_10_fu_4272                       |   14|          3|    8|         24|
    |localA_110_fu_4672                      |   14|          3|    8|         24|
    |localA_111_fu_4676                      |   14|          3|    8|         24|
    |localA_112_fu_4680                      |   14|          3|    8|         24|
    |localA_113_fu_4684                      |   14|          3|    8|         24|
    |localA_114_fu_4688                      |   14|          3|    8|         24|
    |localA_115_fu_4692                      |   14|          3|    8|         24|
    |localA_116_fu_4696                      |   14|          3|    8|         24|
    |localA_117_fu_4700                      |   14|          3|    8|         24|
    |localA_118_fu_4704                      |   14|          3|    8|         24|
    |localA_119_fu_4708                      |   14|          3|    8|         24|
    |localA_11_fu_4276                       |   14|          3|    8|         24|
    |localA_120_fu_4712                      |   14|          3|    8|         24|
    |localA_121_fu_4716                      |   14|          3|    8|         24|
    |localA_122_fu_4720                      |   14|          3|    8|         24|
    |localA_123_fu_4724                      |   14|          3|    8|         24|
    |localA_124_fu_4728                      |   14|          3|    8|         24|
    |localA_125_fu_4732                      |   14|          3|    8|         24|
    |localA_126_fu_4736                      |   14|          3|    8|         24|
    |localA_127_fu_4740                      |   14|          3|    8|         24|
    |localA_128_fu_4744                      |   14|          3|    8|         24|
    |localA_129_fu_4748                      |   14|          3|    8|         24|
    |localA_12_fu_4280                       |   14|          3|    8|         24|
    |localA_130_fu_4752                      |   14|          3|    8|         24|
    |localA_131_fu_4756                      |   14|          3|    8|         24|
    |localA_132_fu_4760                      |   14|          3|    8|         24|
    |localA_133_fu_4764                      |   14|          3|    8|         24|
    |localA_134_fu_4768                      |   14|          3|    8|         24|
    |localA_135_fu_4772                      |   14|          3|    8|         24|
    |localA_136_fu_4776                      |   14|          3|    8|         24|
    |localA_137_fu_4780                      |   14|          3|    8|         24|
    |localA_138_fu_4784                      |   14|          3|    8|         24|
    |localA_139_fu_4788                      |   14|          3|    8|         24|
    |localA_13_fu_4284                       |   14|          3|    8|         24|
    |localA_140_fu_4792                      |   14|          3|    8|         24|
    |localA_141_fu_4796                      |   14|          3|    8|         24|
    |localA_142_fu_4800                      |   14|          3|    8|         24|
    |localA_143_fu_4804                      |   14|          3|    8|         24|
    |localA_144_fu_4808                      |   14|          3|    8|         24|
    |localA_145_fu_4812                      |   14|          3|    8|         24|
    |localA_146_fu_4816                      |   14|          3|    8|         24|
    |localA_147_fu_4820                      |   14|          3|    8|         24|
    |localA_148_fu_4824                      |   14|          3|    8|         24|
    |localA_149_fu_4828                      |   14|          3|    8|         24|
    |localA_14_fu_4288                       |   14|          3|    8|         24|
    |localA_150_fu_4832                      |   14|          3|    8|         24|
    |localA_151_fu_4836                      |   14|          3|    8|         24|
    |localA_152_fu_4840                      |   14|          3|    8|         24|
    |localA_153_fu_4844                      |   14|          3|    8|         24|
    |localA_154_fu_4848                      |   14|          3|    8|         24|
    |localA_155_fu_4852                      |   14|          3|    8|         24|
    |localA_156_fu_4856                      |   14|          3|    8|         24|
    |localA_157_fu_4860                      |   14|          3|    8|         24|
    |localA_158_fu_4864                      |   14|          3|    8|         24|
    |localA_159_fu_4868                      |   14|          3|    8|         24|
    |localA_15_fu_4292                       |   14|          3|    8|         24|
    |localA_160_fu_4872                      |   14|          3|    8|         24|
    |localA_161_fu_4876                      |   14|          3|    8|         24|
    |localA_162_fu_4880                      |   14|          3|    8|         24|
    |localA_163_fu_4884                      |   14|          3|    8|         24|
    |localA_164_fu_4888                      |   14|          3|    8|         24|
    |localA_165_fu_4892                      |   14|          3|    8|         24|
    |localA_166_fu_4896                      |   14|          3|    8|         24|
    |localA_167_fu_4900                      |   14|          3|    8|         24|
    |localA_168_fu_4904                      |   14|          3|    8|         24|
    |localA_169_fu_4908                      |   14|          3|    8|         24|
    |localA_16_fu_4296                       |   14|          3|    8|         24|
    |localA_170_fu_4912                      |   14|          3|    8|         24|
    |localA_171_fu_4916                      |   14|          3|    8|         24|
    |localA_172_fu_4920                      |   14|          3|    8|         24|
    |localA_173_fu_4924                      |   14|          3|    8|         24|
    |localA_174_fu_4928                      |   14|          3|    8|         24|
    |localA_175_fu_4932                      |   14|          3|    8|         24|
    |localA_176_fu_4936                      |   14|          3|    8|         24|
    |localA_177_fu_4940                      |   14|          3|    8|         24|
    |localA_178_fu_4944                      |   14|          3|    8|         24|
    |localA_179_fu_4948                      |   14|          3|    8|         24|
    |localA_17_fu_4300                       |   14|          3|    8|         24|
    |localA_180_fu_4952                      |   14|          3|    8|         24|
    |localA_181_fu_4956                      |   14|          3|    8|         24|
    |localA_182_fu_4960                      |   14|          3|    8|         24|
    |localA_183_fu_4964                      |   14|          3|    8|         24|
    |localA_184_fu_4968                      |   14|          3|    8|         24|
    |localA_185_fu_4972                      |   14|          3|    8|         24|
    |localA_186_fu_4976                      |   14|          3|    8|         24|
    |localA_187_fu_4980                      |   14|          3|    8|         24|
    |localA_188_fu_4984                      |   14|          3|    8|         24|
    |localA_189_fu_4988                      |   14|          3|    8|         24|
    |localA_18_fu_4304                       |   14|          3|    8|         24|
    |localA_190_fu_4992                      |   14|          3|    8|         24|
    |localA_191_fu_4996                      |   14|          3|    8|         24|
    |localA_192_fu_5000                      |   14|          3|    8|         24|
    |localA_193_fu_5004                      |   14|          3|    8|         24|
    |localA_194_fu_5008                      |   14|          3|    8|         24|
    |localA_195_fu_5012                      |   14|          3|    8|         24|
    |localA_196_fu_5016                      |   14|          3|    8|         24|
    |localA_197_fu_5020                      |   14|          3|    8|         24|
    |localA_198_fu_5024                      |   14|          3|    8|         24|
    |localA_199_fu_5028                      |   14|          3|    8|         24|
    |localA_19_fu_4308                       |   14|          3|    8|         24|
    |localA_1_fu_4236                        |   14|          3|    8|         24|
    |localA_200_fu_5032                      |   14|          3|    8|         24|
    |localA_201_fu_5036                      |   14|          3|    8|         24|
    |localA_202_fu_5040                      |   14|          3|    8|         24|
    |localA_203_fu_5044                      |   14|          3|    8|         24|
    |localA_204_fu_5048                      |   14|          3|    8|         24|
    |localA_205_fu_5052                      |   14|          3|    8|         24|
    |localA_206_fu_5056                      |   14|          3|    8|         24|
    |localA_207_fu_5060                      |   14|          3|    8|         24|
    |localA_208_fu_5064                      |   14|          3|    8|         24|
    |localA_209_fu_5068                      |   14|          3|    8|         24|
    |localA_20_fu_4312                       |   14|          3|    8|         24|
    |localA_210_fu_5072                      |   14|          3|    8|         24|
    |localA_211_fu_5076                      |   14|          3|    8|         24|
    |localA_212_fu_5080                      |   14|          3|    8|         24|
    |localA_213_fu_5084                      |   14|          3|    8|         24|
    |localA_214_fu_5088                      |   14|          3|    8|         24|
    |localA_215_fu_5092                      |   14|          3|    8|         24|
    |localA_216_fu_5096                      |   14|          3|    8|         24|
    |localA_217_fu_5100                      |   14|          3|    8|         24|
    |localA_218_fu_5104                      |   14|          3|    8|         24|
    |localA_219_fu_5108                      |   14|          3|    8|         24|
    |localA_21_fu_4316                       |   14|          3|    8|         24|
    |localA_220_fu_5112                      |   14|          3|    8|         24|
    |localA_221_fu_5116                      |   14|          3|    8|         24|
    |localA_222_fu_5120                      |   14|          3|    8|         24|
    |localA_223_fu_5124                      |   14|          3|    8|         24|
    |localA_224_fu_5128                      |   14|          3|    8|         24|
    |localA_225_fu_5132                      |   14|          3|    8|         24|
    |localA_226_fu_5136                      |   14|          3|    8|         24|
    |localA_227_fu_5140                      |   14|          3|    8|         24|
    |localA_228_fu_5144                      |   14|          3|    8|         24|
    |localA_229_fu_5148                      |   14|          3|    8|         24|
    |localA_22_fu_4320                       |   14|          3|    8|         24|
    |localA_230_fu_5152                      |   14|          3|    8|         24|
    |localA_231_fu_5156                      |   14|          3|    8|         24|
    |localA_232_fu_5160                      |   14|          3|    8|         24|
    |localA_233_fu_5164                      |   14|          3|    8|         24|
    |localA_234_fu_5168                      |   14|          3|    8|         24|
    |localA_235_fu_5172                      |   14|          3|    8|         24|
    |localA_236_fu_5176                      |   14|          3|    8|         24|
    |localA_237_fu_5180                      |   14|          3|    8|         24|
    |localA_238_fu_5184                      |   14|          3|    8|         24|
    |localA_239_fu_5188                      |   14|          3|    8|         24|
    |localA_23_fu_4324                       |   14|          3|    8|         24|
    |localA_240_fu_5192                      |   14|          3|    8|         24|
    |localA_241_fu_5196                      |   14|          3|    8|         24|
    |localA_242_fu_5200                      |   14|          3|    8|         24|
    |localA_243_fu_5204                      |   14|          3|    8|         24|
    |localA_244_fu_5208                      |   14|          3|    8|         24|
    |localA_245_fu_5212                      |   14|          3|    8|         24|
    |localA_246_fu_5216                      |   14|          3|    8|         24|
    |localA_247_fu_5220                      |   14|          3|    8|         24|
    |localA_248_fu_5224                      |   14|          3|    8|         24|
    |localA_249_fu_5228                      |   14|          3|    8|         24|
    |localA_24_fu_4328                       |   14|          3|    8|         24|
    |localA_250_fu_5232                      |   14|          3|    8|         24|
    |localA_251_fu_5236                      |   14|          3|    8|         24|
    |localA_252_fu_5240                      |   14|          3|    8|         24|
    |localA_253_fu_5244                      |   14|          3|    8|         24|
    |localA_254_fu_5248                      |   14|          3|    8|         24|
    |localA_255_fu_5252                      |   14|          3|    8|         24|
    |localA_256_fu_5256                      |   14|          3|    8|         24|
    |localA_257_fu_5260                      |   14|          3|    8|         24|
    |localA_258_fu_5264                      |   14|          3|    8|         24|
    |localA_259_fu_5268                      |   14|          3|    8|         24|
    |localA_25_fu_4332                       |   14|          3|    8|         24|
    |localA_260_fu_5272                      |   14|          3|    8|         24|
    |localA_261_fu_5276                      |   14|          3|    8|         24|
    |localA_262_fu_5280                      |   14|          3|    8|         24|
    |localA_263_fu_5284                      |   14|          3|    8|         24|
    |localA_264_fu_5288                      |   14|          3|    8|         24|
    |localA_265_fu_5292                      |   14|          3|    8|         24|
    |localA_266_fu_5296                      |   14|          3|    8|         24|
    |localA_267_fu_5300                      |   14|          3|    8|         24|
    |localA_268_fu_5304                      |   14|          3|    8|         24|
    |localA_269_fu_5308                      |   14|          3|    8|         24|
    |localA_26_fu_4336                       |   14|          3|    8|         24|
    |localA_270_fu_5312                      |   14|          3|    8|         24|
    |localA_271_fu_5316                      |   14|          3|    8|         24|
    |localA_272_fu_5320                      |   14|          3|    8|         24|
    |localA_273_fu_5324                      |   14|          3|    8|         24|
    |localA_274_fu_5328                      |   14|          3|    8|         24|
    |localA_275_fu_5332                      |   14|          3|    8|         24|
    |localA_276_fu_5336                      |   14|          3|    8|         24|
    |localA_277_fu_5340                      |   14|          3|    8|         24|
    |localA_278_fu_5344                      |   14|          3|    8|         24|
    |localA_279_fu_5348                      |   14|          3|    8|         24|
    |localA_27_fu_4340                       |   14|          3|    8|         24|
    |localA_280_fu_5352                      |   14|          3|    8|         24|
    |localA_281_fu_5356                      |   14|          3|    8|         24|
    |localA_282_fu_5360                      |   14|          3|    8|         24|
    |localA_283_fu_5364                      |   14|          3|    8|         24|
    |localA_284_fu_5368                      |   14|          3|    8|         24|
    |localA_285_fu_5372                      |   14|          3|    8|         24|
    |localA_286_fu_5376                      |   14|          3|    8|         24|
    |localA_287_fu_5380                      |   14|          3|    8|         24|
    |localA_288_fu_5384                      |   14|          3|    8|         24|
    |localA_289_fu_5388                      |   14|          3|    8|         24|
    |localA_28_fu_4344                       |   14|          3|    8|         24|
    |localA_290_fu_5392                      |   14|          3|    8|         24|
    |localA_291_fu_5396                      |   14|          3|    8|         24|
    |localA_292_fu_5400                      |   14|          3|    8|         24|
    |localA_293_fu_5404                      |   14|          3|    8|         24|
    |localA_294_fu_5408                      |   14|          3|    8|         24|
    |localA_295_fu_5412                      |   14|          3|    8|         24|
    |localA_296_fu_5416                      |   14|          3|    8|         24|
    |localA_297_fu_5420                      |   14|          3|    8|         24|
    |localA_298_fu_5424                      |   14|          3|    8|         24|
    |localA_299_fu_5428                      |   14|          3|    8|         24|
    |localA_29_fu_4348                       |   14|          3|    8|         24|
    |localA_2_fu_4240                        |   14|          3|    8|         24|
    |localA_300_fu_5432                      |   14|          3|    8|         24|
    |localA_301_fu_5436                      |   14|          3|    8|         24|
    |localA_302_fu_5440                      |   14|          3|    8|         24|
    |localA_303_fu_5444                      |   14|          3|    8|         24|
    |localA_304_fu_5448                      |   14|          3|    8|         24|
    |localA_305_fu_5452                      |   14|          3|    8|         24|
    |localA_306_fu_5456                      |   14|          3|    8|         24|
    |localA_307_fu_5460                      |   14|          3|    8|         24|
    |localA_308_fu_5464                      |   14|          3|    8|         24|
    |localA_309_fu_5468                      |   14|          3|    8|         24|
    |localA_30_fu_4352                       |   14|          3|    8|         24|
    |localA_310_fu_5472                      |   14|          3|    8|         24|
    |localA_311_fu_5476                      |   14|          3|    8|         24|
    |localA_312_fu_5480                      |   14|          3|    8|         24|
    |localA_313_fu_5484                      |   14|          3|    8|         24|
    |localA_314_fu_5488                      |   14|          3|    8|         24|
    |localA_315_fu_5492                      |   14|          3|    8|         24|
    |localA_316_fu_5496                      |   14|          3|    8|         24|
    |localA_317_fu_5500                      |   14|          3|    8|         24|
    |localA_318_fu_5504                      |   14|          3|    8|         24|
    |localA_319_fu_5508                      |   14|          3|    8|         24|
    |localA_31_fu_4356                       |   14|          3|    8|         24|
    |localA_320_fu_5512                      |   14|          3|    8|         24|
    |localA_321_fu_5516                      |   14|          3|    8|         24|
    |localA_322_fu_5520                      |   14|          3|    8|         24|
    |localA_323_fu_5524                      |   14|          3|    8|         24|
    |localA_324_fu_5528                      |   14|          3|    8|         24|
    |localA_325_fu_5532                      |   14|          3|    8|         24|
    |localA_326_fu_5536                      |   14|          3|    8|         24|
    |localA_327_fu_5540                      |   14|          3|    8|         24|
    |localA_328_fu_5544                      |   14|          3|    8|         24|
    |localA_329_fu_5548                      |   14|          3|    8|         24|
    |localA_32_fu_4360                       |   14|          3|    8|         24|
    |localA_330_fu_5552                      |   14|          3|    8|         24|
    |localA_331_fu_5556                      |   14|          3|    8|         24|
    |localA_332_fu_5560                      |   14|          3|    8|         24|
    |localA_333_fu_5564                      |   14|          3|    8|         24|
    |localA_334_fu_5568                      |   14|          3|    8|         24|
    |localA_335_fu_5572                      |   14|          3|    8|         24|
    |localA_336_fu_5576                      |   14|          3|    8|         24|
    |localA_337_fu_5580                      |   14|          3|    8|         24|
    |localA_338_fu_5584                      |   14|          3|    8|         24|
    |localA_339_fu_5588                      |   14|          3|    8|         24|
    |localA_33_fu_4364                       |   14|          3|    8|         24|
    |localA_340_fu_5592                      |   14|          3|    8|         24|
    |localA_341_fu_5596                      |   14|          3|    8|         24|
    |localA_342_fu_5600                      |   14|          3|    8|         24|
    |localA_343_fu_5604                      |   14|          3|    8|         24|
    |localA_344_fu_5608                      |   14|          3|    8|         24|
    |localA_345_fu_5612                      |   14|          3|    8|         24|
    |localA_346_fu_5616                      |   14|          3|    8|         24|
    |localA_347_fu_5620                      |   14|          3|    8|         24|
    |localA_348_fu_5624                      |   14|          3|    8|         24|
    |localA_349_fu_5628                      |   14|          3|    8|         24|
    |localA_34_fu_4368                       |   14|          3|    8|         24|
    |localA_350_fu_5632                      |   14|          3|    8|         24|
    |localA_351_fu_5636                      |   14|          3|    8|         24|
    |localA_352_fu_5640                      |   14|          3|    8|         24|
    |localA_353_fu_5644                      |   14|          3|    8|         24|
    |localA_354_fu_5648                      |   14|          3|    8|         24|
    |localA_355_fu_5652                      |   14|          3|    8|         24|
    |localA_356_fu_5656                      |   14|          3|    8|         24|
    |localA_357_fu_5660                      |   14|          3|    8|         24|
    |localA_358_fu_5664                      |   14|          3|    8|         24|
    |localA_359_fu_5668                      |   14|          3|    8|         24|
    |localA_35_fu_4372                       |   14|          3|    8|         24|
    |localA_360_fu_5672                      |   14|          3|    8|         24|
    |localA_361_fu_5676                      |   14|          3|    8|         24|
    |localA_362_fu_5680                      |   14|          3|    8|         24|
    |localA_363_fu_5684                      |   14|          3|    8|         24|
    |localA_364_fu_5688                      |   14|          3|    8|         24|
    |localA_365_fu_5692                      |   14|          3|    8|         24|
    |localA_366_fu_5696                      |   14|          3|    8|         24|
    |localA_367_fu_5700                      |   14|          3|    8|         24|
    |localA_368_fu_5704                      |   14|          3|    8|         24|
    |localA_369_fu_5708                      |   14|          3|    8|         24|
    |localA_36_fu_4376                       |   14|          3|    8|         24|
    |localA_370_fu_5712                      |   14|          3|    8|         24|
    |localA_371_fu_5716                      |   14|          3|    8|         24|
    |localA_372_fu_5720                      |   14|          3|    8|         24|
    |localA_373_fu_5724                      |   14|          3|    8|         24|
    |localA_374_fu_5728                      |   14|          3|    8|         24|
    |localA_375_fu_5732                      |   14|          3|    8|         24|
    |localA_376_fu_5736                      |   14|          3|    8|         24|
    |localA_377_fu_5740                      |   14|          3|    8|         24|
    |localA_378_fu_5744                      |   14|          3|    8|         24|
    |localA_379_fu_5748                      |   14|          3|    8|         24|
    |localA_37_fu_4380                       |   14|          3|    8|         24|
    |localA_380_fu_5752                      |   14|          3|    8|         24|
    |localA_381_fu_5756                      |   14|          3|    8|         24|
    |localA_382_fu_5760                      |   14|          3|    8|         24|
    |localA_383_fu_5764                      |   14|          3|    8|         24|
    |localA_384_fu_5768                      |   14|          3|    8|         24|
    |localA_385_fu_5772                      |   14|          3|    8|         24|
    |localA_386_fu_5776                      |   14|          3|    8|         24|
    |localA_387_fu_5780                      |   14|          3|    8|         24|
    |localA_388_fu_5784                      |   14|          3|    8|         24|
    |localA_389_fu_5788                      |   14|          3|    8|         24|
    |localA_38_fu_4384                       |   14|          3|    8|         24|
    |localA_390_fu_5792                      |   14|          3|    8|         24|
    |localA_391_fu_5796                      |   14|          3|    8|         24|
    |localA_392_fu_5800                      |   14|          3|    8|         24|
    |localA_393_fu_5804                      |   14|          3|    8|         24|
    |localA_394_fu_5808                      |   14|          3|    8|         24|
    |localA_395_fu_5812                      |   14|          3|    8|         24|
    |localA_396_fu_5816                      |   14|          3|    8|         24|
    |localA_397_fu_5820                      |   14|          3|    8|         24|
    |localA_398_fu_5824                      |   14|          3|    8|         24|
    |localA_399_fu_5828                      |   14|          3|    8|         24|
    |localA_39_fu_4388                       |   14|          3|    8|         24|
    |localA_3_fu_4244                        |   14|          3|    8|         24|
    |localA_400_fu_5832                      |   14|          3|    8|         24|
    |localA_401_fu_5836                      |   14|          3|    8|         24|
    |localA_402_fu_5840                      |   14|          3|    8|         24|
    |localA_403_fu_5844                      |   14|          3|    8|         24|
    |localA_404_fu_5848                      |   14|          3|    8|         24|
    |localA_405_fu_5852                      |   14|          3|    8|         24|
    |localA_406_fu_5856                      |   14|          3|    8|         24|
    |localA_407_fu_5860                      |   14|          3|    8|         24|
    |localA_408_fu_5864                      |   14|          3|    8|         24|
    |localA_409_fu_5868                      |   14|          3|    8|         24|
    |localA_40_fu_4392                       |   14|          3|    8|         24|
    |localA_410_fu_5872                      |   14|          3|    8|         24|
    |localA_411_fu_5876                      |   14|          3|    8|         24|
    |localA_412_fu_5880                      |   14|          3|    8|         24|
    |localA_413_fu_5884                      |   14|          3|    8|         24|
    |localA_414_fu_5888                      |   14|          3|    8|         24|
    |localA_415_fu_5892                      |   14|          3|    8|         24|
    |localA_416_fu_5896                      |   14|          3|    8|         24|
    |localA_417_fu_5900                      |   14|          3|    8|         24|
    |localA_418_fu_5904                      |   14|          3|    8|         24|
    |localA_419_fu_5908                      |   14|          3|    8|         24|
    |localA_41_fu_4396                       |   14|          3|    8|         24|
    |localA_420_fu_5912                      |   14|          3|    8|         24|
    |localA_421_fu_5916                      |   14|          3|    8|         24|
    |localA_422_fu_5920                      |   14|          3|    8|         24|
    |localA_423_fu_5924                      |   14|          3|    8|         24|
    |localA_424_fu_5928                      |   14|          3|    8|         24|
    |localA_425_fu_5932                      |   14|          3|    8|         24|
    |localA_426_fu_5936                      |   14|          3|    8|         24|
    |localA_427_fu_5940                      |   14|          3|    8|         24|
    |localA_428_fu_5944                      |   14|          3|    8|         24|
    |localA_429_fu_5948                      |   14|          3|    8|         24|
    |localA_42_fu_4400                       |   14|          3|    8|         24|
    |localA_430_fu_5952                      |   14|          3|    8|         24|
    |localA_431_fu_5956                      |   14|          3|    8|         24|
    |localA_432_fu_5960                      |   14|          3|    8|         24|
    |localA_433_fu_5964                      |   14|          3|    8|         24|
    |localA_434_fu_5968                      |   14|          3|    8|         24|
    |localA_435_fu_5972                      |   14|          3|    8|         24|
    |localA_436_fu_5976                      |   14|          3|    8|         24|
    |localA_437_fu_5980                      |   14|          3|    8|         24|
    |localA_438_fu_5984                      |   14|          3|    8|         24|
    |localA_439_fu_5988                      |   14|          3|    8|         24|
    |localA_43_fu_4404                       |   14|          3|    8|         24|
    |localA_440_fu_5992                      |   14|          3|    8|         24|
    |localA_441_fu_5996                      |   14|          3|    8|         24|
    |localA_442_fu_6000                      |   14|          3|    8|         24|
    |localA_443_fu_6004                      |   14|          3|    8|         24|
    |localA_444_fu_6008                      |   14|          3|    8|         24|
    |localA_445_fu_6012                      |   14|          3|    8|         24|
    |localA_446_fu_6016                      |   14|          3|    8|         24|
    |localA_447_fu_6020                      |   14|          3|    8|         24|
    |localA_448_fu_6024                      |   14|          3|    8|         24|
    |localA_449_fu_6028                      |   14|          3|    8|         24|
    |localA_44_fu_4408                       |   14|          3|    8|         24|
    |localA_450_fu_6032                      |   14|          3|    8|         24|
    |localA_451_fu_6036                      |   14|          3|    8|         24|
    |localA_452_fu_6040                      |   14|          3|    8|         24|
    |localA_453_fu_6044                      |   14|          3|    8|         24|
    |localA_454_fu_6048                      |   14|          3|    8|         24|
    |localA_455_fu_6052                      |   14|          3|    8|         24|
    |localA_456_fu_6056                      |   14|          3|    8|         24|
    |localA_457_fu_6060                      |   14|          3|    8|         24|
    |localA_458_fu_6064                      |   14|          3|    8|         24|
    |localA_459_fu_6068                      |   14|          3|    8|         24|
    |localA_45_fu_4412                       |   14|          3|    8|         24|
    |localA_460_fu_6072                      |   14|          3|    8|         24|
    |localA_461_fu_6076                      |   14|          3|    8|         24|
    |localA_462_fu_6080                      |   14|          3|    8|         24|
    |localA_463_fu_6084                      |   14|          3|    8|         24|
    |localA_464_fu_6088                      |   14|          3|    8|         24|
    |localA_465_fu_6092                      |   14|          3|    8|         24|
    |localA_466_fu_6096                      |   14|          3|    8|         24|
    |localA_467_fu_6100                      |   14|          3|    8|         24|
    |localA_468_fu_6104                      |   14|          3|    8|         24|
    |localA_469_fu_6108                      |   14|          3|    8|         24|
    |localA_46_fu_4416                       |   14|          3|    8|         24|
    |localA_470_fu_6112                      |   14|          3|    8|         24|
    |localA_471_fu_6116                      |   14|          3|    8|         24|
    |localA_472_fu_6120                      |   14|          3|    8|         24|
    |localA_473_fu_6124                      |   14|          3|    8|         24|
    |localA_474_fu_6128                      |   14|          3|    8|         24|
    |localA_475_fu_6132                      |   14|          3|    8|         24|
    |localA_476_fu_6136                      |   14|          3|    8|         24|
    |localA_477_fu_6140                      |   14|          3|    8|         24|
    |localA_478_fu_6144                      |   14|          3|    8|         24|
    |localA_479_fu_6148                      |   14|          3|    8|         24|
    |localA_47_fu_4420                       |   14|          3|    8|         24|
    |localA_480_fu_6152                      |   14|          3|    8|         24|
    |localA_481_fu_6156                      |   14|          3|    8|         24|
    |localA_482_fu_6160                      |   14|          3|    8|         24|
    |localA_483_fu_6164                      |   14|          3|    8|         24|
    |localA_484_fu_6168                      |   14|          3|    8|         24|
    |localA_485_fu_6172                      |   14|          3|    8|         24|
    |localA_486_fu_6176                      |   14|          3|    8|         24|
    |localA_487_fu_6180                      |   14|          3|    8|         24|
    |localA_488_fu_6184                      |   14|          3|    8|         24|
    |localA_489_fu_6188                      |   14|          3|    8|         24|
    |localA_48_fu_4424                       |   14|          3|    8|         24|
    |localA_490_fu_6192                      |   14|          3|    8|         24|
    |localA_491_fu_6196                      |   14|          3|    8|         24|
    |localA_492_fu_6200                      |   14|          3|    8|         24|
    |localA_493_fu_6204                      |   14|          3|    8|         24|
    |localA_494_fu_6208                      |   14|          3|    8|         24|
    |localA_495_fu_6212                      |   14|          3|    8|         24|
    |localA_496_fu_6216                      |   14|          3|    8|         24|
    |localA_497_fu_6220                      |   14|          3|    8|         24|
    |localA_498_fu_6224                      |   14|          3|    8|         24|
    |localA_499_fu_6228                      |   14|          3|    8|         24|
    |localA_49_fu_4428                       |   14|          3|    8|         24|
    |localA_4_fu_4248                        |   14|          3|    8|         24|
    |localA_500_fu_6232                      |   14|          3|    8|         24|
    |localA_501_fu_6236                      |   14|          3|    8|         24|
    |localA_502_fu_6240                      |   14|          3|    8|         24|
    |localA_503_fu_6244                      |   14|          3|    8|         24|
    |localA_504_fu_6248                      |   14|          3|    8|         24|
    |localA_505_fu_6252                      |   14|          3|    8|         24|
    |localA_506_fu_6256                      |   14|          3|    8|         24|
    |localA_507_fu_6260                      |   14|          3|    8|         24|
    |localA_508_fu_6264                      |   14|          3|    8|         24|
    |localA_509_fu_6268                      |   14|          3|    8|         24|
    |localA_50_fu_4432                       |   14|          3|    8|         24|
    |localA_510_fu_6272                      |   14|          3|    8|         24|
    |localA_511_fu_6276                      |   14|          3|    8|         24|
    |localA_512_fu_6280                      |   14|          3|    8|         24|
    |localA_513_fu_6284                      |   14|          3|    8|         24|
    |localA_514_fu_6288                      |   14|          3|    8|         24|
    |localA_515_fu_6292                      |   14|          3|    8|         24|
    |localA_516_fu_6296                      |   14|          3|    8|         24|
    |localA_517_fu_6300                      |   14|          3|    8|         24|
    |localA_518_fu_6304                      |   14|          3|    8|         24|
    |localA_519_fu_6308                      |   14|          3|    8|         24|
    |localA_51_fu_4436                       |   14|          3|    8|         24|
    |localA_520_fu_6312                      |   14|          3|    8|         24|
    |localA_521_fu_6316                      |   14|          3|    8|         24|
    |localA_522_fu_6320                      |   14|          3|    8|         24|
    |localA_523_fu_6324                      |   14|          3|    8|         24|
    |localA_524_fu_6328                      |   14|          3|    8|         24|
    |localA_525_fu_6332                      |   14|          3|    8|         24|
    |localA_526_fu_6336                      |   14|          3|    8|         24|
    |localA_527_fu_6340                      |   14|          3|    8|         24|
    |localA_528_fu_6344                      |   14|          3|    8|         24|
    |localA_529_fu_6348                      |   14|          3|    8|         24|
    |localA_52_fu_4440                       |   14|          3|    8|         24|
    |localA_530_fu_6352                      |   14|          3|    8|         24|
    |localA_531_fu_6356                      |   14|          3|    8|         24|
    |localA_532_fu_6360                      |   14|          3|    8|         24|
    |localA_533_fu_6364                      |   14|          3|    8|         24|
    |localA_534_fu_6368                      |   14|          3|    8|         24|
    |localA_535_fu_6372                      |   14|          3|    8|         24|
    |localA_536_fu_6376                      |   14|          3|    8|         24|
    |localA_537_fu_6380                      |   14|          3|    8|         24|
    |localA_538_fu_6384                      |   14|          3|    8|         24|
    |localA_539_fu_6388                      |   14|          3|    8|         24|
    |localA_53_fu_4444                       |   14|          3|    8|         24|
    |localA_540_fu_6392                      |   14|          3|    8|         24|
    |localA_541_fu_6396                      |   14|          3|    8|         24|
    |localA_542_fu_6400                      |   14|          3|    8|         24|
    |localA_543_fu_6404                      |   14|          3|    8|         24|
    |localA_544_fu_6408                      |   14|          3|    8|         24|
    |localA_545_fu_6412                      |   14|          3|    8|         24|
    |localA_546_fu_6416                      |   14|          3|    8|         24|
    |localA_547_fu_6420                      |   14|          3|    8|         24|
    |localA_548_fu_6424                      |   14|          3|    8|         24|
    |localA_549_fu_6428                      |   14|          3|    8|         24|
    |localA_54_fu_4448                       |   14|          3|    8|         24|
    |localA_550_fu_6432                      |   14|          3|    8|         24|
    |localA_551_fu_6436                      |   14|          3|    8|         24|
    |localA_552_fu_6440                      |   14|          3|    8|         24|
    |localA_553_fu_6444                      |   14|          3|    8|         24|
    |localA_554_fu_6448                      |   14|          3|    8|         24|
    |localA_555_fu_6452                      |   14|          3|    8|         24|
    |localA_556_fu_6456                      |   14|          3|    8|         24|
    |localA_557_fu_6460                      |   14|          3|    8|         24|
    |localA_558_fu_6464                      |   14|          3|    8|         24|
    |localA_559_fu_6468                      |   14|          3|    8|         24|
    |localA_55_fu_4452                       |   14|          3|    8|         24|
    |localA_560_fu_6472                      |   14|          3|    8|         24|
    |localA_561_fu_6476                      |   14|          3|    8|         24|
    |localA_562_fu_6480                      |   14|          3|    8|         24|
    |localA_563_fu_6484                      |   14|          3|    8|         24|
    |localA_564_fu_6488                      |   14|          3|    8|         24|
    |localA_565_fu_6492                      |   14|          3|    8|         24|
    |localA_566_fu_6496                      |   14|          3|    8|         24|
    |localA_567_fu_6500                      |   14|          3|    8|         24|
    |localA_568_fu_6504                      |   14|          3|    8|         24|
    |localA_569_fu_6508                      |   14|          3|    8|         24|
    |localA_56_fu_4456                       |   14|          3|    8|         24|
    |localA_570_fu_6512                      |   14|          3|    8|         24|
    |localA_571_fu_6516                      |   14|          3|    8|         24|
    |localA_572_fu_6520                      |   14|          3|    8|         24|
    |localA_573_fu_6524                      |   14|          3|    8|         24|
    |localA_574_fu_6528                      |   14|          3|    8|         24|
    |localA_575_fu_6532                      |   14|          3|    8|         24|
    |localA_576_fu_6536                      |   14|          3|    8|         24|
    |localA_577_fu_6540                      |   14|          3|    8|         24|
    |localA_578_fu_6544                      |   14|          3|    8|         24|
    |localA_579_fu_6548                      |   14|          3|    8|         24|
    |localA_57_fu_4460                       |   14|          3|    8|         24|
    |localA_580_fu_6552                      |   14|          3|    8|         24|
    |localA_581_fu_6556                      |   14|          3|    8|         24|
    |localA_582_fu_6560                      |   14|          3|    8|         24|
    |localA_583_fu_6564                      |   14|          3|    8|         24|
    |localA_584_fu_6568                      |   14|          3|    8|         24|
    |localA_585_fu_6572                      |   14|          3|    8|         24|
    |localA_586_fu_6576                      |   14|          3|    8|         24|
    |localA_587_fu_6580                      |   14|          3|    8|         24|
    |localA_588_fu_6584                      |   14|          3|    8|         24|
    |localA_589_fu_6588                      |   14|          3|    8|         24|
    |localA_58_fu_4464                       |   14|          3|    8|         24|
    |localA_590_fu_6592                      |   14|          3|    8|         24|
    |localA_591_fu_6596                      |   14|          3|    8|         24|
    |localA_592_fu_6600                      |   14|          3|    8|         24|
    |localA_593_fu_6604                      |   14|          3|    8|         24|
    |localA_594_fu_6608                      |   14|          3|    8|         24|
    |localA_595_fu_6612                      |   14|          3|    8|         24|
    |localA_596_fu_6616                      |   14|          3|    8|         24|
    |localA_597_fu_6620                      |   14|          3|    8|         24|
    |localA_598_fu_6624                      |   14|          3|    8|         24|
    |localA_599_fu_6628                      |   14|          3|    8|         24|
    |localA_59_fu_4468                       |   14|          3|    8|         24|
    |localA_5_fu_4252                        |   14|          3|    8|         24|
    |localA_600_fu_6632                      |   14|          3|    8|         24|
    |localA_601_fu_6636                      |   14|          3|    8|         24|
    |localA_602_fu_6640                      |   14|          3|    8|         24|
    |localA_603_fu_6644                      |   14|          3|    8|         24|
    |localA_604_fu_6648                      |   14|          3|    8|         24|
    |localA_605_fu_6652                      |   14|          3|    8|         24|
    |localA_606_fu_6656                      |   14|          3|    8|         24|
    |localA_607_fu_6660                      |   14|          3|    8|         24|
    |localA_608_fu_6664                      |   14|          3|    8|         24|
    |localA_609_fu_6668                      |   14|          3|    8|         24|
    |localA_60_fu_4472                       |   14|          3|    8|         24|
    |localA_610_fu_6672                      |   14|          3|    8|         24|
    |localA_611_fu_6676                      |   14|          3|    8|         24|
    |localA_612_fu_6680                      |   14|          3|    8|         24|
    |localA_613_fu_6684                      |   14|          3|    8|         24|
    |localA_614_fu_6688                      |   14|          3|    8|         24|
    |localA_615_fu_6692                      |   14|          3|    8|         24|
    |localA_616_fu_6696                      |   14|          3|    8|         24|
    |localA_617_fu_6700                      |   14|          3|    8|         24|
    |localA_618_fu_6704                      |   14|          3|    8|         24|
    |localA_619_fu_6708                      |   14|          3|    8|         24|
    |localA_61_fu_4476                       |   14|          3|    8|         24|
    |localA_620_fu_6712                      |   14|          3|    8|         24|
    |localA_621_fu_6716                      |   14|          3|    8|         24|
    |localA_622_fu_6720                      |   14|          3|    8|         24|
    |localA_623_fu_6724                      |   14|          3|    8|         24|
    |localA_624_fu_6728                      |   14|          3|    8|         24|
    |localA_625_fu_6732                      |   14|          3|    8|         24|
    |localA_626_fu_6736                      |   14|          3|    8|         24|
    |localA_627_fu_6740                      |   14|          3|    8|         24|
    |localA_628_fu_6744                      |   14|          3|    8|         24|
    |localA_629_fu_6748                      |   14|          3|    8|         24|
    |localA_62_fu_4480                       |   14|          3|    8|         24|
    |localA_630_fu_6752                      |   14|          3|    8|         24|
    |localA_631_fu_6756                      |   14|          3|    8|         24|
    |localA_632_fu_6760                      |   14|          3|    8|         24|
    |localA_633_fu_6764                      |   14|          3|    8|         24|
    |localA_634_fu_6768                      |   14|          3|    8|         24|
    |localA_635_fu_6772                      |   14|          3|    8|         24|
    |localA_636_fu_6776                      |   14|          3|    8|         24|
    |localA_637_fu_6780                      |   14|          3|    8|         24|
    |localA_638_fu_6784                      |   14|          3|    8|         24|
    |localA_639_fu_6788                      |   14|          3|    8|         24|
    |localA_63_fu_4484                       |   14|          3|    8|         24|
    |localA_640_fu_6792                      |   14|          3|    8|         24|
    |localA_641_fu_6796                      |   14|          3|    8|         24|
    |localA_642_fu_6800                      |   14|          3|    8|         24|
    |localA_643_fu_6804                      |   14|          3|    8|         24|
    |localA_644_fu_6808                      |   14|          3|    8|         24|
    |localA_645_fu_6812                      |   14|          3|    8|         24|
    |localA_646_fu_6816                      |   14|          3|    8|         24|
    |localA_647_fu_6820                      |   14|          3|    8|         24|
    |localA_648_fu_6824                      |   14|          3|    8|         24|
    |localA_649_fu_6828                      |   14|          3|    8|         24|
    |localA_64_fu_4488                       |   14|          3|    8|         24|
    |localA_650_fu_6832                      |   14|          3|    8|         24|
    |localA_651_fu_6836                      |   14|          3|    8|         24|
    |localA_652_fu_6840                      |   14|          3|    8|         24|
    |localA_653_fu_6844                      |   14|          3|    8|         24|
    |localA_654_fu_6848                      |   14|          3|    8|         24|
    |localA_655_fu_6852                      |   14|          3|    8|         24|
    |localA_656_fu_6856                      |   14|          3|    8|         24|
    |localA_657_fu_6860                      |   14|          3|    8|         24|
    |localA_658_fu_6864                      |   14|          3|    8|         24|
    |localA_659_fu_6868                      |   14|          3|    8|         24|
    |localA_65_fu_4492                       |   14|          3|    8|         24|
    |localA_660_fu_6872                      |   14|          3|    8|         24|
    |localA_661_fu_6876                      |   14|          3|    8|         24|
    |localA_662_fu_6880                      |   14|          3|    8|         24|
    |localA_663_fu_6884                      |   14|          3|    8|         24|
    |localA_664_fu_6888                      |   14|          3|    8|         24|
    |localA_665_fu_6892                      |   14|          3|    8|         24|
    |localA_666_fu_6896                      |   14|          3|    8|         24|
    |localA_667_fu_6900                      |   14|          3|    8|         24|
    |localA_668_fu_6904                      |   14|          3|    8|         24|
    |localA_669_fu_6908                      |   14|          3|    8|         24|
    |localA_66_fu_4496                       |   14|          3|    8|         24|
    |localA_670_fu_6912                      |   14|          3|    8|         24|
    |localA_671_fu_6916                      |   14|          3|    8|         24|
    |localA_672_fu_6920                      |   14|          3|    8|         24|
    |localA_673_fu_6924                      |   14|          3|    8|         24|
    |localA_674_fu_6928                      |   14|          3|    8|         24|
    |localA_675_fu_6932                      |   14|          3|    8|         24|
    |localA_676_fu_6936                      |   14|          3|    8|         24|
    |localA_677_fu_6940                      |   14|          3|    8|         24|
    |localA_678_fu_6944                      |   14|          3|    8|         24|
    |localA_679_fu_6948                      |   14|          3|    8|         24|
    |localA_67_fu_4500                       |   14|          3|    8|         24|
    |localA_680_fu_6952                      |   14|          3|    8|         24|
    |localA_681_fu_6956                      |   14|          3|    8|         24|
    |localA_682_fu_6960                      |   14|          3|    8|         24|
    |localA_683_fu_6964                      |   14|          3|    8|         24|
    |localA_684_fu_6968                      |   14|          3|    8|         24|
    |localA_685_fu_6972                      |   14|          3|    8|         24|
    |localA_686_fu_6976                      |   14|          3|    8|         24|
    |localA_687_fu_6980                      |   14|          3|    8|         24|
    |localA_688_fu_6984                      |   14|          3|    8|         24|
    |localA_689_fu_6988                      |   14|          3|    8|         24|
    |localA_68_fu_4504                       |   14|          3|    8|         24|
    |localA_690_fu_6992                      |   14|          3|    8|         24|
    |localA_691_fu_6996                      |   14|          3|    8|         24|
    |localA_692_fu_7000                      |   14|          3|    8|         24|
    |localA_693_fu_7004                      |   14|          3|    8|         24|
    |localA_694_fu_7008                      |   14|          3|    8|         24|
    |localA_695_fu_7012                      |   14|          3|    8|         24|
    |localA_696_fu_7016                      |   14|          3|    8|         24|
    |localA_697_fu_7020                      |   14|          3|    8|         24|
    |localA_698_fu_7024                      |   14|          3|    8|         24|
    |localA_699_fu_7028                      |   14|          3|    8|         24|
    |localA_69_fu_4508                       |   14|          3|    8|         24|
    |localA_6_fu_4256                        |   14|          3|    8|         24|
    |localA_700_fu_7032                      |   14|          3|    8|         24|
    |localA_701_fu_7036                      |   14|          3|    8|         24|
    |localA_702_fu_7040                      |   14|          3|    8|         24|
    |localA_703_fu_7044                      |   14|          3|    8|         24|
    |localA_704_fu_7048                      |   14|          3|    8|         24|
    |localA_705_fu_7052                      |   14|          3|    8|         24|
    |localA_706_fu_7056                      |   14|          3|    8|         24|
    |localA_707_fu_7060                      |   14|          3|    8|         24|
    |localA_708_fu_7064                      |   14|          3|    8|         24|
    |localA_709_fu_7068                      |   14|          3|    8|         24|
    |localA_70_fu_4512                       |   14|          3|    8|         24|
    |localA_710_fu_7072                      |   14|          3|    8|         24|
    |localA_711_fu_7076                      |   14|          3|    8|         24|
    |localA_712_fu_7080                      |   14|          3|    8|         24|
    |localA_713_fu_7084                      |   14|          3|    8|         24|
    |localA_714_fu_7088                      |   14|          3|    8|         24|
    |localA_715_fu_7092                      |   14|          3|    8|         24|
    |localA_716_fu_7096                      |   14|          3|    8|         24|
    |localA_717_fu_7100                      |   14|          3|    8|         24|
    |localA_718_fu_7104                      |   14|          3|    8|         24|
    |localA_719_fu_7108                      |   14|          3|    8|         24|
    |localA_71_fu_4516                       |   14|          3|    8|         24|
    |localA_720_fu_7112                      |   14|          3|    8|         24|
    |localA_721_fu_7116                      |   14|          3|    8|         24|
    |localA_722_fu_7120                      |   14|          3|    8|         24|
    |localA_723_fu_7124                      |   14|          3|    8|         24|
    |localA_724_fu_7128                      |   14|          3|    8|         24|
    |localA_725_fu_7132                      |   14|          3|    8|         24|
    |localA_726_fu_7136                      |   14|          3|    8|         24|
    |localA_727_fu_7140                      |   14|          3|    8|         24|
    |localA_728_fu_7144                      |   14|          3|    8|         24|
    |localA_729_fu_7148                      |   14|          3|    8|         24|
    |localA_72_fu_4520                       |   14|          3|    8|         24|
    |localA_730_fu_7152                      |   14|          3|    8|         24|
    |localA_731_fu_7156                      |   14|          3|    8|         24|
    |localA_732_fu_7160                      |   14|          3|    8|         24|
    |localA_733_fu_7164                      |   14|          3|    8|         24|
    |localA_734_fu_7168                      |   14|          3|    8|         24|
    |localA_735_fu_7172                      |   14|          3|    8|         24|
    |localA_736_fu_7176                      |   14|          3|    8|         24|
    |localA_737_fu_7180                      |   14|          3|    8|         24|
    |localA_738_fu_7184                      |   14|          3|    8|         24|
    |localA_739_fu_7188                      |   14|          3|    8|         24|
    |localA_73_fu_4524                       |   14|          3|    8|         24|
    |localA_740_fu_7192                      |   14|          3|    8|         24|
    |localA_741_fu_7196                      |   14|          3|    8|         24|
    |localA_742_fu_7200                      |   14|          3|    8|         24|
    |localA_743_fu_7204                      |   14|          3|    8|         24|
    |localA_744_fu_7208                      |   14|          3|    8|         24|
    |localA_745_fu_7212                      |   14|          3|    8|         24|
    |localA_746_fu_7216                      |   14|          3|    8|         24|
    |localA_747_fu_7220                      |   14|          3|    8|         24|
    |localA_748_fu_7224                      |   14|          3|    8|         24|
    |localA_749_fu_7228                      |   14|          3|    8|         24|
    |localA_74_fu_4528                       |   14|          3|    8|         24|
    |localA_750_fu_7232                      |   14|          3|    8|         24|
    |localA_751_fu_7236                      |   14|          3|    8|         24|
    |localA_752_fu_7240                      |   14|          3|    8|         24|
    |localA_753_fu_7244                      |   14|          3|    8|         24|
    |localA_754_fu_7248                      |   14|          3|    8|         24|
    |localA_755_fu_7252                      |   14|          3|    8|         24|
    |localA_756_fu_7256                      |   14|          3|    8|         24|
    |localA_757_fu_7260                      |   14|          3|    8|         24|
    |localA_758_fu_7264                      |   14|          3|    8|         24|
    |localA_759_fu_7268                      |   14|          3|    8|         24|
    |localA_75_fu_4532                       |   14|          3|    8|         24|
    |localA_760_fu_7272                      |   14|          3|    8|         24|
    |localA_761_fu_7276                      |   14|          3|    8|         24|
    |localA_762_fu_7280                      |   14|          3|    8|         24|
    |localA_763_fu_7284                      |   14|          3|    8|         24|
    |localA_764_fu_7288                      |   14|          3|    8|         24|
    |localA_765_fu_7292                      |   14|          3|    8|         24|
    |localA_766_fu_7296                      |   14|          3|    8|         24|
    |localA_767_fu_7300                      |   14|          3|    8|         24|
    |localA_768_fu_7304                      |   14|          3|    8|         24|
    |localA_769_fu_7308                      |   14|          3|    8|         24|
    |localA_76_fu_4536                       |   14|          3|    8|         24|
    |localA_770_fu_7312                      |   14|          3|    8|         24|
    |localA_771_fu_7316                      |   14|          3|    8|         24|
    |localA_772_fu_7320                      |   14|          3|    8|         24|
    |localA_773_fu_7324                      |   14|          3|    8|         24|
    |localA_774_fu_7328                      |   14|          3|    8|         24|
    |localA_775_fu_7332                      |   14|          3|    8|         24|
    |localA_776_fu_7336                      |   14|          3|    8|         24|
    |localA_777_fu_7340                      |   14|          3|    8|         24|
    |localA_778_fu_7344                      |   14|          3|    8|         24|
    |localA_779_fu_7348                      |   14|          3|    8|         24|
    |localA_77_fu_4540                       |   14|          3|    8|         24|
    |localA_780_fu_7352                      |   14|          3|    8|         24|
    |localA_781_fu_7356                      |   14|          3|    8|         24|
    |localA_782_fu_7360                      |   14|          3|    8|         24|
    |localA_783_fu_7364                      |   14|          3|    8|         24|
    |localA_784_fu_7368                      |   14|          3|    8|         24|
    |localA_785_fu_7372                      |   14|          3|    8|         24|
    |localA_786_fu_7376                      |   14|          3|    8|         24|
    |localA_787_fu_7380                      |   14|          3|    8|         24|
    |localA_788_fu_7384                      |   14|          3|    8|         24|
    |localA_789_fu_7388                      |   14|          3|    8|         24|
    |localA_78_fu_4544                       |   14|          3|    8|         24|
    |localA_790_fu_7392                      |   14|          3|    8|         24|
    |localA_791_fu_7396                      |   14|          3|    8|         24|
    |localA_792_fu_7400                      |   14|          3|    8|         24|
    |localA_793_fu_7404                      |   14|          3|    8|         24|
    |localA_794_fu_7408                      |   14|          3|    8|         24|
    |localA_795_fu_7412                      |   14|          3|    8|         24|
    |localA_796_fu_7416                      |   14|          3|    8|         24|
    |localA_797_fu_7420                      |   14|          3|    8|         24|
    |localA_798_fu_7424                      |   14|          3|    8|         24|
    |localA_799_fu_7428                      |   14|          3|    8|         24|
    |localA_79_fu_4548                       |   14|          3|    8|         24|
    |localA_7_fu_4260                        |   14|          3|    8|         24|
    |localA_800_fu_7432                      |   14|          3|    8|         24|
    |localA_801_fu_7436                      |   14|          3|    8|         24|
    |localA_802_fu_7440                      |   14|          3|    8|         24|
    |localA_803_fu_7444                      |   14|          3|    8|         24|
    |localA_804_fu_7448                      |   14|          3|    8|         24|
    |localA_805_fu_7452                      |   14|          3|    8|         24|
    |localA_806_fu_7456                      |   14|          3|    8|         24|
    |localA_807_fu_7460                      |   14|          3|    8|         24|
    |localA_808_fu_7464                      |   14|          3|    8|         24|
    |localA_809_fu_7468                      |   14|          3|    8|         24|
    |localA_80_fu_4552                       |   14|          3|    8|         24|
    |localA_810_fu_7472                      |   14|          3|    8|         24|
    |localA_811_fu_7476                      |   14|          3|    8|         24|
    |localA_812_fu_7480                      |   14|          3|    8|         24|
    |localA_813_fu_7484                      |   14|          3|    8|         24|
    |localA_814_fu_7488                      |   14|          3|    8|         24|
    |localA_815_fu_7492                      |   14|          3|    8|         24|
    |localA_816_fu_7496                      |   14|          3|    8|         24|
    |localA_817_fu_7500                      |   14|          3|    8|         24|
    |localA_818_fu_7504                      |   14|          3|    8|         24|
    |localA_819_fu_7508                      |   14|          3|    8|         24|
    |localA_81_fu_4556                       |   14|          3|    8|         24|
    |localA_820_fu_7512                      |   14|          3|    8|         24|
    |localA_821_fu_7516                      |   14|          3|    8|         24|
    |localA_822_fu_7520                      |   14|          3|    8|         24|
    |localA_823_fu_7524                      |   14|          3|    8|         24|
    |localA_824_fu_7528                      |   14|          3|    8|         24|
    |localA_825_fu_7532                      |   14|          3|    8|         24|
    |localA_826_fu_7536                      |   14|          3|    8|         24|
    |localA_827_fu_7540                      |   14|          3|    8|         24|
    |localA_828_fu_7544                      |   14|          3|    8|         24|
    |localA_829_fu_7548                      |   14|          3|    8|         24|
    |localA_82_fu_4560                       |   14|          3|    8|         24|
    |localA_830_fu_7552                      |   14|          3|    8|         24|
    |localA_831_fu_7556                      |   14|          3|    8|         24|
    |localA_832_fu_7560                      |   14|          3|    8|         24|
    |localA_833_fu_7564                      |   14|          3|    8|         24|
    |localA_834_fu_7568                      |   14|          3|    8|         24|
    |localA_835_fu_7572                      |   14|          3|    8|         24|
    |localA_836_fu_7576                      |   14|          3|    8|         24|
    |localA_837_fu_7580                      |   14|          3|    8|         24|
    |localA_838_fu_7584                      |   14|          3|    8|         24|
    |localA_839_fu_7588                      |   14|          3|    8|         24|
    |localA_83_fu_4564                       |   14|          3|    8|         24|
    |localA_840_fu_7592                      |   14|          3|    8|         24|
    |localA_841_fu_7596                      |   14|          3|    8|         24|
    |localA_842_fu_7600                      |   14|          3|    8|         24|
    |localA_843_fu_7604                      |   14|          3|    8|         24|
    |localA_844_fu_7608                      |   14|          3|    8|         24|
    |localA_845_fu_7612                      |   14|          3|    8|         24|
    |localA_846_fu_7616                      |   14|          3|    8|         24|
    |localA_847_fu_7620                      |   14|          3|    8|         24|
    |localA_848_fu_7624                      |   14|          3|    8|         24|
    |localA_849_fu_7628                      |   14|          3|    8|         24|
    |localA_84_fu_4568                       |   14|          3|    8|         24|
    |localA_850_fu_7632                      |   14|          3|    8|         24|
    |localA_851_fu_7636                      |   14|          3|    8|         24|
    |localA_852_fu_7640                      |   14|          3|    8|         24|
    |localA_853_fu_7644                      |   14|          3|    8|         24|
    |localA_854_fu_7648                      |   14|          3|    8|         24|
    |localA_855_fu_7652                      |   14|          3|    8|         24|
    |localA_856_fu_7656                      |   14|          3|    8|         24|
    |localA_857_fu_7660                      |   14|          3|    8|         24|
    |localA_858_fu_7664                      |   14|          3|    8|         24|
    |localA_859_fu_7668                      |   14|          3|    8|         24|
    |localA_85_fu_4572                       |   14|          3|    8|         24|
    |localA_860_fu_7672                      |   14|          3|    8|         24|
    |localA_861_fu_7676                      |   14|          3|    8|         24|
    |localA_862_fu_7680                      |   14|          3|    8|         24|
    |localA_863_fu_7684                      |   14|          3|    8|         24|
    |localA_864_fu_7688                      |   14|          3|    8|         24|
    |localA_865_fu_7692                      |   14|          3|    8|         24|
    |localA_866_fu_7696                      |   14|          3|    8|         24|
    |localA_867_fu_7700                      |   14|          3|    8|         24|
    |localA_868_fu_7704                      |   14|          3|    8|         24|
    |localA_869_fu_7708                      |   14|          3|    8|         24|
    |localA_86_fu_4576                       |   14|          3|    8|         24|
    |localA_870_fu_7712                      |   14|          3|    8|         24|
    |localA_871_fu_7716                      |   14|          3|    8|         24|
    |localA_872_fu_7720                      |   14|          3|    8|         24|
    |localA_873_fu_7724                      |   14|          3|    8|         24|
    |localA_874_fu_7728                      |   14|          3|    8|         24|
    |localA_875_fu_7732                      |   14|          3|    8|         24|
    |localA_876_fu_7736                      |   14|          3|    8|         24|
    |localA_877_fu_7740                      |   14|          3|    8|         24|
    |localA_878_fu_7744                      |   14|          3|    8|         24|
    |localA_879_fu_7748                      |   14|          3|    8|         24|
    |localA_87_fu_4580                       |   14|          3|    8|         24|
    |localA_880_fu_7752                      |   14|          3|    8|         24|
    |localA_881_fu_7756                      |   14|          3|    8|         24|
    |localA_882_fu_7760                      |   14|          3|    8|         24|
    |localA_883_fu_7764                      |   14|          3|    8|         24|
    |localA_884_fu_7768                      |   14|          3|    8|         24|
    |localA_885_fu_7772                      |   14|          3|    8|         24|
    |localA_886_fu_7776                      |   14|          3|    8|         24|
    |localA_887_fu_7780                      |   14|          3|    8|         24|
    |localA_888_fu_7784                      |   14|          3|    8|         24|
    |localA_889_fu_7788                      |   14|          3|    8|         24|
    |localA_88_fu_4584                       |   14|          3|    8|         24|
    |localA_890_fu_7792                      |   14|          3|    8|         24|
    |localA_891_fu_7796                      |   14|          3|    8|         24|
    |localA_892_fu_7800                      |   14|          3|    8|         24|
    |localA_893_fu_7804                      |   14|          3|    8|         24|
    |localA_894_fu_7808                      |   14|          3|    8|         24|
    |localA_895_fu_7812                      |   14|          3|    8|         24|
    |localA_896_fu_7816                      |   14|          3|    8|         24|
    |localA_897_fu_7820                      |   14|          3|    8|         24|
    |localA_898_fu_7824                      |   14|          3|    8|         24|
    |localA_899_fu_7828                      |   14|          3|    8|         24|
    |localA_89_fu_4588                       |   14|          3|    8|         24|
    |localA_8_fu_4264                        |   14|          3|    8|         24|
    |localA_900_fu_7832                      |   14|          3|    8|         24|
    |localA_901_fu_7836                      |   14|          3|    8|         24|
    |localA_902_fu_7840                      |   14|          3|    8|         24|
    |localA_903_fu_7844                      |   14|          3|    8|         24|
    |localA_904_fu_7848                      |   14|          3|    8|         24|
    |localA_905_fu_7852                      |   14|          3|    8|         24|
    |localA_906_fu_7856                      |   14|          3|    8|         24|
    |localA_907_fu_7860                      |   14|          3|    8|         24|
    |localA_908_fu_7864                      |   14|          3|    8|         24|
    |localA_909_fu_7868                      |   14|          3|    8|         24|
    |localA_90_fu_4592                       |   14|          3|    8|         24|
    |localA_910_fu_7872                      |   14|          3|    8|         24|
    |localA_911_fu_7876                      |   14|          3|    8|         24|
    |localA_912_fu_7880                      |   14|          3|    8|         24|
    |localA_913_fu_7884                      |   14|          3|    8|         24|
    |localA_914_fu_7888                      |   14|          3|    8|         24|
    |localA_915_fu_7892                      |   14|          3|    8|         24|
    |localA_916_fu_7896                      |   14|          3|    8|         24|
    |localA_917_fu_7900                      |   14|          3|    8|         24|
    |localA_918_fu_7904                      |   14|          3|    8|         24|
    |localA_919_fu_7908                      |   14|          3|    8|         24|
    |localA_91_fu_4596                       |   14|          3|    8|         24|
    |localA_920_fu_7912                      |   14|          3|    8|         24|
    |localA_921_fu_7916                      |   14|          3|    8|         24|
    |localA_922_fu_7920                      |   14|          3|    8|         24|
    |localA_923_fu_7924                      |   14|          3|    8|         24|
    |localA_924_fu_7928                      |   14|          3|    8|         24|
    |localA_925_fu_7932                      |   14|          3|    8|         24|
    |localA_926_fu_7936                      |   14|          3|    8|         24|
    |localA_927_fu_7940                      |   14|          3|    8|         24|
    |localA_928_fu_7944                      |   14|          3|    8|         24|
    |localA_929_fu_7948                      |   14|          3|    8|         24|
    |localA_92_fu_4600                       |   14|          3|    8|         24|
    |localA_930_fu_7952                      |   14|          3|    8|         24|
    |localA_931_fu_7956                      |   14|          3|    8|         24|
    |localA_932_fu_7960                      |   14|          3|    8|         24|
    |localA_933_fu_7964                      |   14|          3|    8|         24|
    |localA_934_fu_7968                      |   14|          3|    8|         24|
    |localA_935_fu_7972                      |   14|          3|    8|         24|
    |localA_936_fu_7976                      |   14|          3|    8|         24|
    |localA_937_fu_7980                      |   14|          3|    8|         24|
    |localA_938_fu_7984                      |   14|          3|    8|         24|
    |localA_939_fu_7988                      |   14|          3|    8|         24|
    |localA_93_fu_4604                       |   14|          3|    8|         24|
    |localA_940_fu_7992                      |   14|          3|    8|         24|
    |localA_941_fu_7996                      |   14|          3|    8|         24|
    |localA_942_fu_8000                      |   14|          3|    8|         24|
    |localA_943_fu_8004                      |   14|          3|    8|         24|
    |localA_944_fu_8008                      |   14|          3|    8|         24|
    |localA_945_fu_8012                      |   14|          3|    8|         24|
    |localA_946_fu_8016                      |   14|          3|    8|         24|
    |localA_947_fu_8020                      |   14|          3|    8|         24|
    |localA_948_fu_8024                      |   14|          3|    8|         24|
    |localA_949_fu_8028                      |   14|          3|    8|         24|
    |localA_94_fu_4608                       |   14|          3|    8|         24|
    |localA_950_fu_8032                      |   14|          3|    8|         24|
    |localA_951_fu_8036                      |   14|          3|    8|         24|
    |localA_952_fu_8040                      |   14|          3|    8|         24|
    |localA_953_fu_8044                      |   14|          3|    8|         24|
    |localA_954_fu_8048                      |   14|          3|    8|         24|
    |localA_955_fu_8052                      |   14|          3|    8|         24|
    |localA_956_fu_8056                      |   14|          3|    8|         24|
    |localA_957_fu_8060                      |   14|          3|    8|         24|
    |localA_958_fu_8064                      |   14|          3|    8|         24|
    |localA_959_fu_8068                      |   14|          3|    8|         24|
    |localA_95_fu_4612                       |   14|          3|    8|         24|
    |localA_960_fu_8072                      |   14|          3|    8|         24|
    |localA_961_fu_8076                      |   14|          3|    8|         24|
    |localA_962_fu_8080                      |   14|          3|    8|         24|
    |localA_963_fu_8084                      |   14|          3|    8|         24|
    |localA_964_fu_8088                      |   14|          3|    8|         24|
    |localA_965_fu_8092                      |   14|          3|    8|         24|
    |localA_966_fu_8096                      |   14|          3|    8|         24|
    |localA_967_fu_8100                      |   14|          3|    8|         24|
    |localA_968_fu_8104                      |   14|          3|    8|         24|
    |localA_969_fu_8108                      |   14|          3|    8|         24|
    |localA_96_fu_4616                       |   14|          3|    8|         24|
    |localA_970_fu_8112                      |   14|          3|    8|         24|
    |localA_971_fu_8116                      |   14|          3|    8|         24|
    |localA_972_fu_8120                      |   14|          3|    8|         24|
    |localA_973_fu_8124                      |   14|          3|    8|         24|
    |localA_974_fu_8128                      |   14|          3|    8|         24|
    |localA_975_fu_8132                      |   14|          3|    8|         24|
    |localA_976_fu_8136                      |   14|          3|    8|         24|
    |localA_977_fu_8140                      |   14|          3|    8|         24|
    |localA_978_fu_8144                      |   14|          3|    8|         24|
    |localA_979_fu_8148                      |   14|          3|    8|         24|
    |localA_97_fu_4620                       |   14|          3|    8|         24|
    |localA_980_fu_8152                      |   14|          3|    8|         24|
    |localA_981_fu_8156                      |   14|          3|    8|         24|
    |localA_982_fu_8160                      |   14|          3|    8|         24|
    |localA_983_fu_8164                      |   14|          3|    8|         24|
    |localA_984_fu_8168                      |   14|          3|    8|         24|
    |localA_985_fu_8172                      |   14|          3|    8|         24|
    |localA_986_fu_8176                      |   14|          3|    8|         24|
    |localA_987_fu_8180                      |   14|          3|    8|         24|
    |localA_988_fu_8184                      |   14|          3|    8|         24|
    |localA_989_fu_8188                      |   14|          3|    8|         24|
    |localA_98_fu_4624                       |   14|          3|    8|         24|
    |localA_990_fu_8192                      |   14|          3|    8|         24|
    |localA_991_fu_8196                      |   14|          3|    8|         24|
    |localA_992_fu_8200                      |   14|          3|    8|         24|
    |localA_993_fu_8204                      |   14|          3|    8|         24|
    |localA_994_fu_8208                      |   14|          3|    8|         24|
    |localA_995_fu_8212                      |   14|          3|    8|         24|
    |localA_996_fu_8216                      |   14|          3|    8|         24|
    |localA_997_fu_8220                      |   14|          3|    8|         24|
    |localA_998_fu_8224                      |   14|          3|    8|         24|
    |localA_999_fu_8228                      |   14|          3|    8|         24|
    |localA_99_fu_4628                       |   14|          3|    8|         24|
    |localA_9_fu_4268                        |   14|          3|    8|         24|
    +----------------------------------------+-----+-----------+-----+-----------+
    |Total                                   |14408|       3088| 8240|      24672|
    +----------------------------------------+-----+-----------+-----+-----------+

    * Register: 
    +--------------------------+----+----+-----+-----------+
    |           Name           | FF | LUT| Bits| Const Bits|
    +--------------------------+----+----+-----+-----------+
    |and_ln175_reg_49578       |   1|   0|    1|          0|
    |ap_CS_fsm                 |   1|   0|    1|          0|
    |ap_done_reg               |   1|   0|    1|          0|
    |ap_enable_reg_pp0_iter1   |   1|   0|    1|          0|
    |ii_fu_4228                |   6|   0|    6|          0|
    |indvar_flatten27_fu_4232  |  11|   0|   11|          0|
    |kk_1_fu_4224              |   6|   0|    6|          0|
    |localA_1000_fu_8232       |   8|   0|    8|          0|
    |localA_1001_fu_8236       |   8|   0|    8|          0|
    |localA_1002_fu_8240       |   8|   0|    8|          0|
    |localA_1003_fu_8244       |   8|   0|    8|          0|
    |localA_1004_fu_8248       |   8|   0|    8|          0|
    |localA_1005_fu_8252       |   8|   0|    8|          0|
    |localA_1006_fu_8256       |   8|   0|    8|          0|
    |localA_1007_fu_8260       |   8|   0|    8|          0|
    |localA_1008_fu_8264       |   8|   0|    8|          0|
    |localA_1009_fu_8268       |   8|   0|    8|          0|
    |localA_100_fu_4632        |   8|   0|    8|          0|
    |localA_1010_fu_8272       |   8|   0|    8|          0|
    |localA_1011_fu_8276       |   8|   0|    8|          0|
    |localA_1012_fu_8280       |   8|   0|    8|          0|
    |localA_1013_fu_8284       |   8|   0|    8|          0|
    |localA_1014_fu_8288       |   8|   0|    8|          0|
    |localA_1015_fu_8292       |   8|   0|    8|          0|
    |localA_1016_fu_8296       |   8|   0|    8|          0|
    |localA_1017_fu_8300       |   8|   0|    8|          0|
    |localA_1018_fu_8304       |   8|   0|    8|          0|
    |localA_1019_fu_8308       |   8|   0|    8|          0|
    |localA_101_fu_4636        |   8|   0|    8|          0|
    |localA_1020_fu_8312       |   8|   0|    8|          0|
    |localA_1021_fu_8316       |   8|   0|    8|          0|
    |localA_1022_fu_8320       |   8|   0|    8|          0|
    |localA_1023_fu_8324       |   8|   0|    8|          0|
    |localA_1024_fu_8328       |   8|   0|    8|          0|
    |localA_102_fu_4640        |   8|   0|    8|          0|
    |localA_103_fu_4644        |   8|   0|    8|          0|
    |localA_104_fu_4648        |   8|   0|    8|          0|
    |localA_105_fu_4652        |   8|   0|    8|          0|
    |localA_106_fu_4656        |   8|   0|    8|          0|
    |localA_107_fu_4660        |   8|   0|    8|          0|
    |localA_108_fu_4664        |   8|   0|    8|          0|
    |localA_109_fu_4668        |   8|   0|    8|          0|
    |localA_10_fu_4272         |   8|   0|    8|          0|
    |localA_110_fu_4672        |   8|   0|    8|          0|
    |localA_111_fu_4676        |   8|   0|    8|          0|
    |localA_112_fu_4680        |   8|   0|    8|          0|
    |localA_113_fu_4684        |   8|   0|    8|          0|
    |localA_114_fu_4688        |   8|   0|    8|          0|
    |localA_115_fu_4692        |   8|   0|    8|          0|
    |localA_116_fu_4696        |   8|   0|    8|          0|
    |localA_117_fu_4700        |   8|   0|    8|          0|
    |localA_118_fu_4704        |   8|   0|    8|          0|
    |localA_119_fu_4708        |   8|   0|    8|          0|
    |localA_11_fu_4276         |   8|   0|    8|          0|
    |localA_120_fu_4712        |   8|   0|    8|          0|
    |localA_121_fu_4716        |   8|   0|    8|          0|
    |localA_122_fu_4720        |   8|   0|    8|          0|
    |localA_123_fu_4724        |   8|   0|    8|          0|
    |localA_124_fu_4728        |   8|   0|    8|          0|
    |localA_125_fu_4732        |   8|   0|    8|          0|
    |localA_126_fu_4736        |   8|   0|    8|          0|
    |localA_127_fu_4740        |   8|   0|    8|          0|
    |localA_128_fu_4744        |   8|   0|    8|          0|
    |localA_129_fu_4748        |   8|   0|    8|          0|
    |localA_12_fu_4280         |   8|   0|    8|          0|
    |localA_130_fu_4752        |   8|   0|    8|          0|
    |localA_131_fu_4756        |   8|   0|    8|          0|
    |localA_132_fu_4760        |   8|   0|    8|          0|
    |localA_133_fu_4764        |   8|   0|    8|          0|
    |localA_134_fu_4768        |   8|   0|    8|          0|
    |localA_135_fu_4772        |   8|   0|    8|          0|
    |localA_136_fu_4776        |   8|   0|    8|          0|
    |localA_137_fu_4780        |   8|   0|    8|          0|
    |localA_138_fu_4784        |   8|   0|    8|          0|
    |localA_139_fu_4788        |   8|   0|    8|          0|
    |localA_13_fu_4284         |   8|   0|    8|          0|
    |localA_140_fu_4792        |   8|   0|    8|          0|
    |localA_141_fu_4796        |   8|   0|    8|          0|
    |localA_142_fu_4800        |   8|   0|    8|          0|
    |localA_143_fu_4804        |   8|   0|    8|          0|
    |localA_144_fu_4808        |   8|   0|    8|          0|
    |localA_145_fu_4812        |   8|   0|    8|          0|
    |localA_146_fu_4816        |   8|   0|    8|          0|
    |localA_147_fu_4820        |   8|   0|    8|          0|
    |localA_148_fu_4824        |   8|   0|    8|          0|
    |localA_149_fu_4828        |   8|   0|    8|          0|
    |localA_14_fu_4288         |   8|   0|    8|          0|
    |localA_150_fu_4832        |   8|   0|    8|          0|
    |localA_151_fu_4836        |   8|   0|    8|          0|
    |localA_152_fu_4840        |   8|   0|    8|          0|
    |localA_153_fu_4844        |   8|   0|    8|          0|
    |localA_154_fu_4848        |   8|   0|    8|          0|
    |localA_155_fu_4852        |   8|   0|    8|          0|
    |localA_156_fu_4856        |   8|   0|    8|          0|
    |localA_157_fu_4860        |   8|   0|    8|          0|
    |localA_158_fu_4864        |   8|   0|    8|          0|
    |localA_159_fu_4868        |   8|   0|    8|          0|
    |localA_15_fu_4292         |   8|   0|    8|          0|
    |localA_160_fu_4872        |   8|   0|    8|          0|
    |localA_161_fu_4876        |   8|   0|    8|          0|
    |localA_162_fu_4880        |   8|   0|    8|          0|
    |localA_163_fu_4884        |   8|   0|    8|          0|
    |localA_164_fu_4888        |   8|   0|    8|          0|
    |localA_165_fu_4892        |   8|   0|    8|          0|
    |localA_166_fu_4896        |   8|   0|    8|          0|
    |localA_167_fu_4900        |   8|   0|    8|          0|
    |localA_168_fu_4904        |   8|   0|    8|          0|
    |localA_169_fu_4908        |   8|   0|    8|          0|
    |localA_16_fu_4296         |   8|   0|    8|          0|
    |localA_170_fu_4912        |   8|   0|    8|          0|
    |localA_171_fu_4916        |   8|   0|    8|          0|
    |localA_172_fu_4920        |   8|   0|    8|          0|
    |localA_173_fu_4924        |   8|   0|    8|          0|
    |localA_174_fu_4928        |   8|   0|    8|          0|
    |localA_175_fu_4932        |   8|   0|    8|          0|
    |localA_176_fu_4936        |   8|   0|    8|          0|
    |localA_177_fu_4940        |   8|   0|    8|          0|
    |localA_178_fu_4944        |   8|   0|    8|          0|
    |localA_179_fu_4948        |   8|   0|    8|          0|
    |localA_17_fu_4300         |   8|   0|    8|          0|
    |localA_180_fu_4952        |   8|   0|    8|          0|
    |localA_181_fu_4956        |   8|   0|    8|          0|
    |localA_182_fu_4960        |   8|   0|    8|          0|
    |localA_183_fu_4964        |   8|   0|    8|          0|
    |localA_184_fu_4968        |   8|   0|    8|          0|
    |localA_185_fu_4972        |   8|   0|    8|          0|
    |localA_186_fu_4976        |   8|   0|    8|          0|
    |localA_187_fu_4980        |   8|   0|    8|          0|
    |localA_188_fu_4984        |   8|   0|    8|          0|
    |localA_189_fu_4988        |   8|   0|    8|          0|
    |localA_18_fu_4304         |   8|   0|    8|          0|
    |localA_190_fu_4992        |   8|   0|    8|          0|
    |localA_191_fu_4996        |   8|   0|    8|          0|
    |localA_192_fu_5000        |   8|   0|    8|          0|
    |localA_193_fu_5004        |   8|   0|    8|          0|
    |localA_194_fu_5008        |   8|   0|    8|          0|
    |localA_195_fu_5012        |   8|   0|    8|          0|
    |localA_196_fu_5016        |   8|   0|    8|          0|
    |localA_197_fu_5020        |   8|   0|    8|          0|
    |localA_198_fu_5024        |   8|   0|    8|          0|
    |localA_199_fu_5028        |   8|   0|    8|          0|
    |localA_19_fu_4308         |   8|   0|    8|          0|
    |localA_1_fu_4236          |   8|   0|    8|          0|
    |localA_200_fu_5032        |   8|   0|    8|          0|
    |localA_201_fu_5036        |   8|   0|    8|          0|
    |localA_202_fu_5040        |   8|   0|    8|          0|
    |localA_203_fu_5044        |   8|   0|    8|          0|
    |localA_204_fu_5048        |   8|   0|    8|          0|
    |localA_205_fu_5052        |   8|   0|    8|          0|
    |localA_206_fu_5056        |   8|   0|    8|          0|
    |localA_207_fu_5060        |   8|   0|    8|          0|
    |localA_208_fu_5064        |   8|   0|    8|          0|
    |localA_209_fu_5068        |   8|   0|    8|          0|
    |localA_20_fu_4312         |   8|   0|    8|          0|
    |localA_210_fu_5072        |   8|   0|    8|          0|
    |localA_211_fu_5076        |   8|   0|    8|          0|
    |localA_212_fu_5080        |   8|   0|    8|          0|
    |localA_213_fu_5084        |   8|   0|    8|          0|
    |localA_214_fu_5088        |   8|   0|    8|          0|
    |localA_215_fu_5092        |   8|   0|    8|          0|
    |localA_216_fu_5096        |   8|   0|    8|          0|
    |localA_217_fu_5100        |   8|   0|    8|          0|
    |localA_218_fu_5104        |   8|   0|    8|          0|
    |localA_219_fu_5108        |   8|   0|    8|          0|
    |localA_21_fu_4316         |   8|   0|    8|          0|
    |localA_220_fu_5112        |   8|   0|    8|          0|
    |localA_221_fu_5116        |   8|   0|    8|          0|
    |localA_222_fu_5120        |   8|   0|    8|          0|
    |localA_223_fu_5124        |   8|   0|    8|          0|
    |localA_224_fu_5128        |   8|   0|    8|          0|
    |localA_225_fu_5132        |   8|   0|    8|          0|
    |localA_226_fu_5136        |   8|   0|    8|          0|
    |localA_227_fu_5140        |   8|   0|    8|          0|
    |localA_228_fu_5144        |   8|   0|    8|          0|
    |localA_229_fu_5148        |   8|   0|    8|          0|
    |localA_22_fu_4320         |   8|   0|    8|          0|
    |localA_230_fu_5152        |   8|   0|    8|          0|
    |localA_231_fu_5156        |   8|   0|    8|          0|
    |localA_232_fu_5160        |   8|   0|    8|          0|
    |localA_233_fu_5164        |   8|   0|    8|          0|
    |localA_234_fu_5168        |   8|   0|    8|          0|
    |localA_235_fu_5172        |   8|   0|    8|          0|
    |localA_236_fu_5176        |   8|   0|    8|          0|
    |localA_237_fu_5180        |   8|   0|    8|          0|
    |localA_238_fu_5184        |   8|   0|    8|          0|
    |localA_239_fu_5188        |   8|   0|    8|          0|
    |localA_23_fu_4324         |   8|   0|    8|          0|
    |localA_240_fu_5192        |   8|   0|    8|          0|
    |localA_241_fu_5196        |   8|   0|    8|          0|
    |localA_242_fu_5200        |   8|   0|    8|          0|
    |localA_243_fu_5204        |   8|   0|    8|          0|
    |localA_244_fu_5208        |   8|   0|    8|          0|
    |localA_245_fu_5212        |   8|   0|    8|          0|
    |localA_246_fu_5216        |   8|   0|    8|          0|
    |localA_247_fu_5220        |   8|   0|    8|          0|
    |localA_248_fu_5224        |   8|   0|    8|          0|
    |localA_249_fu_5228        |   8|   0|    8|          0|
    |localA_24_fu_4328         |   8|   0|    8|          0|
    |localA_250_fu_5232        |   8|   0|    8|          0|
    |localA_251_fu_5236        |   8|   0|    8|          0|
    |localA_252_fu_5240        |   8|   0|    8|          0|
    |localA_253_fu_5244        |   8|   0|    8|          0|
    |localA_254_fu_5248        |   8|   0|    8|          0|
    |localA_255_fu_5252        |   8|   0|    8|          0|
    |localA_256_fu_5256        |   8|   0|    8|          0|
    |localA_257_fu_5260        |   8|   0|    8|          0|
    |localA_258_fu_5264        |   8|   0|    8|          0|
    |localA_259_fu_5268        |   8|   0|    8|          0|
    |localA_25_fu_4332         |   8|   0|    8|          0|
    |localA_260_fu_5272        |   8|   0|    8|          0|
    |localA_261_fu_5276        |   8|   0|    8|          0|
    |localA_262_fu_5280        |   8|   0|    8|          0|
    |localA_263_fu_5284        |   8|   0|    8|          0|
    |localA_264_fu_5288        |   8|   0|    8|          0|
    |localA_265_fu_5292        |   8|   0|    8|          0|
    |localA_266_fu_5296        |   8|   0|    8|          0|
    |localA_267_fu_5300        |   8|   0|    8|          0|
    |localA_268_fu_5304        |   8|   0|    8|          0|
    |localA_269_fu_5308        |   8|   0|    8|          0|
    |localA_26_fu_4336         |   8|   0|    8|          0|
    |localA_270_fu_5312        |   8|   0|    8|          0|
    |localA_271_fu_5316        |   8|   0|    8|          0|
    |localA_272_fu_5320        |   8|   0|    8|          0|
    |localA_273_fu_5324        |   8|   0|    8|          0|
    |localA_274_fu_5328        |   8|   0|    8|          0|
    |localA_275_fu_5332        |   8|   0|    8|          0|
    |localA_276_fu_5336        |   8|   0|    8|          0|
    |localA_277_fu_5340        |   8|   0|    8|          0|
    |localA_278_fu_5344        |   8|   0|    8|          0|
    |localA_279_fu_5348        |   8|   0|    8|          0|
    |localA_27_fu_4340         |   8|   0|    8|          0|
    |localA_280_fu_5352        |   8|   0|    8|          0|
    |localA_281_fu_5356        |   8|   0|    8|          0|
    |localA_282_fu_5360        |   8|   0|    8|          0|
    |localA_283_fu_5364        |   8|   0|    8|          0|
    |localA_284_fu_5368        |   8|   0|    8|          0|
    |localA_285_fu_5372        |   8|   0|    8|          0|
    |localA_286_fu_5376        |   8|   0|    8|          0|
    |localA_287_fu_5380        |   8|   0|    8|          0|
    |localA_288_fu_5384        |   8|   0|    8|          0|
    |localA_289_fu_5388        |   8|   0|    8|          0|
    |localA_28_fu_4344         |   8|   0|    8|          0|
    |localA_290_fu_5392        |   8|   0|    8|          0|
    |localA_291_fu_5396        |   8|   0|    8|          0|
    |localA_292_fu_5400        |   8|   0|    8|          0|
    |localA_293_fu_5404        |   8|   0|    8|          0|
    |localA_294_fu_5408        |   8|   0|    8|          0|
    |localA_295_fu_5412        |   8|   0|    8|          0|
    |localA_296_fu_5416        |   8|   0|    8|          0|
    |localA_297_fu_5420        |   8|   0|    8|          0|
    |localA_298_fu_5424        |   8|   0|    8|          0|
    |localA_299_fu_5428        |   8|   0|    8|          0|
    |localA_29_fu_4348         |   8|   0|    8|          0|
    |localA_2_fu_4240          |   8|   0|    8|          0|
    |localA_300_fu_5432        |   8|   0|    8|          0|
    |localA_301_fu_5436        |   8|   0|    8|          0|
    |localA_302_fu_5440        |   8|   0|    8|          0|
    |localA_303_fu_5444        |   8|   0|    8|          0|
    |localA_304_fu_5448        |   8|   0|    8|          0|
    |localA_305_fu_5452        |   8|   0|    8|          0|
    |localA_306_fu_5456        |   8|   0|    8|          0|
    |localA_307_fu_5460        |   8|   0|    8|          0|
    |localA_308_fu_5464        |   8|   0|    8|          0|
    |localA_309_fu_5468        |   8|   0|    8|          0|
    |localA_30_fu_4352         |   8|   0|    8|          0|
    |localA_310_fu_5472        |   8|   0|    8|          0|
    |localA_311_fu_5476        |   8|   0|    8|          0|
    |localA_312_fu_5480        |   8|   0|    8|          0|
    |localA_313_fu_5484        |   8|   0|    8|          0|
    |localA_314_fu_5488        |   8|   0|    8|          0|
    |localA_315_fu_5492        |   8|   0|    8|          0|
    |localA_316_fu_5496        |   8|   0|    8|          0|
    |localA_317_fu_5500        |   8|   0|    8|          0|
    |localA_318_fu_5504        |   8|   0|    8|          0|
    |localA_319_fu_5508        |   8|   0|    8|          0|
    |localA_31_fu_4356         |   8|   0|    8|          0|
    |localA_320_fu_5512        |   8|   0|    8|          0|
    |localA_321_fu_5516        |   8|   0|    8|          0|
    |localA_322_fu_5520        |   8|   0|    8|          0|
    |localA_323_fu_5524        |   8|   0|    8|          0|
    |localA_324_fu_5528        |   8|   0|    8|          0|
    |localA_325_fu_5532        |   8|   0|    8|          0|
    |localA_326_fu_5536        |   8|   0|    8|          0|
    |localA_327_fu_5540        |   8|   0|    8|          0|
    |localA_328_fu_5544        |   8|   0|    8|          0|
    |localA_329_fu_5548        |   8|   0|    8|          0|
    |localA_32_fu_4360         |   8|   0|    8|          0|
    |localA_330_fu_5552        |   8|   0|    8|          0|
    |localA_331_fu_5556        |   8|   0|    8|          0|
    |localA_332_fu_5560        |   8|   0|    8|          0|
    |localA_333_fu_5564        |   8|   0|    8|          0|
    |localA_334_fu_5568        |   8|   0|    8|          0|
    |localA_335_fu_5572        |   8|   0|    8|          0|
    |localA_336_fu_5576        |   8|   0|    8|          0|
    |localA_337_fu_5580        |   8|   0|    8|          0|
    |localA_338_fu_5584        |   8|   0|    8|          0|
    |localA_339_fu_5588        |   8|   0|    8|          0|
    |localA_33_fu_4364         |   8|   0|    8|          0|
    |localA_340_fu_5592        |   8|   0|    8|          0|
    |localA_341_fu_5596        |   8|   0|    8|          0|
    |localA_342_fu_5600        |   8|   0|    8|          0|
    |localA_343_fu_5604        |   8|   0|    8|          0|
    |localA_344_fu_5608        |   8|   0|    8|          0|
    |localA_345_fu_5612        |   8|   0|    8|          0|
    |localA_346_fu_5616        |   8|   0|    8|          0|
    |localA_347_fu_5620        |   8|   0|    8|          0|
    |localA_348_fu_5624        |   8|   0|    8|          0|
    |localA_349_fu_5628        |   8|   0|    8|          0|
    |localA_34_fu_4368         |   8|   0|    8|          0|
    |localA_350_fu_5632        |   8|   0|    8|          0|
    |localA_351_fu_5636        |   8|   0|    8|          0|
    |localA_352_fu_5640        |   8|   0|    8|          0|
    |localA_353_fu_5644        |   8|   0|    8|          0|
    |localA_354_fu_5648        |   8|   0|    8|          0|
    |localA_355_fu_5652        |   8|   0|    8|          0|
    |localA_356_fu_5656        |   8|   0|    8|          0|
    |localA_357_fu_5660        |   8|   0|    8|          0|
    |localA_358_fu_5664        |   8|   0|    8|          0|
    |localA_359_fu_5668        |   8|   0|    8|          0|
    |localA_35_fu_4372         |   8|   0|    8|          0|
    |localA_360_fu_5672        |   8|   0|    8|          0|
    |localA_361_fu_5676        |   8|   0|    8|          0|
    |localA_362_fu_5680        |   8|   0|    8|          0|
    |localA_363_fu_5684        |   8|   0|    8|          0|
    |localA_364_fu_5688        |   8|   0|    8|          0|
    |localA_365_fu_5692        |   8|   0|    8|          0|
    |localA_366_fu_5696        |   8|   0|    8|          0|
    |localA_367_fu_5700        |   8|   0|    8|          0|
    |localA_368_fu_5704        |   8|   0|    8|          0|
    |localA_369_fu_5708        |   8|   0|    8|          0|
    |localA_36_fu_4376         |   8|   0|    8|          0|
    |localA_370_fu_5712        |   8|   0|    8|          0|
    |localA_371_fu_5716        |   8|   0|    8|          0|
    |localA_372_fu_5720        |   8|   0|    8|          0|
    |localA_373_fu_5724        |   8|   0|    8|          0|
    |localA_374_fu_5728        |   8|   0|    8|          0|
    |localA_375_fu_5732        |   8|   0|    8|          0|
    |localA_376_fu_5736        |   8|   0|    8|          0|
    |localA_377_fu_5740        |   8|   0|    8|          0|
    |localA_378_fu_5744        |   8|   0|    8|          0|
    |localA_379_fu_5748        |   8|   0|    8|          0|
    |localA_37_fu_4380         |   8|   0|    8|          0|
    |localA_380_fu_5752        |   8|   0|    8|          0|
    |localA_381_fu_5756        |   8|   0|    8|          0|
    |localA_382_fu_5760        |   8|   0|    8|          0|
    |localA_383_fu_5764        |   8|   0|    8|          0|
    |localA_384_fu_5768        |   8|   0|    8|          0|
    |localA_385_fu_5772        |   8|   0|    8|          0|
    |localA_386_fu_5776        |   8|   0|    8|          0|
    |localA_387_fu_5780        |   8|   0|    8|          0|
    |localA_388_fu_5784        |   8|   0|    8|          0|
    |localA_389_fu_5788        |   8|   0|    8|          0|
    |localA_38_fu_4384         |   8|   0|    8|          0|
    |localA_390_fu_5792        |   8|   0|    8|          0|
    |localA_391_fu_5796        |   8|   0|    8|          0|
    |localA_392_fu_5800        |   8|   0|    8|          0|
    |localA_393_fu_5804        |   8|   0|    8|          0|
    |localA_394_fu_5808        |   8|   0|    8|          0|
    |localA_395_fu_5812        |   8|   0|    8|          0|
    |localA_396_fu_5816        |   8|   0|    8|          0|
    |localA_397_fu_5820        |   8|   0|    8|          0|
    |localA_398_fu_5824        |   8|   0|    8|          0|
    |localA_399_fu_5828        |   8|   0|    8|          0|
    |localA_39_fu_4388         |   8|   0|    8|          0|
    |localA_3_fu_4244          |   8|   0|    8|          0|
    |localA_400_fu_5832        |   8|   0|    8|          0|
    |localA_401_fu_5836        |   8|   0|    8|          0|
    |localA_402_fu_5840        |   8|   0|    8|          0|
    |localA_403_fu_5844        |   8|   0|    8|          0|
    |localA_404_fu_5848        |   8|   0|    8|          0|
    |localA_405_fu_5852        |   8|   0|    8|          0|
    |localA_406_fu_5856        |   8|   0|    8|          0|
    |localA_407_fu_5860        |   8|   0|    8|          0|
    |localA_408_fu_5864        |   8|   0|    8|          0|
    |localA_409_fu_5868        |   8|   0|    8|          0|
    |localA_40_fu_4392         |   8|   0|    8|          0|
    |localA_410_fu_5872        |   8|   0|    8|          0|
    |localA_411_fu_5876        |   8|   0|    8|          0|
    |localA_412_fu_5880        |   8|   0|    8|          0|
    |localA_413_fu_5884        |   8|   0|    8|          0|
    |localA_414_fu_5888        |   8|   0|    8|          0|
    |localA_415_fu_5892        |   8|   0|    8|          0|
    |localA_416_fu_5896        |   8|   0|    8|          0|
    |localA_417_fu_5900        |   8|   0|    8|          0|
    |localA_418_fu_5904        |   8|   0|    8|          0|
    |localA_419_fu_5908        |   8|   0|    8|          0|
    |localA_41_fu_4396         |   8|   0|    8|          0|
    |localA_420_fu_5912        |   8|   0|    8|          0|
    |localA_421_fu_5916        |   8|   0|    8|          0|
    |localA_422_fu_5920        |   8|   0|    8|          0|
    |localA_423_fu_5924        |   8|   0|    8|          0|
    |localA_424_fu_5928        |   8|   0|    8|          0|
    |localA_425_fu_5932        |   8|   0|    8|          0|
    |localA_426_fu_5936        |   8|   0|    8|          0|
    |localA_427_fu_5940        |   8|   0|    8|          0|
    |localA_428_fu_5944        |   8|   0|    8|          0|
    |localA_429_fu_5948        |   8|   0|    8|          0|
    |localA_42_fu_4400         |   8|   0|    8|          0|
    |localA_430_fu_5952        |   8|   0|    8|          0|
    |localA_431_fu_5956        |   8|   0|    8|          0|
    |localA_432_fu_5960        |   8|   0|    8|          0|
    |localA_433_fu_5964        |   8|   0|    8|          0|
    |localA_434_fu_5968        |   8|   0|    8|          0|
    |localA_435_fu_5972        |   8|   0|    8|          0|
    |localA_436_fu_5976        |   8|   0|    8|          0|
    |localA_437_fu_5980        |   8|   0|    8|          0|
    |localA_438_fu_5984        |   8|   0|    8|          0|
    |localA_439_fu_5988        |   8|   0|    8|          0|
    |localA_43_fu_4404         |   8|   0|    8|          0|
    |localA_440_fu_5992        |   8|   0|    8|          0|
    |localA_441_fu_5996        |   8|   0|    8|          0|
    |localA_442_fu_6000        |   8|   0|    8|          0|
    |localA_443_fu_6004        |   8|   0|    8|          0|
    |localA_444_fu_6008        |   8|   0|    8|          0|
    |localA_445_fu_6012        |   8|   0|    8|          0|
    |localA_446_fu_6016        |   8|   0|    8|          0|
    |localA_447_fu_6020        |   8|   0|    8|          0|
    |localA_448_fu_6024        |   8|   0|    8|          0|
    |localA_449_fu_6028        |   8|   0|    8|          0|
    |localA_44_fu_4408         |   8|   0|    8|          0|
    |localA_450_fu_6032        |   8|   0|    8|          0|
    |localA_451_fu_6036        |   8|   0|    8|          0|
    |localA_452_fu_6040        |   8|   0|    8|          0|
    |localA_453_fu_6044        |   8|   0|    8|          0|
    |localA_454_fu_6048        |   8|   0|    8|          0|
    |localA_455_fu_6052        |   8|   0|    8|          0|
    |localA_456_fu_6056        |   8|   0|    8|          0|
    |localA_457_fu_6060        |   8|   0|    8|          0|
    |localA_458_fu_6064        |   8|   0|    8|          0|
    |localA_459_fu_6068        |   8|   0|    8|          0|
    |localA_45_fu_4412         |   8|   0|    8|          0|
    |localA_460_fu_6072        |   8|   0|    8|          0|
    |localA_461_fu_6076        |   8|   0|    8|          0|
    |localA_462_fu_6080        |   8|   0|    8|          0|
    |localA_463_fu_6084        |   8|   0|    8|          0|
    |localA_464_fu_6088        |   8|   0|    8|          0|
    |localA_465_fu_6092        |   8|   0|    8|          0|
    |localA_466_fu_6096        |   8|   0|    8|          0|
    |localA_467_fu_6100        |   8|   0|    8|          0|
    |localA_468_fu_6104        |   8|   0|    8|          0|
    |localA_469_fu_6108        |   8|   0|    8|          0|
    |localA_46_fu_4416         |   8|   0|    8|          0|
    |localA_470_fu_6112        |   8|   0|    8|          0|
    |localA_471_fu_6116        |   8|   0|    8|          0|
    |localA_472_fu_6120        |   8|   0|    8|          0|
    |localA_473_fu_6124        |   8|   0|    8|          0|
    |localA_474_fu_6128        |   8|   0|    8|          0|
    |localA_475_fu_6132        |   8|   0|    8|          0|
    |localA_476_fu_6136        |   8|   0|    8|          0|
    |localA_477_fu_6140        |   8|   0|    8|          0|
    |localA_478_fu_6144        |   8|   0|    8|          0|
    |localA_479_fu_6148        |   8|   0|    8|          0|
    |localA_47_fu_4420         |   8|   0|    8|          0|
    |localA_480_fu_6152        |   8|   0|    8|          0|
    |localA_481_fu_6156        |   8|   0|    8|          0|
    |localA_482_fu_6160        |   8|   0|    8|          0|
    |localA_483_fu_6164        |   8|   0|    8|          0|
    |localA_484_fu_6168        |   8|   0|    8|          0|
    |localA_485_fu_6172        |   8|   0|    8|          0|
    |localA_486_fu_6176        |   8|   0|    8|          0|
    |localA_487_fu_6180        |   8|   0|    8|          0|
    |localA_488_fu_6184        |   8|   0|    8|          0|
    |localA_489_fu_6188        |   8|   0|    8|          0|
    |localA_48_fu_4424         |   8|   0|    8|          0|
    |localA_490_fu_6192        |   8|   0|    8|          0|
    |localA_491_fu_6196        |   8|   0|    8|          0|
    |localA_492_fu_6200        |   8|   0|    8|          0|
    |localA_493_fu_6204        |   8|   0|    8|          0|
    |localA_494_fu_6208        |   8|   0|    8|          0|
    |localA_495_fu_6212        |   8|   0|    8|          0|
    |localA_496_fu_6216        |   8|   0|    8|          0|
    |localA_497_fu_6220        |   8|   0|    8|          0|
    |localA_498_fu_6224        |   8|   0|    8|          0|
    |localA_499_fu_6228        |   8|   0|    8|          0|
    |localA_49_fu_4428         |   8|   0|    8|          0|
    |localA_4_fu_4248          |   8|   0|    8|          0|
    |localA_500_fu_6232        |   8|   0|    8|          0|
    |localA_501_fu_6236        |   8|   0|    8|          0|
    |localA_502_fu_6240        |   8|   0|    8|          0|
    |localA_503_fu_6244        |   8|   0|    8|          0|
    |localA_504_fu_6248        |   8|   0|    8|          0|
    |localA_505_fu_6252        |   8|   0|    8|          0|
    |localA_506_fu_6256        |   8|   0|    8|          0|
    |localA_507_fu_6260        |   8|   0|    8|          0|
    |localA_508_fu_6264        |   8|   0|    8|          0|
    |localA_509_fu_6268        |   8|   0|    8|          0|
    |localA_50_fu_4432         |   8|   0|    8|          0|
    |localA_510_fu_6272        |   8|   0|    8|          0|
    |localA_511_fu_6276        |   8|   0|    8|          0|
    |localA_512_fu_6280        |   8|   0|    8|          0|
    |localA_513_fu_6284        |   8|   0|    8|          0|
    |localA_514_fu_6288        |   8|   0|    8|          0|
    |localA_515_fu_6292        |   8|   0|    8|          0|
    |localA_516_fu_6296        |   8|   0|    8|          0|
    |localA_517_fu_6300        |   8|   0|    8|          0|
    |localA_518_fu_6304        |   8|   0|    8|          0|
    |localA_519_fu_6308        |   8|   0|    8|          0|
    |localA_51_fu_4436         |   8|   0|    8|          0|
    |localA_520_fu_6312        |   8|   0|    8|          0|
    |localA_521_fu_6316        |   8|   0|    8|          0|
    |localA_522_fu_6320        |   8|   0|    8|          0|
    |localA_523_fu_6324        |   8|   0|    8|          0|
    |localA_524_fu_6328        |   8|   0|    8|          0|
    |localA_525_fu_6332        |   8|   0|    8|          0|
    |localA_526_fu_6336        |   8|   0|    8|          0|
    |localA_527_fu_6340        |   8|   0|    8|          0|
    |localA_528_fu_6344        |   8|   0|    8|          0|
    |localA_529_fu_6348        |   8|   0|    8|          0|
    |localA_52_fu_4440         |   8|   0|    8|          0|
    |localA_530_fu_6352        |   8|   0|    8|          0|
    |localA_531_fu_6356        |   8|   0|    8|          0|
    |localA_532_fu_6360        |   8|   0|    8|          0|
    |localA_533_fu_6364        |   8|   0|    8|          0|
    |localA_534_fu_6368        |   8|   0|    8|          0|
    |localA_535_fu_6372        |   8|   0|    8|          0|
    |localA_536_fu_6376        |   8|   0|    8|          0|
    |localA_537_fu_6380        |   8|   0|    8|          0|
    |localA_538_fu_6384        |   8|   0|    8|          0|
    |localA_539_fu_6388        |   8|   0|    8|          0|
    |localA_53_fu_4444         |   8|   0|    8|          0|
    |localA_540_fu_6392        |   8|   0|    8|          0|
    |localA_541_fu_6396        |   8|   0|    8|          0|
    |localA_542_fu_6400        |   8|   0|    8|          0|
    |localA_543_fu_6404        |   8|   0|    8|          0|
    |localA_544_fu_6408        |   8|   0|    8|          0|
    |localA_545_fu_6412        |   8|   0|    8|          0|
    |localA_546_fu_6416        |   8|   0|    8|          0|
    |localA_547_fu_6420        |   8|   0|    8|          0|
    |localA_548_fu_6424        |   8|   0|    8|          0|
    |localA_549_fu_6428        |   8|   0|    8|          0|
    |localA_54_fu_4448         |   8|   0|    8|          0|
    |localA_550_fu_6432        |   8|   0|    8|          0|
    |localA_551_fu_6436        |   8|   0|    8|          0|
    |localA_552_fu_6440        |   8|   0|    8|          0|
    |localA_553_fu_6444        |   8|   0|    8|          0|
    |localA_554_fu_6448        |   8|   0|    8|          0|
    |localA_555_fu_6452        |   8|   0|    8|          0|
    |localA_556_fu_6456        |   8|   0|    8|          0|
    |localA_557_fu_6460        |   8|   0|    8|          0|
    |localA_558_fu_6464        |   8|   0|    8|          0|
    |localA_559_fu_6468        |   8|   0|    8|          0|
    |localA_55_fu_4452         |   8|   0|    8|          0|
    |localA_560_fu_6472        |   8|   0|    8|          0|
    |localA_561_fu_6476        |   8|   0|    8|          0|
    |localA_562_fu_6480        |   8|   0|    8|          0|
    |localA_563_fu_6484        |   8|   0|    8|          0|
    |localA_564_fu_6488        |   8|   0|    8|          0|
    |localA_565_fu_6492        |   8|   0|    8|          0|
    |localA_566_fu_6496        |   8|   0|    8|          0|
    |localA_567_fu_6500        |   8|   0|    8|          0|
    |localA_568_fu_6504        |   8|   0|    8|          0|
    |localA_569_fu_6508        |   8|   0|    8|          0|
    |localA_56_fu_4456         |   8|   0|    8|          0|
    |localA_570_fu_6512        |   8|   0|    8|          0|
    |localA_571_fu_6516        |   8|   0|    8|          0|
    |localA_572_fu_6520        |   8|   0|    8|          0|
    |localA_573_fu_6524        |   8|   0|    8|          0|
    |localA_574_fu_6528        |   8|   0|    8|          0|
    |localA_575_fu_6532        |   8|   0|    8|          0|
    |localA_576_fu_6536        |   8|   0|    8|          0|
    |localA_577_fu_6540        |   8|   0|    8|          0|
    |localA_578_fu_6544        |   8|   0|    8|          0|
    |localA_579_fu_6548        |   8|   0|    8|          0|
    |localA_57_fu_4460         |   8|   0|    8|          0|
    |localA_580_fu_6552        |   8|   0|    8|          0|
    |localA_581_fu_6556        |   8|   0|    8|          0|
    |localA_582_fu_6560        |   8|   0|    8|          0|
    |localA_583_fu_6564        |   8|   0|    8|          0|
    |localA_584_fu_6568        |   8|   0|    8|          0|
    |localA_585_fu_6572        |   8|   0|    8|          0|
    |localA_586_fu_6576        |   8|   0|    8|          0|
    |localA_587_fu_6580        |   8|   0|    8|          0|
    |localA_588_fu_6584        |   8|   0|    8|          0|
    |localA_589_fu_6588        |   8|   0|    8|          0|
    |localA_58_fu_4464         |   8|   0|    8|          0|
    |localA_590_fu_6592        |   8|   0|    8|          0|
    |localA_591_fu_6596        |   8|   0|    8|          0|
    |localA_592_fu_6600        |   8|   0|    8|          0|
    |localA_593_fu_6604        |   8|   0|    8|          0|
    |localA_594_fu_6608        |   8|   0|    8|          0|
    |localA_595_fu_6612        |   8|   0|    8|          0|
    |localA_596_fu_6616        |   8|   0|    8|          0|
    |localA_597_fu_6620        |   8|   0|    8|          0|
    |localA_598_fu_6624        |   8|   0|    8|          0|
    |localA_599_fu_6628        |   8|   0|    8|          0|
    |localA_59_fu_4468         |   8|   0|    8|          0|
    |localA_5_fu_4252          |   8|   0|    8|          0|
    |localA_600_fu_6632        |   8|   0|    8|          0|
    |localA_601_fu_6636        |   8|   0|    8|          0|
    |localA_602_fu_6640        |   8|   0|    8|          0|
    |localA_603_fu_6644        |   8|   0|    8|          0|
    |localA_604_fu_6648        |   8|   0|    8|          0|
    |localA_605_fu_6652        |   8|   0|    8|          0|
    |localA_606_fu_6656        |   8|   0|    8|          0|
    |localA_607_fu_6660        |   8|   0|    8|          0|
    |localA_608_fu_6664        |   8|   0|    8|          0|
    |localA_609_fu_6668        |   8|   0|    8|          0|
    |localA_60_fu_4472         |   8|   0|    8|          0|
    |localA_610_fu_6672        |   8|   0|    8|          0|
    |localA_611_fu_6676        |   8|   0|    8|          0|
    |localA_612_fu_6680        |   8|   0|    8|          0|
    |localA_613_fu_6684        |   8|   0|    8|          0|
    |localA_614_fu_6688        |   8|   0|    8|          0|
    |localA_615_fu_6692        |   8|   0|    8|          0|
    |localA_616_fu_6696        |   8|   0|    8|          0|
    |localA_617_fu_6700        |   8|   0|    8|          0|
    |localA_618_fu_6704        |   8|   0|    8|          0|
    |localA_619_fu_6708        |   8|   0|    8|          0|
    |localA_61_fu_4476         |   8|   0|    8|          0|
    |localA_620_fu_6712        |   8|   0|    8|          0|
    |localA_621_fu_6716        |   8|   0|    8|          0|
    |localA_622_fu_6720        |   8|   0|    8|          0|
    |localA_623_fu_6724        |   8|   0|    8|          0|
    |localA_624_fu_6728        |   8|   0|    8|          0|
    |localA_625_fu_6732        |   8|   0|    8|          0|
    |localA_626_fu_6736        |   8|   0|    8|          0|
    |localA_627_fu_6740        |   8|   0|    8|          0|
    |localA_628_fu_6744        |   8|   0|    8|          0|
    |localA_629_fu_6748        |   8|   0|    8|          0|
    |localA_62_fu_4480         |   8|   0|    8|          0|
    |localA_630_fu_6752        |   8|   0|    8|          0|
    |localA_631_fu_6756        |   8|   0|    8|          0|
    |localA_632_fu_6760        |   8|   0|    8|          0|
    |localA_633_fu_6764        |   8|   0|    8|          0|
    |localA_634_fu_6768        |   8|   0|    8|          0|
    |localA_635_fu_6772        |   8|   0|    8|          0|
    |localA_636_fu_6776        |   8|   0|    8|          0|
    |localA_637_fu_6780        |   8|   0|    8|          0|
    |localA_638_fu_6784        |   8|   0|    8|          0|
    |localA_639_fu_6788        |   8|   0|    8|          0|
    |localA_63_fu_4484         |   8|   0|    8|          0|
    |localA_640_fu_6792        |   8|   0|    8|          0|
    |localA_641_fu_6796        |   8|   0|    8|          0|
    |localA_642_fu_6800        |   8|   0|    8|          0|
    |localA_643_fu_6804        |   8|   0|    8|          0|
    |localA_644_fu_6808        |   8|   0|    8|          0|
    |localA_645_fu_6812        |   8|   0|    8|          0|
    |localA_646_fu_6816        |   8|   0|    8|          0|
    |localA_647_fu_6820        |   8|   0|    8|          0|
    |localA_648_fu_6824        |   8|   0|    8|          0|
    |localA_649_fu_6828        |   8|   0|    8|          0|
    |localA_64_fu_4488         |   8|   0|    8|          0|
    |localA_650_fu_6832        |   8|   0|    8|          0|
    |localA_651_fu_6836        |   8|   0|    8|          0|
    |localA_652_fu_6840        |   8|   0|    8|          0|
    |localA_653_fu_6844        |   8|   0|    8|          0|
    |localA_654_fu_6848        |   8|   0|    8|          0|
    |localA_655_fu_6852        |   8|   0|    8|          0|
    |localA_656_fu_6856        |   8|   0|    8|          0|
    |localA_657_fu_6860        |   8|   0|    8|          0|
    |localA_658_fu_6864        |   8|   0|    8|          0|
    |localA_659_fu_6868        |   8|   0|    8|          0|
    |localA_65_fu_4492         |   8|   0|    8|          0|
    |localA_660_fu_6872        |   8|   0|    8|          0|
    |localA_661_fu_6876        |   8|   0|    8|          0|
    |localA_662_fu_6880        |   8|   0|    8|          0|
    |localA_663_fu_6884        |   8|   0|    8|          0|
    |localA_664_fu_6888        |   8|   0|    8|          0|
    |localA_665_fu_6892        |   8|   0|    8|          0|
    |localA_666_fu_6896        |   8|   0|    8|          0|
    |localA_667_fu_6900        |   8|   0|    8|          0|
    |localA_668_fu_6904        |   8|   0|    8|          0|
    |localA_669_fu_6908        |   8|   0|    8|          0|
    |localA_66_fu_4496         |   8|   0|    8|          0|
    |localA_670_fu_6912        |   8|   0|    8|          0|
    |localA_671_fu_6916        |   8|   0|    8|          0|
    |localA_672_fu_6920        |   8|   0|    8|          0|
    |localA_673_fu_6924        |   8|   0|    8|          0|
    |localA_674_fu_6928        |   8|   0|    8|          0|
    |localA_675_fu_6932        |   8|   0|    8|          0|
    |localA_676_fu_6936        |   8|   0|    8|          0|
    |localA_677_fu_6940        |   8|   0|    8|          0|
    |localA_678_fu_6944        |   8|   0|    8|          0|
    |localA_679_fu_6948        |   8|   0|    8|          0|
    |localA_67_fu_4500         |   8|   0|    8|          0|
    |localA_680_fu_6952        |   8|   0|    8|          0|
    |localA_681_fu_6956        |   8|   0|    8|          0|
    |localA_682_fu_6960        |   8|   0|    8|          0|
    |localA_683_fu_6964        |   8|   0|    8|          0|
    |localA_684_fu_6968        |   8|   0|    8|          0|
    |localA_685_fu_6972        |   8|   0|    8|          0|
    |localA_686_fu_6976        |   8|   0|    8|          0|
    |localA_687_fu_6980        |   8|   0|    8|          0|
    |localA_688_fu_6984        |   8|   0|    8|          0|
    |localA_689_fu_6988        |   8|   0|    8|          0|
    |localA_68_fu_4504         |   8|   0|    8|          0|
    |localA_690_fu_6992        |   8|   0|    8|          0|
    |localA_691_fu_6996        |   8|   0|    8|          0|
    |localA_692_fu_7000        |   8|   0|    8|          0|
    |localA_693_fu_7004        |   8|   0|    8|          0|
    |localA_694_fu_7008        |   8|   0|    8|          0|
    |localA_695_fu_7012        |   8|   0|    8|          0|
    |localA_696_fu_7016        |   8|   0|    8|          0|
    |localA_697_fu_7020        |   8|   0|    8|          0|
    |localA_698_fu_7024        |   8|   0|    8|          0|
    |localA_699_fu_7028        |   8|   0|    8|          0|
    |localA_69_fu_4508         |   8|   0|    8|          0|
    |localA_6_fu_4256          |   8|   0|    8|          0|
    |localA_700_fu_7032        |   8|   0|    8|          0|
    |localA_701_fu_7036        |   8|   0|    8|          0|
    |localA_702_fu_7040        |   8|   0|    8|          0|
    |localA_703_fu_7044        |   8|   0|    8|          0|
    |localA_704_fu_7048        |   8|   0|    8|          0|
    |localA_705_fu_7052        |   8|   0|    8|          0|
    |localA_706_fu_7056        |   8|   0|    8|          0|
    |localA_707_fu_7060        |   8|   0|    8|          0|
    |localA_708_fu_7064        |   8|   0|    8|          0|
    |localA_709_fu_7068        |   8|   0|    8|          0|
    |localA_70_fu_4512         |   8|   0|    8|          0|
    |localA_710_fu_7072        |   8|   0|    8|          0|
    |localA_711_fu_7076        |   8|   0|    8|          0|
    |localA_712_fu_7080        |   8|   0|    8|          0|
    |localA_713_fu_7084        |   8|   0|    8|          0|
    |localA_714_fu_7088        |   8|   0|    8|          0|
    |localA_715_fu_7092        |   8|   0|    8|          0|
    |localA_716_fu_7096        |   8|   0|    8|          0|
    |localA_717_fu_7100        |   8|   0|    8|          0|
    |localA_718_fu_7104        |   8|   0|    8|          0|
    |localA_719_fu_7108        |   8|   0|    8|          0|
    |localA_71_fu_4516         |   8|   0|    8|          0|
    |localA_720_fu_7112        |   8|   0|    8|          0|
    |localA_721_fu_7116        |   8|   0|    8|          0|
    |localA_722_fu_7120        |   8|   0|    8|          0|
    |localA_723_fu_7124        |   8|   0|    8|          0|
    |localA_724_fu_7128        |   8|   0|    8|          0|
    |localA_725_fu_7132        |   8|   0|    8|          0|
    |localA_726_fu_7136        |   8|   0|    8|          0|
    |localA_727_fu_7140        |   8|   0|    8|          0|
    |localA_728_fu_7144        |   8|   0|    8|          0|
    |localA_729_fu_7148        |   8|   0|    8|          0|
    |localA_72_fu_4520         |   8|   0|    8|          0|
    |localA_730_fu_7152        |   8|   0|    8|          0|
    |localA_731_fu_7156        |   8|   0|    8|          0|
    |localA_732_fu_7160        |   8|   0|    8|          0|
    |localA_733_fu_7164        |   8|   0|    8|          0|
    |localA_734_fu_7168        |   8|   0|    8|          0|
    |localA_735_fu_7172        |   8|   0|    8|          0|
    |localA_736_fu_7176        |   8|   0|    8|          0|
    |localA_737_fu_7180        |   8|   0|    8|          0|
    |localA_738_fu_7184        |   8|   0|    8|          0|
    |localA_739_fu_7188        |   8|   0|    8|          0|
    |localA_73_fu_4524         |   8|   0|    8|          0|
    |localA_740_fu_7192        |   8|   0|    8|          0|
    |localA_741_fu_7196        |   8|   0|    8|          0|
    |localA_742_fu_7200        |   8|   0|    8|          0|
    |localA_743_fu_7204        |   8|   0|    8|          0|
    |localA_744_fu_7208        |   8|   0|    8|          0|
    |localA_745_fu_7212        |   8|   0|    8|          0|
    |localA_746_fu_7216        |   8|   0|    8|          0|
    |localA_747_fu_7220        |   8|   0|    8|          0|
    |localA_748_fu_7224        |   8|   0|    8|          0|
    |localA_749_fu_7228        |   8|   0|    8|          0|
    |localA_74_fu_4528         |   8|   0|    8|          0|
    |localA_750_fu_7232        |   8|   0|    8|          0|
    |localA_751_fu_7236        |   8|   0|    8|          0|
    |localA_752_fu_7240        |   8|   0|    8|          0|
    |localA_753_fu_7244        |   8|   0|    8|          0|
    |localA_754_fu_7248        |   8|   0|    8|          0|
    |localA_755_fu_7252        |   8|   0|    8|          0|
    |localA_756_fu_7256        |   8|   0|    8|          0|
    |localA_757_fu_7260        |   8|   0|    8|          0|
    |localA_758_fu_7264        |   8|   0|    8|          0|
    |localA_759_fu_7268        |   8|   0|    8|          0|
    |localA_75_fu_4532         |   8|   0|    8|          0|
    |localA_760_fu_7272        |   8|   0|    8|          0|
    |localA_761_fu_7276        |   8|   0|    8|          0|
    |localA_762_fu_7280        |   8|   0|    8|          0|
    |localA_763_fu_7284        |   8|   0|    8|          0|
    |localA_764_fu_7288        |   8|   0|    8|          0|
    |localA_765_fu_7292        |   8|   0|    8|          0|
    |localA_766_fu_7296        |   8|   0|    8|          0|
    |localA_767_fu_7300        |   8|   0|    8|          0|
    |localA_768_fu_7304        |   8|   0|    8|          0|
    |localA_769_fu_7308        |   8|   0|    8|          0|
    |localA_76_fu_4536         |   8|   0|    8|          0|
    |localA_770_fu_7312        |   8|   0|    8|          0|
    |localA_771_fu_7316        |   8|   0|    8|          0|
    |localA_772_fu_7320        |   8|   0|    8|          0|
    |localA_773_fu_7324        |   8|   0|    8|          0|
    |localA_774_fu_7328        |   8|   0|    8|          0|
    |localA_775_fu_7332        |   8|   0|    8|          0|
    |localA_776_fu_7336        |   8|   0|    8|          0|
    |localA_777_fu_7340        |   8|   0|    8|          0|
    |localA_778_fu_7344        |   8|   0|    8|          0|
    |localA_779_fu_7348        |   8|   0|    8|          0|
    |localA_77_fu_4540         |   8|   0|    8|          0|
    |localA_780_fu_7352        |   8|   0|    8|          0|
    |localA_781_fu_7356        |   8|   0|    8|          0|
    |localA_782_fu_7360        |   8|   0|    8|          0|
    |localA_783_fu_7364        |   8|   0|    8|          0|
    |localA_784_fu_7368        |   8|   0|    8|          0|
    |localA_785_fu_7372        |   8|   0|    8|          0|
    |localA_786_fu_7376        |   8|   0|    8|          0|
    |localA_787_fu_7380        |   8|   0|    8|          0|
    |localA_788_fu_7384        |   8|   0|    8|          0|
    |localA_789_fu_7388        |   8|   0|    8|          0|
    |localA_78_fu_4544         |   8|   0|    8|          0|
    |localA_790_fu_7392        |   8|   0|    8|          0|
    |localA_791_fu_7396        |   8|   0|    8|          0|
    |localA_792_fu_7400        |   8|   0|    8|          0|
    |localA_793_fu_7404        |   8|   0|    8|          0|
    |localA_794_fu_7408        |   8|   0|    8|          0|
    |localA_795_fu_7412        |   8|   0|    8|          0|
    |localA_796_fu_7416        |   8|   0|    8|          0|
    |localA_797_fu_7420        |   8|   0|    8|          0|
    |localA_798_fu_7424        |   8|   0|    8|          0|
    |localA_799_fu_7428        |   8|   0|    8|          0|
    |localA_79_fu_4548         |   8|   0|    8|          0|
    |localA_7_fu_4260          |   8|   0|    8|          0|
    |localA_800_fu_7432        |   8|   0|    8|          0|
    |localA_801_fu_7436        |   8|   0|    8|          0|
    |localA_802_fu_7440        |   8|   0|    8|          0|
    |localA_803_fu_7444        |   8|   0|    8|          0|
    |localA_804_fu_7448        |   8|   0|    8|          0|
    |localA_805_fu_7452        |   8|   0|    8|          0|
    |localA_806_fu_7456        |   8|   0|    8|          0|
    |localA_807_fu_7460        |   8|   0|    8|          0|
    |localA_808_fu_7464        |   8|   0|    8|          0|
    |localA_809_fu_7468        |   8|   0|    8|          0|
    |localA_80_fu_4552         |   8|   0|    8|          0|
    |localA_810_fu_7472        |   8|   0|    8|          0|
    |localA_811_fu_7476        |   8|   0|    8|          0|
    |localA_812_fu_7480        |   8|   0|    8|          0|
    |localA_813_fu_7484        |   8|   0|    8|          0|
    |localA_814_fu_7488        |   8|   0|    8|          0|
    |localA_815_fu_7492        |   8|   0|    8|          0|
    |localA_816_fu_7496        |   8|   0|    8|          0|
    |localA_817_fu_7500        |   8|   0|    8|          0|
    |localA_818_fu_7504        |   8|   0|    8|          0|
    |localA_819_fu_7508        |   8|   0|    8|          0|
    |localA_81_fu_4556         |   8|   0|    8|          0|
    |localA_820_fu_7512        |   8|   0|    8|          0|
    |localA_821_fu_7516        |   8|   0|    8|          0|
    |localA_822_fu_7520        |   8|   0|    8|          0|
    |localA_823_fu_7524        |   8|   0|    8|          0|
    |localA_824_fu_7528        |   8|   0|    8|          0|
    |localA_825_fu_7532        |   8|   0|    8|          0|
    |localA_826_fu_7536        |   8|   0|    8|          0|
    |localA_827_fu_7540        |   8|   0|    8|          0|
    |localA_828_fu_7544        |   8|   0|    8|          0|
    |localA_829_fu_7548        |   8|   0|    8|          0|
    |localA_82_fu_4560         |   8|   0|    8|          0|
    |localA_830_fu_7552        |   8|   0|    8|          0|
    |localA_831_fu_7556        |   8|   0|    8|          0|
    |localA_832_fu_7560        |   8|   0|    8|          0|
    |localA_833_fu_7564        |   8|   0|    8|          0|
    |localA_834_fu_7568        |   8|   0|    8|          0|
    |localA_835_fu_7572        |   8|   0|    8|          0|
    |localA_836_fu_7576        |   8|   0|    8|          0|
    |localA_837_fu_7580        |   8|   0|    8|          0|
    |localA_838_fu_7584        |   8|   0|    8|          0|
    |localA_839_fu_7588        |   8|   0|    8|          0|
    |localA_83_fu_4564         |   8|   0|    8|          0|
    |localA_840_fu_7592        |   8|   0|    8|          0|
    |localA_841_fu_7596        |   8|   0|    8|          0|
    |localA_842_fu_7600        |   8|   0|    8|          0|
    |localA_843_fu_7604        |   8|   0|    8|          0|
    |localA_844_fu_7608        |   8|   0|    8|          0|
    |localA_845_fu_7612        |   8|   0|    8|          0|
    |localA_846_fu_7616        |   8|   0|    8|          0|
    |localA_847_fu_7620        |   8|   0|    8|          0|
    |localA_848_fu_7624        |   8|   0|    8|          0|
    |localA_849_fu_7628        |   8|   0|    8|          0|
    |localA_84_fu_4568         |   8|   0|    8|          0|
    |localA_850_fu_7632        |   8|   0|    8|          0|
    |localA_851_fu_7636        |   8|   0|    8|          0|
    |localA_852_fu_7640        |   8|   0|    8|          0|
    |localA_853_fu_7644        |   8|   0|    8|          0|
    |localA_854_fu_7648        |   8|   0|    8|          0|
    |localA_855_fu_7652        |   8|   0|    8|          0|
    |localA_856_fu_7656        |   8|   0|    8|          0|
    |localA_857_fu_7660        |   8|   0|    8|          0|
    |localA_858_fu_7664        |   8|   0|    8|          0|
    |localA_859_fu_7668        |   8|   0|    8|          0|
    |localA_85_fu_4572         |   8|   0|    8|          0|
    |localA_860_fu_7672        |   8|   0|    8|          0|
    |localA_861_fu_7676        |   8|   0|    8|          0|
    |localA_862_fu_7680        |   8|   0|    8|          0|
    |localA_863_fu_7684        |   8|   0|    8|          0|
    |localA_864_fu_7688        |   8|   0|    8|          0|
    |localA_865_fu_7692        |   8|   0|    8|          0|
    |localA_866_fu_7696        |   8|   0|    8|          0|
    |localA_867_fu_7700        |   8|   0|    8|          0|
    |localA_868_fu_7704        |   8|   0|    8|          0|
    |localA_869_fu_7708        |   8|   0|    8|          0|
    |localA_86_fu_4576         |   8|   0|    8|          0|
    |localA_870_fu_7712        |   8|   0|    8|          0|
    |localA_871_fu_7716        |   8|   0|    8|          0|
    |localA_872_fu_7720        |   8|   0|    8|          0|
    |localA_873_fu_7724        |   8|   0|    8|          0|
    |localA_874_fu_7728        |   8|   0|    8|          0|
    |localA_875_fu_7732        |   8|   0|    8|          0|
    |localA_876_fu_7736        |   8|   0|    8|          0|
    |localA_877_fu_7740        |   8|   0|    8|          0|
    |localA_878_fu_7744        |   8|   0|    8|          0|
    |localA_879_fu_7748        |   8|   0|    8|          0|
    |localA_87_fu_4580         |   8|   0|    8|          0|
    |localA_880_fu_7752        |   8|   0|    8|          0|
    |localA_881_fu_7756        |   8|   0|    8|          0|
    |localA_882_fu_7760        |   8|   0|    8|          0|
    |localA_883_fu_7764        |   8|   0|    8|          0|
    |localA_884_fu_7768        |   8|   0|    8|          0|
    |localA_885_fu_7772        |   8|   0|    8|          0|
    |localA_886_fu_7776        |   8|   0|    8|          0|
    |localA_887_fu_7780        |   8|   0|    8|          0|
    |localA_888_fu_7784        |   8|   0|    8|          0|
    |localA_889_fu_7788        |   8|   0|    8|          0|
    |localA_88_fu_4584         |   8|   0|    8|          0|
    |localA_890_fu_7792        |   8|   0|    8|          0|
    |localA_891_fu_7796        |   8|   0|    8|          0|
    |localA_892_fu_7800        |   8|   0|    8|          0|
    |localA_893_fu_7804        |   8|   0|    8|          0|
    |localA_894_fu_7808        |   8|   0|    8|          0|
    |localA_895_fu_7812        |   8|   0|    8|          0|
    |localA_896_fu_7816        |   8|   0|    8|          0|
    |localA_897_fu_7820        |   8|   0|    8|          0|
    |localA_898_fu_7824        |   8|   0|    8|          0|
    |localA_899_fu_7828        |   8|   0|    8|          0|
    |localA_89_fu_4588         |   8|   0|    8|          0|
    |localA_8_fu_4264          |   8|   0|    8|          0|
    |localA_900_fu_7832        |   8|   0|    8|          0|
    |localA_901_fu_7836        |   8|   0|    8|          0|
    |localA_902_fu_7840        |   8|   0|    8|          0|
    |localA_903_fu_7844        |   8|   0|    8|          0|
    |localA_904_fu_7848        |   8|   0|    8|          0|
    |localA_905_fu_7852        |   8|   0|    8|          0|
    |localA_906_fu_7856        |   8|   0|    8|          0|
    |localA_907_fu_7860        |   8|   0|    8|          0|
    |localA_908_fu_7864        |   8|   0|    8|          0|
    |localA_909_fu_7868        |   8|   0|    8|          0|
    |localA_90_fu_4592         |   8|   0|    8|          0|
    |localA_910_fu_7872        |   8|   0|    8|          0|
    |localA_911_fu_7876        |   8|   0|    8|          0|
    |localA_912_fu_7880        |   8|   0|    8|          0|
    |localA_913_fu_7884        |   8|   0|    8|          0|
    |localA_914_fu_7888        |   8|   0|    8|          0|
    |localA_915_fu_7892        |   8|   0|    8|          0|
    |localA_916_fu_7896        |   8|   0|    8|          0|
    |localA_917_fu_7900        |   8|   0|    8|          0|
    |localA_918_fu_7904        |   8|   0|    8|          0|
    |localA_919_fu_7908        |   8|   0|    8|          0|
    |localA_91_fu_4596         |   8|   0|    8|          0|
    |localA_920_fu_7912        |   8|   0|    8|          0|
    |localA_921_fu_7916        |   8|   0|    8|          0|
    |localA_922_fu_7920        |   8|   0|    8|          0|
    |localA_923_fu_7924        |   8|   0|    8|          0|
    |localA_924_fu_7928        |   8|   0|    8|          0|
    |localA_925_fu_7932        |   8|   0|    8|          0|
    |localA_926_fu_7936        |   8|   0|    8|          0|
    |localA_927_fu_7940        |   8|   0|    8|          0|
    |localA_928_fu_7944        |   8|   0|    8|          0|
    |localA_929_fu_7948        |   8|   0|    8|          0|
    |localA_92_fu_4600         |   8|   0|    8|          0|
    |localA_930_fu_7952        |   8|   0|    8|          0|
    |localA_931_fu_7956        |   8|   0|    8|          0|
    |localA_932_fu_7960        |   8|   0|    8|          0|
    |localA_933_fu_7964        |   8|   0|    8|          0|
    |localA_934_fu_7968        |   8|   0|    8|          0|
    |localA_935_fu_7972        |   8|   0|    8|          0|
    |localA_936_fu_7976        |   8|   0|    8|          0|
    |localA_937_fu_7980        |   8|   0|    8|          0|
    |localA_938_fu_7984        |   8|   0|    8|          0|
    |localA_939_fu_7988        |   8|   0|    8|          0|
    |localA_93_fu_4604         |   8|   0|    8|          0|
    |localA_940_fu_7992        |   8|   0|    8|          0|
    |localA_941_fu_7996        |   8|   0|    8|          0|
    |localA_942_fu_8000        |   8|   0|    8|          0|
    |localA_943_fu_8004        |   8|   0|    8|          0|
    |localA_944_fu_8008        |   8|   0|    8|          0|
    |localA_945_fu_8012        |   8|   0|    8|          0|
    |localA_946_fu_8016        |   8|   0|    8|          0|
    |localA_947_fu_8020        |   8|   0|    8|          0|
    |localA_948_fu_8024        |   8|   0|    8|          0|
    |localA_949_fu_8028        |   8|   0|    8|          0|
    |localA_94_fu_4608         |   8|   0|    8|          0|
    |localA_950_fu_8032        |   8|   0|    8|          0|
    |localA_951_fu_8036        |   8|   0|    8|          0|
    |localA_952_fu_8040        |   8|   0|    8|          0|
    |localA_953_fu_8044        |   8|   0|    8|          0|
    |localA_954_fu_8048        |   8|   0|    8|          0|
    |localA_955_fu_8052        |   8|   0|    8|          0|
    |localA_956_fu_8056        |   8|   0|    8|          0|
    |localA_957_fu_8060        |   8|   0|    8|          0|
    |localA_958_fu_8064        |   8|   0|    8|          0|
    |localA_959_fu_8068        |   8|   0|    8|          0|
    |localA_95_fu_4612         |   8|   0|    8|          0|
    |localA_960_fu_8072        |   8|   0|    8|          0|
    |localA_961_fu_8076        |   8|   0|    8|          0|
    |localA_962_fu_8080        |   8|   0|    8|          0|
    |localA_963_fu_8084        |   8|   0|    8|          0|
    |localA_964_fu_8088        |   8|   0|    8|          0|
    |localA_965_fu_8092        |   8|   0|    8|          0|
    |localA_966_fu_8096        |   8|   0|    8|          0|
    |localA_967_fu_8100        |   8|   0|    8|          0|
    |localA_968_fu_8104        |   8|   0|    8|          0|
    |localA_969_fu_8108        |   8|   0|    8|          0|
    |localA_96_fu_4616         |   8|   0|    8|          0|
    |localA_970_fu_8112        |   8|   0|    8|          0|
    |localA_971_fu_8116        |   8|   0|    8|          0|
    |localA_972_fu_8120        |   8|   0|    8|          0|
    |localA_973_fu_8124        |   8|   0|    8|          0|
    |localA_974_fu_8128        |   8|   0|    8|          0|
    |localA_975_fu_8132        |   8|   0|    8|          0|
    |localA_976_fu_8136        |   8|   0|    8|          0|
    |localA_977_fu_8140        |   8|   0|    8|          0|
    |localA_978_fu_8144        |   8|   0|    8|          0|
    |localA_979_fu_8148        |   8|   0|    8|          0|
    |localA_97_fu_4620         |   8|   0|    8|          0|
    |localA_980_fu_8152        |   8|   0|    8|          0|
    |localA_981_fu_8156        |   8|   0|    8|          0|
    |localA_982_fu_8160        |   8|   0|    8|          0|
    |localA_983_fu_8164        |   8|   0|    8|          0|
    |localA_984_fu_8168        |   8|   0|    8|          0|
    |localA_985_fu_8172        |   8|   0|    8|          0|
    |localA_986_fu_8176        |   8|   0|    8|          0|
    |localA_987_fu_8180        |   8|   0|    8|          0|
    |localA_988_fu_8184        |   8|   0|    8|          0|
    |localA_989_fu_8188        |   8|   0|    8|          0|
    |localA_98_fu_4624         |   8|   0|    8|          0|
    |localA_990_fu_8192        |   8|   0|    8|          0|
    |localA_991_fu_8196        |   8|   0|    8|          0|
    |localA_992_fu_8200        |   8|   0|    8|          0|
    |localA_993_fu_8204        |   8|   0|    8|          0|
    |localA_994_fu_8208        |   8|   0|    8|          0|
    |localA_995_fu_8212        |   8|   0|    8|          0|
    |localA_996_fu_8216        |   8|   0|    8|          0|
    |localA_997_fu_8220        |   8|   0|    8|          0|
    |localA_998_fu_8224        |   8|   0|    8|          0|
    |localA_999_fu_8228        |   8|   0|    8|          0|
    |localA_99_fu_4628         |   8|   0|    8|          0|
    |localA_9_fu_4268          |   8|   0|    8|          0|
    |trunc_ln170_reg_49569     |   5|   0|    5|          0|
    |trunc_ln178_reg_49582     |   5|   0|    5|          0|
    +--------------------------+----+----+-----+-----------+
    |Total                     |8229|   0| 8229|          0|
    +--------------------------+----+----+-----+-----------+



================================================================
== Interface
================================================================
* Summary: 
+--------------------------+-----+-----+------------+---------------------------------------------+--------------+
|         RTL Ports        | Dir | Bits|  Protocol  |                Source Object                |    C Type    |
+--------------------------+-----+-----+------------+---------------------------------------------+--------------+
|ap_clk                    |   in|    1|  ap_ctrl_hs|  mmult_accel_Pipeline_loadA_VITIS_LOOP_171_4|  return value|
|ap_rst                    |   in|    1|  ap_ctrl_hs|  mmult_accel_Pipeline_loadA_VITIS_LOOP_171_4|  return value|
|ap_start                  |   in|    1|  ap_ctrl_hs|  mmult_accel_Pipeline_loadA_VITIS_LOOP_171_4|  return value|
|ap_done                   |  out|    1|  ap_ctrl_hs|  mmult_accel_Pipeline_loadA_VITIS_LOOP_171_4|  return value|
|ap_idle                   |  out|    1|  ap_ctrl_hs|  mmult_accel_Pipeline_loadA_VITIS_LOOP_171_4|  return value|
|ap_ready                  |  out|    1|  ap_ctrl_hs|  mmult_accel_Pipeline_loadA_VITIS_LOOP_171_4|  return value|
|localA_1023_2             |   in|    8|     ap_none|                                localA_1023_2|        scalar|
|localA_1022_2             |   in|    8|     ap_none|                                localA_1022_2|        scalar|
|localA_1021_2             |   in|    8|     ap_none|                                localA_1021_2|        scalar|
|localA_1020_2             |   in|    8|     ap_none|                                localA_1020_2|        scalar|
|localA_1019_2             |   in|    8|     ap_none|                                localA_1019_2|        scalar|
|localA_1018_2             |   in|    8|     ap_none|                                localA_1018_2|        scalar|
|localA_1017_2             |   in|    8|     ap_none|                                localA_1017_2|        scalar|
|localA_1016_2             |   in|    8|     ap_none|                                localA_1016_2|        scalar|
|localA_1015_2             |   in|    8|     ap_none|                                localA_1015_2|        scalar|
|localA_1014_2             |   in|    8|     ap_none|                                localA_1014_2|        scalar|
|localA_1013_2             |   in|    8|     ap_none|                                localA_1013_2|        scalar|
|localA_1012_2             |   in|    8|     ap_none|                                localA_1012_2|        scalar|
|localA_1011_2             |   in|    8|     ap_none|                                localA_1011_2|        scalar|
|localA_1010_2             |   in|    8|     ap_none|                                localA_1010_2|        scalar|
|localA_1009_2             |   in|    8|     ap_none|                                localA_1009_2|        scalar|
|localA_1008_2             |   in|    8|     ap_none|                                localA_1008_2|        scalar|
|localA_1007_2             |   in|    8|     ap_none|                                localA_1007_2|        scalar|
|localA_1006_2             |   in|    8|     ap_none|                                localA_1006_2|        scalar|
|localA_1005_2             |   in|    8|     ap_none|                                localA_1005_2|        scalar|
|localA_1004_2             |   in|    8|     ap_none|                                localA_1004_2|        scalar|
|localA_1003_2             |   in|    8|     ap_none|                                localA_1003_2|        scalar|
|localA_1002_2             |   in|    8|     ap_none|                                localA_1002_2|        scalar|
|localA_1001_2             |   in|    8|     ap_none|                                localA_1001_2|        scalar|
|localA_1000_2             |   in|    8|     ap_none|                                localA_1000_2|        scalar|
|localA_999_2              |   in|    8|     ap_none|                                 localA_999_2|        scalar|
|localA_998_2              |   in|    8|     ap_none|                                 localA_998_2|        scalar|
|localA_997_2              |   in|    8|     ap_none|                                 localA_997_2|        scalar|
|localA_996_2              |   in|    8|     ap_none|                                 localA_996_2|        scalar|
|localA_995_2              |   in|    8|     ap_none|                                 localA_995_2|        scalar|
|localA_994_2              |   in|    8|     ap_none|                                 localA_994_2|        scalar|
|localA_993_2              |   in|    8|     ap_none|                                 localA_993_2|        scalar|
|localA_992_2              |   in|    8|     ap_none|                                 localA_992_2|        scalar|
|localA_991_2              |   in|    8|     ap_none|                                 localA_991_2|        scalar|
|localA_990_2              |   in|    8|     ap_none|                                 localA_990_2|        scalar|
|localA_989_2              |   in|    8|     ap_none|                                 localA_989_2|        scalar|
|localA_988_2              |   in|    8|     ap_none|                                 localA_988_2|        scalar|
|localA_987_2              |   in|    8|     ap_none|                                 localA_987_2|        scalar|
|localA_986_2              |   in|    8|     ap_none|                                 localA_986_2|        scalar|
|localA_985_2              |   in|    8|     ap_none|                                 localA_985_2|        scalar|
|localA_984_2              |   in|    8|     ap_none|                                 localA_984_2|        scalar|
|localA_983_2              |   in|    8|     ap_none|                                 localA_983_2|        scalar|
|localA_982_2              |   in|    8|     ap_none|                                 localA_982_2|        scalar|
|localA_981_2              |   in|    8|     ap_none|                                 localA_981_2|        scalar|
|localA_980_2              |   in|    8|     ap_none|                                 localA_980_2|        scalar|
|localA_979_2              |   in|    8|     ap_none|                                 localA_979_2|        scalar|
|localA_978_2              |   in|    8|     ap_none|                                 localA_978_2|        scalar|
|localA_977_2              |   in|    8|     ap_none|                                 localA_977_2|        scalar|
|localA_976_2              |   in|    8|     ap_none|                                 localA_976_2|        scalar|
|localA_975_2              |   in|    8|     ap_none|                                 localA_975_2|        scalar|
|localA_974_2              |   in|    8|     ap_none|                                 localA_974_2|        scalar|
|localA_973_2              |   in|    8|     ap_none|                                 localA_973_2|        scalar|
|localA_972_2              |   in|    8|     ap_none|                                 localA_972_2|        scalar|
|localA_971_2              |   in|    8|     ap_none|                                 localA_971_2|        scalar|
|localA_970_2              |   in|    8|     ap_none|                                 localA_970_2|        scalar|
|localA_969_2              |   in|    8|     ap_none|                                 localA_969_2|        scalar|
|localA_968_2              |   in|    8|     ap_none|                                 localA_968_2|        scalar|
|localA_967_2              |   in|    8|     ap_none|                                 localA_967_2|        scalar|
|localA_966_2              |   in|    8|     ap_none|                                 localA_966_2|        scalar|
|localA_965_2              |   in|    8|     ap_none|                                 localA_965_2|        scalar|
|localA_964_2              |   in|    8|     ap_none|                                 localA_964_2|        scalar|
|localA_963_2              |   in|    8|     ap_none|                                 localA_963_2|        scalar|
|localA_962_2              |   in|    8|     ap_none|                                 localA_962_2|        scalar|
|localA_961_2              |   in|    8|     ap_none|                                 localA_961_2|        scalar|
|localA_960_2              |   in|    8|     ap_none|                                 localA_960_2|        scalar|
|localA_959_2              |   in|    8|     ap_none|                                 localA_959_2|        scalar|
|localA_958_2              |   in|    8|     ap_none|                                 localA_958_2|        scalar|
|localA_957_2              |   in|    8|     ap_none|                                 localA_957_2|        scalar|
|localA_956_2              |   in|    8|     ap_none|                                 localA_956_2|        scalar|
|localA_955_2              |   in|    8|     ap_none|                                 localA_955_2|        scalar|
|localA_954_2              |   in|    8|     ap_none|                                 localA_954_2|        scalar|
|localA_953_2              |   in|    8|     ap_none|                                 localA_953_2|        scalar|
|localA_952_2              |   in|    8|     ap_none|                                 localA_952_2|        scalar|
|localA_951_2              |   in|    8|     ap_none|                                 localA_951_2|        scalar|
|localA_950_2              |   in|    8|     ap_none|                                 localA_950_2|        scalar|
|localA_949_2              |   in|    8|     ap_none|                                 localA_949_2|        scalar|
|localA_948_2              |   in|    8|     ap_none|                                 localA_948_2|        scalar|
|localA_947_2              |   in|    8|     ap_none|                                 localA_947_2|        scalar|
|localA_946_2              |   in|    8|     ap_none|                                 localA_946_2|        scalar|
|localA_945_2              |   in|    8|     ap_none|                                 localA_945_2|        scalar|
|localA_944_2              |   in|    8|     ap_none|                                 localA_944_2|        scalar|
|localA_943_2              |   in|    8|     ap_none|                                 localA_943_2|        scalar|
|localA_942_2              |   in|    8|     ap_none|                                 localA_942_2|        scalar|
|localA_941_2              |   in|    8|     ap_none|                                 localA_941_2|        scalar|
|localA_940_2              |   in|    8|     ap_none|                                 localA_940_2|        scalar|
|localA_939_2              |   in|    8|     ap_none|                                 localA_939_2|        scalar|
|localA_938_2              |   in|    8|     ap_none|                                 localA_938_2|        scalar|
|localA_937_2              |   in|    8|     ap_none|                                 localA_937_2|        scalar|
|localA_936_2              |   in|    8|     ap_none|                                 localA_936_2|        scalar|
|localA_935_2              |   in|    8|     ap_none|                                 localA_935_2|        scalar|
|localA_934_2              |   in|    8|     ap_none|                                 localA_934_2|        scalar|
|localA_933_2              |   in|    8|     ap_none|                                 localA_933_2|        scalar|
|localA_932_2              |   in|    8|     ap_none|                                 localA_932_2|        scalar|
|localA_931_2              |   in|    8|     ap_none|                                 localA_931_2|        scalar|
|localA_930_2              |   in|    8|     ap_none|                                 localA_930_2|        scalar|
|localA_929_2              |   in|    8|     ap_none|                                 localA_929_2|        scalar|
|localA_928_2              |   in|    8|     ap_none|                                 localA_928_2|        scalar|
|localA_927_2              |   in|    8|     ap_none|                                 localA_927_2|        scalar|
|localA_926_2              |   in|    8|     ap_none|                                 localA_926_2|        scalar|
|localA_925_2              |   in|    8|     ap_none|                                 localA_925_2|        scalar|
|localA_924_2              |   in|    8|     ap_none|                                 localA_924_2|        scalar|
|localA_923_2              |   in|    8|     ap_none|                                 localA_923_2|        scalar|
|localA_922_2              |   in|    8|     ap_none|                                 localA_922_2|        scalar|
|localA_921_2              |   in|    8|     ap_none|                                 localA_921_2|        scalar|
|localA_920_2              |   in|    8|     ap_none|                                 localA_920_2|        scalar|
|localA_919_2              |   in|    8|     ap_none|                                 localA_919_2|        scalar|
|localA_918_2              |   in|    8|     ap_none|                                 localA_918_2|        scalar|
|localA_917_2              |   in|    8|     ap_none|                                 localA_917_2|        scalar|
|localA_916_2              |   in|    8|     ap_none|                                 localA_916_2|        scalar|
|localA_915_2              |   in|    8|     ap_none|                                 localA_915_2|        scalar|
|localA_914_2              |   in|    8|     ap_none|                                 localA_914_2|        scalar|
|localA_913_2              |   in|    8|     ap_none|                                 localA_913_2|        scalar|
|localA_912_2              |   in|    8|     ap_none|                                 localA_912_2|        scalar|
|localA_911_2              |   in|    8|     ap_none|                                 localA_911_2|        scalar|
|localA_910_2              |   in|    8|     ap_none|                                 localA_910_2|        scalar|
|localA_909_2              |   in|    8|     ap_none|                                 localA_909_2|        scalar|
|localA_908_2              |   in|    8|     ap_none|                                 localA_908_2|        scalar|
|localA_907_2              |   in|    8|     ap_none|                                 localA_907_2|        scalar|
|localA_906_2              |   in|    8|     ap_none|                                 localA_906_2|        scalar|
|localA_905_2              |   in|    8|     ap_none|                                 localA_905_2|        scalar|
|localA_904_2              |   in|    8|     ap_none|                                 localA_904_2|        scalar|
|localA_903_2              |   in|    8|     ap_none|                                 localA_903_2|        scalar|
|localA_902_2              |   in|    8|     ap_none|                                 localA_902_2|        scalar|
|localA_901_2              |   in|    8|     ap_none|                                 localA_901_2|        scalar|
|localA_900_2              |   in|    8|     ap_none|                                 localA_900_2|        scalar|
|localA_899_2              |   in|    8|     ap_none|                                 localA_899_2|        scalar|
|localA_898_2              |   in|    8|     ap_none|                                 localA_898_2|        scalar|
|localA_897_2              |   in|    8|     ap_none|                                 localA_897_2|        scalar|
|localA_896_2              |   in|    8|     ap_none|                                 localA_896_2|        scalar|
|localA_895_2              |   in|    8|     ap_none|                                 localA_895_2|        scalar|
|localA_894_2              |   in|    8|     ap_none|                                 localA_894_2|        scalar|
|localA_893_2              |   in|    8|     ap_none|                                 localA_893_2|        scalar|
|localA_892_2              |   in|    8|     ap_none|                                 localA_892_2|        scalar|
|localA_891_2              |   in|    8|     ap_none|                                 localA_891_2|        scalar|
|localA_890_2              |   in|    8|     ap_none|                                 localA_890_2|        scalar|
|localA_889_2              |   in|    8|     ap_none|                                 localA_889_2|        scalar|
|localA_888_2              |   in|    8|     ap_none|                                 localA_888_2|        scalar|
|localA_887_2              |   in|    8|     ap_none|                                 localA_887_2|        scalar|
|localA_886_2              |   in|    8|     ap_none|                                 localA_886_2|        scalar|
|localA_885_2              |   in|    8|     ap_none|                                 localA_885_2|        scalar|
|localA_884_2              |   in|    8|     ap_none|                                 localA_884_2|        scalar|
|localA_883_2              |   in|    8|     ap_none|                                 localA_883_2|        scalar|
|localA_882_2              |   in|    8|     ap_none|                                 localA_882_2|        scalar|
|localA_881_2              |   in|    8|     ap_none|                                 localA_881_2|        scalar|
|localA_880_2              |   in|    8|     ap_none|                                 localA_880_2|        scalar|
|localA_879_2              |   in|    8|     ap_none|                                 localA_879_2|        scalar|
|localA_878_2              |   in|    8|     ap_none|                                 localA_878_2|        scalar|
|localA_877_2              |   in|    8|     ap_none|                                 localA_877_2|        scalar|
|localA_876_2              |   in|    8|     ap_none|                                 localA_876_2|        scalar|
|localA_875_2              |   in|    8|     ap_none|                                 localA_875_2|        scalar|
|localA_874_2              |   in|    8|     ap_none|                                 localA_874_2|        scalar|
|localA_873_2              |   in|    8|     ap_none|                                 localA_873_2|        scalar|
|localA_872_2              |   in|    8|     ap_none|                                 localA_872_2|        scalar|
|localA_871_2              |   in|    8|     ap_none|                                 localA_871_2|        scalar|
|localA_870_2              |   in|    8|     ap_none|                                 localA_870_2|        scalar|
|localA_869_2              |   in|    8|     ap_none|                                 localA_869_2|        scalar|
|localA_868_2              |   in|    8|     ap_none|                                 localA_868_2|        scalar|
|localA_867_2              |   in|    8|     ap_none|                                 localA_867_2|        scalar|
|localA_866_2              |   in|    8|     ap_none|                                 localA_866_2|        scalar|
|localA_865_2              |   in|    8|     ap_none|                                 localA_865_2|        scalar|
|localA_864_2              |   in|    8|     ap_none|                                 localA_864_2|        scalar|
|localA_863_2              |   in|    8|     ap_none|                                 localA_863_2|        scalar|
|localA_862_2              |   in|    8|     ap_none|                                 localA_862_2|        scalar|
|localA_861_2              |   in|    8|     ap_none|                                 localA_861_2|        scalar|
|localA_860_2              |   in|    8|     ap_none|                                 localA_860_2|        scalar|
|localA_859_2              |   in|    8|     ap_none|                                 localA_859_2|        scalar|
|localA_858_2              |   in|    8|     ap_none|                                 localA_858_2|        scalar|
|localA_857_2              |   in|    8|     ap_none|                                 localA_857_2|        scalar|
|localA_856_2              |   in|    8|     ap_none|                                 localA_856_2|        scalar|
|localA_855_2              |   in|    8|     ap_none|                                 localA_855_2|        scalar|
|localA_854_2              |   in|    8|     ap_none|                                 localA_854_2|        scalar|
|localA_853_2              |   in|    8|     ap_none|                                 localA_853_2|        scalar|
|localA_852_2              |   in|    8|     ap_none|                                 localA_852_2|        scalar|
|localA_851_2              |   in|    8|     ap_none|                                 localA_851_2|        scalar|
|localA_850_2              |   in|    8|     ap_none|                                 localA_850_2|        scalar|
|localA_849_2              |   in|    8|     ap_none|                                 localA_849_2|        scalar|
|localA_848_2              |   in|    8|     ap_none|                                 localA_848_2|        scalar|
|localA_847_2              |   in|    8|     ap_none|                                 localA_847_2|        scalar|
|localA_846_2              |   in|    8|     ap_none|                                 localA_846_2|        scalar|
|localA_845_2              |   in|    8|     ap_none|                                 localA_845_2|        scalar|
|localA_844_2              |   in|    8|     ap_none|                                 localA_844_2|        scalar|
|localA_843_2              |   in|    8|     ap_none|                                 localA_843_2|        scalar|
|localA_842_2              |   in|    8|     ap_none|                                 localA_842_2|        scalar|
|localA_841_2              |   in|    8|     ap_none|                                 localA_841_2|        scalar|
|localA_840_2              |   in|    8|     ap_none|                                 localA_840_2|        scalar|
|localA_839_2              |   in|    8|     ap_none|                                 localA_839_2|        scalar|
|localA_838_2              |   in|    8|     ap_none|                                 localA_838_2|        scalar|
|localA_837_2              |   in|    8|     ap_none|                                 localA_837_2|        scalar|
|localA_836_2              |   in|    8|     ap_none|                                 localA_836_2|        scalar|
|localA_835_2              |   in|    8|     ap_none|                                 localA_835_2|        scalar|
|localA_834_2              |   in|    8|     ap_none|                                 localA_834_2|        scalar|
|localA_833_2              |   in|    8|     ap_none|                                 localA_833_2|        scalar|
|localA_832_2              |   in|    8|     ap_none|                                 localA_832_2|        scalar|
|localA_831_2              |   in|    8|     ap_none|                                 localA_831_2|        scalar|
|localA_830_2              |   in|    8|     ap_none|                                 localA_830_2|        scalar|
|localA_829_2              |   in|    8|     ap_none|                                 localA_829_2|        scalar|
|localA_828_2              |   in|    8|     ap_none|                                 localA_828_2|        scalar|
|localA_827_2              |   in|    8|     ap_none|                                 localA_827_2|        scalar|
|localA_826_2              |   in|    8|     ap_none|                                 localA_826_2|        scalar|
|localA_825_2              |   in|    8|     ap_none|                                 localA_825_2|        scalar|
|localA_824_2              |   in|    8|     ap_none|                                 localA_824_2|        scalar|
|localA_823_2              |   in|    8|     ap_none|                                 localA_823_2|        scalar|
|localA_822_2              |   in|    8|     ap_none|                                 localA_822_2|        scalar|
|localA_821_2              |   in|    8|     ap_none|                                 localA_821_2|        scalar|
|localA_820_2              |   in|    8|     ap_none|                                 localA_820_2|        scalar|
|localA_819_2              |   in|    8|     ap_none|                                 localA_819_2|        scalar|
|localA_818_2              |   in|    8|     ap_none|                                 localA_818_2|        scalar|
|localA_817_2              |   in|    8|     ap_none|                                 localA_817_2|        scalar|
|localA_816_2              |   in|    8|     ap_none|                                 localA_816_2|        scalar|
|localA_815_2              |   in|    8|     ap_none|                                 localA_815_2|        scalar|
|localA_814_2              |   in|    8|     ap_none|                                 localA_814_2|        scalar|
|localA_813_2              |   in|    8|     ap_none|                                 localA_813_2|        scalar|
|localA_812_2              |   in|    8|     ap_none|                                 localA_812_2|        scalar|
|localA_811_2              |   in|    8|     ap_none|                                 localA_811_2|        scalar|
|localA_810_2              |   in|    8|     ap_none|                                 localA_810_2|        scalar|
|localA_809_2              |   in|    8|     ap_none|                                 localA_809_2|        scalar|
|localA_808_2              |   in|    8|     ap_none|                                 localA_808_2|        scalar|
|localA_807_2              |   in|    8|     ap_none|                                 localA_807_2|        scalar|
|localA_806_2              |   in|    8|     ap_none|                                 localA_806_2|        scalar|
|localA_805_2              |   in|    8|     ap_none|                                 localA_805_2|        scalar|
|localA_804_2              |   in|    8|     ap_none|                                 localA_804_2|        scalar|
|localA_803_2              |   in|    8|     ap_none|                                 localA_803_2|        scalar|
|localA_802_2              |   in|    8|     ap_none|                                 localA_802_2|        scalar|
|localA_801_2              |   in|    8|     ap_none|                                 localA_801_2|        scalar|
|localA_800_2              |   in|    8|     ap_none|                                 localA_800_2|        scalar|
|localA_799_2              |   in|    8|     ap_none|                                 localA_799_2|        scalar|
|localA_798_2              |   in|    8|     ap_none|                                 localA_798_2|        scalar|
|localA_797_2              |   in|    8|     ap_none|                                 localA_797_2|        scalar|
|localA_796_2              |   in|    8|     ap_none|                                 localA_796_2|        scalar|
|localA_795_2              |   in|    8|     ap_none|                                 localA_795_2|        scalar|
|localA_794_2              |   in|    8|     ap_none|                                 localA_794_2|        scalar|
|localA_793_2              |   in|    8|     ap_none|                                 localA_793_2|        scalar|
|localA_792_2              |   in|    8|     ap_none|                                 localA_792_2|        scalar|
|localA_791_2              |   in|    8|     ap_none|                                 localA_791_2|        scalar|
|localA_790_2              |   in|    8|     ap_none|                                 localA_790_2|        scalar|
|localA_789_2              |   in|    8|     ap_none|                                 localA_789_2|        scalar|
|localA_788_2              |   in|    8|     ap_none|                                 localA_788_2|        scalar|
|localA_787_2              |   in|    8|     ap_none|                                 localA_787_2|        scalar|
|localA_786_2              |   in|    8|     ap_none|                                 localA_786_2|        scalar|
|localA_785_2              |   in|    8|     ap_none|                                 localA_785_2|        scalar|
|localA_784_2              |   in|    8|     ap_none|                                 localA_784_2|        scalar|
|localA_783_2              |   in|    8|     ap_none|                                 localA_783_2|        scalar|
|localA_782_2              |   in|    8|     ap_none|                                 localA_782_2|        scalar|
|localA_781_2              |   in|    8|     ap_none|                                 localA_781_2|        scalar|
|localA_780_2              |   in|    8|     ap_none|                                 localA_780_2|        scalar|
|localA_779_2              |   in|    8|     ap_none|                                 localA_779_2|        scalar|
|localA_778_2              |   in|    8|     ap_none|                                 localA_778_2|        scalar|
|localA_777_2              |   in|    8|     ap_none|                                 localA_777_2|        scalar|
|localA_776_2              |   in|    8|     ap_none|                                 localA_776_2|        scalar|
|localA_775_2              |   in|    8|     ap_none|                                 localA_775_2|        scalar|
|localA_774_2              |   in|    8|     ap_none|                                 localA_774_2|        scalar|
|localA_773_2              |   in|    8|     ap_none|                                 localA_773_2|        scalar|
|localA_772_2              |   in|    8|     ap_none|                                 localA_772_2|        scalar|
|localA_771_2              |   in|    8|     ap_none|                                 localA_771_2|        scalar|
|localA_770_2              |   in|    8|     ap_none|                                 localA_770_2|        scalar|
|localA_769_2              |   in|    8|     ap_none|                                 localA_769_2|        scalar|
|localA_768_2              |   in|    8|     ap_none|                                 localA_768_2|        scalar|
|localA_767_2              |   in|    8|     ap_none|                                 localA_767_2|        scalar|
|localA_766_2              |   in|    8|     ap_none|                                 localA_766_2|        scalar|
|localA_765_2              |   in|    8|     ap_none|                                 localA_765_2|        scalar|
|localA_764_2              |   in|    8|     ap_none|                                 localA_764_2|        scalar|
|localA_763_2              |   in|    8|     ap_none|                                 localA_763_2|        scalar|
|localA_762_2              |   in|    8|     ap_none|                                 localA_762_2|        scalar|
|localA_761_2              |   in|    8|     ap_none|                                 localA_761_2|        scalar|
|localA_760_2              |   in|    8|     ap_none|                                 localA_760_2|        scalar|
|localA_759_2              |   in|    8|     ap_none|                                 localA_759_2|        scalar|
|localA_758_2              |   in|    8|     ap_none|                                 localA_758_2|        scalar|
|localA_757_2              |   in|    8|     ap_none|                                 localA_757_2|        scalar|
|localA_756_2              |   in|    8|     ap_none|                                 localA_756_2|        scalar|
|localA_755_2              |   in|    8|     ap_none|                                 localA_755_2|        scalar|
|localA_754_2              |   in|    8|     ap_none|                                 localA_754_2|        scalar|
|localA_753_2              |   in|    8|     ap_none|                                 localA_753_2|        scalar|
|localA_752_2              |   in|    8|     ap_none|                                 localA_752_2|        scalar|
|localA_751_2              |   in|    8|     ap_none|                                 localA_751_2|        scalar|
|localA_750_2              |   in|    8|     ap_none|                                 localA_750_2|        scalar|
|localA_749_2              |   in|    8|     ap_none|                                 localA_749_2|        scalar|
|localA_748_2              |   in|    8|     ap_none|                                 localA_748_2|        scalar|
|localA_747_2              |   in|    8|     ap_none|                                 localA_747_2|        scalar|
|localA_746_2              |   in|    8|     ap_none|                                 localA_746_2|        scalar|
|localA_745_2              |   in|    8|     ap_none|                                 localA_745_2|        scalar|
|localA_744_2              |   in|    8|     ap_none|                                 localA_744_2|        scalar|
|localA_743_2              |   in|    8|     ap_none|                                 localA_743_2|        scalar|
|localA_742_2              |   in|    8|     ap_none|                                 localA_742_2|        scalar|
|localA_741_2              |   in|    8|     ap_none|                                 localA_741_2|        scalar|
|localA_740_2              |   in|    8|     ap_none|                                 localA_740_2|        scalar|
|localA_739_2              |   in|    8|     ap_none|                                 localA_739_2|        scalar|
|localA_738_2              |   in|    8|     ap_none|                                 localA_738_2|        scalar|
|localA_737_2              |   in|    8|     ap_none|                                 localA_737_2|        scalar|
|localA_736_2              |   in|    8|     ap_none|                                 localA_736_2|        scalar|
|localA_735_2              |   in|    8|     ap_none|                                 localA_735_2|        scalar|
|localA_734_2              |   in|    8|     ap_none|                                 localA_734_2|        scalar|
|localA_733_2              |   in|    8|     ap_none|                                 localA_733_2|        scalar|
|localA_732_2              |   in|    8|     ap_none|                                 localA_732_2|        scalar|
|localA_731_2              |   in|    8|     ap_none|                                 localA_731_2|        scalar|
|localA_730_2              |   in|    8|     ap_none|                                 localA_730_2|        scalar|
|localA_729_2              |   in|    8|     ap_none|                                 localA_729_2|        scalar|
|localA_728_2              |   in|    8|     ap_none|                                 localA_728_2|        scalar|
|localA_727_2              |   in|    8|     ap_none|                                 localA_727_2|        scalar|
|localA_726_2              |   in|    8|     ap_none|                                 localA_726_2|        scalar|
|localA_725_2              |   in|    8|     ap_none|                                 localA_725_2|        scalar|
|localA_724_2              |   in|    8|     ap_none|                                 localA_724_2|        scalar|
|localA_723_2              |   in|    8|     ap_none|                                 localA_723_2|        scalar|
|localA_722_2              |   in|    8|     ap_none|                                 localA_722_2|        scalar|
|localA_721_2              |   in|    8|     ap_none|                                 localA_721_2|        scalar|
|localA_720_2              |   in|    8|     ap_none|                                 localA_720_2|        scalar|
|localA_719_2              |   in|    8|     ap_none|                                 localA_719_2|        scalar|
|localA_718_2              |   in|    8|     ap_none|                                 localA_718_2|        scalar|
|localA_717_2              |   in|    8|     ap_none|                                 localA_717_2|        scalar|
|localA_716_2              |   in|    8|     ap_none|                                 localA_716_2|        scalar|
|localA_715_2              |   in|    8|     ap_none|                                 localA_715_2|        scalar|
|localA_714_2              |   in|    8|     ap_none|                                 localA_714_2|        scalar|
|localA_713_2              |   in|    8|     ap_none|                                 localA_713_2|        scalar|
|localA_712_2              |   in|    8|     ap_none|                                 localA_712_2|        scalar|
|localA_711_2              |   in|    8|     ap_none|                                 localA_711_2|        scalar|
|localA_710_2              |   in|    8|     ap_none|                                 localA_710_2|        scalar|
|localA_709_2              |   in|    8|     ap_none|                                 localA_709_2|        scalar|
|localA_708_2              |   in|    8|     ap_none|                                 localA_708_2|        scalar|
|localA_707_2              |   in|    8|     ap_none|                                 localA_707_2|        scalar|
|localA_706_2              |   in|    8|     ap_none|                                 localA_706_2|        scalar|
|localA_705_2              |   in|    8|     ap_none|                                 localA_705_2|        scalar|
|localA_704_2              |   in|    8|     ap_none|                                 localA_704_2|        scalar|
|localA_703_2              |   in|    8|     ap_none|                                 localA_703_2|        scalar|
|localA_702_2              |   in|    8|     ap_none|                                 localA_702_2|        scalar|
|localA_701_2              |   in|    8|     ap_none|                                 localA_701_2|        scalar|
|localA_700_2              |   in|    8|     ap_none|                                 localA_700_2|        scalar|
|localA_699_2              |   in|    8|     ap_none|                                 localA_699_2|        scalar|
|localA_698_2              |   in|    8|     ap_none|                                 localA_698_2|        scalar|
|localA_697_2              |   in|    8|     ap_none|                                 localA_697_2|        scalar|
|localA_696_2              |   in|    8|     ap_none|                                 localA_696_2|        scalar|
|localA_695_2              |   in|    8|     ap_none|                                 localA_695_2|        scalar|
|localA_694_2              |   in|    8|     ap_none|                                 localA_694_2|        scalar|
|localA_693_2              |   in|    8|     ap_none|                                 localA_693_2|        scalar|
|localA_692_2              |   in|    8|     ap_none|                                 localA_692_2|        scalar|
|localA_691_2              |   in|    8|     ap_none|                                 localA_691_2|        scalar|
|localA_690_2              |   in|    8|     ap_none|                                 localA_690_2|        scalar|
|localA_689_2              |   in|    8|     ap_none|                                 localA_689_2|        scalar|
|localA_688_2              |   in|    8|     ap_none|                                 localA_688_2|        scalar|
|localA_687_2              |   in|    8|     ap_none|                                 localA_687_2|        scalar|
|localA_686_2              |   in|    8|     ap_none|                                 localA_686_2|        scalar|
|localA_685_2              |   in|    8|     ap_none|                                 localA_685_2|        scalar|
|localA_684_2              |   in|    8|     ap_none|                                 localA_684_2|        scalar|
|localA_683_2              |   in|    8|     ap_none|                                 localA_683_2|        scalar|
|localA_682_2              |   in|    8|     ap_none|                                 localA_682_2|        scalar|
|localA_681_2              |   in|    8|     ap_none|                                 localA_681_2|        scalar|
|localA_680_2              |   in|    8|     ap_none|                                 localA_680_2|        scalar|
|localA_679_2              |   in|    8|     ap_none|                                 localA_679_2|        scalar|
|localA_678_2              |   in|    8|     ap_none|                                 localA_678_2|        scalar|
|localA_677_2              |   in|    8|     ap_none|                                 localA_677_2|        scalar|
|localA_676_2              |   in|    8|     ap_none|                                 localA_676_2|        scalar|
|localA_675_2              |   in|    8|     ap_none|                                 localA_675_2|        scalar|
|localA_674_2              |   in|    8|     ap_none|                                 localA_674_2|        scalar|
|localA_673_2              |   in|    8|     ap_none|                                 localA_673_2|        scalar|
|localA_672_2              |   in|    8|     ap_none|                                 localA_672_2|        scalar|
|localA_671_2              |   in|    8|     ap_none|                                 localA_671_2|        scalar|
|localA_670_2              |   in|    8|     ap_none|                                 localA_670_2|        scalar|
|localA_669_2              |   in|    8|     ap_none|                                 localA_669_2|        scalar|
|localA_668_2              |   in|    8|     ap_none|                                 localA_668_2|        scalar|
|localA_667_2              |   in|    8|     ap_none|                                 localA_667_2|        scalar|
|localA_666_2              |   in|    8|     ap_none|                                 localA_666_2|        scalar|
|localA_665_2              |   in|    8|     ap_none|                                 localA_665_2|        scalar|
|localA_664_2              |   in|    8|     ap_none|                                 localA_664_2|        scalar|
|localA_663_2              |   in|    8|     ap_none|                                 localA_663_2|        scalar|
|localA_662_2              |   in|    8|     ap_none|                                 localA_662_2|        scalar|
|localA_661_2              |   in|    8|     ap_none|                                 localA_661_2|        scalar|
|localA_660_2              |   in|    8|     ap_none|                                 localA_660_2|        scalar|
|localA_659_2              |   in|    8|     ap_none|                                 localA_659_2|        scalar|
|localA_658_2              |   in|    8|     ap_none|                                 localA_658_2|        scalar|
|localA_657_2              |   in|    8|     ap_none|                                 localA_657_2|        scalar|
|localA_656_2              |   in|    8|     ap_none|                                 localA_656_2|        scalar|
|localA_655_2              |   in|    8|     ap_none|                                 localA_655_2|        scalar|
|localA_654_2              |   in|    8|     ap_none|                                 localA_654_2|        scalar|
|localA_653_2              |   in|    8|     ap_none|                                 localA_653_2|        scalar|
|localA_652_2              |   in|    8|     ap_none|                                 localA_652_2|        scalar|
|localA_651_2              |   in|    8|     ap_none|                                 localA_651_2|        scalar|
|localA_650_2              |   in|    8|     ap_none|                                 localA_650_2|        scalar|
|localA_649_2              |   in|    8|     ap_none|                                 localA_649_2|        scalar|
|localA_648_2              |   in|    8|     ap_none|                                 localA_648_2|        scalar|
|localA_647_2              |   in|    8|     ap_none|                                 localA_647_2|        scalar|
|localA_646_2              |   in|    8|     ap_none|                                 localA_646_2|        scalar|
|localA_645_2              |   in|    8|     ap_none|                                 localA_645_2|        scalar|
|localA_644_2              |   in|    8|     ap_none|                                 localA_644_2|        scalar|
|localA_643_2              |   in|    8|     ap_none|                                 localA_643_2|        scalar|
|localA_642_2              |   in|    8|     ap_none|                                 localA_642_2|        scalar|
|localA_641_2              |   in|    8|     ap_none|                                 localA_641_2|        scalar|
|localA_640_2              |   in|    8|     ap_none|                                 localA_640_2|        scalar|
|localA_639_2              |   in|    8|     ap_none|                                 localA_639_2|        scalar|
|localA_638_2              |   in|    8|     ap_none|                                 localA_638_2|        scalar|
|localA_637_2              |   in|    8|     ap_none|                                 localA_637_2|        scalar|
|localA_636_2              |   in|    8|     ap_none|                                 localA_636_2|        scalar|
|localA_635_2              |   in|    8|     ap_none|                                 localA_635_2|        scalar|
|localA_634_2              |   in|    8|     ap_none|                                 localA_634_2|        scalar|
|localA_633_2              |   in|    8|     ap_none|                                 localA_633_2|        scalar|
|localA_632_2              |   in|    8|     ap_none|                                 localA_632_2|        scalar|
|localA_631_2              |   in|    8|     ap_none|                                 localA_631_2|        scalar|
|localA_630_2              |   in|    8|     ap_none|                                 localA_630_2|        scalar|
|localA_629_2              |   in|    8|     ap_none|                                 localA_629_2|        scalar|
|localA_628_2              |   in|    8|     ap_none|                                 localA_628_2|        scalar|
|localA_627_2              |   in|    8|     ap_none|                                 localA_627_2|        scalar|
|localA_626_2              |   in|    8|     ap_none|                                 localA_626_2|        scalar|
|localA_625_2              |   in|    8|     ap_none|                                 localA_625_2|        scalar|
|localA_624_2              |   in|    8|     ap_none|                                 localA_624_2|        scalar|
|localA_623_2              |   in|    8|     ap_none|                                 localA_623_2|        scalar|
|localA_622_2              |   in|    8|     ap_none|                                 localA_622_2|        scalar|
|localA_621_2              |   in|    8|     ap_none|                                 localA_621_2|        scalar|
|localA_620_2              |   in|    8|     ap_none|                                 localA_620_2|        scalar|
|localA_619_2              |   in|    8|     ap_none|                                 localA_619_2|        scalar|
|localA_618_2              |   in|    8|     ap_none|                                 localA_618_2|        scalar|
|localA_617_2              |   in|    8|     ap_none|                                 localA_617_2|        scalar|
|localA_616_2              |   in|    8|     ap_none|                                 localA_616_2|        scalar|
|localA_615_2              |   in|    8|     ap_none|                                 localA_615_2|        scalar|
|localA_614_2              |   in|    8|     ap_none|                                 localA_614_2|        scalar|
|localA_613_2              |   in|    8|     ap_none|                                 localA_613_2|        scalar|
|localA_612_2              |   in|    8|     ap_none|                                 localA_612_2|        scalar|
|localA_611_2              |   in|    8|     ap_none|                                 localA_611_2|        scalar|
|localA_610_2              |   in|    8|     ap_none|                                 localA_610_2|        scalar|
|localA_609_2              |   in|    8|     ap_none|                                 localA_609_2|        scalar|
|localA_608_2              |   in|    8|     ap_none|                                 localA_608_2|        scalar|
|localA_607_2              |   in|    8|     ap_none|                                 localA_607_2|        scalar|
|localA_606_2              |   in|    8|     ap_none|                                 localA_606_2|        scalar|
|localA_605_2              |   in|    8|     ap_none|                                 localA_605_2|        scalar|
|localA_604_2              |   in|    8|     ap_none|                                 localA_604_2|        scalar|
|localA_603_2              |   in|    8|     ap_none|                                 localA_603_2|        scalar|
|localA_602_2              |   in|    8|     ap_none|                                 localA_602_2|        scalar|
|localA_601_2              |   in|    8|     ap_none|                                 localA_601_2|        scalar|
|localA_600_2              |   in|    8|     ap_none|                                 localA_600_2|        scalar|
|localA_599_2              |   in|    8|     ap_none|                                 localA_599_2|        scalar|
|localA_598_2              |   in|    8|     ap_none|                                 localA_598_2|        scalar|
|localA_597_2              |   in|    8|     ap_none|                                 localA_597_2|        scalar|
|localA_596_2              |   in|    8|     ap_none|                                 localA_596_2|        scalar|
|localA_595_2              |   in|    8|     ap_none|                                 localA_595_2|        scalar|
|localA_594_2              |   in|    8|     ap_none|                                 localA_594_2|        scalar|
|localA_593_2              |   in|    8|     ap_none|                                 localA_593_2|        scalar|
|localA_592_2              |   in|    8|     ap_none|                                 localA_592_2|        scalar|
|localA_591_2              |   in|    8|     ap_none|                                 localA_591_2|        scalar|
|localA_590_2              |   in|    8|     ap_none|                                 localA_590_2|        scalar|
|localA_589_2              |   in|    8|     ap_none|                                 localA_589_2|        scalar|
|localA_588_2              |   in|    8|     ap_none|                                 localA_588_2|        scalar|
|localA_587_2              |   in|    8|     ap_none|                                 localA_587_2|        scalar|
|localA_586_2              |   in|    8|     ap_none|                                 localA_586_2|        scalar|
|localA_585_2              |   in|    8|     ap_none|                                 localA_585_2|        scalar|
|localA_584_2              |   in|    8|     ap_none|                                 localA_584_2|        scalar|
|localA_583_2              |   in|    8|     ap_none|                                 localA_583_2|        scalar|
|localA_582_2              |   in|    8|     ap_none|                                 localA_582_2|        scalar|
|localA_581_2              |   in|    8|     ap_none|                                 localA_581_2|        scalar|
|localA_580_2              |   in|    8|     ap_none|                                 localA_580_2|        scalar|
|localA_579_2              |   in|    8|     ap_none|                                 localA_579_2|        scalar|
|localA_578_2              |   in|    8|     ap_none|                                 localA_578_2|        scalar|
|localA_577_2              |   in|    8|     ap_none|                                 localA_577_2|        scalar|
|localA_576_2              |   in|    8|     ap_none|                                 localA_576_2|        scalar|
|localA_575_2              |   in|    8|     ap_none|                                 localA_575_2|        scalar|
|localA_574_2              |   in|    8|     ap_none|                                 localA_574_2|        scalar|
|localA_573_2              |   in|    8|     ap_none|                                 localA_573_2|        scalar|
|localA_572_2              |   in|    8|     ap_none|                                 localA_572_2|        scalar|
|localA_571_2              |   in|    8|     ap_none|                                 localA_571_2|        scalar|
|localA_570_2              |   in|    8|     ap_none|                                 localA_570_2|        scalar|
|localA_569_2              |   in|    8|     ap_none|                                 localA_569_2|        scalar|
|localA_568_2              |   in|    8|     ap_none|                                 localA_568_2|        scalar|
|localA_567_2              |   in|    8|     ap_none|                                 localA_567_2|        scalar|
|localA_566_2              |   in|    8|     ap_none|                                 localA_566_2|        scalar|
|localA_565_2              |   in|    8|     ap_none|                                 localA_565_2|        scalar|
|localA_564_2              |   in|    8|     ap_none|                                 localA_564_2|        scalar|
|localA_563_2              |   in|    8|     ap_none|                                 localA_563_2|        scalar|
|localA_562_2              |   in|    8|     ap_none|                                 localA_562_2|        scalar|
|localA_561_2              |   in|    8|     ap_none|                                 localA_561_2|        scalar|
|localA_560_2              |   in|    8|     ap_none|                                 localA_560_2|        scalar|
|localA_559_2              |   in|    8|     ap_none|                                 localA_559_2|        scalar|
|localA_558_2              |   in|    8|     ap_none|                                 localA_558_2|        scalar|
|localA_557_2              |   in|    8|     ap_none|                                 localA_557_2|        scalar|
|localA_556_2              |   in|    8|     ap_none|                                 localA_556_2|        scalar|
|localA_555_2              |   in|    8|     ap_none|                                 localA_555_2|        scalar|
|localA_554_2              |   in|    8|     ap_none|                                 localA_554_2|        scalar|
|localA_553_2              |   in|    8|     ap_none|                                 localA_553_2|        scalar|
|localA_552_2              |   in|    8|     ap_none|                                 localA_552_2|        scalar|
|localA_551_2              |   in|    8|     ap_none|                                 localA_551_2|        scalar|
|localA_550_2              |   in|    8|     ap_none|                                 localA_550_2|        scalar|
|localA_549_2              |   in|    8|     ap_none|                                 localA_549_2|        scalar|
|localA_548_2              |   in|    8|     ap_none|                                 localA_548_2|        scalar|
|localA_547_2              |   in|    8|     ap_none|                                 localA_547_2|        scalar|
|localA_546_2              |   in|    8|     ap_none|                                 localA_546_2|        scalar|
|localA_545_2              |   in|    8|     ap_none|                                 localA_545_2|        scalar|
|localA_544_2              |   in|    8|     ap_none|                                 localA_544_2|        scalar|
|localA_543_2              |   in|    8|     ap_none|                                 localA_543_2|        scalar|
|localA_542_2              |   in|    8|     ap_none|                                 localA_542_2|        scalar|
|localA_541_2              |   in|    8|     ap_none|                                 localA_541_2|        scalar|
|localA_540_2              |   in|    8|     ap_none|                                 localA_540_2|        scalar|
|localA_539_2              |   in|    8|     ap_none|                                 localA_539_2|        scalar|
|localA_538_2              |   in|    8|     ap_none|                                 localA_538_2|        scalar|
|localA_537_2              |   in|    8|     ap_none|                                 localA_537_2|        scalar|
|localA_536_2              |   in|    8|     ap_none|                                 localA_536_2|        scalar|
|localA_535_2              |   in|    8|     ap_none|                                 localA_535_2|        scalar|
|localA_534_2              |   in|    8|     ap_none|                                 localA_534_2|        scalar|
|localA_533_2              |   in|    8|     ap_none|                                 localA_533_2|        scalar|
|localA_532_2              |   in|    8|     ap_none|                                 localA_532_2|        scalar|
|localA_531_2              |   in|    8|     ap_none|                                 localA_531_2|        scalar|
|localA_530_2              |   in|    8|     ap_none|                                 localA_530_2|        scalar|
|localA_529_2              |   in|    8|     ap_none|                                 localA_529_2|        scalar|
|localA_528_2              |   in|    8|     ap_none|                                 localA_528_2|        scalar|
|localA_527_2              |   in|    8|     ap_none|                                 localA_527_2|        scalar|
|localA_526_2              |   in|    8|     ap_none|                                 localA_526_2|        scalar|
|localA_525_2              |   in|    8|     ap_none|                                 localA_525_2|        scalar|
|localA_524_2              |   in|    8|     ap_none|                                 localA_524_2|        scalar|
|localA_523_2              |   in|    8|     ap_none|                                 localA_523_2|        scalar|
|localA_522_2              |   in|    8|     ap_none|                                 localA_522_2|        scalar|
|localA_521_2              |   in|    8|     ap_none|                                 localA_521_2|        scalar|
|localA_520_2              |   in|    8|     ap_none|                                 localA_520_2|        scalar|
|localA_519_2              |   in|    8|     ap_none|                                 localA_519_2|        scalar|
|localA_518_2              |   in|    8|     ap_none|                                 localA_518_2|        scalar|
|localA_517_2              |   in|    8|     ap_none|                                 localA_517_2|        scalar|
|localA_516_2              |   in|    8|     ap_none|                                 localA_516_2|        scalar|
|localA_515_2              |   in|    8|     ap_none|                                 localA_515_2|        scalar|
|localA_514_2              |   in|    8|     ap_none|                                 localA_514_2|        scalar|
|localA_513_2              |   in|    8|     ap_none|                                 localA_513_2|        scalar|
|localA_512_2              |   in|    8|     ap_none|                                 localA_512_2|        scalar|
|localA_511_2              |   in|    8|     ap_none|                                 localA_511_2|        scalar|
|localA_510_2              |   in|    8|     ap_none|                                 localA_510_2|        scalar|
|localA_509_2              |   in|    8|     ap_none|                                 localA_509_2|        scalar|
|localA_508_2              |   in|    8|     ap_none|                                 localA_508_2|        scalar|
|localA_507_2              |   in|    8|     ap_none|                                 localA_507_2|        scalar|
|localA_506_2              |   in|    8|     ap_none|                                 localA_506_2|        scalar|
|localA_505_2              |   in|    8|     ap_none|                                 localA_505_2|        scalar|
|localA_504_2              |   in|    8|     ap_none|                                 localA_504_2|        scalar|
|localA_503_2              |   in|    8|     ap_none|                                 localA_503_2|        scalar|
|localA_502_2              |   in|    8|     ap_none|                                 localA_502_2|        scalar|
|localA_501_2              |   in|    8|     ap_none|                                 localA_501_2|        scalar|
|localA_500_2              |   in|    8|     ap_none|                                 localA_500_2|        scalar|
|localA_499_2              |   in|    8|     ap_none|                                 localA_499_2|        scalar|
|localA_498_2              |   in|    8|     ap_none|                                 localA_498_2|        scalar|
|localA_497_2              |   in|    8|     ap_none|                                 localA_497_2|        scalar|
|localA_496_2              |   in|    8|     ap_none|                                 localA_496_2|        scalar|
|localA_495_2              |   in|    8|     ap_none|                                 localA_495_2|        scalar|
|localA_494_2              |   in|    8|     ap_none|                                 localA_494_2|        scalar|
|localA_493_2              |   in|    8|     ap_none|                                 localA_493_2|        scalar|
|localA_492_2              |   in|    8|     ap_none|                                 localA_492_2|        scalar|
|localA_491_2              |   in|    8|     ap_none|                                 localA_491_2|        scalar|
|localA_490_2              |   in|    8|     ap_none|                                 localA_490_2|        scalar|
|localA_489_2              |   in|    8|     ap_none|                                 localA_489_2|        scalar|
|localA_488_2              |   in|    8|     ap_none|                                 localA_488_2|        scalar|
|localA_487_2              |   in|    8|     ap_none|                                 localA_487_2|        scalar|
|localA_486_2              |   in|    8|     ap_none|                                 localA_486_2|        scalar|
|localA_485_2              |   in|    8|     ap_none|                                 localA_485_2|        scalar|
|localA_484_2              |   in|    8|     ap_none|                                 localA_484_2|        scalar|
|localA_483_2              |   in|    8|     ap_none|                                 localA_483_2|        scalar|
|localA_482_2              |   in|    8|     ap_none|                                 localA_482_2|        scalar|
|localA_481_2              |   in|    8|     ap_none|                                 localA_481_2|        scalar|
|localA_480_2              |   in|    8|     ap_none|                                 localA_480_2|        scalar|
|localA_479_2              |   in|    8|     ap_none|                                 localA_479_2|        scalar|
|localA_478_2              |   in|    8|     ap_none|                                 localA_478_2|        scalar|
|localA_477_2              |   in|    8|     ap_none|                                 localA_477_2|        scalar|
|localA_476_2              |   in|    8|     ap_none|                                 localA_476_2|        scalar|
|localA_475_2              |   in|    8|     ap_none|                                 localA_475_2|        scalar|
|localA_474_2              |   in|    8|     ap_none|                                 localA_474_2|        scalar|
|localA_473_2              |   in|    8|     ap_none|                                 localA_473_2|        scalar|
|localA_472_2              |   in|    8|     ap_none|                                 localA_472_2|        scalar|
|localA_471_2              |   in|    8|     ap_none|                                 localA_471_2|        scalar|
|localA_470_2              |   in|    8|     ap_none|                                 localA_470_2|        scalar|
|localA_469_2              |   in|    8|     ap_none|                                 localA_469_2|        scalar|
|localA_468_2              |   in|    8|     ap_none|                                 localA_468_2|        scalar|
|localA_467_2              |   in|    8|     ap_none|                                 localA_467_2|        scalar|
|localA_466_2              |   in|    8|     ap_none|                                 localA_466_2|        scalar|
|localA_465_2              |   in|    8|     ap_none|                                 localA_465_2|        scalar|
|localA_464_2              |   in|    8|     ap_none|                                 localA_464_2|        scalar|
|localA_463_2              |   in|    8|     ap_none|                                 localA_463_2|        scalar|
|localA_462_2              |   in|    8|     ap_none|                                 localA_462_2|        scalar|
|localA_461_2              |   in|    8|     ap_none|                                 localA_461_2|        scalar|
|localA_460_2              |   in|    8|     ap_none|                                 localA_460_2|        scalar|
|localA_459_2              |   in|    8|     ap_none|                                 localA_459_2|        scalar|
|localA_458_2              |   in|    8|     ap_none|                                 localA_458_2|        scalar|
|localA_457_2              |   in|    8|     ap_none|                                 localA_457_2|        scalar|
|localA_456_2              |   in|    8|     ap_none|                                 localA_456_2|        scalar|
|localA_455_2              |   in|    8|     ap_none|                                 localA_455_2|        scalar|
|localA_454_2              |   in|    8|     ap_none|                                 localA_454_2|        scalar|
|localA_453_2              |   in|    8|     ap_none|                                 localA_453_2|        scalar|
|localA_452_2              |   in|    8|     ap_none|                                 localA_452_2|        scalar|
|localA_451_2              |   in|    8|     ap_none|                                 localA_451_2|        scalar|
|localA_450_2              |   in|    8|     ap_none|                                 localA_450_2|        scalar|
|localA_449_2              |   in|    8|     ap_none|                                 localA_449_2|        scalar|
|localA_448_2              |   in|    8|     ap_none|                                 localA_448_2|        scalar|
|localA_447_2              |   in|    8|     ap_none|                                 localA_447_2|        scalar|
|localA_446_2              |   in|    8|     ap_none|                                 localA_446_2|        scalar|
|localA_445_2              |   in|    8|     ap_none|                                 localA_445_2|        scalar|
|localA_444_2              |   in|    8|     ap_none|                                 localA_444_2|        scalar|
|localA_443_2              |   in|    8|     ap_none|                                 localA_443_2|        scalar|
|localA_442_2              |   in|    8|     ap_none|                                 localA_442_2|        scalar|
|localA_441_2              |   in|    8|     ap_none|                                 localA_441_2|        scalar|
|localA_440_2              |   in|    8|     ap_none|                                 localA_440_2|        scalar|
|localA_439_2              |   in|    8|     ap_none|                                 localA_439_2|        scalar|
|localA_438_2              |   in|    8|     ap_none|                                 localA_438_2|        scalar|
|localA_437_2              |   in|    8|     ap_none|                                 localA_437_2|        scalar|
|localA_436_2              |   in|    8|     ap_none|                                 localA_436_2|        scalar|
|localA_435_2              |   in|    8|     ap_none|                                 localA_435_2|        scalar|
|localA_434_2              |   in|    8|     ap_none|                                 localA_434_2|        scalar|
|localA_433_2              |   in|    8|     ap_none|                                 localA_433_2|        scalar|
|localA_432_2              |   in|    8|     ap_none|                                 localA_432_2|        scalar|
|localA_431_2              |   in|    8|     ap_none|                                 localA_431_2|        scalar|
|localA_430_2              |   in|    8|     ap_none|                                 localA_430_2|        scalar|
|localA_429_2              |   in|    8|     ap_none|                                 localA_429_2|        scalar|
|localA_428_2              |   in|    8|     ap_none|                                 localA_428_2|        scalar|
|localA_427_2              |   in|    8|     ap_none|                                 localA_427_2|        scalar|
|localA_426_2              |   in|    8|     ap_none|                                 localA_426_2|        scalar|
|localA_425_2              |   in|    8|     ap_none|                                 localA_425_2|        scalar|
|localA_424_2              |   in|    8|     ap_none|                                 localA_424_2|        scalar|
|localA_423_2              |   in|    8|     ap_none|                                 localA_423_2|        scalar|
|localA_422_2              |   in|    8|     ap_none|                                 localA_422_2|        scalar|
|localA_421_2              |   in|    8|     ap_none|                                 localA_421_2|        scalar|
|localA_420_2              |   in|    8|     ap_none|                                 localA_420_2|        scalar|
|localA_419_2              |   in|    8|     ap_none|                                 localA_419_2|        scalar|
|localA_418_2              |   in|    8|     ap_none|                                 localA_418_2|        scalar|
|localA_417_2              |   in|    8|     ap_none|                                 localA_417_2|        scalar|
|localA_416_2              |   in|    8|     ap_none|                                 localA_416_2|        scalar|
|localA_415_2              |   in|    8|     ap_none|                                 localA_415_2|        scalar|
|localA_414_2              |   in|    8|     ap_none|                                 localA_414_2|        scalar|
|localA_413_2              |   in|    8|     ap_none|                                 localA_413_2|        scalar|
|localA_412_2              |   in|    8|     ap_none|                                 localA_412_2|        scalar|
|localA_411_2              |   in|    8|     ap_none|                                 localA_411_2|        scalar|
|localA_410_2              |   in|    8|     ap_none|                                 localA_410_2|        scalar|
|localA_409_2              |   in|    8|     ap_none|                                 localA_409_2|        scalar|
|localA_408_2              |   in|    8|     ap_none|                                 localA_408_2|        scalar|
|localA_407_2              |   in|    8|     ap_none|                                 localA_407_2|        scalar|
|localA_406_2              |   in|    8|     ap_none|                                 localA_406_2|        scalar|
|localA_405_2              |   in|    8|     ap_none|                                 localA_405_2|        scalar|
|localA_404_2              |   in|    8|     ap_none|                                 localA_404_2|        scalar|
|localA_403_2              |   in|    8|     ap_none|                                 localA_403_2|        scalar|
|localA_402_2              |   in|    8|     ap_none|                                 localA_402_2|        scalar|
|localA_401_2              |   in|    8|     ap_none|                                 localA_401_2|        scalar|
|localA_400_2              |   in|    8|     ap_none|                                 localA_400_2|        scalar|
|localA_399_2              |   in|    8|     ap_none|                                 localA_399_2|        scalar|
|localA_398_2              |   in|    8|     ap_none|                                 localA_398_2|        scalar|
|localA_397_2              |   in|    8|     ap_none|                                 localA_397_2|        scalar|
|localA_396_2              |   in|    8|     ap_none|                                 localA_396_2|        scalar|
|localA_395_2              |   in|    8|     ap_none|                                 localA_395_2|        scalar|
|localA_394_2              |   in|    8|     ap_none|                                 localA_394_2|        scalar|
|localA_393_2              |   in|    8|     ap_none|                                 localA_393_2|        scalar|
|localA_392_2              |   in|    8|     ap_none|                                 localA_392_2|        scalar|
|localA_391_2              |   in|    8|     ap_none|                                 localA_391_2|        scalar|
|localA_390_2              |   in|    8|     ap_none|                                 localA_390_2|        scalar|
|localA_389_2              |   in|    8|     ap_none|                                 localA_389_2|        scalar|
|localA_388_2              |   in|    8|     ap_none|                                 localA_388_2|        scalar|
|localA_387_2              |   in|    8|     ap_none|                                 localA_387_2|        scalar|
|localA_386_2              |   in|    8|     ap_none|                                 localA_386_2|        scalar|
|localA_385_2              |   in|    8|     ap_none|                                 localA_385_2|        scalar|
|localA_384_2              |   in|    8|     ap_none|                                 localA_384_2|        scalar|
|localA_383_2              |   in|    8|     ap_none|                                 localA_383_2|        scalar|
|localA_382_2              |   in|    8|     ap_none|                                 localA_382_2|        scalar|
|localA_381_2              |   in|    8|     ap_none|                                 localA_381_2|        scalar|
|localA_380_2              |   in|    8|     ap_none|                                 localA_380_2|        scalar|
|localA_379_2              |   in|    8|     ap_none|                                 localA_379_2|        scalar|
|localA_378_2              |   in|    8|     ap_none|                                 localA_378_2|        scalar|
|localA_377_2              |   in|    8|     ap_none|                                 localA_377_2|        scalar|
|localA_376_2              |   in|    8|     ap_none|                                 localA_376_2|        scalar|
|localA_375_2              |   in|    8|     ap_none|                                 localA_375_2|        scalar|
|localA_374_2              |   in|    8|     ap_none|                                 localA_374_2|        scalar|
|localA_373_2              |   in|    8|     ap_none|                                 localA_373_2|        scalar|
|localA_372_2              |   in|    8|     ap_none|                                 localA_372_2|        scalar|
|localA_371_2              |   in|    8|     ap_none|                                 localA_371_2|        scalar|
|localA_370_2              |   in|    8|     ap_none|                                 localA_370_2|        scalar|
|localA_369_2              |   in|    8|     ap_none|                                 localA_369_2|        scalar|
|localA_368_2              |   in|    8|     ap_none|                                 localA_368_2|        scalar|
|localA_367_2              |   in|    8|     ap_none|                                 localA_367_2|        scalar|
|localA_366_2              |   in|    8|     ap_none|                                 localA_366_2|        scalar|
|localA_365_2              |   in|    8|     ap_none|                                 localA_365_2|        scalar|
|localA_364_2              |   in|    8|     ap_none|                                 localA_364_2|        scalar|
|localA_363_2              |   in|    8|     ap_none|                                 localA_363_2|        scalar|
|localA_362_2              |   in|    8|     ap_none|                                 localA_362_2|        scalar|
|localA_361_2              |   in|    8|     ap_none|                                 localA_361_2|        scalar|
|localA_360_2              |   in|    8|     ap_none|                                 localA_360_2|        scalar|
|localA_359_2              |   in|    8|     ap_none|                                 localA_359_2|        scalar|
|localA_358_2              |   in|    8|     ap_none|                                 localA_358_2|        scalar|
|localA_357_2              |   in|    8|     ap_none|                                 localA_357_2|        scalar|
|localA_356_2              |   in|    8|     ap_none|                                 localA_356_2|        scalar|
|localA_355_2              |   in|    8|     ap_none|                                 localA_355_2|        scalar|
|localA_354_2              |   in|    8|     ap_none|                                 localA_354_2|        scalar|
|localA_353_2              |   in|    8|     ap_none|                                 localA_353_2|        scalar|
|localA_352_2              |   in|    8|     ap_none|                                 localA_352_2|        scalar|
|localA_351_2              |   in|    8|     ap_none|                                 localA_351_2|        scalar|
|localA_350_2              |   in|    8|     ap_none|                                 localA_350_2|        scalar|
|localA_349_2              |   in|    8|     ap_none|                                 localA_349_2|        scalar|
|localA_348_2              |   in|    8|     ap_none|                                 localA_348_2|        scalar|
|localA_347_2              |   in|    8|     ap_none|                                 localA_347_2|        scalar|
|localA_346_2              |   in|    8|     ap_none|                                 localA_346_2|        scalar|
|localA_345_2              |   in|    8|     ap_none|                                 localA_345_2|        scalar|
|localA_344_2              |   in|    8|     ap_none|                                 localA_344_2|        scalar|
|localA_343_2              |   in|    8|     ap_none|                                 localA_343_2|        scalar|
|localA_342_2              |   in|    8|     ap_none|                                 localA_342_2|        scalar|
|localA_341_2              |   in|    8|     ap_none|                                 localA_341_2|        scalar|
|localA_340_2              |   in|    8|     ap_none|                                 localA_340_2|        scalar|
|localA_339_2              |   in|    8|     ap_none|                                 localA_339_2|        scalar|
|localA_338_2              |   in|    8|     ap_none|                                 localA_338_2|        scalar|
|localA_337_2              |   in|    8|     ap_none|                                 localA_337_2|        scalar|
|localA_336_2              |   in|    8|     ap_none|                                 localA_336_2|        scalar|
|localA_335_2              |   in|    8|     ap_none|                                 localA_335_2|        scalar|
|localA_334_2              |   in|    8|     ap_none|                                 localA_334_2|        scalar|
|localA_333_2              |   in|    8|     ap_none|                                 localA_333_2|        scalar|
|localA_332_2              |   in|    8|     ap_none|                                 localA_332_2|        scalar|
|localA_331_2              |   in|    8|     ap_none|                                 localA_331_2|        scalar|
|localA_330_2              |   in|    8|     ap_none|                                 localA_330_2|        scalar|
|localA_329_2              |   in|    8|     ap_none|                                 localA_329_2|        scalar|
|localA_328_2              |   in|    8|     ap_none|                                 localA_328_2|        scalar|
|localA_327_2              |   in|    8|     ap_none|                                 localA_327_2|        scalar|
|localA_326_2              |   in|    8|     ap_none|                                 localA_326_2|        scalar|
|localA_325_2              |   in|    8|     ap_none|                                 localA_325_2|        scalar|
|localA_324_2              |   in|    8|     ap_none|                                 localA_324_2|        scalar|
|localA_323_2              |   in|    8|     ap_none|                                 localA_323_2|        scalar|
|localA_322_2              |   in|    8|     ap_none|                                 localA_322_2|        scalar|
|localA_321_2              |   in|    8|     ap_none|                                 localA_321_2|        scalar|
|localA_320_2              |   in|    8|     ap_none|                                 localA_320_2|        scalar|
|localA_319_2              |   in|    8|     ap_none|                                 localA_319_2|        scalar|
|localA_318_2              |   in|    8|     ap_none|                                 localA_318_2|        scalar|
|localA_317_2              |   in|    8|     ap_none|                                 localA_317_2|        scalar|
|localA_316_2              |   in|    8|     ap_none|                                 localA_316_2|        scalar|
|localA_315_2              |   in|    8|     ap_none|                                 localA_315_2|        scalar|
|localA_314_2              |   in|    8|     ap_none|                                 localA_314_2|        scalar|
|localA_313_2              |   in|    8|     ap_none|                                 localA_313_2|        scalar|
|localA_312_2              |   in|    8|     ap_none|                                 localA_312_2|        scalar|
|localA_311_2              |   in|    8|     ap_none|                                 localA_311_2|        scalar|
|localA_310_2              |   in|    8|     ap_none|                                 localA_310_2|        scalar|
|localA_309_2              |   in|    8|     ap_none|                                 localA_309_2|        scalar|
|localA_308_2              |   in|    8|     ap_none|                                 localA_308_2|        scalar|
|localA_307_2              |   in|    8|     ap_none|                                 localA_307_2|        scalar|
|localA_306_2              |   in|    8|     ap_none|                                 localA_306_2|        scalar|
|localA_305_2              |   in|    8|     ap_none|                                 localA_305_2|        scalar|
|localA_304_2              |   in|    8|     ap_none|                                 localA_304_2|        scalar|
|localA_303_2              |   in|    8|     ap_none|                                 localA_303_2|        scalar|
|localA_302_2              |   in|    8|     ap_none|                                 localA_302_2|        scalar|
|localA_301_2              |   in|    8|     ap_none|                                 localA_301_2|        scalar|
|localA_300_2              |   in|    8|     ap_none|                                 localA_300_2|        scalar|
|localA_299_2              |   in|    8|     ap_none|                                 localA_299_2|        scalar|
|localA_298_2              |   in|    8|     ap_none|                                 localA_298_2|        scalar|
|localA_297_2              |   in|    8|     ap_none|                                 localA_297_2|        scalar|
|localA_296_2              |   in|    8|     ap_none|                                 localA_296_2|        scalar|
|localA_295_2              |   in|    8|     ap_none|                                 localA_295_2|        scalar|
|localA_294_2              |   in|    8|     ap_none|                                 localA_294_2|        scalar|
|localA_293_2              |   in|    8|     ap_none|                                 localA_293_2|        scalar|
|localA_292_2              |   in|    8|     ap_none|                                 localA_292_2|        scalar|
|localA_291_2              |   in|    8|     ap_none|                                 localA_291_2|        scalar|
|localA_290_2              |   in|    8|     ap_none|                                 localA_290_2|        scalar|
|localA_289_2              |   in|    8|     ap_none|                                 localA_289_2|        scalar|
|localA_288_2              |   in|    8|     ap_none|                                 localA_288_2|        scalar|
|localA_287_2              |   in|    8|     ap_none|                                 localA_287_2|        scalar|
|localA_286_2              |   in|    8|     ap_none|                                 localA_286_2|        scalar|
|localA_285_2              |   in|    8|     ap_none|                                 localA_285_2|        scalar|
|localA_284_2              |   in|    8|     ap_none|                                 localA_284_2|        scalar|
|localA_283_2              |   in|    8|     ap_none|                                 localA_283_2|        scalar|
|localA_282_2              |   in|    8|     ap_none|                                 localA_282_2|        scalar|
|localA_281_2              |   in|    8|     ap_none|                                 localA_281_2|        scalar|
|localA_280_2              |   in|    8|     ap_none|                                 localA_280_2|        scalar|
|localA_279_2              |   in|    8|     ap_none|                                 localA_279_2|        scalar|
|localA_278_2              |   in|    8|     ap_none|                                 localA_278_2|        scalar|
|localA_277_2              |   in|    8|     ap_none|                                 localA_277_2|        scalar|
|localA_276_2              |   in|    8|     ap_none|                                 localA_276_2|        scalar|
|localA_275_2              |   in|    8|     ap_none|                                 localA_275_2|        scalar|
|localA_274_2              |   in|    8|     ap_none|                                 localA_274_2|        scalar|
|localA_273_2              |   in|    8|     ap_none|                                 localA_273_2|        scalar|
|localA_272_2              |   in|    8|     ap_none|                                 localA_272_2|        scalar|
|localA_271_2              |   in|    8|     ap_none|                                 localA_271_2|        scalar|
|localA_270_2              |   in|    8|     ap_none|                                 localA_270_2|        scalar|
|localA_269_2              |   in|    8|     ap_none|                                 localA_269_2|        scalar|
|localA_268_2              |   in|    8|     ap_none|                                 localA_268_2|        scalar|
|localA_267_2              |   in|    8|     ap_none|                                 localA_267_2|        scalar|
|localA_266_2              |   in|    8|     ap_none|                                 localA_266_2|        scalar|
|localA_265_2              |   in|    8|     ap_none|                                 localA_265_2|        scalar|
|localA_264_2              |   in|    8|     ap_none|                                 localA_264_2|        scalar|
|localA_263_2              |   in|    8|     ap_none|                                 localA_263_2|        scalar|
|localA_262_2              |   in|    8|     ap_none|                                 localA_262_2|        scalar|
|localA_261_2              |   in|    8|     ap_none|                                 localA_261_2|        scalar|
|localA_260_2              |   in|    8|     ap_none|                                 localA_260_2|        scalar|
|localA_259_2              |   in|    8|     ap_none|                                 localA_259_2|        scalar|
|localA_258_2              |   in|    8|     ap_none|                                 localA_258_2|        scalar|
|localA_257_2              |   in|    8|     ap_none|                                 localA_257_2|        scalar|
|localA_256_2              |   in|    8|     ap_none|                                 localA_256_2|        scalar|
|localA_255_2              |   in|    8|     ap_none|                                 localA_255_2|        scalar|
|localA_254_2              |   in|    8|     ap_none|                                 localA_254_2|        scalar|
|localA_253_2              |   in|    8|     ap_none|                                 localA_253_2|        scalar|
|localA_252_2              |   in|    8|     ap_none|                                 localA_252_2|        scalar|
|localA_251_2              |   in|    8|     ap_none|                                 localA_251_2|        scalar|
|localA_250_2              |   in|    8|     ap_none|                                 localA_250_2|        scalar|
|localA_249_2              |   in|    8|     ap_none|                                 localA_249_2|        scalar|
|localA_248_2              |   in|    8|     ap_none|                                 localA_248_2|        scalar|
|localA_247_2              |   in|    8|     ap_none|                                 localA_247_2|        scalar|
|localA_246_2              |   in|    8|     ap_none|                                 localA_246_2|        scalar|
|localA_245_2              |   in|    8|     ap_none|                                 localA_245_2|        scalar|
|localA_244_2              |   in|    8|     ap_none|                                 localA_244_2|        scalar|
|localA_243_2              |   in|    8|     ap_none|                                 localA_243_2|        scalar|
|localA_242_2              |   in|    8|     ap_none|                                 localA_242_2|        scalar|
|localA_241_2              |   in|    8|     ap_none|                                 localA_241_2|        scalar|
|localA_240_2              |   in|    8|     ap_none|                                 localA_240_2|        scalar|
|localA_239_2              |   in|    8|     ap_none|                                 localA_239_2|        scalar|
|localA_238_2              |   in|    8|     ap_none|                                 localA_238_2|        scalar|
|localA_237_2              |   in|    8|     ap_none|                                 localA_237_2|        scalar|
|localA_236_2              |   in|    8|     ap_none|                                 localA_236_2|        scalar|
|localA_235_2              |   in|    8|     ap_none|                                 localA_235_2|        scalar|
|localA_234_2              |   in|    8|     ap_none|                                 localA_234_2|        scalar|
|localA_233_2              |   in|    8|     ap_none|                                 localA_233_2|        scalar|
|localA_232_2              |   in|    8|     ap_none|                                 localA_232_2|        scalar|
|localA_231_2              |   in|    8|     ap_none|                                 localA_231_2|        scalar|
|localA_230_2              |   in|    8|     ap_none|                                 localA_230_2|        scalar|
|localA_229_2              |   in|    8|     ap_none|                                 localA_229_2|        scalar|
|localA_228_2              |   in|    8|     ap_none|                                 localA_228_2|        scalar|
|localA_227_2              |   in|    8|     ap_none|                                 localA_227_2|        scalar|
|localA_226_2              |   in|    8|     ap_none|                                 localA_226_2|        scalar|
|localA_225_2              |   in|    8|     ap_none|                                 localA_225_2|        scalar|
|localA_224_2              |   in|    8|     ap_none|                                 localA_224_2|        scalar|
|localA_223_2              |   in|    8|     ap_none|                                 localA_223_2|        scalar|
|localA_222_2              |   in|    8|     ap_none|                                 localA_222_2|        scalar|
|localA_221_2              |   in|    8|     ap_none|                                 localA_221_2|        scalar|
|localA_220_2              |   in|    8|     ap_none|                                 localA_220_2|        scalar|
|localA_219_2              |   in|    8|     ap_none|                                 localA_219_2|        scalar|
|localA_218_2              |   in|    8|     ap_none|                                 localA_218_2|        scalar|
|localA_217_2              |   in|    8|     ap_none|                                 localA_217_2|        scalar|
|localA_216_2              |   in|    8|     ap_none|                                 localA_216_2|        scalar|
|localA_215_2              |   in|    8|     ap_none|                                 localA_215_2|        scalar|
|localA_214_2              |   in|    8|     ap_none|                                 localA_214_2|        scalar|
|localA_213_2              |   in|    8|     ap_none|                                 localA_213_2|        scalar|
|localA_212_2              |   in|    8|     ap_none|                                 localA_212_2|        scalar|
|localA_211_2              |   in|    8|     ap_none|                                 localA_211_2|        scalar|
|localA_210_2              |   in|    8|     ap_none|                                 localA_210_2|        scalar|
|localA_209_2              |   in|    8|     ap_none|                                 localA_209_2|        scalar|
|localA_208_2              |   in|    8|     ap_none|                                 localA_208_2|        scalar|
|localA_207_2              |   in|    8|     ap_none|                                 localA_207_2|        scalar|
|localA_206_2              |   in|    8|     ap_none|                                 localA_206_2|        scalar|
|localA_205_2              |   in|    8|     ap_none|                                 localA_205_2|        scalar|
|localA_204_2              |   in|    8|     ap_none|                                 localA_204_2|        scalar|
|localA_203_2              |   in|    8|     ap_none|                                 localA_203_2|        scalar|
|localA_202_2              |   in|    8|     ap_none|                                 localA_202_2|        scalar|
|localA_201_2              |   in|    8|     ap_none|                                 localA_201_2|        scalar|
|localA_200_2              |   in|    8|     ap_none|                                 localA_200_2|        scalar|
|localA_199_2              |   in|    8|     ap_none|                                 localA_199_2|        scalar|
|localA_198_2              |   in|    8|     ap_none|                                 localA_198_2|        scalar|
|localA_197_2              |   in|    8|     ap_none|                                 localA_197_2|        scalar|
|localA_196_2              |   in|    8|     ap_none|                                 localA_196_2|        scalar|
|localA_195_2              |   in|    8|     ap_none|                                 localA_195_2|        scalar|
|localA_194_2              |   in|    8|     ap_none|                                 localA_194_2|        scalar|
|localA_193_2              |   in|    8|     ap_none|                                 localA_193_2|        scalar|
|localA_192_2              |   in|    8|     ap_none|                                 localA_192_2|        scalar|
|localA_191_2              |   in|    8|     ap_none|                                 localA_191_2|        scalar|
|localA_190_2              |   in|    8|     ap_none|                                 localA_190_2|        scalar|
|localA_189_2              |   in|    8|     ap_none|                                 localA_189_2|        scalar|
|localA_188_2              |   in|    8|     ap_none|                                 localA_188_2|        scalar|
|localA_187_2              |   in|    8|     ap_none|                                 localA_187_2|        scalar|
|localA_186_2              |   in|    8|     ap_none|                                 localA_186_2|        scalar|
|localA_185_2              |   in|    8|     ap_none|                                 localA_185_2|        scalar|
|localA_184_2              |   in|    8|     ap_none|                                 localA_184_2|        scalar|
|localA_183_2              |   in|    8|     ap_none|                                 localA_183_2|        scalar|
|localA_182_2              |   in|    8|     ap_none|                                 localA_182_2|        scalar|
|localA_181_2              |   in|    8|     ap_none|                                 localA_181_2|        scalar|
|localA_180_2              |   in|    8|     ap_none|                                 localA_180_2|        scalar|
|localA_179_2              |   in|    8|     ap_none|                                 localA_179_2|        scalar|
|localA_178_2              |   in|    8|     ap_none|                                 localA_178_2|        scalar|
|localA_177_2              |   in|    8|     ap_none|                                 localA_177_2|        scalar|
|localA_176_2              |   in|    8|     ap_none|                                 localA_176_2|        scalar|
|localA_175_2              |   in|    8|     ap_none|                                 localA_175_2|        scalar|
|localA_174_2              |   in|    8|     ap_none|                                 localA_174_2|        scalar|
|localA_173_2              |   in|    8|     ap_none|                                 localA_173_2|        scalar|
|localA_172_2              |   in|    8|     ap_none|                                 localA_172_2|        scalar|
|localA_171_2              |   in|    8|     ap_none|                                 localA_171_2|        scalar|
|localA_170_2              |   in|    8|     ap_none|                                 localA_170_2|        scalar|
|localA_169_2              |   in|    8|     ap_none|                                 localA_169_2|        scalar|
|localA_168_2              |   in|    8|     ap_none|                                 localA_168_2|        scalar|
|localA_167_2              |   in|    8|     ap_none|                                 localA_167_2|        scalar|
|localA_166_2              |   in|    8|     ap_none|                                 localA_166_2|        scalar|
|localA_165_2              |   in|    8|     ap_none|                                 localA_165_2|        scalar|
|localA_164_2              |   in|    8|     ap_none|                                 localA_164_2|        scalar|
|localA_163_2              |   in|    8|     ap_none|                                 localA_163_2|        scalar|
|localA_162_2              |   in|    8|     ap_none|                                 localA_162_2|        scalar|
|localA_161_2              |   in|    8|     ap_none|                                 localA_161_2|        scalar|
|localA_160_2              |   in|    8|     ap_none|                                 localA_160_2|        scalar|
|localA_159_2              |   in|    8|     ap_none|                                 localA_159_2|        scalar|
|localA_158_2              |   in|    8|     ap_none|                                 localA_158_2|        scalar|
|localA_157_2              |   in|    8|     ap_none|                                 localA_157_2|        scalar|
|localA_156_2              |   in|    8|     ap_none|                                 localA_156_2|        scalar|
|localA_155_2              |   in|    8|     ap_none|                                 localA_155_2|        scalar|
|localA_154_2              |   in|    8|     ap_none|                                 localA_154_2|        scalar|
|localA_153_2              |   in|    8|     ap_none|                                 localA_153_2|        scalar|
|localA_152_2              |   in|    8|     ap_none|                                 localA_152_2|        scalar|
|localA_151_2              |   in|    8|     ap_none|                                 localA_151_2|        scalar|
|localA_150_2              |   in|    8|     ap_none|                                 localA_150_2|        scalar|
|localA_149_2              |   in|    8|     ap_none|                                 localA_149_2|        scalar|
|localA_148_2              |   in|    8|     ap_none|                                 localA_148_2|        scalar|
|localA_147_2              |   in|    8|     ap_none|                                 localA_147_2|        scalar|
|localA_146_2              |   in|    8|     ap_none|                                 localA_146_2|        scalar|
|localA_145_2              |   in|    8|     ap_none|                                 localA_145_2|        scalar|
|localA_144_2              |   in|    8|     ap_none|                                 localA_144_2|        scalar|
|localA_143_2              |   in|    8|     ap_none|                                 localA_143_2|        scalar|
|localA_142_2              |   in|    8|     ap_none|                                 localA_142_2|        scalar|
|localA_141_2              |   in|    8|     ap_none|                                 localA_141_2|        scalar|
|localA_140_2              |   in|    8|     ap_none|                                 localA_140_2|        scalar|
|localA_139_2              |   in|    8|     ap_none|                                 localA_139_2|        scalar|
|localA_138_2              |   in|    8|     ap_none|                                 localA_138_2|        scalar|
|localA_137_2              |   in|    8|     ap_none|                                 localA_137_2|        scalar|
|localA_136_2              |   in|    8|     ap_none|                                 localA_136_2|        scalar|
|localA_135_2              |   in|    8|     ap_none|                                 localA_135_2|        scalar|
|localA_134_2              |   in|    8|     ap_none|                                 localA_134_2|        scalar|
|localA_133_2              |   in|    8|     ap_none|                                 localA_133_2|        scalar|
|localA_132_2              |   in|    8|     ap_none|                                 localA_132_2|        scalar|
|localA_131_2              |   in|    8|     ap_none|                                 localA_131_2|        scalar|
|localA_130_2              |   in|    8|     ap_none|                                 localA_130_2|        scalar|
|localA_129_2              |   in|    8|     ap_none|                                 localA_129_2|        scalar|
|localA_128_2              |   in|    8|     ap_none|                                 localA_128_2|        scalar|
|localA_127_2              |   in|    8|     ap_none|                                 localA_127_2|        scalar|
|localA_126_2              |   in|    8|     ap_none|                                 localA_126_2|        scalar|
|localA_125_2              |   in|    8|     ap_none|                                 localA_125_2|        scalar|
|localA_124_2              |   in|    8|     ap_none|                                 localA_124_2|        scalar|
|localA_123_2              |   in|    8|     ap_none|                                 localA_123_2|        scalar|
|localA_122_2              |   in|    8|     ap_none|                                 localA_122_2|        scalar|
|localA_121_2              |   in|    8|     ap_none|                                 localA_121_2|        scalar|
|localA_120_2              |   in|    8|     ap_none|                                 localA_120_2|        scalar|
|localA_119_2              |   in|    8|     ap_none|                                 localA_119_2|        scalar|
|localA_118_2              |   in|    8|     ap_none|                                 localA_118_2|        scalar|
|localA_117_2              |   in|    8|     ap_none|                                 localA_117_2|        scalar|
|localA_116_2              |   in|    8|     ap_none|                                 localA_116_2|        scalar|
|localA_115_2              |   in|    8|     ap_none|                                 localA_115_2|        scalar|
|localA_114_2              |   in|    8|     ap_none|                                 localA_114_2|        scalar|
|localA_113_2              |   in|    8|     ap_none|                                 localA_113_2|        scalar|
|localA_112_2              |   in|    8|     ap_none|                                 localA_112_2|        scalar|
|localA_111_2              |   in|    8|     ap_none|                                 localA_111_2|        scalar|
|localA_110_2              |   in|    8|     ap_none|                                 localA_110_2|        scalar|
|localA_109_2              |   in|    8|     ap_none|                                 localA_109_2|        scalar|
|localA_108_2              |   in|    8|     ap_none|                                 localA_108_2|        scalar|
|localA_107_2              |   in|    8|     ap_none|                                 localA_107_2|        scalar|
|localA_106_2              |   in|    8|     ap_none|                                 localA_106_2|        scalar|
|localA_105_2              |   in|    8|     ap_none|                                 localA_105_2|        scalar|
|localA_104_2              |   in|    8|     ap_none|                                 localA_104_2|        scalar|
|localA_103_2              |   in|    8|     ap_none|                                 localA_103_2|        scalar|
|localA_102_2              |   in|    8|     ap_none|                                 localA_102_2|        scalar|
|localA_101_2              |   in|    8|     ap_none|                                 localA_101_2|        scalar|
|localA_100_2              |   in|    8|     ap_none|                                 localA_100_2|        scalar|
|localA_99_2               |   in|    8|     ap_none|                                  localA_99_2|        scalar|
|localA_98_2               |   in|    8|     ap_none|                                  localA_98_2|        scalar|
|localA_97_2               |   in|    8|     ap_none|                                  localA_97_2|        scalar|
|localA_96_2               |   in|    8|     ap_none|                                  localA_96_2|        scalar|
|localA_95_2               |   in|    8|     ap_none|                                  localA_95_2|        scalar|
|localA_94_2               |   in|    8|     ap_none|                                  localA_94_2|        scalar|
|localA_93_2               |   in|    8|     ap_none|                                  localA_93_2|        scalar|
|localA_92_2               |   in|    8|     ap_none|                                  localA_92_2|        scalar|
|localA_91_2               |   in|    8|     ap_none|                                  localA_91_2|        scalar|
|localA_90_2               |   in|    8|     ap_none|                                  localA_90_2|        scalar|
|localA_89_2               |   in|    8|     ap_none|                                  localA_89_2|        scalar|
|localA_88_2               |   in|    8|     ap_none|                                  localA_88_2|        scalar|
|localA_87_2               |   in|    8|     ap_none|                                  localA_87_2|        scalar|
|localA_86_2               |   in|    8|     ap_none|                                  localA_86_2|        scalar|
|localA_85_2               |   in|    8|     ap_none|                                  localA_85_2|        scalar|
|localA_84_2               |   in|    8|     ap_none|                                  localA_84_2|        scalar|
|localA_83_2               |   in|    8|     ap_none|                                  localA_83_2|        scalar|
|localA_82_2               |   in|    8|     ap_none|                                  localA_82_2|        scalar|
|localA_81_2               |   in|    8|     ap_none|                                  localA_81_2|        scalar|
|localA_80_2               |   in|    8|     ap_none|                                  localA_80_2|        scalar|
|localA_79_2               |   in|    8|     ap_none|                                  localA_79_2|        scalar|
|localA_78_2               |   in|    8|     ap_none|                                  localA_78_2|        scalar|
|localA_77_2               |   in|    8|     ap_none|                                  localA_77_2|        scalar|
|localA_76_2               |   in|    8|     ap_none|                                  localA_76_2|        scalar|
|localA_75_2               |   in|    8|     ap_none|                                  localA_75_2|        scalar|
|localA_74_2               |   in|    8|     ap_none|                                  localA_74_2|        scalar|
|localA_73_2               |   in|    8|     ap_none|                                  localA_73_2|        scalar|
|localA_72_2               |   in|    8|     ap_none|                                  localA_72_2|        scalar|
|localA_71_2               |   in|    8|     ap_none|                                  localA_71_2|        scalar|
|localA_70_2               |   in|    8|     ap_none|                                  localA_70_2|        scalar|
|localA_69_2               |   in|    8|     ap_none|                                  localA_69_2|        scalar|
|localA_68_2               |   in|    8|     ap_none|                                  localA_68_2|        scalar|
|localA_67_2               |   in|    8|     ap_none|                                  localA_67_2|        scalar|
|localA_66_2               |   in|    8|     ap_none|                                  localA_66_2|        scalar|
|localA_65_2               |   in|    8|     ap_none|                                  localA_65_2|        scalar|
|localA_64_2               |   in|    8|     ap_none|                                  localA_64_2|        scalar|
|localA_63_2               |   in|    8|     ap_none|                                  localA_63_2|        scalar|
|localA_62_2               |   in|    8|     ap_none|                                  localA_62_2|        scalar|
|localA_61_2               |   in|    8|     ap_none|                                  localA_61_2|        scalar|
|localA_60_2               |   in|    8|     ap_none|                                  localA_60_2|        scalar|
|localA_59_2               |   in|    8|     ap_none|                                  localA_59_2|        scalar|
|localA_58_2               |   in|    8|     ap_none|                                  localA_58_2|        scalar|
|localA_57_2               |   in|    8|     ap_none|                                  localA_57_2|        scalar|
|localA_56_2               |   in|    8|     ap_none|                                  localA_56_2|        scalar|
|localA_55_2               |   in|    8|     ap_none|                                  localA_55_2|        scalar|
|localA_54_2               |   in|    8|     ap_none|                                  localA_54_2|        scalar|
|localA_53_2               |   in|    8|     ap_none|                                  localA_53_2|        scalar|
|localA_52_2               |   in|    8|     ap_none|                                  localA_52_2|        scalar|
|localA_51_2               |   in|    8|     ap_none|                                  localA_51_2|        scalar|
|localA_50_2               |   in|    8|     ap_none|                                  localA_50_2|        scalar|
|localA_49_2               |   in|    8|     ap_none|                                  localA_49_2|        scalar|
|localA_48_2               |   in|    8|     ap_none|                                  localA_48_2|        scalar|
|localA_47_2               |   in|    8|     ap_none|                                  localA_47_2|        scalar|
|localA_46_2               |   in|    8|     ap_none|                                  localA_46_2|        scalar|
|localA_45_2               |   in|    8|     ap_none|                                  localA_45_2|        scalar|
|localA_44_2               |   in|    8|     ap_none|                                  localA_44_2|        scalar|
|localA_43_2               |   in|    8|     ap_none|                                  localA_43_2|        scalar|
|localA_42_2               |   in|    8|     ap_none|                                  localA_42_2|        scalar|
|localA_41_2               |   in|    8|     ap_none|                                  localA_41_2|        scalar|
|localA_40_2               |   in|    8|     ap_none|                                  localA_40_2|        scalar|
|localA_39_2               |   in|    8|     ap_none|                                  localA_39_2|        scalar|
|localA_38_2               |   in|    8|     ap_none|                                  localA_38_2|        scalar|
|localA_37_2               |   in|    8|     ap_none|                                  localA_37_2|        scalar|
|localA_36_2               |   in|    8|     ap_none|                                  localA_36_2|        scalar|
|localA_35_2               |   in|    8|     ap_none|                                  localA_35_2|        scalar|
|localA_34_2               |   in|    8|     ap_none|                                  localA_34_2|        scalar|
|localA_33_2               |   in|    8|     ap_none|                                  localA_33_2|        scalar|
|localA_32_2               |   in|    8|     ap_none|                                  localA_32_2|        scalar|
|localA_31_2               |   in|    8|     ap_none|                                  localA_31_2|        scalar|
|localA_30_2               |   in|    8|     ap_none|                                  localA_30_2|        scalar|
|localA_29_2               |   in|    8|     ap_none|                                  localA_29_2|        scalar|
|localA_28_2               |   in|    8|     ap_none|                                  localA_28_2|        scalar|
|localA_27_2               |   in|    8|     ap_none|                                  localA_27_2|        scalar|
|localA_26_2               |   in|    8|     ap_none|                                  localA_26_2|        scalar|
|localA_25_2               |   in|    8|     ap_none|                                  localA_25_2|        scalar|
|localA_24_2               |   in|    8|     ap_none|                                  localA_24_2|        scalar|
|localA_23_2               |   in|    8|     ap_none|                                  localA_23_2|        scalar|
|localA_22_2               |   in|    8|     ap_none|                                  localA_22_2|        scalar|
|localA_21_2               |   in|    8|     ap_none|                                  localA_21_2|        scalar|
|localA_20_2               |   in|    8|     ap_none|                                  localA_20_2|        scalar|
|localA_19_2               |   in|    8|     ap_none|                                  localA_19_2|        scalar|
|localA_18_2               |   in|    8|     ap_none|                                  localA_18_2|        scalar|
|localA_17_2               |   in|    8|     ap_none|                                  localA_17_2|        scalar|
|localA_16_2               |   in|    8|     ap_none|                                  localA_16_2|        scalar|
|localA_15_2               |   in|    8|     ap_none|                                  localA_15_2|        scalar|
|localA_14_2               |   in|    8|     ap_none|                                  localA_14_2|        scalar|
|localA_13_2               |   in|    8|     ap_none|                                  localA_13_2|        scalar|
|localA_12_2               |   in|    8|     ap_none|                                  localA_12_2|        scalar|
|localA_11_2               |   in|    8|     ap_none|                                  localA_11_2|        scalar|
|localA_10_2               |   in|    8|     ap_none|                                  localA_10_2|        scalar|
|localA_9_2                |   in|    8|     ap_none|                                   localA_9_2|        scalar|
|localA_8_2                |   in|    8|     ap_none|                                   localA_8_2|        scalar|
|localA_7_2                |   in|    8|     ap_none|                                   localA_7_2|        scalar|
|localA_6_2                |   in|    8|     ap_none|                                   localA_6_2|        scalar|
|localA_5_2                |   in|    8|     ap_none|                                   localA_5_2|        scalar|
|localA_4_2                |   in|    8|     ap_none|                                   localA_4_2|        scalar|
|localA_3_2                |   in|    8|     ap_none|                                   localA_3_2|        scalar|
|localA_2_2                |   in|    8|     ap_none|                                   localA_2_2|        scalar|
|localA_1_2                |   in|    8|     ap_none|                                   localA_1_2|        scalar|
|localA_2101               |   in|    8|     ap_none|                                  localA_2101|        scalar|
|select_ln132_2            |   in|   64|     ap_none|                               select_ln132_2|        scalar|
|sext_ln110_2              |   in|   32|     ap_none|                                 sext_ln110_2|        scalar|
|k0                        |   in|   64|     ap_none|                                           k0|        scalar|
|sext_ln110_1              |   in|   32|     ap_none|                                 sext_ln110_1|        scalar|
|localA_1023_4_out         |  out|    8|      ap_vld|                            localA_1023_4_out|       pointer|
|localA_1023_4_out_ap_vld  |  out|    1|      ap_vld|                            localA_1023_4_out|       pointer|
|localA_1022_4_out         |  out|    8|      ap_vld|                            localA_1022_4_out|       pointer|
|localA_1022_4_out_ap_vld  |  out|    1|      ap_vld|                            localA_1022_4_out|       pointer|
|localA_1021_4_out         |  out|    8|      ap_vld|                            localA_1021_4_out|       pointer|
|localA_1021_4_out_ap_vld  |  out|    1|      ap_vld|                            localA_1021_4_out|       pointer|
|localA_1020_4_out         |  out|    8|      ap_vld|                            localA_1020_4_out|       pointer|
|localA_1020_4_out_ap_vld  |  out|    1|      ap_vld|                            localA_1020_4_out|       pointer|
|localA_1019_4_out         |  out|    8|      ap_vld|                            localA_1019_4_out|       pointer|
|localA_1019_4_out_ap_vld  |  out|    1|      ap_vld|                            localA_1019_4_out|       pointer|
|localA_1018_4_out         |  out|    8|      ap_vld|                            localA_1018_4_out|       pointer|
|localA_1018_4_out_ap_vld  |  out|    1|      ap_vld|                            localA_1018_4_out|       pointer|
|localA_1017_4_out         |  out|    8|      ap_vld|                            localA_1017_4_out|       pointer|
|localA_1017_4_out_ap_vld  |  out|    1|      ap_vld|                            localA_1017_4_out|       pointer|
|localA_1016_4_out         |  out|    8|      ap_vld|                            localA_1016_4_out|       pointer|
|localA_1016_4_out_ap_vld  |  out|    1|      ap_vld|                            localA_1016_4_out|       pointer|
|localA_1015_4_out         |  out|    8|      ap_vld|                            localA_1015_4_out|       pointer|
|localA_1015_4_out_ap_vld  |  out|    1|      ap_vld|                            localA_1015_4_out|       pointer|
|localA_1014_4_out         |  out|    8|      ap_vld|                            localA_1014_4_out|       pointer|
|localA_1014_4_out_ap_vld  |  out|    1|      ap_vld|                            localA_1014_4_out|       pointer|
|localA_1013_4_out         |  out|    8|      ap_vld|                            localA_1013_4_out|       pointer|
|localA_1013_4_out_ap_vld  |  out|    1|      ap_vld|                            localA_1013_4_out|       pointer|
|localA_1012_4_out         |  out|    8|      ap_vld|                            localA_1012_4_out|       pointer|
|localA_1012_4_out_ap_vld  |  out|    1|      ap_vld|                            localA_1012_4_out|       pointer|
|localA_1011_4_out         |  out|    8|      ap_vld|                            localA_1011_4_out|       pointer|
|localA_1011_4_out_ap_vld  |  out|    1|      ap_vld|                            localA_1011_4_out|       pointer|
|localA_1010_4_out         |  out|    8|      ap_vld|                            localA_1010_4_out|       pointer|
|localA_1010_4_out_ap_vld  |  out|    1|      ap_vld|                            localA_1010_4_out|       pointer|
|localA_1009_4_out         |  out|    8|      ap_vld|                            localA_1009_4_out|       pointer|
|localA_1009_4_out_ap_vld  |  out|    1|      ap_vld|                            localA_1009_4_out|       pointer|
|localA_1008_4_out         |  out|    8|      ap_vld|                            localA_1008_4_out|       pointer|
|localA_1008_4_out_ap_vld  |  out|    1|      ap_vld|                            localA_1008_4_out|       pointer|
|localA_1007_4_out         |  out|    8|      ap_vld|                            localA_1007_4_out|       pointer|
|localA_1007_4_out_ap_vld  |  out|    1|      ap_vld|                            localA_1007_4_out|       pointer|
|localA_1006_4_out         |  out|    8|      ap_vld|                            localA_1006_4_out|       pointer|
|localA_1006_4_out_ap_vld  |  out|    1|      ap_vld|                            localA_1006_4_out|       pointer|
|localA_1005_4_out         |  out|    8|      ap_vld|                            localA_1005_4_out|       pointer|
|localA_1005_4_out_ap_vld  |  out|    1|      ap_vld|                            localA_1005_4_out|       pointer|
|localA_1004_4_out         |  out|    8|      ap_vld|                            localA_1004_4_out|       pointer|
|localA_1004_4_out_ap_vld  |  out|    1|      ap_vld|                            localA_1004_4_out|       pointer|
|localA_1003_4_out         |  out|    8|      ap_vld|                            localA_1003_4_out|       pointer|
|localA_1003_4_out_ap_vld  |  out|    1|      ap_vld|                            localA_1003_4_out|       pointer|
|localA_1002_4_out         |  out|    8|      ap_vld|                            localA_1002_4_out|       pointer|
|localA_1002_4_out_ap_vld  |  out|    1|      ap_vld|                            localA_1002_4_out|       pointer|
|localA_1001_4_out         |  out|    8|      ap_vld|                            localA_1001_4_out|       pointer|
|localA_1001_4_out_ap_vld  |  out|    1|      ap_vld|                            localA_1001_4_out|       pointer|
|localA_1000_4_out         |  out|    8|      ap_vld|                            localA_1000_4_out|       pointer|
|localA_1000_4_out_ap_vld  |  out|    1|      ap_vld|                            localA_1000_4_out|       pointer|
|localA_999_4_out          |  out|    8|      ap_vld|                             localA_999_4_out|       pointer|
|localA_999_4_out_ap_vld   |  out|    1|      ap_vld|                             localA_999_4_out|       pointer|
|localA_998_4_out          |  out|    8|      ap_vld|                             localA_998_4_out|       pointer|
|localA_998_4_out_ap_vld   |  out|    1|      ap_vld|                             localA_998_4_out|       pointer|
|localA_997_4_out          |  out|    8|      ap_vld|                             localA_997_4_out|       pointer|
|localA_997_4_out_ap_vld   |  out|    1|      ap_vld|                             localA_997_4_out|       pointer|
|localA_996_4_out          |  out|    8|      ap_vld|                             localA_996_4_out|       pointer|
|localA_996_4_out_ap_vld   |  out|    1|      ap_vld|                             localA_996_4_out|       pointer|
|localA_995_4_out          |  out|    8|      ap_vld|                             localA_995_4_out|       pointer|
|localA_995_4_out_ap_vld   |  out|    1|      ap_vld|                             localA_995_4_out|       pointer|
|localA_994_4_out          |  out|    8|      ap_vld|                             localA_994_4_out|       pointer|
|localA_994_4_out_ap_vld   |  out|    1|      ap_vld|                             localA_994_4_out|       pointer|
|localA_993_4_out          |  out|    8|      ap_vld|                             localA_993_4_out|       pointer|
|localA_993_4_out_ap_vld   |  out|    1|      ap_vld|                             localA_993_4_out|       pointer|
|localA_992_4_out          |  out|    8|      ap_vld|                             localA_992_4_out|       pointer|
|localA_992_4_out_ap_vld   |  out|    1|      ap_vld|                             localA_992_4_out|       pointer|
|localA_991_4_out          |  out|    8|      ap_vld|                             localA_991_4_out|       pointer|
|localA_991_4_out_ap_vld   |  out|    1|      ap_vld|                             localA_991_4_out|       pointer|
|localA_990_4_out          |  out|    8|      ap_vld|                             localA_990_4_out|       pointer|
|localA_990_4_out_ap_vld   |  out|    1|      ap_vld|                             localA_990_4_out|       pointer|
|localA_989_4_out          |  out|    8|      ap_vld|                             localA_989_4_out|       pointer|
|localA_989_4_out_ap_vld   |  out|    1|      ap_vld|                             localA_989_4_out|       pointer|
|localA_988_4_out          |  out|    8|      ap_vld|                             localA_988_4_out|       pointer|
|localA_988_4_out_ap_vld   |  out|    1|      ap_vld|                             localA_988_4_out|       pointer|
|localA_987_4_out          |  out|    8|      ap_vld|                             localA_987_4_out|       pointer|
|localA_987_4_out_ap_vld   |  out|    1|      ap_vld|                             localA_987_4_out|       pointer|
|localA_986_4_out          |  out|    8|      ap_vld|                             localA_986_4_out|       pointer|
|localA_986_4_out_ap_vld   |  out|    1|      ap_vld|                             localA_986_4_out|       pointer|
|localA_985_4_out          |  out|    8|      ap_vld|                             localA_985_4_out|       pointer|
|localA_985_4_out_ap_vld   |  out|    1|      ap_vld|                             localA_985_4_out|       pointer|
|localA_984_4_out          |  out|    8|      ap_vld|                             localA_984_4_out|       pointer|
|localA_984_4_out_ap_vld   |  out|    1|      ap_vld|                             localA_984_4_out|       pointer|
|localA_983_4_out          |  out|    8|      ap_vld|                             localA_983_4_out|       pointer|
|localA_983_4_out_ap_vld   |  out|    1|      ap_vld|                             localA_983_4_out|       pointer|
|localA_982_4_out          |  out|    8|      ap_vld|                             localA_982_4_out|       pointer|
|localA_982_4_out_ap_vld   |  out|    1|      ap_vld|                             localA_982_4_out|       pointer|
|localA_981_4_out          |  out|    8|      ap_vld|                             localA_981_4_out|       pointer|
|localA_981_4_out_ap_vld   |  out|    1|      ap_vld|                             localA_981_4_out|       pointer|
|localA_980_4_out          |  out|    8|      ap_vld|                             localA_980_4_out|       pointer|
|localA_980_4_out_ap_vld   |  out|    1|      ap_vld|                             localA_980_4_out|       pointer|
|localA_979_4_out          |  out|    8|      ap_vld|                             localA_979_4_out|       pointer|
|localA_979_4_out_ap_vld   |  out|    1|      ap_vld|                             localA_979_4_out|       pointer|
|localA_978_4_out          |  out|    8|      ap_vld|                             localA_978_4_out|       pointer|
|localA_978_4_out_ap_vld   |  out|    1|      ap_vld|                             localA_978_4_out|       pointer|
|localA_977_4_out          |  out|    8|      ap_vld|                             localA_977_4_out|       pointer|
|localA_977_4_out_ap_vld   |  out|    1|      ap_vld|                             localA_977_4_out|       pointer|
|localA_976_4_out          |  out|    8|      ap_vld|                             localA_976_4_out|       pointer|
|localA_976_4_out_ap_vld   |  out|    1|      ap_vld|                             localA_976_4_out|       pointer|
|localA_975_4_out          |  out|    8|      ap_vld|                             localA_975_4_out|       pointer|
|localA_975_4_out_ap_vld   |  out|    1|      ap_vld|                             localA_975_4_out|       pointer|
|localA_974_4_out          |  out|    8|      ap_vld|                             localA_974_4_out|       pointer|
|localA_974_4_out_ap_vld   |  out|    1|      ap_vld|                             localA_974_4_out|       pointer|
|localA_973_4_out          |  out|    8|      ap_vld|                             localA_973_4_out|       pointer|
|localA_973_4_out_ap_vld   |  out|    1|      ap_vld|                             localA_973_4_out|       pointer|
|localA_972_4_out          |  out|    8|      ap_vld|                             localA_972_4_out|       pointer|
|localA_972_4_out_ap_vld   |  out|    1|      ap_vld|                             localA_972_4_out|       pointer|
|localA_971_4_out          |  out|    8|      ap_vld|                             localA_971_4_out|       pointer|
|localA_971_4_out_ap_vld   |  out|    1|      ap_vld|                             localA_971_4_out|       pointer|
|localA_970_4_out          |  out|    8|      ap_vld|                             localA_970_4_out|       pointer|
|localA_970_4_out_ap_vld   |  out|    1|      ap_vld|                             localA_970_4_out|       pointer|
|localA_969_4_out          |  out|    8|      ap_vld|                             localA_969_4_out|       pointer|
|localA_969_4_out_ap_vld   |  out|    1|      ap_vld|                             localA_969_4_out|       pointer|
|localA_968_4_out          |  out|    8|      ap_vld|                             localA_968_4_out|       pointer|
|localA_968_4_out_ap_vld   |  out|    1|      ap_vld|                             localA_968_4_out|       pointer|
|localA_967_4_out          |  out|    8|      ap_vld|                             localA_967_4_out|       pointer|
|localA_967_4_out_ap_vld   |  out|    1|      ap_vld|                             localA_967_4_out|       pointer|
|localA_966_4_out          |  out|    8|      ap_vld|                             localA_966_4_out|       pointer|
|localA_966_4_out_ap_vld   |  out|    1|      ap_vld|                             localA_966_4_out|       pointer|
|localA_965_4_out          |  out|    8|      ap_vld|                             localA_965_4_out|       pointer|
|localA_965_4_out_ap_vld   |  out|    1|      ap_vld|                             localA_965_4_out|       pointer|
|localA_964_4_out          |  out|    8|      ap_vld|                             localA_964_4_out|       pointer|
|localA_964_4_out_ap_vld   |  out|    1|      ap_vld|                             localA_964_4_out|       pointer|
|localA_963_4_out          |  out|    8|      ap_vld|                             localA_963_4_out|       pointer|
|localA_963_4_out_ap_vld   |  out|    1|      ap_vld|                             localA_963_4_out|       pointer|
|localA_962_4_out          |  out|    8|      ap_vld|                             localA_962_4_out|       pointer|
|localA_962_4_out_ap_vld   |  out|    1|      ap_vld|                             localA_962_4_out|       pointer|
|localA_961_4_out          |  out|    8|      ap_vld|                             localA_961_4_out|       pointer|
|localA_961_4_out_ap_vld   |  out|    1|      ap_vld|                             localA_961_4_out|       pointer|
|localA_960_4_out          |  out|    8|      ap_vld|                             localA_960_4_out|       pointer|
|localA_960_4_out_ap_vld   |  out|    1|      ap_vld|                             localA_960_4_out|       pointer|
|localA_959_4_out          |  out|    8|      ap_vld|                             localA_959_4_out|       pointer|
|localA_959_4_out_ap_vld   |  out|    1|      ap_vld|                             localA_959_4_out|       pointer|
|localA_958_4_out          |  out|    8|      ap_vld|                             localA_958_4_out|       pointer|
|localA_958_4_out_ap_vld   |  out|    1|      ap_vld|                             localA_958_4_out|       pointer|
|localA_957_4_out          |  out|    8|      ap_vld|                             localA_957_4_out|       pointer|
|localA_957_4_out_ap_vld   |  out|    1|      ap_vld|                             localA_957_4_out|       pointer|
|localA_956_4_out          |  out|    8|      ap_vld|                             localA_956_4_out|       pointer|
|localA_956_4_out_ap_vld   |  out|    1|      ap_vld|                             localA_956_4_out|       pointer|
|localA_955_4_out          |  out|    8|      ap_vld|                             localA_955_4_out|       pointer|
|localA_955_4_out_ap_vld   |  out|    1|      ap_vld|                             localA_955_4_out|       pointer|
|localA_954_4_out          |  out|    8|      ap_vld|                             localA_954_4_out|       pointer|
|localA_954_4_out_ap_vld   |  out|    1|      ap_vld|                             localA_954_4_out|       pointer|
|localA_953_4_out          |  out|    8|      ap_vld|                             localA_953_4_out|       pointer|
|localA_953_4_out_ap_vld   |  out|    1|      ap_vld|                             localA_953_4_out|       pointer|
|localA_952_4_out          |  out|    8|      ap_vld|                             localA_952_4_out|       pointer|
|localA_952_4_out_ap_vld   |  out|    1|      ap_vld|                             localA_952_4_out|       pointer|
|localA_951_4_out          |  out|    8|      ap_vld|                             localA_951_4_out|       pointer|
|localA_951_4_out_ap_vld   |  out|    1|      ap_vld|                             localA_951_4_out|       pointer|
|localA_950_4_out          |  out|    8|      ap_vld|                             localA_950_4_out|       pointer|
|localA_950_4_out_ap_vld   |  out|    1|      ap_vld|                             localA_950_4_out|       pointer|
|localA_949_4_out          |  out|    8|      ap_vld|                             localA_949_4_out|       pointer|
|localA_949_4_out_ap_vld   |  out|    1|      ap_vld|                             localA_949_4_out|       pointer|
|localA_948_4_out          |  out|    8|      ap_vld|                             localA_948_4_out|       pointer|
|localA_948_4_out_ap_vld   |  out|    1|      ap_vld|                             localA_948_4_out|       pointer|
|localA_947_4_out          |  out|    8|      ap_vld|                             localA_947_4_out|       pointer|
|localA_947_4_out_ap_vld   |  out|    1|      ap_vld|                             localA_947_4_out|       pointer|
|localA_946_4_out          |  out|    8|      ap_vld|                             localA_946_4_out|       pointer|
|localA_946_4_out_ap_vld   |  out|    1|      ap_vld|                             localA_946_4_out|       pointer|
|localA_945_4_out          |  out|    8|      ap_vld|                             localA_945_4_out|       pointer|
|localA_945_4_out_ap_vld   |  out|    1|      ap_vld|                             localA_945_4_out|       pointer|
|localA_944_4_out          |  out|    8|      ap_vld|                             localA_944_4_out|       pointer|
|localA_944_4_out_ap_vld   |  out|    1|      ap_vld|                             localA_944_4_out|       pointer|
|localA_943_4_out          |  out|    8|      ap_vld|                             localA_943_4_out|       pointer|
|localA_943_4_out_ap_vld   |  out|    1|      ap_vld|                             localA_943_4_out|       pointer|
|localA_942_4_out          |  out|    8|      ap_vld|                             localA_942_4_out|       pointer|
|localA_942_4_out_ap_vld   |  out|    1|      ap_vld|                             localA_942_4_out|       pointer|
|localA_941_4_out          |  out|    8|      ap_vld|                             localA_941_4_out|       pointer|
|localA_941_4_out_ap_vld   |  out|    1|      ap_vld|                             localA_941_4_out|       pointer|
|localA_940_4_out          |  out|    8|      ap_vld|                             localA_940_4_out|       pointer|
|localA_940_4_out_ap_vld   |  out|    1|      ap_vld|                             localA_940_4_out|       pointer|
|localA_939_4_out          |  out|    8|      ap_vld|                             localA_939_4_out|       pointer|
|localA_939_4_out_ap_vld   |  out|    1|      ap_vld|                             localA_939_4_out|       pointer|
|localA_938_4_out          |  out|    8|      ap_vld|                             localA_938_4_out|       pointer|
|localA_938_4_out_ap_vld   |  out|    1|      ap_vld|                             localA_938_4_out|       pointer|
|localA_937_4_out          |  out|    8|      ap_vld|                             localA_937_4_out|       pointer|
|localA_937_4_out_ap_vld   |  out|    1|      ap_vld|                             localA_937_4_out|       pointer|
|localA_936_4_out          |  out|    8|      ap_vld|                             localA_936_4_out|       pointer|
|localA_936_4_out_ap_vld   |  out|    1|      ap_vld|                             localA_936_4_out|       pointer|
|localA_935_4_out          |  out|    8|      ap_vld|                             localA_935_4_out|       pointer|
|localA_935_4_out_ap_vld   |  out|    1|      ap_vld|                             localA_935_4_out|       pointer|
|localA_934_4_out          |  out|    8|      ap_vld|                             localA_934_4_out|       pointer|
|localA_934_4_out_ap_vld   |  out|    1|      ap_vld|                             localA_934_4_out|       pointer|
|localA_933_4_out          |  out|    8|      ap_vld|                             localA_933_4_out|       pointer|
|localA_933_4_out_ap_vld   |  out|    1|      ap_vld|                             localA_933_4_out|       pointer|
|localA_932_4_out          |  out|    8|      ap_vld|                             localA_932_4_out|       pointer|
|localA_932_4_out_ap_vld   |  out|    1|      ap_vld|                             localA_932_4_out|       pointer|
|localA_931_4_out          |  out|    8|      ap_vld|                             localA_931_4_out|       pointer|
|localA_931_4_out_ap_vld   |  out|    1|      ap_vld|                             localA_931_4_out|       pointer|
|localA_930_4_out          |  out|    8|      ap_vld|                             localA_930_4_out|       pointer|
|localA_930_4_out_ap_vld   |  out|    1|      ap_vld|                             localA_930_4_out|       pointer|
|localA_929_4_out          |  out|    8|      ap_vld|                             localA_929_4_out|       pointer|
|localA_929_4_out_ap_vld   |  out|    1|      ap_vld|                             localA_929_4_out|       pointer|
|localA_928_4_out          |  out|    8|      ap_vld|                             localA_928_4_out|       pointer|
|localA_928_4_out_ap_vld   |  out|    1|      ap_vld|                             localA_928_4_out|       pointer|
|localA_927_4_out          |  out|    8|      ap_vld|                             localA_927_4_out|       pointer|
|localA_927_4_out_ap_vld   |  out|    1|      ap_vld|                             localA_927_4_out|       pointer|
|localA_926_4_out          |  out|    8|      ap_vld|                             localA_926_4_out|       pointer|
|localA_926_4_out_ap_vld   |  out|    1|      ap_vld|                             localA_926_4_out|       pointer|
|localA_925_4_out          |  out|    8|      ap_vld|                             localA_925_4_out|       pointer|
|localA_925_4_out_ap_vld   |  out|    1|      ap_vld|                             localA_925_4_out|       pointer|
|localA_924_4_out          |  out|    8|      ap_vld|                             localA_924_4_out|       pointer|
|localA_924_4_out_ap_vld   |  out|    1|      ap_vld|                             localA_924_4_out|       pointer|
|localA_923_4_out          |  out|    8|      ap_vld|                             localA_923_4_out|       pointer|
|localA_923_4_out_ap_vld   |  out|    1|      ap_vld|                             localA_923_4_out|       pointer|
|localA_922_4_out          |  out|    8|      ap_vld|                             localA_922_4_out|       pointer|
|localA_922_4_out_ap_vld   |  out|    1|      ap_vld|                             localA_922_4_out|       pointer|
|localA_921_4_out          |  out|    8|      ap_vld|                             localA_921_4_out|       pointer|
|localA_921_4_out_ap_vld   |  out|    1|      ap_vld|                             localA_921_4_out|       pointer|
|localA_920_4_out          |  out|    8|      ap_vld|                             localA_920_4_out|       pointer|
|localA_920_4_out_ap_vld   |  out|    1|      ap_vld|                             localA_920_4_out|       pointer|
|localA_919_4_out          |  out|    8|      ap_vld|                             localA_919_4_out|       pointer|
|localA_919_4_out_ap_vld   |  out|    1|      ap_vld|                             localA_919_4_out|       pointer|
|localA_918_4_out          |  out|    8|      ap_vld|                             localA_918_4_out|       pointer|
|localA_918_4_out_ap_vld   |  out|    1|      ap_vld|                             localA_918_4_out|       pointer|
|localA_917_4_out          |  out|    8|      ap_vld|                             localA_917_4_out|       pointer|
|localA_917_4_out_ap_vld   |  out|    1|      ap_vld|                             localA_917_4_out|       pointer|
|localA_916_4_out          |  out|    8|      ap_vld|                             localA_916_4_out|       pointer|
|localA_916_4_out_ap_vld   |  out|    1|      ap_vld|                             localA_916_4_out|       pointer|
|localA_915_4_out          |  out|    8|      ap_vld|                             localA_915_4_out|       pointer|
|localA_915_4_out_ap_vld   |  out|    1|      ap_vld|                             localA_915_4_out|       pointer|
|localA_914_4_out          |  out|    8|      ap_vld|                             localA_914_4_out|       pointer|
|localA_914_4_out_ap_vld   |  out|    1|      ap_vld|                             localA_914_4_out|       pointer|
|localA_913_4_out          |  out|    8|      ap_vld|                             localA_913_4_out|       pointer|
|localA_913_4_out_ap_vld   |  out|    1|      ap_vld|                             localA_913_4_out|       pointer|
|localA_912_4_out          |  out|    8|      ap_vld|                             localA_912_4_out|       pointer|
|localA_912_4_out_ap_vld   |  out|    1|      ap_vld|                             localA_912_4_out|       pointer|
|localA_911_4_out          |  out|    8|      ap_vld|                             localA_911_4_out|       pointer|
|localA_911_4_out_ap_vld   |  out|    1|      ap_vld|                             localA_911_4_out|       pointer|
|localA_910_4_out          |  out|    8|      ap_vld|                             localA_910_4_out|       pointer|
|localA_910_4_out_ap_vld   |  out|    1|      ap_vld|                             localA_910_4_out|       pointer|
|localA_909_4_out          |  out|    8|      ap_vld|                             localA_909_4_out|       pointer|
|localA_909_4_out_ap_vld   |  out|    1|      ap_vld|                             localA_909_4_out|       pointer|
|localA_908_4_out          |  out|    8|      ap_vld|                             localA_908_4_out|       pointer|
|localA_908_4_out_ap_vld   |  out|    1|      ap_vld|                             localA_908_4_out|       pointer|
|localA_907_4_out          |  out|    8|      ap_vld|                             localA_907_4_out|       pointer|
|localA_907_4_out_ap_vld   |  out|    1|      ap_vld|                             localA_907_4_out|       pointer|
|localA_906_4_out          |  out|    8|      ap_vld|                             localA_906_4_out|       pointer|
|localA_906_4_out_ap_vld   |  out|    1|      ap_vld|                             localA_906_4_out|       pointer|
|localA_905_4_out          |  out|    8|      ap_vld|                             localA_905_4_out|       pointer|
|localA_905_4_out_ap_vld   |  out|    1|      ap_vld|                             localA_905_4_out|       pointer|
|localA_904_4_out          |  out|    8|      ap_vld|                             localA_904_4_out|       pointer|
|localA_904_4_out_ap_vld   |  out|    1|      ap_vld|                             localA_904_4_out|       pointer|
|localA_903_4_out          |  out|    8|      ap_vld|                             localA_903_4_out|       pointer|
|localA_903_4_out_ap_vld   |  out|    1|      ap_vld|                             localA_903_4_out|       pointer|
|localA_902_4_out          |  out|    8|      ap_vld|                             localA_902_4_out|       pointer|
|localA_902_4_out_ap_vld   |  out|    1|      ap_vld|                             localA_902_4_out|       pointer|
|localA_901_4_out          |  out|    8|      ap_vld|                             localA_901_4_out|       pointer|
|localA_901_4_out_ap_vld   |  out|    1|      ap_vld|                             localA_901_4_out|       pointer|
|localA_900_4_out          |  out|    8|      ap_vld|                             localA_900_4_out|       pointer|
|localA_900_4_out_ap_vld   |  out|    1|      ap_vld|                             localA_900_4_out|       pointer|
|localA_899_4_out          |  out|    8|      ap_vld|                             localA_899_4_out|       pointer|
|localA_899_4_out_ap_vld   |  out|    1|      ap_vld|                             localA_899_4_out|       pointer|
|localA_898_4_out          |  out|    8|      ap_vld|                             localA_898_4_out|       pointer|
|localA_898_4_out_ap_vld   |  out|    1|      ap_vld|                             localA_898_4_out|       pointer|
|localA_897_4_out          |  out|    8|      ap_vld|                             localA_897_4_out|       pointer|
|localA_897_4_out_ap_vld   |  out|    1|      ap_vld|                             localA_897_4_out|       pointer|
|localA_896_4_out          |  out|    8|      ap_vld|                             localA_896_4_out|       pointer|
|localA_896_4_out_ap_vld   |  out|    1|      ap_vld|                             localA_896_4_out|       pointer|
|localA_895_4_out          |  out|    8|      ap_vld|                             localA_895_4_out|       pointer|
|localA_895_4_out_ap_vld   |  out|    1|      ap_vld|                             localA_895_4_out|       pointer|
|localA_894_4_out          |  out|    8|      ap_vld|                             localA_894_4_out|       pointer|
|localA_894_4_out_ap_vld   |  out|    1|      ap_vld|                             localA_894_4_out|       pointer|
|localA_893_4_out          |  out|    8|      ap_vld|                             localA_893_4_out|       pointer|
|localA_893_4_out_ap_vld   |  out|    1|      ap_vld|                             localA_893_4_out|       pointer|
|localA_892_4_out          |  out|    8|      ap_vld|                             localA_892_4_out|       pointer|
|localA_892_4_out_ap_vld   |  out|    1|      ap_vld|                             localA_892_4_out|       pointer|
|localA_891_4_out          |  out|    8|      ap_vld|                             localA_891_4_out|       pointer|
|localA_891_4_out_ap_vld   |  out|    1|      ap_vld|                             localA_891_4_out|       pointer|
|localA_890_4_out          |  out|    8|      ap_vld|                             localA_890_4_out|       pointer|
|localA_890_4_out_ap_vld   |  out|    1|      ap_vld|                             localA_890_4_out|       pointer|
|localA_889_4_out          |  out|    8|      ap_vld|                             localA_889_4_out|       pointer|
|localA_889_4_out_ap_vld   |  out|    1|      ap_vld|                             localA_889_4_out|       pointer|
|localA_888_4_out          |  out|    8|      ap_vld|                             localA_888_4_out|       pointer|
|localA_888_4_out_ap_vld   |  out|    1|      ap_vld|                             localA_888_4_out|       pointer|
|localA_887_4_out          |  out|    8|      ap_vld|                             localA_887_4_out|       pointer|
|localA_887_4_out_ap_vld   |  out|    1|      ap_vld|                             localA_887_4_out|       pointer|
|localA_886_4_out          |  out|    8|      ap_vld|                             localA_886_4_out|       pointer|
|localA_886_4_out_ap_vld   |  out|    1|      ap_vld|                             localA_886_4_out|       pointer|
|localA_885_4_out          |  out|    8|      ap_vld|                             localA_885_4_out|       pointer|
|localA_885_4_out_ap_vld   |  out|    1|      ap_vld|                             localA_885_4_out|       pointer|
|localA_884_4_out          |  out|    8|      ap_vld|                             localA_884_4_out|       pointer|
|localA_884_4_out_ap_vld   |  out|    1|      ap_vld|                             localA_884_4_out|       pointer|
|localA_883_4_out          |  out|    8|      ap_vld|                             localA_883_4_out|       pointer|
|localA_883_4_out_ap_vld   |  out|    1|      ap_vld|                             localA_883_4_out|       pointer|
|localA_882_4_out          |  out|    8|      ap_vld|                             localA_882_4_out|       pointer|
|localA_882_4_out_ap_vld   |  out|    1|      ap_vld|                             localA_882_4_out|       pointer|
|localA_881_4_out          |  out|    8|      ap_vld|                             localA_881_4_out|       pointer|
|localA_881_4_out_ap_vld   |  out|    1|      ap_vld|                             localA_881_4_out|       pointer|
|localA_880_4_out          |  out|    8|      ap_vld|                             localA_880_4_out|       pointer|
|localA_880_4_out_ap_vld   |  out|    1|      ap_vld|                             localA_880_4_out|       pointer|
|localA_879_4_out          |  out|    8|      ap_vld|                             localA_879_4_out|       pointer|
|localA_879_4_out_ap_vld   |  out|    1|      ap_vld|                             localA_879_4_out|       pointer|
|localA_878_4_out          |  out|    8|      ap_vld|                             localA_878_4_out|       pointer|
|localA_878_4_out_ap_vld   |  out|    1|      ap_vld|                             localA_878_4_out|       pointer|
|localA_877_4_out          |  out|    8|      ap_vld|                             localA_877_4_out|       pointer|
|localA_877_4_out_ap_vld   |  out|    1|      ap_vld|                             localA_877_4_out|       pointer|
|localA_876_4_out          |  out|    8|      ap_vld|                             localA_876_4_out|       pointer|
|localA_876_4_out_ap_vld   |  out|    1|      ap_vld|                             localA_876_4_out|       pointer|
|localA_875_4_out          |  out|    8|      ap_vld|                             localA_875_4_out|       pointer|
|localA_875_4_out_ap_vld   |  out|    1|      ap_vld|                             localA_875_4_out|       pointer|
|localA_874_4_out          |  out|    8|      ap_vld|                             localA_874_4_out|       pointer|
|localA_874_4_out_ap_vld   |  out|    1|      ap_vld|                             localA_874_4_out|       pointer|
|localA_873_4_out          |  out|    8|      ap_vld|                             localA_873_4_out|       pointer|
|localA_873_4_out_ap_vld   |  out|    1|      ap_vld|                             localA_873_4_out|       pointer|
|localA_872_4_out          |  out|    8|      ap_vld|                             localA_872_4_out|       pointer|
|localA_872_4_out_ap_vld   |  out|    1|      ap_vld|                             localA_872_4_out|       pointer|
|localA_871_4_out          |  out|    8|      ap_vld|                             localA_871_4_out|       pointer|
|localA_871_4_out_ap_vld   |  out|    1|      ap_vld|                             localA_871_4_out|       pointer|
|localA_870_4_out          |  out|    8|      ap_vld|                             localA_870_4_out|       pointer|
|localA_870_4_out_ap_vld   |  out|    1|      ap_vld|                             localA_870_4_out|       pointer|
|localA_869_4_out          |  out|    8|      ap_vld|                             localA_869_4_out|       pointer|
|localA_869_4_out_ap_vld   |  out|    1|      ap_vld|                             localA_869_4_out|       pointer|
|localA_868_4_out          |  out|    8|      ap_vld|                             localA_868_4_out|       pointer|
|localA_868_4_out_ap_vld   |  out|    1|      ap_vld|                             localA_868_4_out|       pointer|
|localA_867_4_out          |  out|    8|      ap_vld|                             localA_867_4_out|       pointer|
|localA_867_4_out_ap_vld   |  out|    1|      ap_vld|                             localA_867_4_out|       pointer|
|localA_866_4_out          |  out|    8|      ap_vld|                             localA_866_4_out|       pointer|
|localA_866_4_out_ap_vld   |  out|    1|      ap_vld|                             localA_866_4_out|       pointer|
|localA_865_4_out          |  out|    8|      ap_vld|                             localA_865_4_out|       pointer|
|localA_865_4_out_ap_vld   |  out|    1|      ap_vld|                             localA_865_4_out|       pointer|
|localA_864_4_out          |  out|    8|      ap_vld|                             localA_864_4_out|       pointer|
|localA_864_4_out_ap_vld   |  out|    1|      ap_vld|                             localA_864_4_out|       pointer|
|localA_863_4_out          |  out|    8|      ap_vld|                             localA_863_4_out|       pointer|
|localA_863_4_out_ap_vld   |  out|    1|      ap_vld|                             localA_863_4_out|       pointer|
|localA_862_4_out          |  out|    8|      ap_vld|                             localA_862_4_out|       pointer|
|localA_862_4_out_ap_vld   |  out|    1|      ap_vld|                             localA_862_4_out|       pointer|
|localA_861_4_out          |  out|    8|      ap_vld|                             localA_861_4_out|       pointer|
|localA_861_4_out_ap_vld   |  out|    1|      ap_vld|                             localA_861_4_out|       pointer|
|localA_860_4_out          |  out|    8|      ap_vld|                             localA_860_4_out|       pointer|
|localA_860_4_out_ap_vld   |  out|    1|      ap_vld|                             localA_860_4_out|       pointer|
|localA_859_4_out          |  out|    8|      ap_vld|                             localA_859_4_out|       pointer|
|localA_859_4_out_ap_vld   |  out|    1|      ap_vld|                             localA_859_4_out|       pointer|
|localA_858_4_out          |  out|    8|      ap_vld|                             localA_858_4_out|       pointer|
|localA_858_4_out_ap_vld   |  out|    1|      ap_vld|                             localA_858_4_out|       pointer|
|localA_857_4_out          |  out|    8|      ap_vld|                             localA_857_4_out|       pointer|
|localA_857_4_out_ap_vld   |  out|    1|      ap_vld|                             localA_857_4_out|       pointer|
|localA_856_4_out          |  out|    8|      ap_vld|                             localA_856_4_out|       pointer|
|localA_856_4_out_ap_vld   |  out|    1|      ap_vld|                             localA_856_4_out|       pointer|
|localA_855_4_out          |  out|    8|      ap_vld|                             localA_855_4_out|       pointer|
|localA_855_4_out_ap_vld   |  out|    1|      ap_vld|                             localA_855_4_out|       pointer|
|localA_854_4_out          |  out|    8|      ap_vld|                             localA_854_4_out|       pointer|
|localA_854_4_out_ap_vld   |  out|    1|      ap_vld|                             localA_854_4_out|       pointer|
|localA_853_4_out          |  out|    8|      ap_vld|                             localA_853_4_out|       pointer|
|localA_853_4_out_ap_vld   |  out|    1|      ap_vld|                             localA_853_4_out|       pointer|
|localA_852_4_out          |  out|    8|      ap_vld|                             localA_852_4_out|       pointer|
|localA_852_4_out_ap_vld   |  out|    1|      ap_vld|                             localA_852_4_out|       pointer|
|localA_851_4_out          |  out|    8|      ap_vld|                             localA_851_4_out|       pointer|
|localA_851_4_out_ap_vld   |  out|    1|      ap_vld|                             localA_851_4_out|       pointer|
|localA_850_4_out          |  out|    8|      ap_vld|                             localA_850_4_out|       pointer|
|localA_850_4_out_ap_vld   |  out|    1|      ap_vld|                             localA_850_4_out|       pointer|
|localA_849_4_out          |  out|    8|      ap_vld|                             localA_849_4_out|       pointer|
|localA_849_4_out_ap_vld   |  out|    1|      ap_vld|                             localA_849_4_out|       pointer|
|localA_848_4_out          |  out|    8|      ap_vld|                             localA_848_4_out|       pointer|
|localA_848_4_out_ap_vld   |  out|    1|      ap_vld|                             localA_848_4_out|       pointer|
|localA_847_4_out          |  out|    8|      ap_vld|                             localA_847_4_out|       pointer|
|localA_847_4_out_ap_vld   |  out|    1|      ap_vld|                             localA_847_4_out|       pointer|
|localA_846_4_out          |  out|    8|      ap_vld|                             localA_846_4_out|       pointer|
|localA_846_4_out_ap_vld   |  out|    1|      ap_vld|                             localA_846_4_out|       pointer|
|localA_845_4_out          |  out|    8|      ap_vld|                             localA_845_4_out|       pointer|
|localA_845_4_out_ap_vld   |  out|    1|      ap_vld|                             localA_845_4_out|       pointer|
|localA_844_4_out          |  out|    8|      ap_vld|                             localA_844_4_out|       pointer|
|localA_844_4_out_ap_vld   |  out|    1|      ap_vld|                             localA_844_4_out|       pointer|
|localA_843_4_out          |  out|    8|      ap_vld|                             localA_843_4_out|       pointer|
|localA_843_4_out_ap_vld   |  out|    1|      ap_vld|                             localA_843_4_out|       pointer|
|localA_842_4_out          |  out|    8|      ap_vld|                             localA_842_4_out|       pointer|
|localA_842_4_out_ap_vld   |  out|    1|      ap_vld|                             localA_842_4_out|       pointer|
|localA_841_4_out          |  out|    8|      ap_vld|                             localA_841_4_out|       pointer|
|localA_841_4_out_ap_vld   |  out|    1|      ap_vld|                             localA_841_4_out|       pointer|
|localA_840_4_out          |  out|    8|      ap_vld|                             localA_840_4_out|       pointer|
|localA_840_4_out_ap_vld   |  out|    1|      ap_vld|                             localA_840_4_out|       pointer|
|localA_839_4_out          |  out|    8|      ap_vld|                             localA_839_4_out|       pointer|
|localA_839_4_out_ap_vld   |  out|    1|      ap_vld|                             localA_839_4_out|       pointer|
|localA_838_4_out          |  out|    8|      ap_vld|                             localA_838_4_out|       pointer|
|localA_838_4_out_ap_vld   |  out|    1|      ap_vld|                             localA_838_4_out|       pointer|
|localA_837_4_out          |  out|    8|      ap_vld|                             localA_837_4_out|       pointer|
|localA_837_4_out_ap_vld   |  out|    1|      ap_vld|                             localA_837_4_out|       pointer|
|localA_836_4_out          |  out|    8|      ap_vld|                             localA_836_4_out|       pointer|
|localA_836_4_out_ap_vld   |  out|    1|      ap_vld|                             localA_836_4_out|       pointer|
|localA_835_4_out          |  out|    8|      ap_vld|                             localA_835_4_out|       pointer|
|localA_835_4_out_ap_vld   |  out|    1|      ap_vld|                             localA_835_4_out|       pointer|
|localA_834_4_out          |  out|    8|      ap_vld|                             localA_834_4_out|       pointer|
|localA_834_4_out_ap_vld   |  out|    1|      ap_vld|                             localA_834_4_out|       pointer|
|localA_833_4_out          |  out|    8|      ap_vld|                             localA_833_4_out|       pointer|
|localA_833_4_out_ap_vld   |  out|    1|      ap_vld|                             localA_833_4_out|       pointer|
|localA_832_4_out          |  out|    8|      ap_vld|                             localA_832_4_out|       pointer|
|localA_832_4_out_ap_vld   |  out|    1|      ap_vld|                             localA_832_4_out|       pointer|
|localA_831_4_out          |  out|    8|      ap_vld|                             localA_831_4_out|       pointer|
|localA_831_4_out_ap_vld   |  out|    1|      ap_vld|                             localA_831_4_out|       pointer|
|localA_830_4_out          |  out|    8|      ap_vld|                             localA_830_4_out|       pointer|
|localA_830_4_out_ap_vld   |  out|    1|      ap_vld|                             localA_830_4_out|       pointer|
|localA_829_4_out          |  out|    8|      ap_vld|                             localA_829_4_out|       pointer|
|localA_829_4_out_ap_vld   |  out|    1|      ap_vld|                             localA_829_4_out|       pointer|
|localA_828_4_out          |  out|    8|      ap_vld|                             localA_828_4_out|       pointer|
|localA_828_4_out_ap_vld   |  out|    1|      ap_vld|                             localA_828_4_out|       pointer|
|localA_827_4_out          |  out|    8|      ap_vld|                             localA_827_4_out|       pointer|
|localA_827_4_out_ap_vld   |  out|    1|      ap_vld|                             localA_827_4_out|       pointer|
|localA_826_4_out          |  out|    8|      ap_vld|                             localA_826_4_out|       pointer|
|localA_826_4_out_ap_vld   |  out|    1|      ap_vld|                             localA_826_4_out|       pointer|
|localA_825_4_out          |  out|    8|      ap_vld|                             localA_825_4_out|       pointer|
|localA_825_4_out_ap_vld   |  out|    1|      ap_vld|                             localA_825_4_out|       pointer|
|localA_824_4_out          |  out|    8|      ap_vld|                             localA_824_4_out|       pointer|
|localA_824_4_out_ap_vld   |  out|    1|      ap_vld|                             localA_824_4_out|       pointer|
|localA_823_4_out          |  out|    8|      ap_vld|                             localA_823_4_out|       pointer|
|localA_823_4_out_ap_vld   |  out|    1|      ap_vld|                             localA_823_4_out|       pointer|
|localA_822_4_out          |  out|    8|      ap_vld|                             localA_822_4_out|       pointer|
|localA_822_4_out_ap_vld   |  out|    1|      ap_vld|                             localA_822_4_out|       pointer|
|localA_821_4_out          |  out|    8|      ap_vld|                             localA_821_4_out|       pointer|
|localA_821_4_out_ap_vld   |  out|    1|      ap_vld|                             localA_821_4_out|       pointer|
|localA_820_4_out          |  out|    8|      ap_vld|                             localA_820_4_out|       pointer|
|localA_820_4_out_ap_vld   |  out|    1|      ap_vld|                             localA_820_4_out|       pointer|
|localA_819_4_out          |  out|    8|      ap_vld|                             localA_819_4_out|       pointer|
|localA_819_4_out_ap_vld   |  out|    1|      ap_vld|                             localA_819_4_out|       pointer|
|localA_818_4_out          |  out|    8|      ap_vld|                             localA_818_4_out|       pointer|
|localA_818_4_out_ap_vld   |  out|    1|      ap_vld|                             localA_818_4_out|       pointer|
|localA_817_4_out          |  out|    8|      ap_vld|                             localA_817_4_out|       pointer|
|localA_817_4_out_ap_vld   |  out|    1|      ap_vld|                             localA_817_4_out|       pointer|
|localA_816_4_out          |  out|    8|      ap_vld|                             localA_816_4_out|       pointer|
|localA_816_4_out_ap_vld   |  out|    1|      ap_vld|                             localA_816_4_out|       pointer|
|localA_815_4_out          |  out|    8|      ap_vld|                             localA_815_4_out|       pointer|
|localA_815_4_out_ap_vld   |  out|    1|      ap_vld|                             localA_815_4_out|       pointer|
|localA_814_4_out          |  out|    8|      ap_vld|                             localA_814_4_out|       pointer|
|localA_814_4_out_ap_vld   |  out|    1|      ap_vld|                             localA_814_4_out|       pointer|
|localA_813_4_out          |  out|    8|      ap_vld|                             localA_813_4_out|       pointer|
|localA_813_4_out_ap_vld   |  out|    1|      ap_vld|                             localA_813_4_out|       pointer|
|localA_812_4_out          |  out|    8|      ap_vld|                             localA_812_4_out|       pointer|
|localA_812_4_out_ap_vld   |  out|    1|      ap_vld|                             localA_812_4_out|       pointer|
|localA_811_4_out          |  out|    8|      ap_vld|                             localA_811_4_out|       pointer|
|localA_811_4_out_ap_vld   |  out|    1|      ap_vld|                             localA_811_4_out|       pointer|
|localA_810_4_out          |  out|    8|      ap_vld|                             localA_810_4_out|       pointer|
|localA_810_4_out_ap_vld   |  out|    1|      ap_vld|                             localA_810_4_out|       pointer|
|localA_809_4_out          |  out|    8|      ap_vld|                             localA_809_4_out|       pointer|
|localA_809_4_out_ap_vld   |  out|    1|      ap_vld|                             localA_809_4_out|       pointer|
|localA_808_4_out          |  out|    8|      ap_vld|                             localA_808_4_out|       pointer|
|localA_808_4_out_ap_vld   |  out|    1|      ap_vld|                             localA_808_4_out|       pointer|
|localA_807_4_out          |  out|    8|      ap_vld|                             localA_807_4_out|       pointer|
|localA_807_4_out_ap_vld   |  out|    1|      ap_vld|                             localA_807_4_out|       pointer|
|localA_806_4_out          |  out|    8|      ap_vld|                             localA_806_4_out|       pointer|
|localA_806_4_out_ap_vld   |  out|    1|      ap_vld|                             localA_806_4_out|       pointer|
|localA_805_4_out          |  out|    8|      ap_vld|                             localA_805_4_out|       pointer|
|localA_805_4_out_ap_vld   |  out|    1|      ap_vld|                             localA_805_4_out|       pointer|
|localA_804_4_out          |  out|    8|      ap_vld|                             localA_804_4_out|       pointer|
|localA_804_4_out_ap_vld   |  out|    1|      ap_vld|                             localA_804_4_out|       pointer|
|localA_803_4_out          |  out|    8|      ap_vld|                             localA_803_4_out|       pointer|
|localA_803_4_out_ap_vld   |  out|    1|      ap_vld|                             localA_803_4_out|       pointer|
|localA_802_4_out          |  out|    8|      ap_vld|                             localA_802_4_out|       pointer|
|localA_802_4_out_ap_vld   |  out|    1|      ap_vld|                             localA_802_4_out|       pointer|
|localA_801_4_out          |  out|    8|      ap_vld|                             localA_801_4_out|       pointer|
|localA_801_4_out_ap_vld   |  out|    1|      ap_vld|                             localA_801_4_out|       pointer|
|localA_800_4_out          |  out|    8|      ap_vld|                             localA_800_4_out|       pointer|
|localA_800_4_out_ap_vld   |  out|    1|      ap_vld|                             localA_800_4_out|       pointer|
|localA_799_4_out          |  out|    8|      ap_vld|                             localA_799_4_out|       pointer|
|localA_799_4_out_ap_vld   |  out|    1|      ap_vld|                             localA_799_4_out|       pointer|
|localA_798_4_out          |  out|    8|      ap_vld|                             localA_798_4_out|       pointer|
|localA_798_4_out_ap_vld   |  out|    1|      ap_vld|                             localA_798_4_out|       pointer|
|localA_797_4_out          |  out|    8|      ap_vld|                             localA_797_4_out|       pointer|
|localA_797_4_out_ap_vld   |  out|    1|      ap_vld|                             localA_797_4_out|       pointer|
|localA_796_4_out          |  out|    8|      ap_vld|                             localA_796_4_out|       pointer|
|localA_796_4_out_ap_vld   |  out|    1|      ap_vld|                             localA_796_4_out|       pointer|
|localA_795_4_out          |  out|    8|      ap_vld|                             localA_795_4_out|       pointer|
|localA_795_4_out_ap_vld   |  out|    1|      ap_vld|                             localA_795_4_out|       pointer|
|localA_794_4_out          |  out|    8|      ap_vld|                             localA_794_4_out|       pointer|
|localA_794_4_out_ap_vld   |  out|    1|      ap_vld|                             localA_794_4_out|       pointer|
|localA_793_4_out          |  out|    8|      ap_vld|                             localA_793_4_out|       pointer|
|localA_793_4_out_ap_vld   |  out|    1|      ap_vld|                             localA_793_4_out|       pointer|
|localA_792_4_out          |  out|    8|      ap_vld|                             localA_792_4_out|       pointer|
|localA_792_4_out_ap_vld   |  out|    1|      ap_vld|                             localA_792_4_out|       pointer|
|localA_791_4_out          |  out|    8|      ap_vld|                             localA_791_4_out|       pointer|
|localA_791_4_out_ap_vld   |  out|    1|      ap_vld|                             localA_791_4_out|       pointer|
|localA_790_4_out          |  out|    8|      ap_vld|                             localA_790_4_out|       pointer|
|localA_790_4_out_ap_vld   |  out|    1|      ap_vld|                             localA_790_4_out|       pointer|
|localA_789_4_out          |  out|    8|      ap_vld|                             localA_789_4_out|       pointer|
|localA_789_4_out_ap_vld   |  out|    1|      ap_vld|                             localA_789_4_out|       pointer|
|localA_788_4_out          |  out|    8|      ap_vld|                             localA_788_4_out|       pointer|
|localA_788_4_out_ap_vld   |  out|    1|      ap_vld|                             localA_788_4_out|       pointer|
|localA_787_4_out          |  out|    8|      ap_vld|                             localA_787_4_out|       pointer|
|localA_787_4_out_ap_vld   |  out|    1|      ap_vld|                             localA_787_4_out|       pointer|
|localA_786_4_out          |  out|    8|      ap_vld|                             localA_786_4_out|       pointer|
|localA_786_4_out_ap_vld   |  out|    1|      ap_vld|                             localA_786_4_out|       pointer|
|localA_785_4_out          |  out|    8|      ap_vld|                             localA_785_4_out|       pointer|
|localA_785_4_out_ap_vld   |  out|    1|      ap_vld|                             localA_785_4_out|       pointer|
|localA_784_4_out          |  out|    8|      ap_vld|                             localA_784_4_out|       pointer|
|localA_784_4_out_ap_vld   |  out|    1|      ap_vld|                             localA_784_4_out|       pointer|
|localA_783_4_out          |  out|    8|      ap_vld|                             localA_783_4_out|       pointer|
|localA_783_4_out_ap_vld   |  out|    1|      ap_vld|                             localA_783_4_out|       pointer|
|localA_782_4_out          |  out|    8|      ap_vld|                             localA_782_4_out|       pointer|
|localA_782_4_out_ap_vld   |  out|    1|      ap_vld|                             localA_782_4_out|       pointer|
|localA_781_4_out          |  out|    8|      ap_vld|                             localA_781_4_out|       pointer|
|localA_781_4_out_ap_vld   |  out|    1|      ap_vld|                             localA_781_4_out|       pointer|
|localA_780_4_out          |  out|    8|      ap_vld|                             localA_780_4_out|       pointer|
|localA_780_4_out_ap_vld   |  out|    1|      ap_vld|                             localA_780_4_out|       pointer|
|localA_779_4_out          |  out|    8|      ap_vld|                             localA_779_4_out|       pointer|
|localA_779_4_out_ap_vld   |  out|    1|      ap_vld|                             localA_779_4_out|       pointer|
|localA_778_4_out          |  out|    8|      ap_vld|                             localA_778_4_out|       pointer|
|localA_778_4_out_ap_vld   |  out|    1|      ap_vld|                             localA_778_4_out|       pointer|
|localA_777_4_out          |  out|    8|      ap_vld|                             localA_777_4_out|       pointer|
|localA_777_4_out_ap_vld   |  out|    1|      ap_vld|                             localA_777_4_out|       pointer|
|localA_776_4_out          |  out|    8|      ap_vld|                             localA_776_4_out|       pointer|
|localA_776_4_out_ap_vld   |  out|    1|      ap_vld|                             localA_776_4_out|       pointer|
|localA_775_4_out          |  out|    8|      ap_vld|                             localA_775_4_out|       pointer|
|localA_775_4_out_ap_vld   |  out|    1|      ap_vld|                             localA_775_4_out|       pointer|
|localA_774_4_out          |  out|    8|      ap_vld|                             localA_774_4_out|       pointer|
|localA_774_4_out_ap_vld   |  out|    1|      ap_vld|                             localA_774_4_out|       pointer|
|localA_773_4_out          |  out|    8|      ap_vld|                             localA_773_4_out|       pointer|
|localA_773_4_out_ap_vld   |  out|    1|      ap_vld|                             localA_773_4_out|       pointer|
|localA_772_4_out          |  out|    8|      ap_vld|                             localA_772_4_out|       pointer|
|localA_772_4_out_ap_vld   |  out|    1|      ap_vld|                             localA_772_4_out|       pointer|
|localA_771_4_out          |  out|    8|      ap_vld|                             localA_771_4_out|       pointer|
|localA_771_4_out_ap_vld   |  out|    1|      ap_vld|                             localA_771_4_out|       pointer|
|localA_770_4_out          |  out|    8|      ap_vld|                             localA_770_4_out|       pointer|
|localA_770_4_out_ap_vld   |  out|    1|      ap_vld|                             localA_770_4_out|       pointer|
|localA_769_4_out          |  out|    8|      ap_vld|                             localA_769_4_out|       pointer|
|localA_769_4_out_ap_vld   |  out|    1|      ap_vld|                             localA_769_4_out|       pointer|
|localA_768_4_out          |  out|    8|      ap_vld|                             localA_768_4_out|       pointer|
|localA_768_4_out_ap_vld   |  out|    1|      ap_vld|                             localA_768_4_out|       pointer|
|localA_767_4_out          |  out|    8|      ap_vld|                             localA_767_4_out|       pointer|
|localA_767_4_out_ap_vld   |  out|    1|      ap_vld|                             localA_767_4_out|       pointer|
|localA_766_4_out          |  out|    8|      ap_vld|                             localA_766_4_out|       pointer|
|localA_766_4_out_ap_vld   |  out|    1|      ap_vld|                             localA_766_4_out|       pointer|
|localA_765_4_out          |  out|    8|      ap_vld|                             localA_765_4_out|       pointer|
|localA_765_4_out_ap_vld   |  out|    1|      ap_vld|                             localA_765_4_out|       pointer|
|localA_764_4_out          |  out|    8|      ap_vld|                             localA_764_4_out|       pointer|
|localA_764_4_out_ap_vld   |  out|    1|      ap_vld|                             localA_764_4_out|       pointer|
|localA_763_4_out          |  out|    8|      ap_vld|                             localA_763_4_out|       pointer|
|localA_763_4_out_ap_vld   |  out|    1|      ap_vld|                             localA_763_4_out|       pointer|
|localA_762_4_out          |  out|    8|      ap_vld|                             localA_762_4_out|       pointer|
|localA_762_4_out_ap_vld   |  out|    1|      ap_vld|                             localA_762_4_out|       pointer|
|localA_761_4_out          |  out|    8|      ap_vld|                             localA_761_4_out|       pointer|
|localA_761_4_out_ap_vld   |  out|    1|      ap_vld|                             localA_761_4_out|       pointer|
|localA_760_4_out          |  out|    8|      ap_vld|                             localA_760_4_out|       pointer|
|localA_760_4_out_ap_vld   |  out|    1|      ap_vld|                             localA_760_4_out|       pointer|
|localA_759_4_out          |  out|    8|      ap_vld|                             localA_759_4_out|       pointer|
|localA_759_4_out_ap_vld   |  out|    1|      ap_vld|                             localA_759_4_out|       pointer|
|localA_758_4_out          |  out|    8|      ap_vld|                             localA_758_4_out|       pointer|
|localA_758_4_out_ap_vld   |  out|    1|      ap_vld|                             localA_758_4_out|       pointer|
|localA_757_4_out          |  out|    8|      ap_vld|                             localA_757_4_out|       pointer|
|localA_757_4_out_ap_vld   |  out|    1|      ap_vld|                             localA_757_4_out|       pointer|
|localA_756_4_out          |  out|    8|      ap_vld|                             localA_756_4_out|       pointer|
|localA_756_4_out_ap_vld   |  out|    1|      ap_vld|                             localA_756_4_out|       pointer|
|localA_755_4_out          |  out|    8|      ap_vld|                             localA_755_4_out|       pointer|
|localA_755_4_out_ap_vld   |  out|    1|      ap_vld|                             localA_755_4_out|       pointer|
|localA_754_4_out          |  out|    8|      ap_vld|                             localA_754_4_out|       pointer|
|localA_754_4_out_ap_vld   |  out|    1|      ap_vld|                             localA_754_4_out|       pointer|
|localA_753_4_out          |  out|    8|      ap_vld|                             localA_753_4_out|       pointer|
|localA_753_4_out_ap_vld   |  out|    1|      ap_vld|                             localA_753_4_out|       pointer|
|localA_752_4_out          |  out|    8|      ap_vld|                             localA_752_4_out|       pointer|
|localA_752_4_out_ap_vld   |  out|    1|      ap_vld|                             localA_752_4_out|       pointer|
|localA_751_4_out          |  out|    8|      ap_vld|                             localA_751_4_out|       pointer|
|localA_751_4_out_ap_vld   |  out|    1|      ap_vld|                             localA_751_4_out|       pointer|
|localA_750_4_out          |  out|    8|      ap_vld|                             localA_750_4_out|       pointer|
|localA_750_4_out_ap_vld   |  out|    1|      ap_vld|                             localA_750_4_out|       pointer|
|localA_749_4_out          |  out|    8|      ap_vld|                             localA_749_4_out|       pointer|
|localA_749_4_out_ap_vld   |  out|    1|      ap_vld|                             localA_749_4_out|       pointer|
|localA_748_4_out          |  out|    8|      ap_vld|                             localA_748_4_out|       pointer|
|localA_748_4_out_ap_vld   |  out|    1|      ap_vld|                             localA_748_4_out|       pointer|
|localA_747_4_out          |  out|    8|      ap_vld|                             localA_747_4_out|       pointer|
|localA_747_4_out_ap_vld   |  out|    1|      ap_vld|                             localA_747_4_out|       pointer|
|localA_746_4_out          |  out|    8|      ap_vld|                             localA_746_4_out|       pointer|
|localA_746_4_out_ap_vld   |  out|    1|      ap_vld|                             localA_746_4_out|       pointer|
|localA_745_4_out          |  out|    8|      ap_vld|                             localA_745_4_out|       pointer|
|localA_745_4_out_ap_vld   |  out|    1|      ap_vld|                             localA_745_4_out|       pointer|
|localA_744_4_out          |  out|    8|      ap_vld|                             localA_744_4_out|       pointer|
|localA_744_4_out_ap_vld   |  out|    1|      ap_vld|                             localA_744_4_out|       pointer|
|localA_743_4_out          |  out|    8|      ap_vld|                             localA_743_4_out|       pointer|
|localA_743_4_out_ap_vld   |  out|    1|      ap_vld|                             localA_743_4_out|       pointer|
|localA_742_4_out          |  out|    8|      ap_vld|                             localA_742_4_out|       pointer|
|localA_742_4_out_ap_vld   |  out|    1|      ap_vld|                             localA_742_4_out|       pointer|
|localA_741_4_out          |  out|    8|      ap_vld|                             localA_741_4_out|       pointer|
|localA_741_4_out_ap_vld   |  out|    1|      ap_vld|                             localA_741_4_out|       pointer|
|localA_740_4_out          |  out|    8|      ap_vld|                             localA_740_4_out|       pointer|
|localA_740_4_out_ap_vld   |  out|    1|      ap_vld|                             localA_740_4_out|       pointer|
|localA_739_4_out          |  out|    8|      ap_vld|                             localA_739_4_out|       pointer|
|localA_739_4_out_ap_vld   |  out|    1|      ap_vld|                             localA_739_4_out|       pointer|
|localA_738_4_out          |  out|    8|      ap_vld|                             localA_738_4_out|       pointer|
|localA_738_4_out_ap_vld   |  out|    1|      ap_vld|                             localA_738_4_out|       pointer|
|localA_737_4_out          |  out|    8|      ap_vld|                             localA_737_4_out|       pointer|
|localA_737_4_out_ap_vld   |  out|    1|      ap_vld|                             localA_737_4_out|       pointer|
|localA_736_4_out          |  out|    8|      ap_vld|                             localA_736_4_out|       pointer|
|localA_736_4_out_ap_vld   |  out|    1|      ap_vld|                             localA_736_4_out|       pointer|
|localA_735_4_out          |  out|    8|      ap_vld|                             localA_735_4_out|       pointer|
|localA_735_4_out_ap_vld   |  out|    1|      ap_vld|                             localA_735_4_out|       pointer|
|localA_734_4_out          |  out|    8|      ap_vld|                             localA_734_4_out|       pointer|
|localA_734_4_out_ap_vld   |  out|    1|      ap_vld|                             localA_734_4_out|       pointer|
|localA_733_4_out          |  out|    8|      ap_vld|                             localA_733_4_out|       pointer|
|localA_733_4_out_ap_vld   |  out|    1|      ap_vld|                             localA_733_4_out|       pointer|
|localA_732_4_out          |  out|    8|      ap_vld|                             localA_732_4_out|       pointer|
|localA_732_4_out_ap_vld   |  out|    1|      ap_vld|                             localA_732_4_out|       pointer|
|localA_731_4_out          |  out|    8|      ap_vld|                             localA_731_4_out|       pointer|
|localA_731_4_out_ap_vld   |  out|    1|      ap_vld|                             localA_731_4_out|       pointer|
|localA_730_4_out          |  out|    8|      ap_vld|                             localA_730_4_out|       pointer|
|localA_730_4_out_ap_vld   |  out|    1|      ap_vld|                             localA_730_4_out|       pointer|
|localA_729_4_out          |  out|    8|      ap_vld|                             localA_729_4_out|       pointer|
|localA_729_4_out_ap_vld   |  out|    1|      ap_vld|                             localA_729_4_out|       pointer|
|localA_728_4_out          |  out|    8|      ap_vld|                             localA_728_4_out|       pointer|
|localA_728_4_out_ap_vld   |  out|    1|      ap_vld|                             localA_728_4_out|       pointer|
|localA_727_4_out          |  out|    8|      ap_vld|                             localA_727_4_out|       pointer|
|localA_727_4_out_ap_vld   |  out|    1|      ap_vld|                             localA_727_4_out|       pointer|
|localA_726_4_out          |  out|    8|      ap_vld|                             localA_726_4_out|       pointer|
|localA_726_4_out_ap_vld   |  out|    1|      ap_vld|                             localA_726_4_out|       pointer|
|localA_725_4_out          |  out|    8|      ap_vld|                             localA_725_4_out|       pointer|
|localA_725_4_out_ap_vld   |  out|    1|      ap_vld|                             localA_725_4_out|       pointer|
|localA_724_4_out          |  out|    8|      ap_vld|                             localA_724_4_out|       pointer|
|localA_724_4_out_ap_vld   |  out|    1|      ap_vld|                             localA_724_4_out|       pointer|
|localA_723_4_out          |  out|    8|      ap_vld|                             localA_723_4_out|       pointer|
|localA_723_4_out_ap_vld   |  out|    1|      ap_vld|                             localA_723_4_out|       pointer|
|localA_722_4_out          |  out|    8|      ap_vld|                             localA_722_4_out|       pointer|
|localA_722_4_out_ap_vld   |  out|    1|      ap_vld|                             localA_722_4_out|       pointer|
|localA_721_4_out          |  out|    8|      ap_vld|                             localA_721_4_out|       pointer|
|localA_721_4_out_ap_vld   |  out|    1|      ap_vld|                             localA_721_4_out|       pointer|
|localA_720_4_out          |  out|    8|      ap_vld|                             localA_720_4_out|       pointer|
|localA_720_4_out_ap_vld   |  out|    1|      ap_vld|                             localA_720_4_out|       pointer|
|localA_719_4_out          |  out|    8|      ap_vld|                             localA_719_4_out|       pointer|
|localA_719_4_out_ap_vld   |  out|    1|      ap_vld|                             localA_719_4_out|       pointer|
|localA_718_4_out          |  out|    8|      ap_vld|                             localA_718_4_out|       pointer|
|localA_718_4_out_ap_vld   |  out|    1|      ap_vld|                             localA_718_4_out|       pointer|
|localA_717_4_out          |  out|    8|      ap_vld|                             localA_717_4_out|       pointer|
|localA_717_4_out_ap_vld   |  out|    1|      ap_vld|                             localA_717_4_out|       pointer|
|localA_716_4_out          |  out|    8|      ap_vld|                             localA_716_4_out|       pointer|
|localA_716_4_out_ap_vld   |  out|    1|      ap_vld|                             localA_716_4_out|       pointer|
|localA_715_4_out          |  out|    8|      ap_vld|                             localA_715_4_out|       pointer|
|localA_715_4_out_ap_vld   |  out|    1|      ap_vld|                             localA_715_4_out|       pointer|
|localA_714_4_out          |  out|    8|      ap_vld|                             localA_714_4_out|       pointer|
|localA_714_4_out_ap_vld   |  out|    1|      ap_vld|                             localA_714_4_out|       pointer|
|localA_713_4_out          |  out|    8|      ap_vld|                             localA_713_4_out|       pointer|
|localA_713_4_out_ap_vld   |  out|    1|      ap_vld|                             localA_713_4_out|       pointer|
|localA_712_4_out          |  out|    8|      ap_vld|                             localA_712_4_out|       pointer|
|localA_712_4_out_ap_vld   |  out|    1|      ap_vld|                             localA_712_4_out|       pointer|
|localA_711_4_out          |  out|    8|      ap_vld|                             localA_711_4_out|       pointer|
|localA_711_4_out_ap_vld   |  out|    1|      ap_vld|                             localA_711_4_out|       pointer|
|localA_710_4_out          |  out|    8|      ap_vld|                             localA_710_4_out|       pointer|
|localA_710_4_out_ap_vld   |  out|    1|      ap_vld|                             localA_710_4_out|       pointer|
|localA_709_4_out          |  out|    8|      ap_vld|                             localA_709_4_out|       pointer|
|localA_709_4_out_ap_vld   |  out|    1|      ap_vld|                             localA_709_4_out|       pointer|
|localA_708_4_out          |  out|    8|      ap_vld|                             localA_708_4_out|       pointer|
|localA_708_4_out_ap_vld   |  out|    1|      ap_vld|                             localA_708_4_out|       pointer|
|localA_707_4_out          |  out|    8|      ap_vld|                             localA_707_4_out|       pointer|
|localA_707_4_out_ap_vld   |  out|    1|      ap_vld|                             localA_707_4_out|       pointer|
|localA_706_4_out          |  out|    8|      ap_vld|                             localA_706_4_out|       pointer|
|localA_706_4_out_ap_vld   |  out|    1|      ap_vld|                             localA_706_4_out|       pointer|
|localA_705_4_out          |  out|    8|      ap_vld|                             localA_705_4_out|       pointer|
|localA_705_4_out_ap_vld   |  out|    1|      ap_vld|                             localA_705_4_out|       pointer|
|localA_704_4_out          |  out|    8|      ap_vld|                             localA_704_4_out|       pointer|
|localA_704_4_out_ap_vld   |  out|    1|      ap_vld|                             localA_704_4_out|       pointer|
|localA_703_4_out          |  out|    8|      ap_vld|                             localA_703_4_out|       pointer|
|localA_703_4_out_ap_vld   |  out|    1|      ap_vld|                             localA_703_4_out|       pointer|
|localA_702_4_out          |  out|    8|      ap_vld|                             localA_702_4_out|       pointer|
|localA_702_4_out_ap_vld   |  out|    1|      ap_vld|                             localA_702_4_out|       pointer|
|localA_701_4_out          |  out|    8|      ap_vld|                             localA_701_4_out|       pointer|
|localA_701_4_out_ap_vld   |  out|    1|      ap_vld|                             localA_701_4_out|       pointer|
|localA_700_4_out          |  out|    8|      ap_vld|                             localA_700_4_out|       pointer|
|localA_700_4_out_ap_vld   |  out|    1|      ap_vld|                             localA_700_4_out|       pointer|
|localA_699_4_out          |  out|    8|      ap_vld|                             localA_699_4_out|       pointer|
|localA_699_4_out_ap_vld   |  out|    1|      ap_vld|                             localA_699_4_out|       pointer|
|localA_698_4_out          |  out|    8|      ap_vld|                             localA_698_4_out|       pointer|
|localA_698_4_out_ap_vld   |  out|    1|      ap_vld|                             localA_698_4_out|       pointer|
|localA_697_4_out          |  out|    8|      ap_vld|                             localA_697_4_out|       pointer|
|localA_697_4_out_ap_vld   |  out|    1|      ap_vld|                             localA_697_4_out|       pointer|
|localA_696_4_out          |  out|    8|      ap_vld|                             localA_696_4_out|       pointer|
|localA_696_4_out_ap_vld   |  out|    1|      ap_vld|                             localA_696_4_out|       pointer|
|localA_695_4_out          |  out|    8|      ap_vld|                             localA_695_4_out|       pointer|
|localA_695_4_out_ap_vld   |  out|    1|      ap_vld|                             localA_695_4_out|       pointer|
|localA_694_4_out          |  out|    8|      ap_vld|                             localA_694_4_out|       pointer|
|localA_694_4_out_ap_vld   |  out|    1|      ap_vld|                             localA_694_4_out|       pointer|
|localA_693_4_out          |  out|    8|      ap_vld|                             localA_693_4_out|       pointer|
|localA_693_4_out_ap_vld   |  out|    1|      ap_vld|                             localA_693_4_out|       pointer|
|localA_692_4_out          |  out|    8|      ap_vld|                             localA_692_4_out|       pointer|
|localA_692_4_out_ap_vld   |  out|    1|      ap_vld|                             localA_692_4_out|       pointer|
|localA_691_4_out          |  out|    8|      ap_vld|                             localA_691_4_out|       pointer|
|localA_691_4_out_ap_vld   |  out|    1|      ap_vld|                             localA_691_4_out|       pointer|
|localA_690_4_out          |  out|    8|      ap_vld|                             localA_690_4_out|       pointer|
|localA_690_4_out_ap_vld   |  out|    1|      ap_vld|                             localA_690_4_out|       pointer|
|localA_689_4_out          |  out|    8|      ap_vld|                             localA_689_4_out|       pointer|
|localA_689_4_out_ap_vld   |  out|    1|      ap_vld|                             localA_689_4_out|       pointer|
|localA_688_4_out          |  out|    8|      ap_vld|                             localA_688_4_out|       pointer|
|localA_688_4_out_ap_vld   |  out|    1|      ap_vld|                             localA_688_4_out|       pointer|
|localA_687_4_out          |  out|    8|      ap_vld|                             localA_687_4_out|       pointer|
|localA_687_4_out_ap_vld   |  out|    1|      ap_vld|                             localA_687_4_out|       pointer|
|localA_686_4_out          |  out|    8|      ap_vld|                             localA_686_4_out|       pointer|
|localA_686_4_out_ap_vld   |  out|    1|      ap_vld|                             localA_686_4_out|       pointer|
|localA_685_4_out          |  out|    8|      ap_vld|                             localA_685_4_out|       pointer|
|localA_685_4_out_ap_vld   |  out|    1|      ap_vld|                             localA_685_4_out|       pointer|
|localA_684_4_out          |  out|    8|      ap_vld|                             localA_684_4_out|       pointer|
|localA_684_4_out_ap_vld   |  out|    1|      ap_vld|                             localA_684_4_out|       pointer|
|localA_683_4_out          |  out|    8|      ap_vld|                             localA_683_4_out|       pointer|
|localA_683_4_out_ap_vld   |  out|    1|      ap_vld|                             localA_683_4_out|       pointer|
|localA_682_4_out          |  out|    8|      ap_vld|                             localA_682_4_out|       pointer|
|localA_682_4_out_ap_vld   |  out|    1|      ap_vld|                             localA_682_4_out|       pointer|
|localA_681_4_out          |  out|    8|      ap_vld|                             localA_681_4_out|       pointer|
|localA_681_4_out_ap_vld   |  out|    1|      ap_vld|                             localA_681_4_out|       pointer|
|localA_680_4_out          |  out|    8|      ap_vld|                             localA_680_4_out|       pointer|
|localA_680_4_out_ap_vld   |  out|    1|      ap_vld|                             localA_680_4_out|       pointer|
|localA_679_4_out          |  out|    8|      ap_vld|                             localA_679_4_out|       pointer|
|localA_679_4_out_ap_vld   |  out|    1|      ap_vld|                             localA_679_4_out|       pointer|
|localA_678_4_out          |  out|    8|      ap_vld|                             localA_678_4_out|       pointer|
|localA_678_4_out_ap_vld   |  out|    1|      ap_vld|                             localA_678_4_out|       pointer|
|localA_677_4_out          |  out|    8|      ap_vld|                             localA_677_4_out|       pointer|
|localA_677_4_out_ap_vld   |  out|    1|      ap_vld|                             localA_677_4_out|       pointer|
|localA_676_4_out          |  out|    8|      ap_vld|                             localA_676_4_out|       pointer|
|localA_676_4_out_ap_vld   |  out|    1|      ap_vld|                             localA_676_4_out|       pointer|
|localA_675_4_out          |  out|    8|      ap_vld|                             localA_675_4_out|       pointer|
|localA_675_4_out_ap_vld   |  out|    1|      ap_vld|                             localA_675_4_out|       pointer|
|localA_674_4_out          |  out|    8|      ap_vld|                             localA_674_4_out|       pointer|
|localA_674_4_out_ap_vld   |  out|    1|      ap_vld|                             localA_674_4_out|       pointer|
|localA_673_4_out          |  out|    8|      ap_vld|                             localA_673_4_out|       pointer|
|localA_673_4_out_ap_vld   |  out|    1|      ap_vld|                             localA_673_4_out|       pointer|
|localA_672_4_out          |  out|    8|      ap_vld|                             localA_672_4_out|       pointer|
|localA_672_4_out_ap_vld   |  out|    1|      ap_vld|                             localA_672_4_out|       pointer|
|localA_671_4_out          |  out|    8|      ap_vld|                             localA_671_4_out|       pointer|
|localA_671_4_out_ap_vld   |  out|    1|      ap_vld|                             localA_671_4_out|       pointer|
|localA_670_4_out          |  out|    8|      ap_vld|                             localA_670_4_out|       pointer|
|localA_670_4_out_ap_vld   |  out|    1|      ap_vld|                             localA_670_4_out|       pointer|
|localA_669_4_out          |  out|    8|      ap_vld|                             localA_669_4_out|       pointer|
|localA_669_4_out_ap_vld   |  out|    1|      ap_vld|                             localA_669_4_out|       pointer|
|localA_668_4_out          |  out|    8|      ap_vld|                             localA_668_4_out|       pointer|
|localA_668_4_out_ap_vld   |  out|    1|      ap_vld|                             localA_668_4_out|       pointer|
|localA_667_4_out          |  out|    8|      ap_vld|                             localA_667_4_out|       pointer|
|localA_667_4_out_ap_vld   |  out|    1|      ap_vld|                             localA_667_4_out|       pointer|
|localA_666_4_out          |  out|    8|      ap_vld|                             localA_666_4_out|       pointer|
|localA_666_4_out_ap_vld   |  out|    1|      ap_vld|                             localA_666_4_out|       pointer|
|localA_665_4_out          |  out|    8|      ap_vld|                             localA_665_4_out|       pointer|
|localA_665_4_out_ap_vld   |  out|    1|      ap_vld|                             localA_665_4_out|       pointer|
|localA_664_4_out          |  out|    8|      ap_vld|                             localA_664_4_out|       pointer|
|localA_664_4_out_ap_vld   |  out|    1|      ap_vld|                             localA_664_4_out|       pointer|
|localA_663_4_out          |  out|    8|      ap_vld|                             localA_663_4_out|       pointer|
|localA_663_4_out_ap_vld   |  out|    1|      ap_vld|                             localA_663_4_out|       pointer|
|localA_662_4_out          |  out|    8|      ap_vld|                             localA_662_4_out|       pointer|
|localA_662_4_out_ap_vld   |  out|    1|      ap_vld|                             localA_662_4_out|       pointer|
|localA_661_4_out          |  out|    8|      ap_vld|                             localA_661_4_out|       pointer|
|localA_661_4_out_ap_vld   |  out|    1|      ap_vld|                             localA_661_4_out|       pointer|
|localA_660_4_out          |  out|    8|      ap_vld|                             localA_660_4_out|       pointer|
|localA_660_4_out_ap_vld   |  out|    1|      ap_vld|                             localA_660_4_out|       pointer|
|localA_659_4_out          |  out|    8|      ap_vld|                             localA_659_4_out|       pointer|
|localA_659_4_out_ap_vld   |  out|    1|      ap_vld|                             localA_659_4_out|       pointer|
|localA_658_4_out          |  out|    8|      ap_vld|                             localA_658_4_out|       pointer|
|localA_658_4_out_ap_vld   |  out|    1|      ap_vld|                             localA_658_4_out|       pointer|
|localA_657_4_out          |  out|    8|      ap_vld|                             localA_657_4_out|       pointer|
|localA_657_4_out_ap_vld   |  out|    1|      ap_vld|                             localA_657_4_out|       pointer|
|localA_656_4_out          |  out|    8|      ap_vld|                             localA_656_4_out|       pointer|
|localA_656_4_out_ap_vld   |  out|    1|      ap_vld|                             localA_656_4_out|       pointer|
|localA_655_4_out          |  out|    8|      ap_vld|                             localA_655_4_out|       pointer|
|localA_655_4_out_ap_vld   |  out|    1|      ap_vld|                             localA_655_4_out|       pointer|
|localA_654_4_out          |  out|    8|      ap_vld|                             localA_654_4_out|       pointer|
|localA_654_4_out_ap_vld   |  out|    1|      ap_vld|                             localA_654_4_out|       pointer|
|localA_653_4_out          |  out|    8|      ap_vld|                             localA_653_4_out|       pointer|
|localA_653_4_out_ap_vld   |  out|    1|      ap_vld|                             localA_653_4_out|       pointer|
|localA_652_4_out          |  out|    8|      ap_vld|                             localA_652_4_out|       pointer|
|localA_652_4_out_ap_vld   |  out|    1|      ap_vld|                             localA_652_4_out|       pointer|
|localA_651_4_out          |  out|    8|      ap_vld|                             localA_651_4_out|       pointer|
|localA_651_4_out_ap_vld   |  out|    1|      ap_vld|                             localA_651_4_out|       pointer|
|localA_650_4_out          |  out|    8|      ap_vld|                             localA_650_4_out|       pointer|
|localA_650_4_out_ap_vld   |  out|    1|      ap_vld|                             localA_650_4_out|       pointer|
|localA_649_4_out          |  out|    8|      ap_vld|                             localA_649_4_out|       pointer|
|localA_649_4_out_ap_vld   |  out|    1|      ap_vld|                             localA_649_4_out|       pointer|
|localA_648_4_out          |  out|    8|      ap_vld|                             localA_648_4_out|       pointer|
|localA_648_4_out_ap_vld   |  out|    1|      ap_vld|                             localA_648_4_out|       pointer|
|localA_647_4_out          |  out|    8|      ap_vld|                             localA_647_4_out|       pointer|
|localA_647_4_out_ap_vld   |  out|    1|      ap_vld|                             localA_647_4_out|       pointer|
|localA_646_4_out          |  out|    8|      ap_vld|                             localA_646_4_out|       pointer|
|localA_646_4_out_ap_vld   |  out|    1|      ap_vld|                             localA_646_4_out|       pointer|
|localA_645_4_out          |  out|    8|      ap_vld|                             localA_645_4_out|       pointer|
|localA_645_4_out_ap_vld   |  out|    1|      ap_vld|                             localA_645_4_out|       pointer|
|localA_644_4_out          |  out|    8|      ap_vld|                             localA_644_4_out|       pointer|
|localA_644_4_out_ap_vld   |  out|    1|      ap_vld|                             localA_644_4_out|       pointer|
|localA_643_4_out          |  out|    8|      ap_vld|                             localA_643_4_out|       pointer|
|localA_643_4_out_ap_vld   |  out|    1|      ap_vld|                             localA_643_4_out|       pointer|
|localA_642_4_out          |  out|    8|      ap_vld|                             localA_642_4_out|       pointer|
|localA_642_4_out_ap_vld   |  out|    1|      ap_vld|                             localA_642_4_out|       pointer|
|localA_641_4_out          |  out|    8|      ap_vld|                             localA_641_4_out|       pointer|
|localA_641_4_out_ap_vld   |  out|    1|      ap_vld|                             localA_641_4_out|       pointer|
|localA_640_4_out          |  out|    8|      ap_vld|                             localA_640_4_out|       pointer|
|localA_640_4_out_ap_vld   |  out|    1|      ap_vld|                             localA_640_4_out|       pointer|
|localA_639_4_out          |  out|    8|      ap_vld|                             localA_639_4_out|       pointer|
|localA_639_4_out_ap_vld   |  out|    1|      ap_vld|                             localA_639_4_out|       pointer|
|localA_638_4_out          |  out|    8|      ap_vld|                             localA_638_4_out|       pointer|
|localA_638_4_out_ap_vld   |  out|    1|      ap_vld|                             localA_638_4_out|       pointer|
|localA_637_4_out          |  out|    8|      ap_vld|                             localA_637_4_out|       pointer|
|localA_637_4_out_ap_vld   |  out|    1|      ap_vld|                             localA_637_4_out|       pointer|
|localA_636_4_out          |  out|    8|      ap_vld|                             localA_636_4_out|       pointer|
|localA_636_4_out_ap_vld   |  out|    1|      ap_vld|                             localA_636_4_out|       pointer|
|localA_635_4_out          |  out|    8|      ap_vld|                             localA_635_4_out|       pointer|
|localA_635_4_out_ap_vld   |  out|    1|      ap_vld|                             localA_635_4_out|       pointer|
|localA_634_4_out          |  out|    8|      ap_vld|                             localA_634_4_out|       pointer|
|localA_634_4_out_ap_vld   |  out|    1|      ap_vld|                             localA_634_4_out|       pointer|
|localA_633_4_out          |  out|    8|      ap_vld|                             localA_633_4_out|       pointer|
|localA_633_4_out_ap_vld   |  out|    1|      ap_vld|                             localA_633_4_out|       pointer|
|localA_632_4_out          |  out|    8|      ap_vld|                             localA_632_4_out|       pointer|
|localA_632_4_out_ap_vld   |  out|    1|      ap_vld|                             localA_632_4_out|       pointer|
|localA_631_4_out          |  out|    8|      ap_vld|                             localA_631_4_out|       pointer|
|localA_631_4_out_ap_vld   |  out|    1|      ap_vld|                             localA_631_4_out|       pointer|
|localA_630_4_out          |  out|    8|      ap_vld|                             localA_630_4_out|       pointer|
|localA_630_4_out_ap_vld   |  out|    1|      ap_vld|                             localA_630_4_out|       pointer|
|localA_629_4_out          |  out|    8|      ap_vld|                             localA_629_4_out|       pointer|
|localA_629_4_out_ap_vld   |  out|    1|      ap_vld|                             localA_629_4_out|       pointer|
|localA_628_4_out          |  out|    8|      ap_vld|                             localA_628_4_out|       pointer|
|localA_628_4_out_ap_vld   |  out|    1|      ap_vld|                             localA_628_4_out|       pointer|
|localA_627_4_out          |  out|    8|      ap_vld|                             localA_627_4_out|       pointer|
|localA_627_4_out_ap_vld   |  out|    1|      ap_vld|                             localA_627_4_out|       pointer|
|localA_626_4_out          |  out|    8|      ap_vld|                             localA_626_4_out|       pointer|
|localA_626_4_out_ap_vld   |  out|    1|      ap_vld|                             localA_626_4_out|       pointer|
|localA_625_4_out          |  out|    8|      ap_vld|                             localA_625_4_out|       pointer|
|localA_625_4_out_ap_vld   |  out|    1|      ap_vld|                             localA_625_4_out|       pointer|
|localA_624_4_out          |  out|    8|      ap_vld|                             localA_624_4_out|       pointer|
|localA_624_4_out_ap_vld   |  out|    1|      ap_vld|                             localA_624_4_out|       pointer|
|localA_623_4_out          |  out|    8|      ap_vld|                             localA_623_4_out|       pointer|
|localA_623_4_out_ap_vld   |  out|    1|      ap_vld|                             localA_623_4_out|       pointer|
|localA_622_4_out          |  out|    8|      ap_vld|                             localA_622_4_out|       pointer|
|localA_622_4_out_ap_vld   |  out|    1|      ap_vld|                             localA_622_4_out|       pointer|
|localA_621_4_out          |  out|    8|      ap_vld|                             localA_621_4_out|       pointer|
|localA_621_4_out_ap_vld   |  out|    1|      ap_vld|                             localA_621_4_out|       pointer|
|localA_620_4_out          |  out|    8|      ap_vld|                             localA_620_4_out|       pointer|
|localA_620_4_out_ap_vld   |  out|    1|      ap_vld|                             localA_620_4_out|       pointer|
|localA_619_4_out          |  out|    8|      ap_vld|                             localA_619_4_out|       pointer|
|localA_619_4_out_ap_vld   |  out|    1|      ap_vld|                             localA_619_4_out|       pointer|
|localA_618_4_out          |  out|    8|      ap_vld|                             localA_618_4_out|       pointer|
|localA_618_4_out_ap_vld   |  out|    1|      ap_vld|                             localA_618_4_out|       pointer|
|localA_617_4_out          |  out|    8|      ap_vld|                             localA_617_4_out|       pointer|
|localA_617_4_out_ap_vld   |  out|    1|      ap_vld|                             localA_617_4_out|       pointer|
|localA_616_4_out          |  out|    8|      ap_vld|                             localA_616_4_out|       pointer|
|localA_616_4_out_ap_vld   |  out|    1|      ap_vld|                             localA_616_4_out|       pointer|
|localA_615_4_out          |  out|    8|      ap_vld|                             localA_615_4_out|       pointer|
|localA_615_4_out_ap_vld   |  out|    1|      ap_vld|                             localA_615_4_out|       pointer|
|localA_614_4_out          |  out|    8|      ap_vld|                             localA_614_4_out|       pointer|
|localA_614_4_out_ap_vld   |  out|    1|      ap_vld|                             localA_614_4_out|       pointer|
|localA_613_4_out          |  out|    8|      ap_vld|                             localA_613_4_out|       pointer|
|localA_613_4_out_ap_vld   |  out|    1|      ap_vld|                             localA_613_4_out|       pointer|
|localA_612_4_out          |  out|    8|      ap_vld|                             localA_612_4_out|       pointer|
|localA_612_4_out_ap_vld   |  out|    1|      ap_vld|                             localA_612_4_out|       pointer|
|localA_611_4_out          |  out|    8|      ap_vld|                             localA_611_4_out|       pointer|
|localA_611_4_out_ap_vld   |  out|    1|      ap_vld|                             localA_611_4_out|       pointer|
|localA_610_4_out          |  out|    8|      ap_vld|                             localA_610_4_out|       pointer|
|localA_610_4_out_ap_vld   |  out|    1|      ap_vld|                             localA_610_4_out|       pointer|
|localA_609_4_out          |  out|    8|      ap_vld|                             localA_609_4_out|       pointer|
|localA_609_4_out_ap_vld   |  out|    1|      ap_vld|                             localA_609_4_out|       pointer|
|localA_608_4_out          |  out|    8|      ap_vld|                             localA_608_4_out|       pointer|
|localA_608_4_out_ap_vld   |  out|    1|      ap_vld|                             localA_608_4_out|       pointer|
|localA_607_4_out          |  out|    8|      ap_vld|                             localA_607_4_out|       pointer|
|localA_607_4_out_ap_vld   |  out|    1|      ap_vld|                             localA_607_4_out|       pointer|
|localA_606_4_out          |  out|    8|      ap_vld|                             localA_606_4_out|       pointer|
|localA_606_4_out_ap_vld   |  out|    1|      ap_vld|                             localA_606_4_out|       pointer|
|localA_605_4_out          |  out|    8|      ap_vld|                             localA_605_4_out|       pointer|
|localA_605_4_out_ap_vld   |  out|    1|      ap_vld|                             localA_605_4_out|       pointer|
|localA_604_4_out          |  out|    8|      ap_vld|                             localA_604_4_out|       pointer|
|localA_604_4_out_ap_vld   |  out|    1|      ap_vld|                             localA_604_4_out|       pointer|
|localA_603_4_out          |  out|    8|      ap_vld|                             localA_603_4_out|       pointer|
|localA_603_4_out_ap_vld   |  out|    1|      ap_vld|                             localA_603_4_out|       pointer|
|localA_602_4_out          |  out|    8|      ap_vld|                             localA_602_4_out|       pointer|
|localA_602_4_out_ap_vld   |  out|    1|      ap_vld|                             localA_602_4_out|       pointer|
|localA_601_4_out          |  out|    8|      ap_vld|                             localA_601_4_out|       pointer|
|localA_601_4_out_ap_vld   |  out|    1|      ap_vld|                             localA_601_4_out|       pointer|
|localA_600_4_out          |  out|    8|      ap_vld|                             localA_600_4_out|       pointer|
|localA_600_4_out_ap_vld   |  out|    1|      ap_vld|                             localA_600_4_out|       pointer|
|localA_599_4_out          |  out|    8|      ap_vld|                             localA_599_4_out|       pointer|
|localA_599_4_out_ap_vld   |  out|    1|      ap_vld|                             localA_599_4_out|       pointer|
|localA_598_4_out          |  out|    8|      ap_vld|                             localA_598_4_out|       pointer|
|localA_598_4_out_ap_vld   |  out|    1|      ap_vld|                             localA_598_4_out|       pointer|
|localA_597_4_out          |  out|    8|      ap_vld|                             localA_597_4_out|       pointer|
|localA_597_4_out_ap_vld   |  out|    1|      ap_vld|                             localA_597_4_out|       pointer|
|localA_596_4_out          |  out|    8|      ap_vld|                             localA_596_4_out|       pointer|
|localA_596_4_out_ap_vld   |  out|    1|      ap_vld|                             localA_596_4_out|       pointer|
|localA_595_4_out          |  out|    8|      ap_vld|                             localA_595_4_out|       pointer|
|localA_595_4_out_ap_vld   |  out|    1|      ap_vld|                             localA_595_4_out|       pointer|
|localA_594_4_out          |  out|    8|      ap_vld|                             localA_594_4_out|       pointer|
|localA_594_4_out_ap_vld   |  out|    1|      ap_vld|                             localA_594_4_out|       pointer|
|localA_593_4_out          |  out|    8|      ap_vld|                             localA_593_4_out|       pointer|
|localA_593_4_out_ap_vld   |  out|    1|      ap_vld|                             localA_593_4_out|       pointer|
|localA_592_4_out          |  out|    8|      ap_vld|                             localA_592_4_out|       pointer|
|localA_592_4_out_ap_vld   |  out|    1|      ap_vld|                             localA_592_4_out|       pointer|
|localA_591_4_out          |  out|    8|      ap_vld|                             localA_591_4_out|       pointer|
|localA_591_4_out_ap_vld   |  out|    1|      ap_vld|                             localA_591_4_out|       pointer|
|localA_590_4_out          |  out|    8|      ap_vld|                             localA_590_4_out|       pointer|
|localA_590_4_out_ap_vld   |  out|    1|      ap_vld|                             localA_590_4_out|       pointer|
|localA_589_4_out          |  out|    8|      ap_vld|                             localA_589_4_out|       pointer|
|localA_589_4_out_ap_vld   |  out|    1|      ap_vld|                             localA_589_4_out|       pointer|
|localA_588_4_out          |  out|    8|      ap_vld|                             localA_588_4_out|       pointer|
|localA_588_4_out_ap_vld   |  out|    1|      ap_vld|                             localA_588_4_out|       pointer|
|localA_587_4_out          |  out|    8|      ap_vld|                             localA_587_4_out|       pointer|
|localA_587_4_out_ap_vld   |  out|    1|      ap_vld|                             localA_587_4_out|       pointer|
|localA_586_4_out          |  out|    8|      ap_vld|                             localA_586_4_out|       pointer|
|localA_586_4_out_ap_vld   |  out|    1|      ap_vld|                             localA_586_4_out|       pointer|
|localA_585_4_out          |  out|    8|      ap_vld|                             localA_585_4_out|       pointer|
|localA_585_4_out_ap_vld   |  out|    1|      ap_vld|                             localA_585_4_out|       pointer|
|localA_584_4_out          |  out|    8|      ap_vld|                             localA_584_4_out|       pointer|
|localA_584_4_out_ap_vld   |  out|    1|      ap_vld|                             localA_584_4_out|       pointer|
|localA_583_4_out          |  out|    8|      ap_vld|                             localA_583_4_out|       pointer|
|localA_583_4_out_ap_vld   |  out|    1|      ap_vld|                             localA_583_4_out|       pointer|
|localA_582_4_out          |  out|    8|      ap_vld|                             localA_582_4_out|       pointer|
|localA_582_4_out_ap_vld   |  out|    1|      ap_vld|                             localA_582_4_out|       pointer|
|localA_581_4_out          |  out|    8|      ap_vld|                             localA_581_4_out|       pointer|
|localA_581_4_out_ap_vld   |  out|    1|      ap_vld|                             localA_581_4_out|       pointer|
|localA_580_4_out          |  out|    8|      ap_vld|                             localA_580_4_out|       pointer|
|localA_580_4_out_ap_vld   |  out|    1|      ap_vld|                             localA_580_4_out|       pointer|
|localA_579_4_out          |  out|    8|      ap_vld|                             localA_579_4_out|       pointer|
|localA_579_4_out_ap_vld   |  out|    1|      ap_vld|                             localA_579_4_out|       pointer|
|localA_578_4_out          |  out|    8|      ap_vld|                             localA_578_4_out|       pointer|
|localA_578_4_out_ap_vld   |  out|    1|      ap_vld|                             localA_578_4_out|       pointer|
|localA_577_4_out          |  out|    8|      ap_vld|                             localA_577_4_out|       pointer|
|localA_577_4_out_ap_vld   |  out|    1|      ap_vld|                             localA_577_4_out|       pointer|
|localA_576_4_out          |  out|    8|      ap_vld|                             localA_576_4_out|       pointer|
|localA_576_4_out_ap_vld   |  out|    1|      ap_vld|                             localA_576_4_out|       pointer|
|localA_575_4_out          |  out|    8|      ap_vld|                             localA_575_4_out|       pointer|
|localA_575_4_out_ap_vld   |  out|    1|      ap_vld|                             localA_575_4_out|       pointer|
|localA_574_4_out          |  out|    8|      ap_vld|                             localA_574_4_out|       pointer|
|localA_574_4_out_ap_vld   |  out|    1|      ap_vld|                             localA_574_4_out|       pointer|
|localA_573_4_out          |  out|    8|      ap_vld|                             localA_573_4_out|       pointer|
|localA_573_4_out_ap_vld   |  out|    1|      ap_vld|                             localA_573_4_out|       pointer|
|localA_572_4_out          |  out|    8|      ap_vld|                             localA_572_4_out|       pointer|
|localA_572_4_out_ap_vld   |  out|    1|      ap_vld|                             localA_572_4_out|       pointer|
|localA_571_4_out          |  out|    8|      ap_vld|                             localA_571_4_out|       pointer|
|localA_571_4_out_ap_vld   |  out|    1|      ap_vld|                             localA_571_4_out|       pointer|
|localA_570_4_out          |  out|    8|      ap_vld|                             localA_570_4_out|       pointer|
|localA_570_4_out_ap_vld   |  out|    1|      ap_vld|                             localA_570_4_out|       pointer|
|localA_569_4_out          |  out|    8|      ap_vld|                             localA_569_4_out|       pointer|
|localA_569_4_out_ap_vld   |  out|    1|      ap_vld|                             localA_569_4_out|       pointer|
|localA_568_4_out          |  out|    8|      ap_vld|                             localA_568_4_out|       pointer|
|localA_568_4_out_ap_vld   |  out|    1|      ap_vld|                             localA_568_4_out|       pointer|
|localA_567_4_out          |  out|    8|      ap_vld|                             localA_567_4_out|       pointer|
|localA_567_4_out_ap_vld   |  out|    1|      ap_vld|                             localA_567_4_out|       pointer|
|localA_566_4_out          |  out|    8|      ap_vld|                             localA_566_4_out|       pointer|
|localA_566_4_out_ap_vld   |  out|    1|      ap_vld|                             localA_566_4_out|       pointer|
|localA_565_4_out          |  out|    8|      ap_vld|                             localA_565_4_out|       pointer|
|localA_565_4_out_ap_vld   |  out|    1|      ap_vld|                             localA_565_4_out|       pointer|
|localA_564_4_out          |  out|    8|      ap_vld|                             localA_564_4_out|       pointer|
|localA_564_4_out_ap_vld   |  out|    1|      ap_vld|                             localA_564_4_out|       pointer|
|localA_563_4_out          |  out|    8|      ap_vld|                             localA_563_4_out|       pointer|
|localA_563_4_out_ap_vld   |  out|    1|      ap_vld|                             localA_563_4_out|       pointer|
|localA_562_4_out          |  out|    8|      ap_vld|                             localA_562_4_out|       pointer|
|localA_562_4_out_ap_vld   |  out|    1|      ap_vld|                             localA_562_4_out|       pointer|
|localA_561_4_out          |  out|    8|      ap_vld|                             localA_561_4_out|       pointer|
|localA_561_4_out_ap_vld   |  out|    1|      ap_vld|                             localA_561_4_out|       pointer|
|localA_560_4_out          |  out|    8|      ap_vld|                             localA_560_4_out|       pointer|
|localA_560_4_out_ap_vld   |  out|    1|      ap_vld|                             localA_560_4_out|       pointer|
|localA_559_4_out          |  out|    8|      ap_vld|                             localA_559_4_out|       pointer|
|localA_559_4_out_ap_vld   |  out|    1|      ap_vld|                             localA_559_4_out|       pointer|
|localA_558_4_out          |  out|    8|      ap_vld|                             localA_558_4_out|       pointer|
|localA_558_4_out_ap_vld   |  out|    1|      ap_vld|                             localA_558_4_out|       pointer|
|localA_557_4_out          |  out|    8|      ap_vld|                             localA_557_4_out|       pointer|
|localA_557_4_out_ap_vld   |  out|    1|      ap_vld|                             localA_557_4_out|       pointer|
|localA_556_4_out          |  out|    8|      ap_vld|                             localA_556_4_out|       pointer|
|localA_556_4_out_ap_vld   |  out|    1|      ap_vld|                             localA_556_4_out|       pointer|
|localA_555_4_out          |  out|    8|      ap_vld|                             localA_555_4_out|       pointer|
|localA_555_4_out_ap_vld   |  out|    1|      ap_vld|                             localA_555_4_out|       pointer|
|localA_554_4_out          |  out|    8|      ap_vld|                             localA_554_4_out|       pointer|
|localA_554_4_out_ap_vld   |  out|    1|      ap_vld|                             localA_554_4_out|       pointer|
|localA_553_4_out          |  out|    8|      ap_vld|                             localA_553_4_out|       pointer|
|localA_553_4_out_ap_vld   |  out|    1|      ap_vld|                             localA_553_4_out|       pointer|
|localA_552_4_out          |  out|    8|      ap_vld|                             localA_552_4_out|       pointer|
|localA_552_4_out_ap_vld   |  out|    1|      ap_vld|                             localA_552_4_out|       pointer|
|localA_551_4_out          |  out|    8|      ap_vld|                             localA_551_4_out|       pointer|
|localA_551_4_out_ap_vld   |  out|    1|      ap_vld|                             localA_551_4_out|       pointer|
|localA_550_4_out          |  out|    8|      ap_vld|                             localA_550_4_out|       pointer|
|localA_550_4_out_ap_vld   |  out|    1|      ap_vld|                             localA_550_4_out|       pointer|
|localA_549_4_out          |  out|    8|      ap_vld|                             localA_549_4_out|       pointer|
|localA_549_4_out_ap_vld   |  out|    1|      ap_vld|                             localA_549_4_out|       pointer|
|localA_548_4_out          |  out|    8|      ap_vld|                             localA_548_4_out|       pointer|
|localA_548_4_out_ap_vld   |  out|    1|      ap_vld|                             localA_548_4_out|       pointer|
|localA_547_4_out          |  out|    8|      ap_vld|                             localA_547_4_out|       pointer|
|localA_547_4_out_ap_vld   |  out|    1|      ap_vld|                             localA_547_4_out|       pointer|
|localA_546_4_out          |  out|    8|      ap_vld|                             localA_546_4_out|       pointer|
|localA_546_4_out_ap_vld   |  out|    1|      ap_vld|                             localA_546_4_out|       pointer|
|localA_545_4_out          |  out|    8|      ap_vld|                             localA_545_4_out|       pointer|
|localA_545_4_out_ap_vld   |  out|    1|      ap_vld|                             localA_545_4_out|       pointer|
|localA_544_4_out          |  out|    8|      ap_vld|                             localA_544_4_out|       pointer|
|localA_544_4_out_ap_vld   |  out|    1|      ap_vld|                             localA_544_4_out|       pointer|
|localA_543_4_out          |  out|    8|      ap_vld|                             localA_543_4_out|       pointer|
|localA_543_4_out_ap_vld   |  out|    1|      ap_vld|                             localA_543_4_out|       pointer|
|localA_542_4_out          |  out|    8|      ap_vld|                             localA_542_4_out|       pointer|
|localA_542_4_out_ap_vld   |  out|    1|      ap_vld|                             localA_542_4_out|       pointer|
|localA_541_4_out          |  out|    8|      ap_vld|                             localA_541_4_out|       pointer|
|localA_541_4_out_ap_vld   |  out|    1|      ap_vld|                             localA_541_4_out|       pointer|
|localA_540_4_out          |  out|    8|      ap_vld|                             localA_540_4_out|       pointer|
|localA_540_4_out_ap_vld   |  out|    1|      ap_vld|                             localA_540_4_out|       pointer|
|localA_539_4_out          |  out|    8|      ap_vld|                             localA_539_4_out|       pointer|
|localA_539_4_out_ap_vld   |  out|    1|      ap_vld|                             localA_539_4_out|       pointer|
|localA_538_4_out          |  out|    8|      ap_vld|                             localA_538_4_out|       pointer|
|localA_538_4_out_ap_vld   |  out|    1|      ap_vld|                             localA_538_4_out|       pointer|
|localA_537_4_out          |  out|    8|      ap_vld|                             localA_537_4_out|       pointer|
|localA_537_4_out_ap_vld   |  out|    1|      ap_vld|                             localA_537_4_out|       pointer|
|localA_536_4_out          |  out|    8|      ap_vld|                             localA_536_4_out|       pointer|
|localA_536_4_out_ap_vld   |  out|    1|      ap_vld|                             localA_536_4_out|       pointer|
|localA_535_4_out          |  out|    8|      ap_vld|                             localA_535_4_out|       pointer|
|localA_535_4_out_ap_vld   |  out|    1|      ap_vld|                             localA_535_4_out|       pointer|
|localA_534_4_out          |  out|    8|      ap_vld|                             localA_534_4_out|       pointer|
|localA_534_4_out_ap_vld   |  out|    1|      ap_vld|                             localA_534_4_out|       pointer|
|localA_533_4_out          |  out|    8|      ap_vld|                             localA_533_4_out|       pointer|
|localA_533_4_out_ap_vld   |  out|    1|      ap_vld|                             localA_533_4_out|       pointer|
|localA_532_4_out          |  out|    8|      ap_vld|                             localA_532_4_out|       pointer|
|localA_532_4_out_ap_vld   |  out|    1|      ap_vld|                             localA_532_4_out|       pointer|
|localA_531_4_out          |  out|    8|      ap_vld|                             localA_531_4_out|       pointer|
|localA_531_4_out_ap_vld   |  out|    1|      ap_vld|                             localA_531_4_out|       pointer|
|localA_530_4_out          |  out|    8|      ap_vld|                             localA_530_4_out|       pointer|
|localA_530_4_out_ap_vld   |  out|    1|      ap_vld|                             localA_530_4_out|       pointer|
|localA_529_4_out          |  out|    8|      ap_vld|                             localA_529_4_out|       pointer|
|localA_529_4_out_ap_vld   |  out|    1|      ap_vld|                             localA_529_4_out|       pointer|
|localA_528_4_out          |  out|    8|      ap_vld|                             localA_528_4_out|       pointer|
|localA_528_4_out_ap_vld   |  out|    1|      ap_vld|                             localA_528_4_out|       pointer|
|localA_527_4_out          |  out|    8|      ap_vld|                             localA_527_4_out|       pointer|
|localA_527_4_out_ap_vld   |  out|    1|      ap_vld|                             localA_527_4_out|       pointer|
|localA_526_4_out          |  out|    8|      ap_vld|                             localA_526_4_out|       pointer|
|localA_526_4_out_ap_vld   |  out|    1|      ap_vld|                             localA_526_4_out|       pointer|
|localA_525_4_out          |  out|    8|      ap_vld|                             localA_525_4_out|       pointer|
|localA_525_4_out_ap_vld   |  out|    1|      ap_vld|                             localA_525_4_out|       pointer|
|localA_524_4_out          |  out|    8|      ap_vld|                             localA_524_4_out|       pointer|
|localA_524_4_out_ap_vld   |  out|    1|      ap_vld|                             localA_524_4_out|       pointer|
|localA_523_4_out          |  out|    8|      ap_vld|                             localA_523_4_out|       pointer|
|localA_523_4_out_ap_vld   |  out|    1|      ap_vld|                             localA_523_4_out|       pointer|
|localA_522_4_out          |  out|    8|      ap_vld|                             localA_522_4_out|       pointer|
|localA_522_4_out_ap_vld   |  out|    1|      ap_vld|                             localA_522_4_out|       pointer|
|localA_521_4_out          |  out|    8|      ap_vld|                             localA_521_4_out|       pointer|
|localA_521_4_out_ap_vld   |  out|    1|      ap_vld|                             localA_521_4_out|       pointer|
|localA_520_4_out          |  out|    8|      ap_vld|                             localA_520_4_out|       pointer|
|localA_520_4_out_ap_vld   |  out|    1|      ap_vld|                             localA_520_4_out|       pointer|
|localA_519_4_out          |  out|    8|      ap_vld|                             localA_519_4_out|       pointer|
|localA_519_4_out_ap_vld   |  out|    1|      ap_vld|                             localA_519_4_out|       pointer|
|localA_518_4_out          |  out|    8|      ap_vld|                             localA_518_4_out|       pointer|
|localA_518_4_out_ap_vld   |  out|    1|      ap_vld|                             localA_518_4_out|       pointer|
|localA_517_4_out          |  out|    8|      ap_vld|                             localA_517_4_out|       pointer|
|localA_517_4_out_ap_vld   |  out|    1|      ap_vld|                             localA_517_4_out|       pointer|
|localA_516_4_out          |  out|    8|      ap_vld|                             localA_516_4_out|       pointer|
|localA_516_4_out_ap_vld   |  out|    1|      ap_vld|                             localA_516_4_out|       pointer|
|localA_515_4_out          |  out|    8|      ap_vld|                             localA_515_4_out|       pointer|
|localA_515_4_out_ap_vld   |  out|    1|      ap_vld|                             localA_515_4_out|       pointer|
|localA_514_4_out          |  out|    8|      ap_vld|                             localA_514_4_out|       pointer|
|localA_514_4_out_ap_vld   |  out|    1|      ap_vld|                             localA_514_4_out|       pointer|
|localA_513_4_out          |  out|    8|      ap_vld|                             localA_513_4_out|       pointer|
|localA_513_4_out_ap_vld   |  out|    1|      ap_vld|                             localA_513_4_out|       pointer|
|localA_512_4_out          |  out|    8|      ap_vld|                             localA_512_4_out|       pointer|
|localA_512_4_out_ap_vld   |  out|    1|      ap_vld|                             localA_512_4_out|       pointer|
|localA_511_4_out          |  out|    8|      ap_vld|                             localA_511_4_out|       pointer|
|localA_511_4_out_ap_vld   |  out|    1|      ap_vld|                             localA_511_4_out|       pointer|
|localA_510_4_out          |  out|    8|      ap_vld|                             localA_510_4_out|       pointer|
|localA_510_4_out_ap_vld   |  out|    1|      ap_vld|                             localA_510_4_out|       pointer|
|localA_509_4_out          |  out|    8|      ap_vld|                             localA_509_4_out|       pointer|
|localA_509_4_out_ap_vld   |  out|    1|      ap_vld|                             localA_509_4_out|       pointer|
|localA_508_4_out          |  out|    8|      ap_vld|                             localA_508_4_out|       pointer|
|localA_508_4_out_ap_vld   |  out|    1|      ap_vld|                             localA_508_4_out|       pointer|
|localA_507_4_out          |  out|    8|      ap_vld|                             localA_507_4_out|       pointer|
|localA_507_4_out_ap_vld   |  out|    1|      ap_vld|                             localA_507_4_out|       pointer|
|localA_506_4_out          |  out|    8|      ap_vld|                             localA_506_4_out|       pointer|
|localA_506_4_out_ap_vld   |  out|    1|      ap_vld|                             localA_506_4_out|       pointer|
|localA_505_4_out          |  out|    8|      ap_vld|                             localA_505_4_out|       pointer|
|localA_505_4_out_ap_vld   |  out|    1|      ap_vld|                             localA_505_4_out|       pointer|
|localA_504_4_out          |  out|    8|      ap_vld|                             localA_504_4_out|       pointer|
|localA_504_4_out_ap_vld   |  out|    1|      ap_vld|                             localA_504_4_out|       pointer|
|localA_503_4_out          |  out|    8|      ap_vld|                             localA_503_4_out|       pointer|
|localA_503_4_out_ap_vld   |  out|    1|      ap_vld|                             localA_503_4_out|       pointer|
|localA_502_4_out          |  out|    8|      ap_vld|                             localA_502_4_out|       pointer|
|localA_502_4_out_ap_vld   |  out|    1|      ap_vld|                             localA_502_4_out|       pointer|
|localA_501_4_out          |  out|    8|      ap_vld|                             localA_501_4_out|       pointer|
|localA_501_4_out_ap_vld   |  out|    1|      ap_vld|                             localA_501_4_out|       pointer|
|localA_500_4_out          |  out|    8|      ap_vld|                             localA_500_4_out|       pointer|
|localA_500_4_out_ap_vld   |  out|    1|      ap_vld|                             localA_500_4_out|       pointer|
|localA_499_4_out          |  out|    8|      ap_vld|                             localA_499_4_out|       pointer|
|localA_499_4_out_ap_vld   |  out|    1|      ap_vld|                             localA_499_4_out|       pointer|
|localA_498_4_out          |  out|    8|      ap_vld|                             localA_498_4_out|       pointer|
|localA_498_4_out_ap_vld   |  out|    1|      ap_vld|                             localA_498_4_out|       pointer|
|localA_497_4_out          |  out|    8|      ap_vld|                             localA_497_4_out|       pointer|
|localA_497_4_out_ap_vld   |  out|    1|      ap_vld|                             localA_497_4_out|       pointer|
|localA_496_4_out          |  out|    8|      ap_vld|                             localA_496_4_out|       pointer|
|localA_496_4_out_ap_vld   |  out|    1|      ap_vld|                             localA_496_4_out|       pointer|
|localA_495_4_out          |  out|    8|      ap_vld|                             localA_495_4_out|       pointer|
|localA_495_4_out_ap_vld   |  out|    1|      ap_vld|                             localA_495_4_out|       pointer|
|localA_494_4_out          |  out|    8|      ap_vld|                             localA_494_4_out|       pointer|
|localA_494_4_out_ap_vld   |  out|    1|      ap_vld|                             localA_494_4_out|       pointer|
|localA_493_4_out          |  out|    8|      ap_vld|                             localA_493_4_out|       pointer|
|localA_493_4_out_ap_vld   |  out|    1|      ap_vld|                             localA_493_4_out|       pointer|
|localA_492_4_out          |  out|    8|      ap_vld|                             localA_492_4_out|       pointer|
|localA_492_4_out_ap_vld   |  out|    1|      ap_vld|                             localA_492_4_out|       pointer|
|localA_491_4_out          |  out|    8|      ap_vld|                             localA_491_4_out|       pointer|
|localA_491_4_out_ap_vld   |  out|    1|      ap_vld|                             localA_491_4_out|       pointer|
|localA_490_4_out          |  out|    8|      ap_vld|                             localA_490_4_out|       pointer|
|localA_490_4_out_ap_vld   |  out|    1|      ap_vld|                             localA_490_4_out|       pointer|
|localA_489_4_out          |  out|    8|      ap_vld|                             localA_489_4_out|       pointer|
|localA_489_4_out_ap_vld   |  out|    1|      ap_vld|                             localA_489_4_out|       pointer|
|localA_488_4_out          |  out|    8|      ap_vld|                             localA_488_4_out|       pointer|
|localA_488_4_out_ap_vld   |  out|    1|      ap_vld|                             localA_488_4_out|       pointer|
|localA_487_4_out          |  out|    8|      ap_vld|                             localA_487_4_out|       pointer|
|localA_487_4_out_ap_vld   |  out|    1|      ap_vld|                             localA_487_4_out|       pointer|
|localA_486_4_out          |  out|    8|      ap_vld|                             localA_486_4_out|       pointer|
|localA_486_4_out_ap_vld   |  out|    1|      ap_vld|                             localA_486_4_out|       pointer|
|localA_485_4_out          |  out|    8|      ap_vld|                             localA_485_4_out|       pointer|
|localA_485_4_out_ap_vld   |  out|    1|      ap_vld|                             localA_485_4_out|       pointer|
|localA_484_4_out          |  out|    8|      ap_vld|                             localA_484_4_out|       pointer|
|localA_484_4_out_ap_vld   |  out|    1|      ap_vld|                             localA_484_4_out|       pointer|
|localA_483_4_out          |  out|    8|      ap_vld|                             localA_483_4_out|       pointer|
|localA_483_4_out_ap_vld   |  out|    1|      ap_vld|                             localA_483_4_out|       pointer|
|localA_482_4_out          |  out|    8|      ap_vld|                             localA_482_4_out|       pointer|
|localA_482_4_out_ap_vld   |  out|    1|      ap_vld|                             localA_482_4_out|       pointer|
|localA_481_4_out          |  out|    8|      ap_vld|                             localA_481_4_out|       pointer|
|localA_481_4_out_ap_vld   |  out|    1|      ap_vld|                             localA_481_4_out|       pointer|
|localA_480_4_out          |  out|    8|      ap_vld|                             localA_480_4_out|       pointer|
|localA_480_4_out_ap_vld   |  out|    1|      ap_vld|                             localA_480_4_out|       pointer|
|localA_479_4_out          |  out|    8|      ap_vld|                             localA_479_4_out|       pointer|
|localA_479_4_out_ap_vld   |  out|    1|      ap_vld|                             localA_479_4_out|       pointer|
|localA_478_4_out          |  out|    8|      ap_vld|                             localA_478_4_out|       pointer|
|localA_478_4_out_ap_vld   |  out|    1|      ap_vld|                             localA_478_4_out|       pointer|
|localA_477_4_out          |  out|    8|      ap_vld|                             localA_477_4_out|       pointer|
|localA_477_4_out_ap_vld   |  out|    1|      ap_vld|                             localA_477_4_out|       pointer|
|localA_476_4_out          |  out|    8|      ap_vld|                             localA_476_4_out|       pointer|
|localA_476_4_out_ap_vld   |  out|    1|      ap_vld|                             localA_476_4_out|       pointer|
|localA_475_4_out          |  out|    8|      ap_vld|                             localA_475_4_out|       pointer|
|localA_475_4_out_ap_vld   |  out|    1|      ap_vld|                             localA_475_4_out|       pointer|
|localA_474_4_out          |  out|    8|      ap_vld|                             localA_474_4_out|       pointer|
|localA_474_4_out_ap_vld   |  out|    1|      ap_vld|                             localA_474_4_out|       pointer|
|localA_473_4_out          |  out|    8|      ap_vld|                             localA_473_4_out|       pointer|
|localA_473_4_out_ap_vld   |  out|    1|      ap_vld|                             localA_473_4_out|       pointer|
|localA_472_4_out          |  out|    8|      ap_vld|                             localA_472_4_out|       pointer|
|localA_472_4_out_ap_vld   |  out|    1|      ap_vld|                             localA_472_4_out|       pointer|
|localA_471_4_out          |  out|    8|      ap_vld|                             localA_471_4_out|       pointer|
|localA_471_4_out_ap_vld   |  out|    1|      ap_vld|                             localA_471_4_out|       pointer|
|localA_470_4_out          |  out|    8|      ap_vld|                             localA_470_4_out|       pointer|
|localA_470_4_out_ap_vld   |  out|    1|      ap_vld|                             localA_470_4_out|       pointer|
|localA_469_4_out          |  out|    8|      ap_vld|                             localA_469_4_out|       pointer|
|localA_469_4_out_ap_vld   |  out|    1|      ap_vld|                             localA_469_4_out|       pointer|
|localA_468_4_out          |  out|    8|      ap_vld|                             localA_468_4_out|       pointer|
|localA_468_4_out_ap_vld   |  out|    1|      ap_vld|                             localA_468_4_out|       pointer|
|localA_467_4_out          |  out|    8|      ap_vld|                             localA_467_4_out|       pointer|
|localA_467_4_out_ap_vld   |  out|    1|      ap_vld|                             localA_467_4_out|       pointer|
|localA_466_4_out          |  out|    8|      ap_vld|                             localA_466_4_out|       pointer|
|localA_466_4_out_ap_vld   |  out|    1|      ap_vld|                             localA_466_4_out|       pointer|
|localA_465_4_out          |  out|    8|      ap_vld|                             localA_465_4_out|       pointer|
|localA_465_4_out_ap_vld   |  out|    1|      ap_vld|                             localA_465_4_out|       pointer|
|localA_464_4_out          |  out|    8|      ap_vld|                             localA_464_4_out|       pointer|
|localA_464_4_out_ap_vld   |  out|    1|      ap_vld|                             localA_464_4_out|       pointer|
|localA_463_4_out          |  out|    8|      ap_vld|                             localA_463_4_out|       pointer|
|localA_463_4_out_ap_vld   |  out|    1|      ap_vld|                             localA_463_4_out|       pointer|
|localA_462_4_out          |  out|    8|      ap_vld|                             localA_462_4_out|       pointer|
|localA_462_4_out_ap_vld   |  out|    1|      ap_vld|                             localA_462_4_out|       pointer|
|localA_461_4_out          |  out|    8|      ap_vld|                             localA_461_4_out|       pointer|
|localA_461_4_out_ap_vld   |  out|    1|      ap_vld|                             localA_461_4_out|       pointer|
|localA_460_4_out          |  out|    8|      ap_vld|                             localA_460_4_out|       pointer|
|localA_460_4_out_ap_vld   |  out|    1|      ap_vld|                             localA_460_4_out|       pointer|
|localA_459_4_out          |  out|    8|      ap_vld|                             localA_459_4_out|       pointer|
|localA_459_4_out_ap_vld   |  out|    1|      ap_vld|                             localA_459_4_out|       pointer|
|localA_458_4_out          |  out|    8|      ap_vld|                             localA_458_4_out|       pointer|
|localA_458_4_out_ap_vld   |  out|    1|      ap_vld|                             localA_458_4_out|       pointer|
|localA_457_4_out          |  out|    8|      ap_vld|                             localA_457_4_out|       pointer|
|localA_457_4_out_ap_vld   |  out|    1|      ap_vld|                             localA_457_4_out|       pointer|
|localA_456_4_out          |  out|    8|      ap_vld|                             localA_456_4_out|       pointer|
|localA_456_4_out_ap_vld   |  out|    1|      ap_vld|                             localA_456_4_out|       pointer|
|localA_455_4_out          |  out|    8|      ap_vld|                             localA_455_4_out|       pointer|
|localA_455_4_out_ap_vld   |  out|    1|      ap_vld|                             localA_455_4_out|       pointer|
|localA_454_4_out          |  out|    8|      ap_vld|                             localA_454_4_out|       pointer|
|localA_454_4_out_ap_vld   |  out|    1|      ap_vld|                             localA_454_4_out|       pointer|
|localA_453_4_out          |  out|    8|      ap_vld|                             localA_453_4_out|       pointer|
|localA_453_4_out_ap_vld   |  out|    1|      ap_vld|                             localA_453_4_out|       pointer|
|localA_452_4_out          |  out|    8|      ap_vld|                             localA_452_4_out|       pointer|
|localA_452_4_out_ap_vld   |  out|    1|      ap_vld|                             localA_452_4_out|       pointer|
|localA_451_4_out          |  out|    8|      ap_vld|                             localA_451_4_out|       pointer|
|localA_451_4_out_ap_vld   |  out|    1|      ap_vld|                             localA_451_4_out|       pointer|
|localA_450_4_out          |  out|    8|      ap_vld|                             localA_450_4_out|       pointer|
|localA_450_4_out_ap_vld   |  out|    1|      ap_vld|                             localA_450_4_out|       pointer|
|localA_449_4_out          |  out|    8|      ap_vld|                             localA_449_4_out|       pointer|
|localA_449_4_out_ap_vld   |  out|    1|      ap_vld|                             localA_449_4_out|       pointer|
|localA_448_4_out          |  out|    8|      ap_vld|                             localA_448_4_out|       pointer|
|localA_448_4_out_ap_vld   |  out|    1|      ap_vld|                             localA_448_4_out|       pointer|
|localA_447_4_out          |  out|    8|      ap_vld|                             localA_447_4_out|       pointer|
|localA_447_4_out_ap_vld   |  out|    1|      ap_vld|                             localA_447_4_out|       pointer|
|localA_446_4_out          |  out|    8|      ap_vld|                             localA_446_4_out|       pointer|
|localA_446_4_out_ap_vld   |  out|    1|      ap_vld|                             localA_446_4_out|       pointer|
|localA_445_4_out          |  out|    8|      ap_vld|                             localA_445_4_out|       pointer|
|localA_445_4_out_ap_vld   |  out|    1|      ap_vld|                             localA_445_4_out|       pointer|
|localA_444_4_out          |  out|    8|      ap_vld|                             localA_444_4_out|       pointer|
|localA_444_4_out_ap_vld   |  out|    1|      ap_vld|                             localA_444_4_out|       pointer|
|localA_443_4_out          |  out|    8|      ap_vld|                             localA_443_4_out|       pointer|
|localA_443_4_out_ap_vld   |  out|    1|      ap_vld|                             localA_443_4_out|       pointer|
|localA_442_4_out          |  out|    8|      ap_vld|                             localA_442_4_out|       pointer|
|localA_442_4_out_ap_vld   |  out|    1|      ap_vld|                             localA_442_4_out|       pointer|
|localA_441_4_out          |  out|    8|      ap_vld|                             localA_441_4_out|       pointer|
|localA_441_4_out_ap_vld   |  out|    1|      ap_vld|                             localA_441_4_out|       pointer|
|localA_440_4_out          |  out|    8|      ap_vld|                             localA_440_4_out|       pointer|
|localA_440_4_out_ap_vld   |  out|    1|      ap_vld|                             localA_440_4_out|       pointer|
|localA_439_4_out          |  out|    8|      ap_vld|                             localA_439_4_out|       pointer|
|localA_439_4_out_ap_vld   |  out|    1|      ap_vld|                             localA_439_4_out|       pointer|
|localA_438_4_out          |  out|    8|      ap_vld|                             localA_438_4_out|       pointer|
|localA_438_4_out_ap_vld   |  out|    1|      ap_vld|                             localA_438_4_out|       pointer|
|localA_437_4_out          |  out|    8|      ap_vld|                             localA_437_4_out|       pointer|
|localA_437_4_out_ap_vld   |  out|    1|      ap_vld|                             localA_437_4_out|       pointer|
|localA_436_4_out          |  out|    8|      ap_vld|                             localA_436_4_out|       pointer|
|localA_436_4_out_ap_vld   |  out|    1|      ap_vld|                             localA_436_4_out|       pointer|
|localA_435_4_out          |  out|    8|      ap_vld|                             localA_435_4_out|       pointer|
|localA_435_4_out_ap_vld   |  out|    1|      ap_vld|                             localA_435_4_out|       pointer|
|localA_434_4_out          |  out|    8|      ap_vld|                             localA_434_4_out|       pointer|
|localA_434_4_out_ap_vld   |  out|    1|      ap_vld|                             localA_434_4_out|       pointer|
|localA_433_4_out          |  out|    8|      ap_vld|                             localA_433_4_out|       pointer|
|localA_433_4_out_ap_vld   |  out|    1|      ap_vld|                             localA_433_4_out|       pointer|
|localA_432_4_out          |  out|    8|      ap_vld|                             localA_432_4_out|       pointer|
|localA_432_4_out_ap_vld   |  out|    1|      ap_vld|                             localA_432_4_out|       pointer|
|localA_431_4_out          |  out|    8|      ap_vld|                             localA_431_4_out|       pointer|
|localA_431_4_out_ap_vld   |  out|    1|      ap_vld|                             localA_431_4_out|       pointer|
|localA_430_4_out          |  out|    8|      ap_vld|                             localA_430_4_out|       pointer|
|localA_430_4_out_ap_vld   |  out|    1|      ap_vld|                             localA_430_4_out|       pointer|
|localA_429_4_out          |  out|    8|      ap_vld|                             localA_429_4_out|       pointer|
|localA_429_4_out_ap_vld   |  out|    1|      ap_vld|                             localA_429_4_out|       pointer|
|localA_428_4_out          |  out|    8|      ap_vld|                             localA_428_4_out|       pointer|
|localA_428_4_out_ap_vld   |  out|    1|      ap_vld|                             localA_428_4_out|       pointer|
|localA_427_4_out          |  out|    8|      ap_vld|                             localA_427_4_out|       pointer|
|localA_427_4_out_ap_vld   |  out|    1|      ap_vld|                             localA_427_4_out|       pointer|
|localA_426_4_out          |  out|    8|      ap_vld|                             localA_426_4_out|       pointer|
|localA_426_4_out_ap_vld   |  out|    1|      ap_vld|                             localA_426_4_out|       pointer|
|localA_425_4_out          |  out|    8|      ap_vld|                             localA_425_4_out|       pointer|
|localA_425_4_out_ap_vld   |  out|    1|      ap_vld|                             localA_425_4_out|       pointer|
|localA_424_4_out          |  out|    8|      ap_vld|                             localA_424_4_out|       pointer|
|localA_424_4_out_ap_vld   |  out|    1|      ap_vld|                             localA_424_4_out|       pointer|
|localA_423_4_out          |  out|    8|      ap_vld|                             localA_423_4_out|       pointer|
|localA_423_4_out_ap_vld   |  out|    1|      ap_vld|                             localA_423_4_out|       pointer|
|localA_422_4_out          |  out|    8|      ap_vld|                             localA_422_4_out|       pointer|
|localA_422_4_out_ap_vld   |  out|    1|      ap_vld|                             localA_422_4_out|       pointer|
|localA_421_4_out          |  out|    8|      ap_vld|                             localA_421_4_out|       pointer|
|localA_421_4_out_ap_vld   |  out|    1|      ap_vld|                             localA_421_4_out|       pointer|
|localA_420_4_out          |  out|    8|      ap_vld|                             localA_420_4_out|       pointer|
|localA_420_4_out_ap_vld   |  out|    1|      ap_vld|                             localA_420_4_out|       pointer|
|localA_419_4_out          |  out|    8|      ap_vld|                             localA_419_4_out|       pointer|
|localA_419_4_out_ap_vld   |  out|    1|      ap_vld|                             localA_419_4_out|       pointer|
|localA_418_4_out          |  out|    8|      ap_vld|                             localA_418_4_out|       pointer|
|localA_418_4_out_ap_vld   |  out|    1|      ap_vld|                             localA_418_4_out|       pointer|
|localA_417_4_out          |  out|    8|      ap_vld|                             localA_417_4_out|       pointer|
|localA_417_4_out_ap_vld   |  out|    1|      ap_vld|                             localA_417_4_out|       pointer|
|localA_416_4_out          |  out|    8|      ap_vld|                             localA_416_4_out|       pointer|
|localA_416_4_out_ap_vld   |  out|    1|      ap_vld|                             localA_416_4_out|       pointer|
|localA_415_4_out          |  out|    8|      ap_vld|                             localA_415_4_out|       pointer|
|localA_415_4_out_ap_vld   |  out|    1|      ap_vld|                             localA_415_4_out|       pointer|
|localA_414_4_out          |  out|    8|      ap_vld|                             localA_414_4_out|       pointer|
|localA_414_4_out_ap_vld   |  out|    1|      ap_vld|                             localA_414_4_out|       pointer|
|localA_413_4_out          |  out|    8|      ap_vld|                             localA_413_4_out|       pointer|
|localA_413_4_out_ap_vld   |  out|    1|      ap_vld|                             localA_413_4_out|       pointer|
|localA_412_4_out          |  out|    8|      ap_vld|                             localA_412_4_out|       pointer|
|localA_412_4_out_ap_vld   |  out|    1|      ap_vld|                             localA_412_4_out|       pointer|
|localA_411_4_out          |  out|    8|      ap_vld|                             localA_411_4_out|       pointer|
|localA_411_4_out_ap_vld   |  out|    1|      ap_vld|                             localA_411_4_out|       pointer|
|localA_410_4_out          |  out|    8|      ap_vld|                             localA_410_4_out|       pointer|
|localA_410_4_out_ap_vld   |  out|    1|      ap_vld|                             localA_410_4_out|       pointer|
|localA_409_4_out          |  out|    8|      ap_vld|                             localA_409_4_out|       pointer|
|localA_409_4_out_ap_vld   |  out|    1|      ap_vld|                             localA_409_4_out|       pointer|
|localA_408_4_out          |  out|    8|      ap_vld|                             localA_408_4_out|       pointer|
|localA_408_4_out_ap_vld   |  out|    1|      ap_vld|                             localA_408_4_out|       pointer|
|localA_407_4_out          |  out|    8|      ap_vld|                             localA_407_4_out|       pointer|
|localA_407_4_out_ap_vld   |  out|    1|      ap_vld|                             localA_407_4_out|       pointer|
|localA_406_4_out          |  out|    8|      ap_vld|                             localA_406_4_out|       pointer|
|localA_406_4_out_ap_vld   |  out|    1|      ap_vld|                             localA_406_4_out|       pointer|
|localA_405_4_out          |  out|    8|      ap_vld|                             localA_405_4_out|       pointer|
|localA_405_4_out_ap_vld   |  out|    1|      ap_vld|                             localA_405_4_out|       pointer|
|localA_404_4_out          |  out|    8|      ap_vld|                             localA_404_4_out|       pointer|
|localA_404_4_out_ap_vld   |  out|    1|      ap_vld|                             localA_404_4_out|       pointer|
|localA_403_4_out          |  out|    8|      ap_vld|                             localA_403_4_out|       pointer|
|localA_403_4_out_ap_vld   |  out|    1|      ap_vld|                             localA_403_4_out|       pointer|
|localA_402_4_out          |  out|    8|      ap_vld|                             localA_402_4_out|       pointer|
|localA_402_4_out_ap_vld   |  out|    1|      ap_vld|                             localA_402_4_out|       pointer|
|localA_401_4_out          |  out|    8|      ap_vld|                             localA_401_4_out|       pointer|
|localA_401_4_out_ap_vld   |  out|    1|      ap_vld|                             localA_401_4_out|       pointer|
|localA_400_4_out          |  out|    8|      ap_vld|                             localA_400_4_out|       pointer|
|localA_400_4_out_ap_vld   |  out|    1|      ap_vld|                             localA_400_4_out|       pointer|
|localA_399_4_out          |  out|    8|      ap_vld|                             localA_399_4_out|       pointer|
|localA_399_4_out_ap_vld   |  out|    1|      ap_vld|                             localA_399_4_out|       pointer|
|localA_398_4_out          |  out|    8|      ap_vld|                             localA_398_4_out|       pointer|
|localA_398_4_out_ap_vld   |  out|    1|      ap_vld|                             localA_398_4_out|       pointer|
|localA_397_4_out          |  out|    8|      ap_vld|                             localA_397_4_out|       pointer|
|localA_397_4_out_ap_vld   |  out|    1|      ap_vld|                             localA_397_4_out|       pointer|
|localA_396_4_out          |  out|    8|      ap_vld|                             localA_396_4_out|       pointer|
|localA_396_4_out_ap_vld   |  out|    1|      ap_vld|                             localA_396_4_out|       pointer|
|localA_395_4_out          |  out|    8|      ap_vld|                             localA_395_4_out|       pointer|
|localA_395_4_out_ap_vld   |  out|    1|      ap_vld|                             localA_395_4_out|       pointer|
|localA_394_4_out          |  out|    8|      ap_vld|                             localA_394_4_out|       pointer|
|localA_394_4_out_ap_vld   |  out|    1|      ap_vld|                             localA_394_4_out|       pointer|
|localA_393_4_out          |  out|    8|      ap_vld|                             localA_393_4_out|       pointer|
|localA_393_4_out_ap_vld   |  out|    1|      ap_vld|                             localA_393_4_out|       pointer|
|localA_392_4_out          |  out|    8|      ap_vld|                             localA_392_4_out|       pointer|
|localA_392_4_out_ap_vld   |  out|    1|      ap_vld|                             localA_392_4_out|       pointer|
|localA_391_4_out          |  out|    8|      ap_vld|                             localA_391_4_out|       pointer|
|localA_391_4_out_ap_vld   |  out|    1|      ap_vld|                             localA_391_4_out|       pointer|
|localA_390_4_out          |  out|    8|      ap_vld|                             localA_390_4_out|       pointer|
|localA_390_4_out_ap_vld   |  out|    1|      ap_vld|                             localA_390_4_out|       pointer|
|localA_389_4_out          |  out|    8|      ap_vld|                             localA_389_4_out|       pointer|
|localA_389_4_out_ap_vld   |  out|    1|      ap_vld|                             localA_389_4_out|       pointer|
|localA_388_4_out          |  out|    8|      ap_vld|                             localA_388_4_out|       pointer|
|localA_388_4_out_ap_vld   |  out|    1|      ap_vld|                             localA_388_4_out|       pointer|
|localA_387_4_out          |  out|    8|      ap_vld|                             localA_387_4_out|       pointer|
|localA_387_4_out_ap_vld   |  out|    1|      ap_vld|                             localA_387_4_out|       pointer|
|localA_386_4_out          |  out|    8|      ap_vld|                             localA_386_4_out|       pointer|
|localA_386_4_out_ap_vld   |  out|    1|      ap_vld|                             localA_386_4_out|       pointer|
|localA_385_4_out          |  out|    8|      ap_vld|                             localA_385_4_out|       pointer|
|localA_385_4_out_ap_vld   |  out|    1|      ap_vld|                             localA_385_4_out|       pointer|
|localA_384_4_out          |  out|    8|      ap_vld|                             localA_384_4_out|       pointer|
|localA_384_4_out_ap_vld   |  out|    1|      ap_vld|                             localA_384_4_out|       pointer|
|localA_383_4_out          |  out|    8|      ap_vld|                             localA_383_4_out|       pointer|
|localA_383_4_out_ap_vld   |  out|    1|      ap_vld|                             localA_383_4_out|       pointer|
|localA_382_4_out          |  out|    8|      ap_vld|                             localA_382_4_out|       pointer|
|localA_382_4_out_ap_vld   |  out|    1|      ap_vld|                             localA_382_4_out|       pointer|
|localA_381_4_out          |  out|    8|      ap_vld|                             localA_381_4_out|       pointer|
|localA_381_4_out_ap_vld   |  out|    1|      ap_vld|                             localA_381_4_out|       pointer|
|localA_380_4_out          |  out|    8|      ap_vld|                             localA_380_4_out|       pointer|
|localA_380_4_out_ap_vld   |  out|    1|      ap_vld|                             localA_380_4_out|       pointer|
|localA_379_4_out          |  out|    8|      ap_vld|                             localA_379_4_out|       pointer|
|localA_379_4_out_ap_vld   |  out|    1|      ap_vld|                             localA_379_4_out|       pointer|
|localA_378_4_out          |  out|    8|      ap_vld|                             localA_378_4_out|       pointer|
|localA_378_4_out_ap_vld   |  out|    1|      ap_vld|                             localA_378_4_out|       pointer|
|localA_377_4_out          |  out|    8|      ap_vld|                             localA_377_4_out|       pointer|
|localA_377_4_out_ap_vld   |  out|    1|      ap_vld|                             localA_377_4_out|       pointer|
|localA_376_4_out          |  out|    8|      ap_vld|                             localA_376_4_out|       pointer|
|localA_376_4_out_ap_vld   |  out|    1|      ap_vld|                             localA_376_4_out|       pointer|
|localA_375_4_out          |  out|    8|      ap_vld|                             localA_375_4_out|       pointer|
|localA_375_4_out_ap_vld   |  out|    1|      ap_vld|                             localA_375_4_out|       pointer|
|localA_374_4_out          |  out|    8|      ap_vld|                             localA_374_4_out|       pointer|
|localA_374_4_out_ap_vld   |  out|    1|      ap_vld|                             localA_374_4_out|       pointer|
|localA_373_4_out          |  out|    8|      ap_vld|                             localA_373_4_out|       pointer|
|localA_373_4_out_ap_vld   |  out|    1|      ap_vld|                             localA_373_4_out|       pointer|
|localA_372_4_out          |  out|    8|      ap_vld|                             localA_372_4_out|       pointer|
|localA_372_4_out_ap_vld   |  out|    1|      ap_vld|                             localA_372_4_out|       pointer|
|localA_371_4_out          |  out|    8|      ap_vld|                             localA_371_4_out|       pointer|
|localA_371_4_out_ap_vld   |  out|    1|      ap_vld|                             localA_371_4_out|       pointer|
|localA_370_4_out          |  out|    8|      ap_vld|                             localA_370_4_out|       pointer|
|localA_370_4_out_ap_vld   |  out|    1|      ap_vld|                             localA_370_4_out|       pointer|
|localA_369_4_out          |  out|    8|      ap_vld|                             localA_369_4_out|       pointer|
|localA_369_4_out_ap_vld   |  out|    1|      ap_vld|                             localA_369_4_out|       pointer|
|localA_368_4_out          |  out|    8|      ap_vld|                             localA_368_4_out|       pointer|
|localA_368_4_out_ap_vld   |  out|    1|      ap_vld|                             localA_368_4_out|       pointer|
|localA_367_4_out          |  out|    8|      ap_vld|                             localA_367_4_out|       pointer|
|localA_367_4_out_ap_vld   |  out|    1|      ap_vld|                             localA_367_4_out|       pointer|
|localA_366_4_out          |  out|    8|      ap_vld|                             localA_366_4_out|       pointer|
|localA_366_4_out_ap_vld   |  out|    1|      ap_vld|                             localA_366_4_out|       pointer|
|localA_365_4_out          |  out|    8|      ap_vld|                             localA_365_4_out|       pointer|
|localA_365_4_out_ap_vld   |  out|    1|      ap_vld|                             localA_365_4_out|       pointer|
|localA_364_4_out          |  out|    8|      ap_vld|                             localA_364_4_out|       pointer|
|localA_364_4_out_ap_vld   |  out|    1|      ap_vld|                             localA_364_4_out|       pointer|
|localA_363_4_out          |  out|    8|      ap_vld|                             localA_363_4_out|       pointer|
|localA_363_4_out_ap_vld   |  out|    1|      ap_vld|                             localA_363_4_out|       pointer|
|localA_362_4_out          |  out|    8|      ap_vld|                             localA_362_4_out|       pointer|
|localA_362_4_out_ap_vld   |  out|    1|      ap_vld|                             localA_362_4_out|       pointer|
|localA_361_4_out          |  out|    8|      ap_vld|                             localA_361_4_out|       pointer|
|localA_361_4_out_ap_vld   |  out|    1|      ap_vld|                             localA_361_4_out|       pointer|
|localA_360_4_out          |  out|    8|      ap_vld|                             localA_360_4_out|       pointer|
|localA_360_4_out_ap_vld   |  out|    1|      ap_vld|                             localA_360_4_out|       pointer|
|localA_359_4_out          |  out|    8|      ap_vld|                             localA_359_4_out|       pointer|
|localA_359_4_out_ap_vld   |  out|    1|      ap_vld|                             localA_359_4_out|       pointer|
|localA_358_4_out          |  out|    8|      ap_vld|                             localA_358_4_out|       pointer|
|localA_358_4_out_ap_vld   |  out|    1|      ap_vld|                             localA_358_4_out|       pointer|
|localA_357_4_out          |  out|    8|      ap_vld|                             localA_357_4_out|       pointer|
|localA_357_4_out_ap_vld   |  out|    1|      ap_vld|                             localA_357_4_out|       pointer|
|localA_356_4_out          |  out|    8|      ap_vld|                             localA_356_4_out|       pointer|
|localA_356_4_out_ap_vld   |  out|    1|      ap_vld|                             localA_356_4_out|       pointer|
|localA_355_4_out          |  out|    8|      ap_vld|                             localA_355_4_out|       pointer|
|localA_355_4_out_ap_vld   |  out|    1|      ap_vld|                             localA_355_4_out|       pointer|
|localA_354_4_out          |  out|    8|      ap_vld|                             localA_354_4_out|       pointer|
|localA_354_4_out_ap_vld   |  out|    1|      ap_vld|                             localA_354_4_out|       pointer|
|localA_353_4_out          |  out|    8|      ap_vld|                             localA_353_4_out|       pointer|
|localA_353_4_out_ap_vld   |  out|    1|      ap_vld|                             localA_353_4_out|       pointer|
|localA_352_4_out          |  out|    8|      ap_vld|                             localA_352_4_out|       pointer|
|localA_352_4_out_ap_vld   |  out|    1|      ap_vld|                             localA_352_4_out|       pointer|
|localA_351_4_out          |  out|    8|      ap_vld|                             localA_351_4_out|       pointer|
|localA_351_4_out_ap_vld   |  out|    1|      ap_vld|                             localA_351_4_out|       pointer|
|localA_350_4_out          |  out|    8|      ap_vld|                             localA_350_4_out|       pointer|
|localA_350_4_out_ap_vld   |  out|    1|      ap_vld|                             localA_350_4_out|       pointer|
|localA_349_4_out          |  out|    8|      ap_vld|                             localA_349_4_out|       pointer|
|localA_349_4_out_ap_vld   |  out|    1|      ap_vld|                             localA_349_4_out|       pointer|
|localA_348_4_out          |  out|    8|      ap_vld|                             localA_348_4_out|       pointer|
|localA_348_4_out_ap_vld   |  out|    1|      ap_vld|                             localA_348_4_out|       pointer|
|localA_347_4_out          |  out|    8|      ap_vld|                             localA_347_4_out|       pointer|
|localA_347_4_out_ap_vld   |  out|    1|      ap_vld|                             localA_347_4_out|       pointer|
|localA_346_4_out          |  out|    8|      ap_vld|                             localA_346_4_out|       pointer|
|localA_346_4_out_ap_vld   |  out|    1|      ap_vld|                             localA_346_4_out|       pointer|
|localA_345_4_out          |  out|    8|      ap_vld|                             localA_345_4_out|       pointer|
|localA_345_4_out_ap_vld   |  out|    1|      ap_vld|                             localA_345_4_out|       pointer|
|localA_344_4_out          |  out|    8|      ap_vld|                             localA_344_4_out|       pointer|
|localA_344_4_out_ap_vld   |  out|    1|      ap_vld|                             localA_344_4_out|       pointer|
|localA_343_4_out          |  out|    8|      ap_vld|                             localA_343_4_out|       pointer|
|localA_343_4_out_ap_vld   |  out|    1|      ap_vld|                             localA_343_4_out|       pointer|
|localA_342_4_out          |  out|    8|      ap_vld|                             localA_342_4_out|       pointer|
|localA_342_4_out_ap_vld   |  out|    1|      ap_vld|                             localA_342_4_out|       pointer|
|localA_341_4_out          |  out|    8|      ap_vld|                             localA_341_4_out|       pointer|
|localA_341_4_out_ap_vld   |  out|    1|      ap_vld|                             localA_341_4_out|       pointer|
|localA_340_4_out          |  out|    8|      ap_vld|                             localA_340_4_out|       pointer|
|localA_340_4_out_ap_vld   |  out|    1|      ap_vld|                             localA_340_4_out|       pointer|
|localA_339_4_out          |  out|    8|      ap_vld|                             localA_339_4_out|       pointer|
|localA_339_4_out_ap_vld   |  out|    1|      ap_vld|                             localA_339_4_out|       pointer|
|localA_338_4_out          |  out|    8|      ap_vld|                             localA_338_4_out|       pointer|
|localA_338_4_out_ap_vld   |  out|    1|      ap_vld|                             localA_338_4_out|       pointer|
|localA_337_4_out          |  out|    8|      ap_vld|                             localA_337_4_out|       pointer|
|localA_337_4_out_ap_vld   |  out|    1|      ap_vld|                             localA_337_4_out|       pointer|
|localA_336_4_out          |  out|    8|      ap_vld|                             localA_336_4_out|       pointer|
|localA_336_4_out_ap_vld   |  out|    1|      ap_vld|                             localA_336_4_out|       pointer|
|localA_335_4_out          |  out|    8|      ap_vld|                             localA_335_4_out|       pointer|
|localA_335_4_out_ap_vld   |  out|    1|      ap_vld|                             localA_335_4_out|       pointer|
|localA_334_4_out          |  out|    8|      ap_vld|                             localA_334_4_out|       pointer|
|localA_334_4_out_ap_vld   |  out|    1|      ap_vld|                             localA_334_4_out|       pointer|
|localA_333_4_out          |  out|    8|      ap_vld|                             localA_333_4_out|       pointer|
|localA_333_4_out_ap_vld   |  out|    1|      ap_vld|                             localA_333_4_out|       pointer|
|localA_332_4_out          |  out|    8|      ap_vld|                             localA_332_4_out|       pointer|
|localA_332_4_out_ap_vld   |  out|    1|      ap_vld|                             localA_332_4_out|       pointer|
|localA_331_4_out          |  out|    8|      ap_vld|                             localA_331_4_out|       pointer|
|localA_331_4_out_ap_vld   |  out|    1|      ap_vld|                             localA_331_4_out|       pointer|
|localA_330_4_out          |  out|    8|      ap_vld|                             localA_330_4_out|       pointer|
|localA_330_4_out_ap_vld   |  out|    1|      ap_vld|                             localA_330_4_out|       pointer|
|localA_329_4_out          |  out|    8|      ap_vld|                             localA_329_4_out|       pointer|
|localA_329_4_out_ap_vld   |  out|    1|      ap_vld|                             localA_329_4_out|       pointer|
|localA_328_4_out          |  out|    8|      ap_vld|                             localA_328_4_out|       pointer|
|localA_328_4_out_ap_vld   |  out|    1|      ap_vld|                             localA_328_4_out|       pointer|
|localA_327_4_out          |  out|    8|      ap_vld|                             localA_327_4_out|       pointer|
|localA_327_4_out_ap_vld   |  out|    1|      ap_vld|                             localA_327_4_out|       pointer|
|localA_326_4_out          |  out|    8|      ap_vld|                             localA_326_4_out|       pointer|
|localA_326_4_out_ap_vld   |  out|    1|      ap_vld|                             localA_326_4_out|       pointer|
|localA_325_4_out          |  out|    8|      ap_vld|                             localA_325_4_out|       pointer|
|localA_325_4_out_ap_vld   |  out|    1|      ap_vld|                             localA_325_4_out|       pointer|
|localA_324_4_out          |  out|    8|      ap_vld|                             localA_324_4_out|       pointer|
|localA_324_4_out_ap_vld   |  out|    1|      ap_vld|                             localA_324_4_out|       pointer|
|localA_323_4_out          |  out|    8|      ap_vld|                             localA_323_4_out|       pointer|
|localA_323_4_out_ap_vld   |  out|    1|      ap_vld|                             localA_323_4_out|       pointer|
|localA_322_4_out          |  out|    8|      ap_vld|                             localA_322_4_out|       pointer|
|localA_322_4_out_ap_vld   |  out|    1|      ap_vld|                             localA_322_4_out|       pointer|
|localA_321_4_out          |  out|    8|      ap_vld|                             localA_321_4_out|       pointer|
|localA_321_4_out_ap_vld   |  out|    1|      ap_vld|                             localA_321_4_out|       pointer|
|localA_320_4_out          |  out|    8|      ap_vld|                             localA_320_4_out|       pointer|
|localA_320_4_out_ap_vld   |  out|    1|      ap_vld|                             localA_320_4_out|       pointer|
|localA_319_4_out          |  out|    8|      ap_vld|                             localA_319_4_out|       pointer|
|localA_319_4_out_ap_vld   |  out|    1|      ap_vld|                             localA_319_4_out|       pointer|
|localA_318_4_out          |  out|    8|      ap_vld|                             localA_318_4_out|       pointer|
|localA_318_4_out_ap_vld   |  out|    1|      ap_vld|                             localA_318_4_out|       pointer|
|localA_317_4_out          |  out|    8|      ap_vld|                             localA_317_4_out|       pointer|
|localA_317_4_out_ap_vld   |  out|    1|      ap_vld|                             localA_317_4_out|       pointer|
|localA_316_4_out          |  out|    8|      ap_vld|                             localA_316_4_out|       pointer|
|localA_316_4_out_ap_vld   |  out|    1|      ap_vld|                             localA_316_4_out|       pointer|
|localA_315_4_out          |  out|    8|      ap_vld|                             localA_315_4_out|       pointer|
|localA_315_4_out_ap_vld   |  out|    1|      ap_vld|                             localA_315_4_out|       pointer|
|localA_314_4_out          |  out|    8|      ap_vld|                             localA_314_4_out|       pointer|
|localA_314_4_out_ap_vld   |  out|    1|      ap_vld|                             localA_314_4_out|       pointer|
|localA_313_4_out          |  out|    8|      ap_vld|                             localA_313_4_out|       pointer|
|localA_313_4_out_ap_vld   |  out|    1|      ap_vld|                             localA_313_4_out|       pointer|
|localA_312_4_out          |  out|    8|      ap_vld|                             localA_312_4_out|       pointer|
|localA_312_4_out_ap_vld   |  out|    1|      ap_vld|                             localA_312_4_out|       pointer|
|localA_311_4_out          |  out|    8|      ap_vld|                             localA_311_4_out|       pointer|
|localA_311_4_out_ap_vld   |  out|    1|      ap_vld|                             localA_311_4_out|       pointer|
|localA_310_4_out          |  out|    8|      ap_vld|                             localA_310_4_out|       pointer|
|localA_310_4_out_ap_vld   |  out|    1|      ap_vld|                             localA_310_4_out|       pointer|
|localA_309_4_out          |  out|    8|      ap_vld|                             localA_309_4_out|       pointer|
|localA_309_4_out_ap_vld   |  out|    1|      ap_vld|                             localA_309_4_out|       pointer|
|localA_308_4_out          |  out|    8|      ap_vld|                             localA_308_4_out|       pointer|
|localA_308_4_out_ap_vld   |  out|    1|      ap_vld|                             localA_308_4_out|       pointer|
|localA_307_4_out          |  out|    8|      ap_vld|                             localA_307_4_out|       pointer|
|localA_307_4_out_ap_vld   |  out|    1|      ap_vld|                             localA_307_4_out|       pointer|
|localA_306_4_out          |  out|    8|      ap_vld|                             localA_306_4_out|       pointer|
|localA_306_4_out_ap_vld   |  out|    1|      ap_vld|                             localA_306_4_out|       pointer|
|localA_305_4_out          |  out|    8|      ap_vld|                             localA_305_4_out|       pointer|
|localA_305_4_out_ap_vld   |  out|    1|      ap_vld|                             localA_305_4_out|       pointer|
|localA_304_4_out          |  out|    8|      ap_vld|                             localA_304_4_out|       pointer|
|localA_304_4_out_ap_vld   |  out|    1|      ap_vld|                             localA_304_4_out|       pointer|
|localA_303_4_out          |  out|    8|      ap_vld|                             localA_303_4_out|       pointer|
|localA_303_4_out_ap_vld   |  out|    1|      ap_vld|                             localA_303_4_out|       pointer|
|localA_302_4_out          |  out|    8|      ap_vld|                             localA_302_4_out|       pointer|
|localA_302_4_out_ap_vld   |  out|    1|      ap_vld|                             localA_302_4_out|       pointer|
|localA_301_4_out          |  out|    8|      ap_vld|                             localA_301_4_out|       pointer|
|localA_301_4_out_ap_vld   |  out|    1|      ap_vld|                             localA_301_4_out|       pointer|
|localA_300_4_out          |  out|    8|      ap_vld|                             localA_300_4_out|       pointer|
|localA_300_4_out_ap_vld   |  out|    1|      ap_vld|                             localA_300_4_out|       pointer|
|localA_299_4_out          |  out|    8|      ap_vld|                             localA_299_4_out|       pointer|
|localA_299_4_out_ap_vld   |  out|    1|      ap_vld|                             localA_299_4_out|       pointer|
|localA_298_4_out          |  out|    8|      ap_vld|                             localA_298_4_out|       pointer|
|localA_298_4_out_ap_vld   |  out|    1|      ap_vld|                             localA_298_4_out|       pointer|
|localA_297_4_out          |  out|    8|      ap_vld|                             localA_297_4_out|       pointer|
|localA_297_4_out_ap_vld   |  out|    1|      ap_vld|                             localA_297_4_out|       pointer|
|localA_296_4_out          |  out|    8|      ap_vld|                             localA_296_4_out|       pointer|
|localA_296_4_out_ap_vld   |  out|    1|      ap_vld|                             localA_296_4_out|       pointer|
|localA_295_4_out          |  out|    8|      ap_vld|                             localA_295_4_out|       pointer|
|localA_295_4_out_ap_vld   |  out|    1|      ap_vld|                             localA_295_4_out|       pointer|
|localA_294_4_out          |  out|    8|      ap_vld|                             localA_294_4_out|       pointer|
|localA_294_4_out_ap_vld   |  out|    1|      ap_vld|                             localA_294_4_out|       pointer|
|localA_293_4_out          |  out|    8|      ap_vld|                             localA_293_4_out|       pointer|
|localA_293_4_out_ap_vld   |  out|    1|      ap_vld|                             localA_293_4_out|       pointer|
|localA_292_4_out          |  out|    8|      ap_vld|                             localA_292_4_out|       pointer|
|localA_292_4_out_ap_vld   |  out|    1|      ap_vld|                             localA_292_4_out|       pointer|
|localA_291_4_out          |  out|    8|      ap_vld|                             localA_291_4_out|       pointer|
|localA_291_4_out_ap_vld   |  out|    1|      ap_vld|                             localA_291_4_out|       pointer|
|localA_290_4_out          |  out|    8|      ap_vld|                             localA_290_4_out|       pointer|
|localA_290_4_out_ap_vld   |  out|    1|      ap_vld|                             localA_290_4_out|       pointer|
|localA_289_4_out          |  out|    8|      ap_vld|                             localA_289_4_out|       pointer|
|localA_289_4_out_ap_vld   |  out|    1|      ap_vld|                             localA_289_4_out|       pointer|
|localA_288_4_out          |  out|    8|      ap_vld|                             localA_288_4_out|       pointer|
|localA_288_4_out_ap_vld   |  out|    1|      ap_vld|                             localA_288_4_out|       pointer|
|localA_287_4_out          |  out|    8|      ap_vld|                             localA_287_4_out|       pointer|
|localA_287_4_out_ap_vld   |  out|    1|      ap_vld|                             localA_287_4_out|       pointer|
|localA_286_4_out          |  out|    8|      ap_vld|                             localA_286_4_out|       pointer|
|localA_286_4_out_ap_vld   |  out|    1|      ap_vld|                             localA_286_4_out|       pointer|
|localA_285_4_out          |  out|    8|      ap_vld|                             localA_285_4_out|       pointer|
|localA_285_4_out_ap_vld   |  out|    1|      ap_vld|                             localA_285_4_out|       pointer|
|localA_284_4_out          |  out|    8|      ap_vld|                             localA_284_4_out|       pointer|
|localA_284_4_out_ap_vld   |  out|    1|      ap_vld|                             localA_284_4_out|       pointer|
|localA_283_4_out          |  out|    8|      ap_vld|                             localA_283_4_out|       pointer|
|localA_283_4_out_ap_vld   |  out|    1|      ap_vld|                             localA_283_4_out|       pointer|
|localA_282_4_out          |  out|    8|      ap_vld|                             localA_282_4_out|       pointer|
|localA_282_4_out_ap_vld   |  out|    1|      ap_vld|                             localA_282_4_out|       pointer|
|localA_281_4_out          |  out|    8|      ap_vld|                             localA_281_4_out|       pointer|
|localA_281_4_out_ap_vld   |  out|    1|      ap_vld|                             localA_281_4_out|       pointer|
|localA_280_4_out          |  out|    8|      ap_vld|                             localA_280_4_out|       pointer|
|localA_280_4_out_ap_vld   |  out|    1|      ap_vld|                             localA_280_4_out|       pointer|
|localA_279_4_out          |  out|    8|      ap_vld|                             localA_279_4_out|       pointer|
|localA_279_4_out_ap_vld   |  out|    1|      ap_vld|                             localA_279_4_out|       pointer|
|localA_278_4_out          |  out|    8|      ap_vld|                             localA_278_4_out|       pointer|
|localA_278_4_out_ap_vld   |  out|    1|      ap_vld|                             localA_278_4_out|       pointer|
|localA_277_4_out          |  out|    8|      ap_vld|                             localA_277_4_out|       pointer|
|localA_277_4_out_ap_vld   |  out|    1|      ap_vld|                             localA_277_4_out|       pointer|
|localA_276_4_out          |  out|    8|      ap_vld|                             localA_276_4_out|       pointer|
|localA_276_4_out_ap_vld   |  out|    1|      ap_vld|                             localA_276_4_out|       pointer|
|localA_275_4_out          |  out|    8|      ap_vld|                             localA_275_4_out|       pointer|
|localA_275_4_out_ap_vld   |  out|    1|      ap_vld|                             localA_275_4_out|       pointer|
|localA_274_4_out          |  out|    8|      ap_vld|                             localA_274_4_out|       pointer|
|localA_274_4_out_ap_vld   |  out|    1|      ap_vld|                             localA_274_4_out|       pointer|
|localA_273_4_out          |  out|    8|      ap_vld|                             localA_273_4_out|       pointer|
|localA_273_4_out_ap_vld   |  out|    1|      ap_vld|                             localA_273_4_out|       pointer|
|localA_272_4_out          |  out|    8|      ap_vld|                             localA_272_4_out|       pointer|
|localA_272_4_out_ap_vld   |  out|    1|      ap_vld|                             localA_272_4_out|       pointer|
|localA_271_4_out          |  out|    8|      ap_vld|                             localA_271_4_out|       pointer|
|localA_271_4_out_ap_vld   |  out|    1|      ap_vld|                             localA_271_4_out|       pointer|
|localA_270_4_out          |  out|    8|      ap_vld|                             localA_270_4_out|       pointer|
|localA_270_4_out_ap_vld   |  out|    1|      ap_vld|                             localA_270_4_out|       pointer|
|localA_269_4_out          |  out|    8|      ap_vld|                             localA_269_4_out|       pointer|
|localA_269_4_out_ap_vld   |  out|    1|      ap_vld|                             localA_269_4_out|       pointer|
|localA_268_4_out          |  out|    8|      ap_vld|                             localA_268_4_out|       pointer|
|localA_268_4_out_ap_vld   |  out|    1|      ap_vld|                             localA_268_4_out|       pointer|
|localA_267_4_out          |  out|    8|      ap_vld|                             localA_267_4_out|       pointer|
|localA_267_4_out_ap_vld   |  out|    1|      ap_vld|                             localA_267_4_out|       pointer|
|localA_266_4_out          |  out|    8|      ap_vld|                             localA_266_4_out|       pointer|
|localA_266_4_out_ap_vld   |  out|    1|      ap_vld|                             localA_266_4_out|       pointer|
|localA_265_4_out          |  out|    8|      ap_vld|                             localA_265_4_out|       pointer|
|localA_265_4_out_ap_vld   |  out|    1|      ap_vld|                             localA_265_4_out|       pointer|
|localA_264_4_out          |  out|    8|      ap_vld|                             localA_264_4_out|       pointer|
|localA_264_4_out_ap_vld   |  out|    1|      ap_vld|                             localA_264_4_out|       pointer|
|localA_263_4_out          |  out|    8|      ap_vld|                             localA_263_4_out|       pointer|
|localA_263_4_out_ap_vld   |  out|    1|      ap_vld|                             localA_263_4_out|       pointer|
|localA_262_4_out          |  out|    8|      ap_vld|                             localA_262_4_out|       pointer|
|localA_262_4_out_ap_vld   |  out|    1|      ap_vld|                             localA_262_4_out|       pointer|
|localA_261_4_out          |  out|    8|      ap_vld|                             localA_261_4_out|       pointer|
|localA_261_4_out_ap_vld   |  out|    1|      ap_vld|                             localA_261_4_out|       pointer|
|localA_260_4_out          |  out|    8|      ap_vld|                             localA_260_4_out|       pointer|
|localA_260_4_out_ap_vld   |  out|    1|      ap_vld|                             localA_260_4_out|       pointer|
|localA_259_4_out          |  out|    8|      ap_vld|                             localA_259_4_out|       pointer|
|localA_259_4_out_ap_vld   |  out|    1|      ap_vld|                             localA_259_4_out|       pointer|
|localA_258_4_out          |  out|    8|      ap_vld|                             localA_258_4_out|       pointer|
|localA_258_4_out_ap_vld   |  out|    1|      ap_vld|                             localA_258_4_out|       pointer|
|localA_257_4_out          |  out|    8|      ap_vld|                             localA_257_4_out|       pointer|
|localA_257_4_out_ap_vld   |  out|    1|      ap_vld|                             localA_257_4_out|       pointer|
|localA_256_4_out          |  out|    8|      ap_vld|                             localA_256_4_out|       pointer|
|localA_256_4_out_ap_vld   |  out|    1|      ap_vld|                             localA_256_4_out|       pointer|
|localA_255_4_out          |  out|    8|      ap_vld|                             localA_255_4_out|       pointer|
|localA_255_4_out_ap_vld   |  out|    1|      ap_vld|                             localA_255_4_out|       pointer|
|localA_254_4_out          |  out|    8|      ap_vld|                             localA_254_4_out|       pointer|
|localA_254_4_out_ap_vld   |  out|    1|      ap_vld|                             localA_254_4_out|       pointer|
|localA_253_4_out          |  out|    8|      ap_vld|                             localA_253_4_out|       pointer|
|localA_253_4_out_ap_vld   |  out|    1|      ap_vld|                             localA_253_4_out|       pointer|
|localA_252_4_out          |  out|    8|      ap_vld|                             localA_252_4_out|       pointer|
|localA_252_4_out_ap_vld   |  out|    1|      ap_vld|                             localA_252_4_out|       pointer|
|localA_251_4_out          |  out|    8|      ap_vld|                             localA_251_4_out|       pointer|
|localA_251_4_out_ap_vld   |  out|    1|      ap_vld|                             localA_251_4_out|       pointer|
|localA_250_4_out          |  out|    8|      ap_vld|                             localA_250_4_out|       pointer|
|localA_250_4_out_ap_vld   |  out|    1|      ap_vld|                             localA_250_4_out|       pointer|
|localA_249_4_out          |  out|    8|      ap_vld|                             localA_249_4_out|       pointer|
|localA_249_4_out_ap_vld   |  out|    1|      ap_vld|                             localA_249_4_out|       pointer|
|localA_248_4_out          |  out|    8|      ap_vld|                             localA_248_4_out|       pointer|
|localA_248_4_out_ap_vld   |  out|    1|      ap_vld|                             localA_248_4_out|       pointer|
|localA_247_4_out          |  out|    8|      ap_vld|                             localA_247_4_out|       pointer|
|localA_247_4_out_ap_vld   |  out|    1|      ap_vld|                             localA_247_4_out|       pointer|
|localA_246_4_out          |  out|    8|      ap_vld|                             localA_246_4_out|       pointer|
|localA_246_4_out_ap_vld   |  out|    1|      ap_vld|                             localA_246_4_out|       pointer|
|localA_245_4_out          |  out|    8|      ap_vld|                             localA_245_4_out|       pointer|
|localA_245_4_out_ap_vld   |  out|    1|      ap_vld|                             localA_245_4_out|       pointer|
|localA_244_4_out          |  out|    8|      ap_vld|                             localA_244_4_out|       pointer|
|localA_244_4_out_ap_vld   |  out|    1|      ap_vld|                             localA_244_4_out|       pointer|
|localA_243_4_out          |  out|    8|      ap_vld|                             localA_243_4_out|       pointer|
|localA_243_4_out_ap_vld   |  out|    1|      ap_vld|                             localA_243_4_out|       pointer|
|localA_242_4_out          |  out|    8|      ap_vld|                             localA_242_4_out|       pointer|
|localA_242_4_out_ap_vld   |  out|    1|      ap_vld|                             localA_242_4_out|       pointer|
|localA_241_4_out          |  out|    8|      ap_vld|                             localA_241_4_out|       pointer|
|localA_241_4_out_ap_vld   |  out|    1|      ap_vld|                             localA_241_4_out|       pointer|
|localA_240_4_out          |  out|    8|      ap_vld|                             localA_240_4_out|       pointer|
|localA_240_4_out_ap_vld   |  out|    1|      ap_vld|                             localA_240_4_out|       pointer|
|localA_239_4_out          |  out|    8|      ap_vld|                             localA_239_4_out|       pointer|
|localA_239_4_out_ap_vld   |  out|    1|      ap_vld|                             localA_239_4_out|       pointer|
|localA_238_4_out          |  out|    8|      ap_vld|                             localA_238_4_out|       pointer|
|localA_238_4_out_ap_vld   |  out|    1|      ap_vld|                             localA_238_4_out|       pointer|
|localA_237_4_out          |  out|    8|      ap_vld|                             localA_237_4_out|       pointer|
|localA_237_4_out_ap_vld   |  out|    1|      ap_vld|                             localA_237_4_out|       pointer|
|localA_236_4_out          |  out|    8|      ap_vld|                             localA_236_4_out|       pointer|
|localA_236_4_out_ap_vld   |  out|    1|      ap_vld|                             localA_236_4_out|       pointer|
|localA_235_4_out          |  out|    8|      ap_vld|                             localA_235_4_out|       pointer|
|localA_235_4_out_ap_vld   |  out|    1|      ap_vld|                             localA_235_4_out|       pointer|
|localA_234_4_out          |  out|    8|      ap_vld|                             localA_234_4_out|       pointer|
|localA_234_4_out_ap_vld   |  out|    1|      ap_vld|                             localA_234_4_out|       pointer|
|localA_233_4_out          |  out|    8|      ap_vld|                             localA_233_4_out|       pointer|
|localA_233_4_out_ap_vld   |  out|    1|      ap_vld|                             localA_233_4_out|       pointer|
|localA_232_4_out          |  out|    8|      ap_vld|                             localA_232_4_out|       pointer|
|localA_232_4_out_ap_vld   |  out|    1|      ap_vld|                             localA_232_4_out|       pointer|
|localA_231_4_out          |  out|    8|      ap_vld|                             localA_231_4_out|       pointer|
|localA_231_4_out_ap_vld   |  out|    1|      ap_vld|                             localA_231_4_out|       pointer|
|localA_230_4_out          |  out|    8|      ap_vld|                             localA_230_4_out|       pointer|
|localA_230_4_out_ap_vld   |  out|    1|      ap_vld|                             localA_230_4_out|       pointer|
|localA_229_4_out          |  out|    8|      ap_vld|                             localA_229_4_out|       pointer|
|localA_229_4_out_ap_vld   |  out|    1|      ap_vld|                             localA_229_4_out|       pointer|
|localA_228_4_out          |  out|    8|      ap_vld|                             localA_228_4_out|       pointer|
|localA_228_4_out_ap_vld   |  out|    1|      ap_vld|                             localA_228_4_out|       pointer|
|localA_227_4_out          |  out|    8|      ap_vld|                             localA_227_4_out|       pointer|
|localA_227_4_out_ap_vld   |  out|    1|      ap_vld|                             localA_227_4_out|       pointer|
|localA_226_4_out          |  out|    8|      ap_vld|                             localA_226_4_out|       pointer|
|localA_226_4_out_ap_vld   |  out|    1|      ap_vld|                             localA_226_4_out|       pointer|
|localA_225_4_out          |  out|    8|      ap_vld|                             localA_225_4_out|       pointer|
|localA_225_4_out_ap_vld   |  out|    1|      ap_vld|                             localA_225_4_out|       pointer|
|localA_224_4_out          |  out|    8|      ap_vld|                             localA_224_4_out|       pointer|
|localA_224_4_out_ap_vld   |  out|    1|      ap_vld|                             localA_224_4_out|       pointer|
|localA_223_4_out          |  out|    8|      ap_vld|                             localA_223_4_out|       pointer|
|localA_223_4_out_ap_vld   |  out|    1|      ap_vld|                             localA_223_4_out|       pointer|
|localA_222_4_out          |  out|    8|      ap_vld|                             localA_222_4_out|       pointer|
|localA_222_4_out_ap_vld   |  out|    1|      ap_vld|                             localA_222_4_out|       pointer|
|localA_221_4_out          |  out|    8|      ap_vld|                             localA_221_4_out|       pointer|
|localA_221_4_out_ap_vld   |  out|    1|      ap_vld|                             localA_221_4_out|       pointer|
|localA_220_4_out          |  out|    8|      ap_vld|                             localA_220_4_out|       pointer|
|localA_220_4_out_ap_vld   |  out|    1|      ap_vld|                             localA_220_4_out|       pointer|
|localA_219_4_out          |  out|    8|      ap_vld|                             localA_219_4_out|       pointer|
|localA_219_4_out_ap_vld   |  out|    1|      ap_vld|                             localA_219_4_out|       pointer|
|localA_218_4_out          |  out|    8|      ap_vld|                             localA_218_4_out|       pointer|
|localA_218_4_out_ap_vld   |  out|    1|      ap_vld|                             localA_218_4_out|       pointer|
|localA_217_4_out          |  out|    8|      ap_vld|                             localA_217_4_out|       pointer|
|localA_217_4_out_ap_vld   |  out|    1|      ap_vld|                             localA_217_4_out|       pointer|
|localA_216_4_out          |  out|    8|      ap_vld|                             localA_216_4_out|       pointer|
|localA_216_4_out_ap_vld   |  out|    1|      ap_vld|                             localA_216_4_out|       pointer|
|localA_215_4_out          |  out|    8|      ap_vld|                             localA_215_4_out|       pointer|
|localA_215_4_out_ap_vld   |  out|    1|      ap_vld|                             localA_215_4_out|       pointer|
|localA_214_4_out          |  out|    8|      ap_vld|                             localA_214_4_out|       pointer|
|localA_214_4_out_ap_vld   |  out|    1|      ap_vld|                             localA_214_4_out|       pointer|
|localA_213_4_out          |  out|    8|      ap_vld|                             localA_213_4_out|       pointer|
|localA_213_4_out_ap_vld   |  out|    1|      ap_vld|                             localA_213_4_out|       pointer|
|localA_212_4_out          |  out|    8|      ap_vld|                             localA_212_4_out|       pointer|
|localA_212_4_out_ap_vld   |  out|    1|      ap_vld|                             localA_212_4_out|       pointer|
|localA_211_4_out          |  out|    8|      ap_vld|                             localA_211_4_out|       pointer|
|localA_211_4_out_ap_vld   |  out|    1|      ap_vld|                             localA_211_4_out|       pointer|
|localA_210_4_out          |  out|    8|      ap_vld|                             localA_210_4_out|       pointer|
|localA_210_4_out_ap_vld   |  out|    1|      ap_vld|                             localA_210_4_out|       pointer|
|localA_209_4_out          |  out|    8|      ap_vld|                             localA_209_4_out|       pointer|
|localA_209_4_out_ap_vld   |  out|    1|      ap_vld|                             localA_209_4_out|       pointer|
|localA_208_4_out          |  out|    8|      ap_vld|                             localA_208_4_out|       pointer|
|localA_208_4_out_ap_vld   |  out|    1|      ap_vld|                             localA_208_4_out|       pointer|
|localA_207_4_out          |  out|    8|      ap_vld|                             localA_207_4_out|       pointer|
|localA_207_4_out_ap_vld   |  out|    1|      ap_vld|                             localA_207_4_out|       pointer|
|localA_206_4_out          |  out|    8|      ap_vld|                             localA_206_4_out|       pointer|
|localA_206_4_out_ap_vld   |  out|    1|      ap_vld|                             localA_206_4_out|       pointer|
|localA_205_4_out          |  out|    8|      ap_vld|                             localA_205_4_out|       pointer|
|localA_205_4_out_ap_vld   |  out|    1|      ap_vld|                             localA_205_4_out|       pointer|
|localA_204_4_out          |  out|    8|      ap_vld|                             localA_204_4_out|       pointer|
|localA_204_4_out_ap_vld   |  out|    1|      ap_vld|                             localA_204_4_out|       pointer|
|localA_203_4_out          |  out|    8|      ap_vld|                             localA_203_4_out|       pointer|
|localA_203_4_out_ap_vld   |  out|    1|      ap_vld|                             localA_203_4_out|       pointer|
|localA_202_4_out          |  out|    8|      ap_vld|                             localA_202_4_out|       pointer|
|localA_202_4_out_ap_vld   |  out|    1|      ap_vld|                             localA_202_4_out|       pointer|
|localA_201_4_out          |  out|    8|      ap_vld|                             localA_201_4_out|       pointer|
|localA_201_4_out_ap_vld   |  out|    1|      ap_vld|                             localA_201_4_out|       pointer|
|localA_200_4_out          |  out|    8|      ap_vld|                             localA_200_4_out|       pointer|
|localA_200_4_out_ap_vld   |  out|    1|      ap_vld|                             localA_200_4_out|       pointer|
|localA_199_4_out          |  out|    8|      ap_vld|                             localA_199_4_out|       pointer|
|localA_199_4_out_ap_vld   |  out|    1|      ap_vld|                             localA_199_4_out|       pointer|
|localA_198_4_out          |  out|    8|      ap_vld|                             localA_198_4_out|       pointer|
|localA_198_4_out_ap_vld   |  out|    1|      ap_vld|                             localA_198_4_out|       pointer|
|localA_197_4_out          |  out|    8|      ap_vld|                             localA_197_4_out|       pointer|
|localA_197_4_out_ap_vld   |  out|    1|      ap_vld|                             localA_197_4_out|       pointer|
|localA_196_4_out          |  out|    8|      ap_vld|                             localA_196_4_out|       pointer|
|localA_196_4_out_ap_vld   |  out|    1|      ap_vld|                             localA_196_4_out|       pointer|
|localA_195_4_out          |  out|    8|      ap_vld|                             localA_195_4_out|       pointer|
|localA_195_4_out_ap_vld   |  out|    1|      ap_vld|                             localA_195_4_out|       pointer|
|localA_194_4_out          |  out|    8|      ap_vld|                             localA_194_4_out|       pointer|
|localA_194_4_out_ap_vld   |  out|    1|      ap_vld|                             localA_194_4_out|       pointer|
|localA_193_4_out          |  out|    8|      ap_vld|                             localA_193_4_out|       pointer|
|localA_193_4_out_ap_vld   |  out|    1|      ap_vld|                             localA_193_4_out|       pointer|
|localA_192_4_out          |  out|    8|      ap_vld|                             localA_192_4_out|       pointer|
|localA_192_4_out_ap_vld   |  out|    1|      ap_vld|                             localA_192_4_out|       pointer|
|localA_191_4_out          |  out|    8|      ap_vld|                             localA_191_4_out|       pointer|
|localA_191_4_out_ap_vld   |  out|    1|      ap_vld|                             localA_191_4_out|       pointer|
|localA_190_4_out          |  out|    8|      ap_vld|                             localA_190_4_out|       pointer|
|localA_190_4_out_ap_vld   |  out|    1|      ap_vld|                             localA_190_4_out|       pointer|
|localA_189_4_out          |  out|    8|      ap_vld|                             localA_189_4_out|       pointer|
|localA_189_4_out_ap_vld   |  out|    1|      ap_vld|                             localA_189_4_out|       pointer|
|localA_188_4_out          |  out|    8|      ap_vld|                             localA_188_4_out|       pointer|
|localA_188_4_out_ap_vld   |  out|    1|      ap_vld|                             localA_188_4_out|       pointer|
|localA_187_4_out          |  out|    8|      ap_vld|                             localA_187_4_out|       pointer|
|localA_187_4_out_ap_vld   |  out|    1|      ap_vld|                             localA_187_4_out|       pointer|
|localA_186_4_out          |  out|    8|      ap_vld|                             localA_186_4_out|       pointer|
|localA_186_4_out_ap_vld   |  out|    1|      ap_vld|                             localA_186_4_out|       pointer|
|localA_185_4_out          |  out|    8|      ap_vld|                             localA_185_4_out|       pointer|
|localA_185_4_out_ap_vld   |  out|    1|      ap_vld|                             localA_185_4_out|       pointer|
|localA_184_4_out          |  out|    8|      ap_vld|                             localA_184_4_out|       pointer|
|localA_184_4_out_ap_vld   |  out|    1|      ap_vld|                             localA_184_4_out|       pointer|
|localA_183_4_out          |  out|    8|      ap_vld|                             localA_183_4_out|       pointer|
|localA_183_4_out_ap_vld   |  out|    1|      ap_vld|                             localA_183_4_out|       pointer|
|localA_182_4_out          |  out|    8|      ap_vld|                             localA_182_4_out|       pointer|
|localA_182_4_out_ap_vld   |  out|    1|      ap_vld|                             localA_182_4_out|       pointer|
|localA_181_4_out          |  out|    8|      ap_vld|                             localA_181_4_out|       pointer|
|localA_181_4_out_ap_vld   |  out|    1|      ap_vld|                             localA_181_4_out|       pointer|
|localA_180_4_out          |  out|    8|      ap_vld|                             localA_180_4_out|       pointer|
|localA_180_4_out_ap_vld   |  out|    1|      ap_vld|                             localA_180_4_out|       pointer|
|localA_179_4_out          |  out|    8|      ap_vld|                             localA_179_4_out|       pointer|
|localA_179_4_out_ap_vld   |  out|    1|      ap_vld|                             localA_179_4_out|       pointer|
|localA_178_4_out          |  out|    8|      ap_vld|                             localA_178_4_out|       pointer|
|localA_178_4_out_ap_vld   |  out|    1|      ap_vld|                             localA_178_4_out|       pointer|
|localA_177_4_out          |  out|    8|      ap_vld|                             localA_177_4_out|       pointer|
|localA_177_4_out_ap_vld   |  out|    1|      ap_vld|                             localA_177_4_out|       pointer|
|localA_176_4_out          |  out|    8|      ap_vld|                             localA_176_4_out|       pointer|
|localA_176_4_out_ap_vld   |  out|    1|      ap_vld|                             localA_176_4_out|       pointer|
|localA_175_4_out          |  out|    8|      ap_vld|                             localA_175_4_out|       pointer|
|localA_175_4_out_ap_vld   |  out|    1|      ap_vld|                             localA_175_4_out|       pointer|
|localA_174_4_out          |  out|    8|      ap_vld|                             localA_174_4_out|       pointer|
|localA_174_4_out_ap_vld   |  out|    1|      ap_vld|                             localA_174_4_out|       pointer|
|localA_173_4_out          |  out|    8|      ap_vld|                             localA_173_4_out|       pointer|
|localA_173_4_out_ap_vld   |  out|    1|      ap_vld|                             localA_173_4_out|       pointer|
|localA_172_4_out          |  out|    8|      ap_vld|                             localA_172_4_out|       pointer|
|localA_172_4_out_ap_vld   |  out|    1|      ap_vld|                             localA_172_4_out|       pointer|
|localA_171_4_out          |  out|    8|      ap_vld|                             localA_171_4_out|       pointer|
|localA_171_4_out_ap_vld   |  out|    1|      ap_vld|                             localA_171_4_out|       pointer|
|localA_170_4_out          |  out|    8|      ap_vld|                             localA_170_4_out|       pointer|
|localA_170_4_out_ap_vld   |  out|    1|      ap_vld|                             localA_170_4_out|       pointer|
|localA_169_4_out          |  out|    8|      ap_vld|                             localA_169_4_out|       pointer|
|localA_169_4_out_ap_vld   |  out|    1|      ap_vld|                             localA_169_4_out|       pointer|
|localA_168_4_out          |  out|    8|      ap_vld|                             localA_168_4_out|       pointer|
|localA_168_4_out_ap_vld   |  out|    1|      ap_vld|                             localA_168_4_out|       pointer|
|localA_167_4_out          |  out|    8|      ap_vld|                             localA_167_4_out|       pointer|
|localA_167_4_out_ap_vld   |  out|    1|      ap_vld|                             localA_167_4_out|       pointer|
|localA_166_4_out          |  out|    8|      ap_vld|                             localA_166_4_out|       pointer|
|localA_166_4_out_ap_vld   |  out|    1|      ap_vld|                             localA_166_4_out|       pointer|
|localA_165_4_out          |  out|    8|      ap_vld|                             localA_165_4_out|       pointer|
|localA_165_4_out_ap_vld   |  out|    1|      ap_vld|                             localA_165_4_out|       pointer|
|localA_164_4_out          |  out|    8|      ap_vld|                             localA_164_4_out|       pointer|
|localA_164_4_out_ap_vld   |  out|    1|      ap_vld|                             localA_164_4_out|       pointer|
|localA_163_4_out          |  out|    8|      ap_vld|                             localA_163_4_out|       pointer|
|localA_163_4_out_ap_vld   |  out|    1|      ap_vld|                             localA_163_4_out|       pointer|
|localA_162_4_out          |  out|    8|      ap_vld|                             localA_162_4_out|       pointer|
|localA_162_4_out_ap_vld   |  out|    1|      ap_vld|                             localA_162_4_out|       pointer|
|localA_161_4_out          |  out|    8|      ap_vld|                             localA_161_4_out|       pointer|
|localA_161_4_out_ap_vld   |  out|    1|      ap_vld|                             localA_161_4_out|       pointer|
|localA_160_4_out          |  out|    8|      ap_vld|                             localA_160_4_out|       pointer|
|localA_160_4_out_ap_vld   |  out|    1|      ap_vld|                             localA_160_4_out|       pointer|
|localA_159_4_out          |  out|    8|      ap_vld|                             localA_159_4_out|       pointer|
|localA_159_4_out_ap_vld   |  out|    1|      ap_vld|                             localA_159_4_out|       pointer|
|localA_158_4_out          |  out|    8|      ap_vld|                             localA_158_4_out|       pointer|
|localA_158_4_out_ap_vld   |  out|    1|      ap_vld|                             localA_158_4_out|       pointer|
|localA_157_4_out          |  out|    8|      ap_vld|                             localA_157_4_out|       pointer|
|localA_157_4_out_ap_vld   |  out|    1|      ap_vld|                             localA_157_4_out|       pointer|
|localA_156_4_out          |  out|    8|      ap_vld|                             localA_156_4_out|       pointer|
|localA_156_4_out_ap_vld   |  out|    1|      ap_vld|                             localA_156_4_out|       pointer|
|localA_155_4_out          |  out|    8|      ap_vld|                             localA_155_4_out|       pointer|
|localA_155_4_out_ap_vld   |  out|    1|      ap_vld|                             localA_155_4_out|       pointer|
|localA_154_4_out          |  out|    8|      ap_vld|                             localA_154_4_out|       pointer|
|localA_154_4_out_ap_vld   |  out|    1|      ap_vld|                             localA_154_4_out|       pointer|
|localA_153_4_out          |  out|    8|      ap_vld|                             localA_153_4_out|       pointer|
|localA_153_4_out_ap_vld   |  out|    1|      ap_vld|                             localA_153_4_out|       pointer|
|localA_152_4_out          |  out|    8|      ap_vld|                             localA_152_4_out|       pointer|
|localA_152_4_out_ap_vld   |  out|    1|      ap_vld|                             localA_152_4_out|       pointer|
|localA_151_4_out          |  out|    8|      ap_vld|                             localA_151_4_out|       pointer|
|localA_151_4_out_ap_vld   |  out|    1|      ap_vld|                             localA_151_4_out|       pointer|
|localA_150_4_out          |  out|    8|      ap_vld|                             localA_150_4_out|       pointer|
|localA_150_4_out_ap_vld   |  out|    1|      ap_vld|                             localA_150_4_out|       pointer|
|localA_149_4_out          |  out|    8|      ap_vld|                             localA_149_4_out|       pointer|
|localA_149_4_out_ap_vld   |  out|    1|      ap_vld|                             localA_149_4_out|       pointer|
|localA_148_4_out          |  out|    8|      ap_vld|                             localA_148_4_out|       pointer|
|localA_148_4_out_ap_vld   |  out|    1|      ap_vld|                             localA_148_4_out|       pointer|
|localA_147_4_out          |  out|    8|      ap_vld|                             localA_147_4_out|       pointer|
|localA_147_4_out_ap_vld   |  out|    1|      ap_vld|                             localA_147_4_out|       pointer|
|localA_146_4_out          |  out|    8|      ap_vld|                             localA_146_4_out|       pointer|
|localA_146_4_out_ap_vld   |  out|    1|      ap_vld|                             localA_146_4_out|       pointer|
|localA_145_4_out          |  out|    8|      ap_vld|                             localA_145_4_out|       pointer|
|localA_145_4_out_ap_vld   |  out|    1|      ap_vld|                             localA_145_4_out|       pointer|
|localA_144_4_out          |  out|    8|      ap_vld|                             localA_144_4_out|       pointer|
|localA_144_4_out_ap_vld   |  out|    1|      ap_vld|                             localA_144_4_out|       pointer|
|localA_143_4_out          |  out|    8|      ap_vld|                             localA_143_4_out|       pointer|
|localA_143_4_out_ap_vld   |  out|    1|      ap_vld|                             localA_143_4_out|       pointer|
|localA_142_4_out          |  out|    8|      ap_vld|                             localA_142_4_out|       pointer|
|localA_142_4_out_ap_vld   |  out|    1|      ap_vld|                             localA_142_4_out|       pointer|
|localA_141_4_out          |  out|    8|      ap_vld|                             localA_141_4_out|       pointer|
|localA_141_4_out_ap_vld   |  out|    1|      ap_vld|                             localA_141_4_out|       pointer|
|localA_140_4_out          |  out|    8|      ap_vld|                             localA_140_4_out|       pointer|
|localA_140_4_out_ap_vld   |  out|    1|      ap_vld|                             localA_140_4_out|       pointer|
|localA_139_4_out          |  out|    8|      ap_vld|                             localA_139_4_out|       pointer|
|localA_139_4_out_ap_vld   |  out|    1|      ap_vld|                             localA_139_4_out|       pointer|
|localA_138_4_out          |  out|    8|      ap_vld|                             localA_138_4_out|       pointer|
|localA_138_4_out_ap_vld   |  out|    1|      ap_vld|                             localA_138_4_out|       pointer|
|localA_137_4_out          |  out|    8|      ap_vld|                             localA_137_4_out|       pointer|
|localA_137_4_out_ap_vld   |  out|    1|      ap_vld|                             localA_137_4_out|       pointer|
|localA_136_4_out          |  out|    8|      ap_vld|                             localA_136_4_out|       pointer|
|localA_136_4_out_ap_vld   |  out|    1|      ap_vld|                             localA_136_4_out|       pointer|
|localA_135_4_out          |  out|    8|      ap_vld|                             localA_135_4_out|       pointer|
|localA_135_4_out_ap_vld   |  out|    1|      ap_vld|                             localA_135_4_out|       pointer|
|localA_134_4_out          |  out|    8|      ap_vld|                             localA_134_4_out|       pointer|
|localA_134_4_out_ap_vld   |  out|    1|      ap_vld|                             localA_134_4_out|       pointer|
|localA_133_4_out          |  out|    8|      ap_vld|                             localA_133_4_out|       pointer|
|localA_133_4_out_ap_vld   |  out|    1|      ap_vld|                             localA_133_4_out|       pointer|
|localA_132_4_out          |  out|    8|      ap_vld|                             localA_132_4_out|       pointer|
|localA_132_4_out_ap_vld   |  out|    1|      ap_vld|                             localA_132_4_out|       pointer|
|localA_131_4_out          |  out|    8|      ap_vld|                             localA_131_4_out|       pointer|
|localA_131_4_out_ap_vld   |  out|    1|      ap_vld|                             localA_131_4_out|       pointer|
|localA_130_4_out          |  out|    8|      ap_vld|                             localA_130_4_out|       pointer|
|localA_130_4_out_ap_vld   |  out|    1|      ap_vld|                             localA_130_4_out|       pointer|
|localA_129_4_out          |  out|    8|      ap_vld|                             localA_129_4_out|       pointer|
|localA_129_4_out_ap_vld   |  out|    1|      ap_vld|                             localA_129_4_out|       pointer|
|localA_128_4_out          |  out|    8|      ap_vld|                             localA_128_4_out|       pointer|
|localA_128_4_out_ap_vld   |  out|    1|      ap_vld|                             localA_128_4_out|       pointer|
|localA_127_4_out          |  out|    8|      ap_vld|                             localA_127_4_out|       pointer|
|localA_127_4_out_ap_vld   |  out|    1|      ap_vld|                             localA_127_4_out|       pointer|
|localA_126_4_out          |  out|    8|      ap_vld|                             localA_126_4_out|       pointer|
|localA_126_4_out_ap_vld   |  out|    1|      ap_vld|                             localA_126_4_out|       pointer|
|localA_125_4_out          |  out|    8|      ap_vld|                             localA_125_4_out|       pointer|
|localA_125_4_out_ap_vld   |  out|    1|      ap_vld|                             localA_125_4_out|       pointer|
|localA_124_4_out          |  out|    8|      ap_vld|                             localA_124_4_out|       pointer|
|localA_124_4_out_ap_vld   |  out|    1|      ap_vld|                             localA_124_4_out|       pointer|
|localA_123_4_out          |  out|    8|      ap_vld|                             localA_123_4_out|       pointer|
|localA_123_4_out_ap_vld   |  out|    1|      ap_vld|                             localA_123_4_out|       pointer|
|localA_122_4_out          |  out|    8|      ap_vld|                             localA_122_4_out|       pointer|
|localA_122_4_out_ap_vld   |  out|    1|      ap_vld|                             localA_122_4_out|       pointer|
|localA_121_4_out          |  out|    8|      ap_vld|                             localA_121_4_out|       pointer|
|localA_121_4_out_ap_vld   |  out|    1|      ap_vld|                             localA_121_4_out|       pointer|
|localA_120_4_out          |  out|    8|      ap_vld|                             localA_120_4_out|       pointer|
|localA_120_4_out_ap_vld   |  out|    1|      ap_vld|                             localA_120_4_out|       pointer|
|localA_119_4_out          |  out|    8|      ap_vld|                             localA_119_4_out|       pointer|
|localA_119_4_out_ap_vld   |  out|    1|      ap_vld|                             localA_119_4_out|       pointer|
|localA_118_4_out          |  out|    8|      ap_vld|                             localA_118_4_out|       pointer|
|localA_118_4_out_ap_vld   |  out|    1|      ap_vld|                             localA_118_4_out|       pointer|
|localA_117_4_out          |  out|    8|      ap_vld|                             localA_117_4_out|       pointer|
|localA_117_4_out_ap_vld   |  out|    1|      ap_vld|                             localA_117_4_out|       pointer|
|localA_116_4_out          |  out|    8|      ap_vld|                             localA_116_4_out|       pointer|
|localA_116_4_out_ap_vld   |  out|    1|      ap_vld|                             localA_116_4_out|       pointer|
|localA_115_4_out          |  out|    8|      ap_vld|                             localA_115_4_out|       pointer|
|localA_115_4_out_ap_vld   |  out|    1|      ap_vld|                             localA_115_4_out|       pointer|
|localA_114_4_out          |  out|    8|      ap_vld|                             localA_114_4_out|       pointer|
|localA_114_4_out_ap_vld   |  out|    1|      ap_vld|                             localA_114_4_out|       pointer|
|localA_113_4_out          |  out|    8|      ap_vld|                             localA_113_4_out|       pointer|
|localA_113_4_out_ap_vld   |  out|    1|      ap_vld|                             localA_113_4_out|       pointer|
|localA_112_4_out          |  out|    8|      ap_vld|                             localA_112_4_out|       pointer|
|localA_112_4_out_ap_vld   |  out|    1|      ap_vld|                             localA_112_4_out|       pointer|
|localA_111_4_out          |  out|    8|      ap_vld|                             localA_111_4_out|       pointer|
|localA_111_4_out_ap_vld   |  out|    1|      ap_vld|                             localA_111_4_out|       pointer|
|localA_110_4_out          |  out|    8|      ap_vld|                             localA_110_4_out|       pointer|
|localA_110_4_out_ap_vld   |  out|    1|      ap_vld|                             localA_110_4_out|       pointer|
|localA_109_4_out          |  out|    8|      ap_vld|                             localA_109_4_out|       pointer|
|localA_109_4_out_ap_vld   |  out|    1|      ap_vld|                             localA_109_4_out|       pointer|
|localA_108_4_out          |  out|    8|      ap_vld|                             localA_108_4_out|       pointer|
|localA_108_4_out_ap_vld   |  out|    1|      ap_vld|                             localA_108_4_out|       pointer|
|localA_107_4_out          |  out|    8|      ap_vld|                             localA_107_4_out|       pointer|
|localA_107_4_out_ap_vld   |  out|    1|      ap_vld|                             localA_107_4_out|       pointer|
|localA_106_4_out          |  out|    8|      ap_vld|                             localA_106_4_out|       pointer|
|localA_106_4_out_ap_vld   |  out|    1|      ap_vld|                             localA_106_4_out|       pointer|
|localA_105_4_out          |  out|    8|      ap_vld|                             localA_105_4_out|       pointer|
|localA_105_4_out_ap_vld   |  out|    1|      ap_vld|                             localA_105_4_out|       pointer|
|localA_104_4_out          |  out|    8|      ap_vld|                             localA_104_4_out|       pointer|
|localA_104_4_out_ap_vld   |  out|    1|      ap_vld|                             localA_104_4_out|       pointer|
|localA_103_4_out          |  out|    8|      ap_vld|                             localA_103_4_out|       pointer|
|localA_103_4_out_ap_vld   |  out|    1|      ap_vld|                             localA_103_4_out|       pointer|
|localA_102_4_out          |  out|    8|      ap_vld|                             localA_102_4_out|       pointer|
|localA_102_4_out_ap_vld   |  out|    1|      ap_vld|                             localA_102_4_out|       pointer|
|localA_101_4_out          |  out|    8|      ap_vld|                             localA_101_4_out|       pointer|
|localA_101_4_out_ap_vld   |  out|    1|      ap_vld|                             localA_101_4_out|       pointer|
|localA_100_4_out          |  out|    8|      ap_vld|                             localA_100_4_out|       pointer|
|localA_100_4_out_ap_vld   |  out|    1|      ap_vld|                             localA_100_4_out|       pointer|
|localA_99_4_out           |  out|    8|      ap_vld|                              localA_99_4_out|       pointer|
|localA_99_4_out_ap_vld    |  out|    1|      ap_vld|                              localA_99_4_out|       pointer|
|localA_98_4_out           |  out|    8|      ap_vld|                              localA_98_4_out|       pointer|
|localA_98_4_out_ap_vld    |  out|    1|      ap_vld|                              localA_98_4_out|       pointer|
|localA_97_4_out           |  out|    8|      ap_vld|                              localA_97_4_out|       pointer|
|localA_97_4_out_ap_vld    |  out|    1|      ap_vld|                              localA_97_4_out|       pointer|
|localA_96_4_out           |  out|    8|      ap_vld|                              localA_96_4_out|       pointer|
|localA_96_4_out_ap_vld    |  out|    1|      ap_vld|                              localA_96_4_out|       pointer|
|localA_95_4_out           |  out|    8|      ap_vld|                              localA_95_4_out|       pointer|
|localA_95_4_out_ap_vld    |  out|    1|      ap_vld|                              localA_95_4_out|       pointer|
|localA_94_4_out           |  out|    8|      ap_vld|                              localA_94_4_out|       pointer|
|localA_94_4_out_ap_vld    |  out|    1|      ap_vld|                              localA_94_4_out|       pointer|
|localA_93_4_out           |  out|    8|      ap_vld|                              localA_93_4_out|       pointer|
|localA_93_4_out_ap_vld    |  out|    1|      ap_vld|                              localA_93_4_out|       pointer|
|localA_92_4_out           |  out|    8|      ap_vld|                              localA_92_4_out|       pointer|
|localA_92_4_out_ap_vld    |  out|    1|      ap_vld|                              localA_92_4_out|       pointer|
|localA_91_4_out           |  out|    8|      ap_vld|                              localA_91_4_out|       pointer|
|localA_91_4_out_ap_vld    |  out|    1|      ap_vld|                              localA_91_4_out|       pointer|
|localA_90_4_out           |  out|    8|      ap_vld|                              localA_90_4_out|       pointer|
|localA_90_4_out_ap_vld    |  out|    1|      ap_vld|                              localA_90_4_out|       pointer|
|localA_89_4_out           |  out|    8|      ap_vld|                              localA_89_4_out|       pointer|
|localA_89_4_out_ap_vld    |  out|    1|      ap_vld|                              localA_89_4_out|       pointer|
|localA_88_4_out           |  out|    8|      ap_vld|                              localA_88_4_out|       pointer|
|localA_88_4_out_ap_vld    |  out|    1|      ap_vld|                              localA_88_4_out|       pointer|
|localA_87_4_out           |  out|    8|      ap_vld|                              localA_87_4_out|       pointer|
|localA_87_4_out_ap_vld    |  out|    1|      ap_vld|                              localA_87_4_out|       pointer|
|localA_86_4_out           |  out|    8|      ap_vld|                              localA_86_4_out|       pointer|
|localA_86_4_out_ap_vld    |  out|    1|      ap_vld|                              localA_86_4_out|       pointer|
|localA_85_4_out           |  out|    8|      ap_vld|                              localA_85_4_out|       pointer|
|localA_85_4_out_ap_vld    |  out|    1|      ap_vld|                              localA_85_4_out|       pointer|
|localA_84_4_out           |  out|    8|      ap_vld|                              localA_84_4_out|       pointer|
|localA_84_4_out_ap_vld    |  out|    1|      ap_vld|                              localA_84_4_out|       pointer|
|localA_83_4_out           |  out|    8|      ap_vld|                              localA_83_4_out|       pointer|
|localA_83_4_out_ap_vld    |  out|    1|      ap_vld|                              localA_83_4_out|       pointer|
|localA_82_4_out           |  out|    8|      ap_vld|                              localA_82_4_out|       pointer|
|localA_82_4_out_ap_vld    |  out|    1|      ap_vld|                              localA_82_4_out|       pointer|
|localA_81_4_out           |  out|    8|      ap_vld|                              localA_81_4_out|       pointer|
|localA_81_4_out_ap_vld    |  out|    1|      ap_vld|                              localA_81_4_out|       pointer|
|localA_80_4_out           |  out|    8|      ap_vld|                              localA_80_4_out|       pointer|
|localA_80_4_out_ap_vld    |  out|    1|      ap_vld|                              localA_80_4_out|       pointer|
|localA_79_4_out           |  out|    8|      ap_vld|                              localA_79_4_out|       pointer|
|localA_79_4_out_ap_vld    |  out|    1|      ap_vld|                              localA_79_4_out|       pointer|
|localA_78_4_out           |  out|    8|      ap_vld|                              localA_78_4_out|       pointer|
|localA_78_4_out_ap_vld    |  out|    1|      ap_vld|                              localA_78_4_out|       pointer|
|localA_77_4_out           |  out|    8|      ap_vld|                              localA_77_4_out|       pointer|
|localA_77_4_out_ap_vld    |  out|    1|      ap_vld|                              localA_77_4_out|       pointer|
|localA_76_4_out           |  out|    8|      ap_vld|                              localA_76_4_out|       pointer|
|localA_76_4_out_ap_vld    |  out|    1|      ap_vld|                              localA_76_4_out|       pointer|
|localA_75_4_out           |  out|    8|      ap_vld|                              localA_75_4_out|       pointer|
|localA_75_4_out_ap_vld    |  out|    1|      ap_vld|                              localA_75_4_out|       pointer|
|localA_74_4_out           |  out|    8|      ap_vld|                              localA_74_4_out|       pointer|
|localA_74_4_out_ap_vld    |  out|    1|      ap_vld|                              localA_74_4_out|       pointer|
|localA_73_4_out           |  out|    8|      ap_vld|                              localA_73_4_out|       pointer|
|localA_73_4_out_ap_vld    |  out|    1|      ap_vld|                              localA_73_4_out|       pointer|
|localA_72_4_out           |  out|    8|      ap_vld|                              localA_72_4_out|       pointer|
|localA_72_4_out_ap_vld    |  out|    1|      ap_vld|                              localA_72_4_out|       pointer|
|localA_71_4_out           |  out|    8|      ap_vld|                              localA_71_4_out|       pointer|
|localA_71_4_out_ap_vld    |  out|    1|      ap_vld|                              localA_71_4_out|       pointer|
|localA_70_4_out           |  out|    8|      ap_vld|                              localA_70_4_out|       pointer|
|localA_70_4_out_ap_vld    |  out|    1|      ap_vld|                              localA_70_4_out|       pointer|
|localA_69_4_out           |  out|    8|      ap_vld|                              localA_69_4_out|       pointer|
|localA_69_4_out_ap_vld    |  out|    1|      ap_vld|                              localA_69_4_out|       pointer|
|localA_68_4_out           |  out|    8|      ap_vld|                              localA_68_4_out|       pointer|
|localA_68_4_out_ap_vld    |  out|    1|      ap_vld|                              localA_68_4_out|       pointer|
|localA_67_4_out           |  out|    8|      ap_vld|                              localA_67_4_out|       pointer|
|localA_67_4_out_ap_vld    |  out|    1|      ap_vld|                              localA_67_4_out|       pointer|
|localA_66_4_out           |  out|    8|      ap_vld|                              localA_66_4_out|       pointer|
|localA_66_4_out_ap_vld    |  out|    1|      ap_vld|                              localA_66_4_out|       pointer|
|localA_65_4_out           |  out|    8|      ap_vld|                              localA_65_4_out|       pointer|
|localA_65_4_out_ap_vld    |  out|    1|      ap_vld|                              localA_65_4_out|       pointer|
|localA_64_4_out           |  out|    8|      ap_vld|                              localA_64_4_out|       pointer|
|localA_64_4_out_ap_vld    |  out|    1|      ap_vld|                              localA_64_4_out|       pointer|
|localA_63_4_out           |  out|    8|      ap_vld|                              localA_63_4_out|       pointer|
|localA_63_4_out_ap_vld    |  out|    1|      ap_vld|                              localA_63_4_out|       pointer|
|localA_62_4_out           |  out|    8|      ap_vld|                              localA_62_4_out|       pointer|
|localA_62_4_out_ap_vld    |  out|    1|      ap_vld|                              localA_62_4_out|       pointer|
|localA_61_4_out           |  out|    8|      ap_vld|                              localA_61_4_out|       pointer|
|localA_61_4_out_ap_vld    |  out|    1|      ap_vld|                              localA_61_4_out|       pointer|
|localA_60_4_out           |  out|    8|      ap_vld|                              localA_60_4_out|       pointer|
|localA_60_4_out_ap_vld    |  out|    1|      ap_vld|                              localA_60_4_out|       pointer|
|localA_59_4_out           |  out|    8|      ap_vld|                              localA_59_4_out|       pointer|
|localA_59_4_out_ap_vld    |  out|    1|      ap_vld|                              localA_59_4_out|       pointer|
|localA_58_4_out           |  out|    8|      ap_vld|                              localA_58_4_out|       pointer|
|localA_58_4_out_ap_vld    |  out|    1|      ap_vld|                              localA_58_4_out|       pointer|
|localA_57_4_out           |  out|    8|      ap_vld|                              localA_57_4_out|       pointer|
|localA_57_4_out_ap_vld    |  out|    1|      ap_vld|                              localA_57_4_out|       pointer|
|localA_56_4_out           |  out|    8|      ap_vld|                              localA_56_4_out|       pointer|
|localA_56_4_out_ap_vld    |  out|    1|      ap_vld|                              localA_56_4_out|       pointer|
|localA_55_4_out           |  out|    8|      ap_vld|                              localA_55_4_out|       pointer|
|localA_55_4_out_ap_vld    |  out|    1|      ap_vld|                              localA_55_4_out|       pointer|
|localA_54_4_out           |  out|    8|      ap_vld|                              localA_54_4_out|       pointer|
|localA_54_4_out_ap_vld    |  out|    1|      ap_vld|                              localA_54_4_out|       pointer|
|localA_53_4_out           |  out|    8|      ap_vld|                              localA_53_4_out|       pointer|
|localA_53_4_out_ap_vld    |  out|    1|      ap_vld|                              localA_53_4_out|       pointer|
|localA_52_4_out           |  out|    8|      ap_vld|                              localA_52_4_out|       pointer|
|localA_52_4_out_ap_vld    |  out|    1|      ap_vld|                              localA_52_4_out|       pointer|
|localA_51_4_out           |  out|    8|      ap_vld|                              localA_51_4_out|       pointer|
|localA_51_4_out_ap_vld    |  out|    1|      ap_vld|                              localA_51_4_out|       pointer|
|localA_50_4_out           |  out|    8|      ap_vld|                              localA_50_4_out|       pointer|
|localA_50_4_out_ap_vld    |  out|    1|      ap_vld|                              localA_50_4_out|       pointer|
|localA_49_4_out           |  out|    8|      ap_vld|                              localA_49_4_out|       pointer|
|localA_49_4_out_ap_vld    |  out|    1|      ap_vld|                              localA_49_4_out|       pointer|
|localA_48_4_out           |  out|    8|      ap_vld|                              localA_48_4_out|       pointer|
|localA_48_4_out_ap_vld    |  out|    1|      ap_vld|                              localA_48_4_out|       pointer|
|localA_47_4_out           |  out|    8|      ap_vld|                              localA_47_4_out|       pointer|
|localA_47_4_out_ap_vld    |  out|    1|      ap_vld|                              localA_47_4_out|       pointer|
|localA_46_4_out           |  out|    8|      ap_vld|                              localA_46_4_out|       pointer|
|localA_46_4_out_ap_vld    |  out|    1|      ap_vld|                              localA_46_4_out|       pointer|
|localA_45_4_out           |  out|    8|      ap_vld|                              localA_45_4_out|       pointer|
|localA_45_4_out_ap_vld    |  out|    1|      ap_vld|                              localA_45_4_out|       pointer|
|localA_44_4_out           |  out|    8|      ap_vld|                              localA_44_4_out|       pointer|
|localA_44_4_out_ap_vld    |  out|    1|      ap_vld|                              localA_44_4_out|       pointer|
|localA_43_4_out           |  out|    8|      ap_vld|                              localA_43_4_out|       pointer|
|localA_43_4_out_ap_vld    |  out|    1|      ap_vld|                              localA_43_4_out|       pointer|
|localA_42_4_out           |  out|    8|      ap_vld|                              localA_42_4_out|       pointer|
|localA_42_4_out_ap_vld    |  out|    1|      ap_vld|                              localA_42_4_out|       pointer|
|localA_41_4_out           |  out|    8|      ap_vld|                              localA_41_4_out|       pointer|
|localA_41_4_out_ap_vld    |  out|    1|      ap_vld|                              localA_41_4_out|       pointer|
|localA_40_4_out           |  out|    8|      ap_vld|                              localA_40_4_out|       pointer|
|localA_40_4_out_ap_vld    |  out|    1|      ap_vld|                              localA_40_4_out|       pointer|
|localA_39_4_out           |  out|    8|      ap_vld|                              localA_39_4_out|       pointer|
|localA_39_4_out_ap_vld    |  out|    1|      ap_vld|                              localA_39_4_out|       pointer|
|localA_38_4_out           |  out|    8|      ap_vld|                              localA_38_4_out|       pointer|
|localA_38_4_out_ap_vld    |  out|    1|      ap_vld|                              localA_38_4_out|       pointer|
|localA_37_4_out           |  out|    8|      ap_vld|                              localA_37_4_out|       pointer|
|localA_37_4_out_ap_vld    |  out|    1|      ap_vld|                              localA_37_4_out|       pointer|
|localA_36_4_out           |  out|    8|      ap_vld|                              localA_36_4_out|       pointer|
|localA_36_4_out_ap_vld    |  out|    1|      ap_vld|                              localA_36_4_out|       pointer|
|localA_35_4_out           |  out|    8|      ap_vld|                              localA_35_4_out|       pointer|
|localA_35_4_out_ap_vld    |  out|    1|      ap_vld|                              localA_35_4_out|       pointer|
|localA_34_4_out           |  out|    8|      ap_vld|                              localA_34_4_out|       pointer|
|localA_34_4_out_ap_vld    |  out|    1|      ap_vld|                              localA_34_4_out|       pointer|
|localA_33_4_out           |  out|    8|      ap_vld|                              localA_33_4_out|       pointer|
|localA_33_4_out_ap_vld    |  out|    1|      ap_vld|                              localA_33_4_out|       pointer|
|localA_32_4_out           |  out|    8|      ap_vld|                              localA_32_4_out|       pointer|
|localA_32_4_out_ap_vld    |  out|    1|      ap_vld|                              localA_32_4_out|       pointer|
|localA_31_4_out           |  out|    8|      ap_vld|                              localA_31_4_out|       pointer|
|localA_31_4_out_ap_vld    |  out|    1|      ap_vld|                              localA_31_4_out|       pointer|
|localA_30_4_out           |  out|    8|      ap_vld|                              localA_30_4_out|       pointer|
|localA_30_4_out_ap_vld    |  out|    1|      ap_vld|                              localA_30_4_out|       pointer|
|localA_29_4_out           |  out|    8|      ap_vld|                              localA_29_4_out|       pointer|
|localA_29_4_out_ap_vld    |  out|    1|      ap_vld|                              localA_29_4_out|       pointer|
|localA_28_4_out           |  out|    8|      ap_vld|                              localA_28_4_out|       pointer|
|localA_28_4_out_ap_vld    |  out|    1|      ap_vld|                              localA_28_4_out|       pointer|
|localA_27_4_out           |  out|    8|      ap_vld|                              localA_27_4_out|       pointer|
|localA_27_4_out_ap_vld    |  out|    1|      ap_vld|                              localA_27_4_out|       pointer|
|localA_26_4_out           |  out|    8|      ap_vld|                              localA_26_4_out|       pointer|
|localA_26_4_out_ap_vld    |  out|    1|      ap_vld|                              localA_26_4_out|       pointer|
|localA_25_4_out           |  out|    8|      ap_vld|                              localA_25_4_out|       pointer|
|localA_25_4_out_ap_vld    |  out|    1|      ap_vld|                              localA_25_4_out|       pointer|
|localA_24_4_out           |  out|    8|      ap_vld|                              localA_24_4_out|       pointer|
|localA_24_4_out_ap_vld    |  out|    1|      ap_vld|                              localA_24_4_out|       pointer|
|localA_23_4_out           |  out|    8|      ap_vld|                              localA_23_4_out|       pointer|
|localA_23_4_out_ap_vld    |  out|    1|      ap_vld|                              localA_23_4_out|       pointer|
|localA_22_4_out           |  out|    8|      ap_vld|                              localA_22_4_out|       pointer|
|localA_22_4_out_ap_vld    |  out|    1|      ap_vld|                              localA_22_4_out|       pointer|
|localA_21_4_out           |  out|    8|      ap_vld|                              localA_21_4_out|       pointer|
|localA_21_4_out_ap_vld    |  out|    1|      ap_vld|                              localA_21_4_out|       pointer|
|localA_20_4_out           |  out|    8|      ap_vld|                              localA_20_4_out|       pointer|
|localA_20_4_out_ap_vld    |  out|    1|      ap_vld|                              localA_20_4_out|       pointer|
|localA_19_4_out           |  out|    8|      ap_vld|                              localA_19_4_out|       pointer|
|localA_19_4_out_ap_vld    |  out|    1|      ap_vld|                              localA_19_4_out|       pointer|
|localA_18_4_out           |  out|    8|      ap_vld|                              localA_18_4_out|       pointer|
|localA_18_4_out_ap_vld    |  out|    1|      ap_vld|                              localA_18_4_out|       pointer|
|localA_17_4_out           |  out|    8|      ap_vld|                              localA_17_4_out|       pointer|
|localA_17_4_out_ap_vld    |  out|    1|      ap_vld|                              localA_17_4_out|       pointer|
|localA_16_4_out           |  out|    8|      ap_vld|                              localA_16_4_out|       pointer|
|localA_16_4_out_ap_vld    |  out|    1|      ap_vld|                              localA_16_4_out|       pointer|
|localA_15_4_out           |  out|    8|      ap_vld|                              localA_15_4_out|       pointer|
|localA_15_4_out_ap_vld    |  out|    1|      ap_vld|                              localA_15_4_out|       pointer|
|localA_14_4_out           |  out|    8|      ap_vld|                              localA_14_4_out|       pointer|
|localA_14_4_out_ap_vld    |  out|    1|      ap_vld|                              localA_14_4_out|       pointer|
|localA_13_4_out           |  out|    8|      ap_vld|                              localA_13_4_out|       pointer|
|localA_13_4_out_ap_vld    |  out|    1|      ap_vld|                              localA_13_4_out|       pointer|
|localA_12_4_out           |  out|    8|      ap_vld|                              localA_12_4_out|       pointer|
|localA_12_4_out_ap_vld    |  out|    1|      ap_vld|                              localA_12_4_out|       pointer|
|localA_11_4_out           |  out|    8|      ap_vld|                              localA_11_4_out|       pointer|
|localA_11_4_out_ap_vld    |  out|    1|      ap_vld|                              localA_11_4_out|       pointer|
|localA_10_4_out           |  out|    8|      ap_vld|                              localA_10_4_out|       pointer|
|localA_10_4_out_ap_vld    |  out|    1|      ap_vld|                              localA_10_4_out|       pointer|
|localA_9_4_out            |  out|    8|      ap_vld|                               localA_9_4_out|       pointer|
|localA_9_4_out_ap_vld     |  out|    1|      ap_vld|                               localA_9_4_out|       pointer|
|localA_8_4_out            |  out|    8|      ap_vld|                               localA_8_4_out|       pointer|
|localA_8_4_out_ap_vld     |  out|    1|      ap_vld|                               localA_8_4_out|       pointer|
|localA_7_4_out            |  out|    8|      ap_vld|                               localA_7_4_out|       pointer|
|localA_7_4_out_ap_vld     |  out|    1|      ap_vld|                               localA_7_4_out|       pointer|
|localA_6_4_out            |  out|    8|      ap_vld|                               localA_6_4_out|       pointer|
|localA_6_4_out_ap_vld     |  out|    1|      ap_vld|                               localA_6_4_out|       pointer|
|localA_5_4_out            |  out|    8|      ap_vld|                               localA_5_4_out|       pointer|
|localA_5_4_out_ap_vld     |  out|    1|      ap_vld|                               localA_5_4_out|       pointer|
|localA_4_4_out            |  out|    8|      ap_vld|                               localA_4_4_out|       pointer|
|localA_4_4_out_ap_vld     |  out|    1|      ap_vld|                               localA_4_4_out|       pointer|
|localA_3_4_out            |  out|    8|      ap_vld|                               localA_3_4_out|       pointer|
|localA_3_4_out_ap_vld     |  out|    1|      ap_vld|                               localA_3_4_out|       pointer|
|localA_2_4_out            |  out|    8|      ap_vld|                               localA_2_4_out|       pointer|
|localA_2_4_out_ap_vld     |  out|    1|      ap_vld|                               localA_2_4_out|       pointer|
|localA_1_4_out            |  out|    8|      ap_vld|                               localA_1_4_out|       pointer|
|localA_1_4_out_ap_vld     |  out|    1|      ap_vld|                               localA_1_4_out|       pointer|
|localA_4103_out           |  out|    8|      ap_vld|                              localA_4103_out|       pointer|
|localA_4103_out_ap_vld    |  out|    1|      ap_vld|                              localA_4103_out|       pointer|
|A_bram_address0           |  out|   16|   ap_memory|                                       A_bram|         array|
|A_bram_ce0                |  out|    1|   ap_memory|                                       A_bram|         array|
|A_bram_q0                 |   in|    8|   ap_memory|                                       A_bram|         array|
+--------------------------+-----+-----+------------+---------------------------------------------+--------------+

