

================================================================
== Vitis HLS Report for 'mmult_accel_Pipeline_writeC_VITIS_LOOP_220_8'
================================================================
* Date:           Thu Jul 23 14:58:57 2026

* Version:        2022.2 (Build 3670227 on Oct 13 2022)
* Project:        mmult_accel_hls
* Solution:       solution1 (Vivado IP Flow Target)
* Product family: zynquplus
* Target device:  xck26-sfvc784-2LV-c


================================================================
== Performance Estimates
================================================================
+ Timing: 
    * Summary: 
    +--------+----------+----------+------------+
    |  Clock |  Target  | Estimated| Uncertainty|
    +--------+----------+----------+------------+
    |ap_clk  |  10.00 ns|  7.300 ns|     2.70 ns|
    +--------+----------+----------+------------+

+ Latency: 
    * Summary: 
    +---------+---------+-----------+-----------+------+------+---------+
    |  Latency (cycles) |   Latency (absolute)  |   Interval  | Pipeline|
    |   min   |   max   |    min    |    max    |  min |  max |   Type  |
    +---------+---------+-----------+-----------+------+------+---------+
    |     1033|     1033|  10.330 us|  10.330 us|  1033|  1033|       no|
    +---------+---------+-----------+-----------+------+------+---------+

    + Detail: 
        * Instance: 
        N/A

        * Loop: 
        +---------------------------+---------+---------+----------+-----------+-----------+------+----------+
        |                           |  Latency (cycles) | Iteration|  Initiation Interval  | Trip |          |
        |         Loop Name         |   min   |   max   |  Latency |  achieved |   target  | Count| Pipelined|
        +---------------------------+---------+---------+----------+-----------+-----------+------+----------+
        |- writeC_VITIS_LOOP_220_8  |     1031|     1031|         9|          1|          1|  1024|       yes|
        +---------------------------+---------+---------+----------+-----------+-----------+------+----------+



================================================================
== Utilization Estimates
================================================================
* Summary: 
+-----------------+---------+------+--------+--------+-----+
|       Name      | BRAM_18K|  DSP |   FF   |   LUT  | URAM|
+-----------------+---------+------+--------+--------+-----+
|DSP              |        -|     -|       -|       -|    -|
|Expression       |        -|     -|       0|     727|    -|
|FIFO             |        -|     -|       -|       -|    -|
|Instance         |        -|     7|       0|    4926|    -|
|Memory           |        -|     -|       -|       -|    -|
|Multiplexer      |        -|     -|       -|      99|    -|
|Register         |        -|     -|     332|      64|    -|
+-----------------+---------+------+--------+--------+-----+
|Total            |        0|     7|     332|    5816|    0|
+-----------------+---------+------+--------+--------+-----+
|Available        |      288|  1248|  234240|  117120|   64|
+-----------------+---------+------+--------+--------+-----+
|Utilization (%)  |        0|    ~0|      ~0|       4|    0|
+-----------------+---------+------+--------+--------+-----+

+ Detail: 
    * Instance: 
    +--------------------------+--------------------+---------+----+---+-----+-----+
    |         Instance         |       Module       | BRAM_18K| DSP| FF| LUT | URAM|
    +--------------------------+--------------------+---------+----+---+-----+-----+
    |mul_62s_32s_62_1_1_U9308  |mul_62s_32s_62_1_1  |        0|   7|  0|   42|    0|
    |mux_325_32_1_1_U9309      |mux_325_32_1_1      |        0|   0|  0|  148|    0|
    |mux_325_32_1_1_U9310      |mux_325_32_1_1      |        0|   0|  0|  148|    0|
    |mux_325_32_1_1_U9311      |mux_325_32_1_1      |        0|   0|  0|  148|    0|
    |mux_325_32_1_1_U9312      |mux_325_32_1_1      |        0|   0|  0|  148|    0|
    |mux_325_32_1_1_U9313      |mux_325_32_1_1      |        0|   0|  0|  148|    0|
    |mux_325_32_1_1_U9314      |mux_325_32_1_1      |        0|   0|  0|  148|    0|
    |mux_325_32_1_1_U9315      |mux_325_32_1_1      |        0|   0|  0|  148|    0|
    |mux_325_32_1_1_U9316      |mux_325_32_1_1      |        0|   0|  0|  148|    0|
    |mux_325_32_1_1_U9317      |mux_325_32_1_1      |        0|   0|  0|  148|    0|
    |mux_325_32_1_1_U9318      |mux_325_32_1_1      |        0|   0|  0|  148|    0|
    |mux_325_32_1_1_U9319      |mux_325_32_1_1      |        0|   0|  0|  148|    0|
    |mux_325_32_1_1_U9320      |mux_325_32_1_1      |        0|   0|  0|  148|    0|
    |mux_325_32_1_1_U9321      |mux_325_32_1_1      |        0|   0|  0|  148|    0|
    |mux_325_32_1_1_U9322      |mux_325_32_1_1      |        0|   0|  0|  148|    0|
    |mux_325_32_1_1_U9323      |mux_325_32_1_1      |        0|   0|  0|  148|    0|
    |mux_325_32_1_1_U9324      |mux_325_32_1_1      |        0|   0|  0|  148|    0|
    |mux_325_32_1_1_U9325      |mux_325_32_1_1      |        0|   0|  0|  148|    0|
    |mux_325_32_1_1_U9326      |mux_325_32_1_1      |        0|   0|  0|  148|    0|
    |mux_325_32_1_1_U9327      |mux_325_32_1_1      |        0|   0|  0|  148|    0|
    |mux_325_32_1_1_U9328      |mux_325_32_1_1      |        0|   0|  0|  148|    0|
    |mux_325_32_1_1_U9329      |mux_325_32_1_1      |        0|   0|  0|  148|    0|
    |mux_325_32_1_1_U9330      |mux_325_32_1_1      |        0|   0|  0|  148|    0|
    |mux_325_32_1_1_U9331      |mux_325_32_1_1      |        0|   0|  0|  148|    0|
    |mux_325_32_1_1_U9332      |mux_325_32_1_1      |        0|   0|  0|  148|    0|
    |mux_325_32_1_1_U9333      |mux_325_32_1_1      |        0|   0|  0|  148|    0|
    |mux_325_32_1_1_U9334      |mux_325_32_1_1      |        0|   0|  0|  148|    0|
    |mux_325_32_1_1_U9335      |mux_325_32_1_1      |        0|   0|  0|  148|    0|
    |mux_325_32_1_1_U9336      |mux_325_32_1_1      |        0|   0|  0|  148|    0|
    |mux_325_32_1_1_U9337      |mux_325_32_1_1      |        0|   0|  0|  148|    0|
    |mux_325_32_1_1_U9338      |mux_325_32_1_1      |        0|   0|  0|  148|    0|
    |mux_325_32_1_1_U9339      |mux_325_32_1_1      |        0|   0|  0|  148|    0|
    |mux_325_32_1_1_U9340      |mux_325_32_1_1      |        0|   0|  0|  148|    0|
    |mux_325_32_1_1_U9341      |mux_325_32_1_1      |        0|   0|  0|  148|    0|
    +--------------------------+--------------------+---------+----+---+-----+-----+
    |Total                     |                    |        0|   7|  0| 4926|    0|
    +--------------------------+--------------------+---------+----+---+-----+-----+

    * DSP: 
    N/A

    * Memory: 
    N/A

    * FIFO: 
    N/A

    * Expression: 
    +----------------------------------+----------+----+---+----+------------+------------+
    |           Variable Name          | Operation| DSP| FF| LUT| Bitwidth P0| Bitwidth P1|
    +----------------------------------+----------+----+---+----+------------+------------+
    |add_ln219_2_fu_10859_p2           |         +|   0|  0|  62|          62|          62|
    |add_ln219_3_fu_10863_p2           |         +|   0|  0|  62|          62|          62|
    |add_ln219_4_fu_8421_p2            |         +|   0|  0|  18|          11|           1|
    |add_ln219_fu_8430_p2              |         +|   0|  0|  13|           6|           1|
    |add_ln220_fu_10838_p2             |         +|   0|  0|  13|           6|           1|
    |add_ln223_fu_8510_p2              |         +|   0|  0|  71|          64|          64|
    |add_ln225_1_fu_10885_p2           |         +|   0|  0|  71|          64|          64|
    |add_ln225_fu_10871_p2             |         +|   0|  0|  69|          62|          62|
    |empty_fu_8403_p2                  |         +|   0|  0|  71|          64|          64|
    |mul_ln219_fu_8496_p0              |         +|   0|  0|  69|          62|          62|
    |p_mid149_fu_8454_p2               |         +|   0|  0|  71|          64|          64|
    |and_ln224_fu_8522_p2              |       and|   0|  0|   2|           1|           1|
    |ap_block_pp0_stage0_01001         |       and|   0|  0|   2|           1|           1|
    |ap_block_state3_io                |       and|   0|  0|   2|           1|           1|
    |ap_block_state4_io                |       and|   0|  0|   2|           1|           1|
    |ap_block_state9_pp0_stage0_iter8  |       and|   0|  0|   2|           1|           1|
    |cmp198_fu_8409_p2                 |      icmp|   0|  0|  29|          64|          64|
    |cmp198_mid1_fu_8460_p2            |      icmp|   0|  0|  29|          64|          64|
    |icmp_ln219_fu_8415_p2             |      icmp|   0|  0|  12|          11|          12|
    |icmp_ln220_fu_8436_p2             |      icmp|   0|  0|  10|           6|           7|
    |icmp_ln224_fu_8516_p2             |      icmp|   0|  0|  29|          64|          64|
    |ap_block_pp0_stage0_11001         |        or|   0|  0|   2|           1|           1|
    |select_ln219_1_fu_8466_p3         |    select|   0|  0|   2|           1|           1|
    |select_ln219_2_fu_8474_p3         |    select|   0|  0|   6|           1|           6|
    |select_ln219_fu_8442_p3           |    select|   0|  0|   6|           1|           1|
    |ap_enable_pp0                     |       xor|   0|  0|   2|           1|           2|
    +----------------------------------+----------+----+---+----+------------+------------+
    |Total                             |          |   0|  0| 727|         746|         734|
    +----------------------------------+----------+----+---+----+------------+------------+

    * Multiplexer: 
    +----------------------------------------+----+-----------+-----+-----------+
    |                  Name                  | LUT| Input Size| Bits| Total Bits|
    +----------------------------------------+----+-----------+-----+-----------+
    |ap_done_int                             |   9|          2|    1|          2|
    |ap_enable_reg_pp0_iter1                 |   9|          2|    1|          2|
    |ap_sig_allocacmp_ii_1                   |   9|          2|    6|         12|
    |ap_sig_allocacmp_indvar_flatten53_load  |   9|          2|   11|         22|
    |ap_sig_allocacmp_jj_load                |   9|          2|    6|         12|
    |gmemC_blk_n_AW                          |   9|          2|    1|          2|
    |gmemC_blk_n_B                           |   9|          2|    1|          2|
    |gmemC_blk_n_W                           |   9|          2|    1|          2|
    |ii_fu_2144                              |   9|          2|    6|         12|
    |indvar_flatten53_fu_2148                |   9|          2|   11|         22|
    |jj_fu_2140                              |   9|          2|    6|         12|
    +----------------------------------------+----+-----------+-----+-----------+
    |Total                                   |  99|         22|   51|        102|
    +----------------------------------------+----+-----------+-----+-----------+

    * Register: 
    +----------------------------------+----+----+-----+-----------+
    |               Name               | FF | LUT| Bits| Const Bits|
    +----------------------------------+----+----+-----+-----------+
    |and_ln224_reg_10960               |   1|   0|    1|          0|
    |ap_CS_fsm                         |   1|   0|    1|          0|
    |ap_done_reg                       |   1|   0|    1|          0|
    |ap_enable_reg_pp0_iter1           |   1|   0|    1|          0|
    |ap_enable_reg_pp0_iter2           |   1|   0|    1|          0|
    |ap_enable_reg_pp0_iter3           |   1|   0|    1|          0|
    |ap_enable_reg_pp0_iter4           |   1|   0|    1|          0|
    |ap_enable_reg_pp0_iter5           |   1|   0|    1|          0|
    |ap_enable_reg_pp0_iter6           |   1|   0|    1|          0|
    |ap_enable_reg_pp0_iter7           |   1|   0|    1|          0|
    |ap_enable_reg_pp0_iter8           |   1|   0|    1|          0|
    |ap_loop_exit_ready_pp0_iter1_reg  |   1|   0|    1|          0|
    |ap_loop_exit_ready_pp0_iter2_reg  |   1|   0|    1|          0|
    |ap_loop_exit_ready_pp0_iter3_reg  |   1|   0|    1|          0|
    |ap_loop_exit_ready_pp0_iter4_reg  |   1|   0|    1|          0|
    |ap_loop_exit_ready_pp0_iter5_reg  |   1|   0|    1|          0|
    |ap_loop_exit_ready_pp0_iter6_reg  |   1|   0|    1|          0|
    |ap_loop_exit_ready_pp0_iter7_reg  |   1|   0|    1|          0|
    |gmemC_addr_reg_10969              |  64|   0|   64|          0|
    |ii_fu_2144                        |   6|   0|    6|          0|
    |indvar_flatten53_fu_2148          |  11|   0|   11|          0|
    |jj_fu_2140                        |   6|   0|    6|          0|
    |mul_ln219_reg_10950               |  62|   0|   62|          0|
    |tmp_31_reg_10964                  |  32|   0|   32|          0|
    |trunc_ln223_reg_10955             |   5|   0|    5|          0|
    |and_ln224_reg_10960               |  64|  32|    1|          0|
    |tmp_31_reg_10964                  |  64|  32|   32|          0|
    +----------------------------------+----+----+-----+-----------+
    |Total                             | 332|  64|  237|          0|
    +----------------------------------+----+----+-----+-----------+



================================================================
== Interface
================================================================
* Summary: 
+----------------------+-----+-----+------------+----------------------------------------------+--------------+
|       RTL Ports      | Dir | Bits|  Protocol  |                 Source Object                |    C Type    |
+----------------------+-----+-----+------------+----------------------------------------------+--------------+
|ap_clk                |   in|    1|  ap_ctrl_hs|  mmult_accel_Pipeline_writeC_VITIS_LOOP_220_8|  return value|
|ap_rst                |   in|    1|  ap_ctrl_hs|  mmult_accel_Pipeline_writeC_VITIS_LOOP_220_8|  return value|
|ap_start              |   in|    1|  ap_ctrl_hs|  mmult_accel_Pipeline_writeC_VITIS_LOOP_220_8|  return value|
|ap_done               |  out|    1|  ap_ctrl_hs|  mmult_accel_Pipeline_writeC_VITIS_LOOP_220_8|  return value|
|ap_idle               |  out|    1|  ap_ctrl_hs|  mmult_accel_Pipeline_writeC_VITIS_LOOP_220_8|  return value|
|ap_ready              |  out|    1|  ap_ctrl_hs|  mmult_accel_Pipeline_writeC_VITIS_LOOP_220_8|  return value|
|m_axi_gmemC_AWVALID   |  out|    1|       m_axi|                                         gmemC|       pointer|
|m_axi_gmemC_AWREADY   |   in|    1|       m_axi|                                         gmemC|       pointer|
|m_axi_gmemC_AWADDR    |  out|   64|       m_axi|                                         gmemC|       pointer|
|m_axi_gmemC_AWID      |  out|    1|       m_axi|                                         gmemC|       pointer|
|m_axi_gmemC_AWLEN     |  out|   32|       m_axi|                                         gmemC|       pointer|
|m_axi_gmemC_AWSIZE    |  out|    3|       m_axi|                                         gmemC|       pointer|
|m_axi_gmemC_AWBURST   |  out|    2|       m_axi|                                         gmemC|       pointer|
|m_axi_gmemC_AWLOCK    |  out|    2|       m_axi|                                         gmemC|       pointer|
|m_axi_gmemC_AWCACHE   |  out|    4|       m_axi|                                         gmemC|       pointer|
|m_axi_gmemC_AWPROT    |  out|    3|       m_axi|                                         gmemC|       pointer|
|m_axi_gmemC_AWQOS     |  out|    4|       m_axi|                                         gmemC|       pointer|
|m_axi_gmemC_AWREGION  |  out|    4|       m_axi|                                         gmemC|       pointer|
|m_axi_gmemC_AWUSER    |  out|    1|       m_axi|                                         gmemC|       pointer|
|m_axi_gmemC_WVALID    |  out|    1|       m_axi|                                         gmemC|       pointer|
|m_axi_gmemC_WREADY    |   in|    1|       m_axi|                                         gmemC|       pointer|
|m_axi_gmemC_WDATA     |  out|   32|       m_axi|                                         gmemC|       pointer|
|m_axi_gmemC_WSTRB     |  out|    4|       m_axi|                                         gmemC|       pointer|
|m_axi_gmemC_WLAST     |  out|    1|       m_axi|                                         gmemC|       pointer|
|m_axi_gmemC_WID       |  out|    1|       m_axi|                                         gmemC|       pointer|
|m_axi_gmemC_WUSER     |  out|    1|       m_axi|                                         gmemC|       pointer|
|m_axi_gmemC_ARVALID   |  out|    1|       m_axi|                                         gmemC|       pointer|
|m_axi_gmemC_ARREADY   |   in|    1|       m_axi|                                         gmemC|       pointer|
|m_axi_gmemC_ARADDR    |  out|   64|       m_axi|                                         gmemC|       pointer|
|m_axi_gmemC_ARID      |  out|    1|       m_axi|                                         gmemC|       pointer|
|m_axi_gmemC_ARLEN     |  out|   32|       m_axi|                                         gmemC|       pointer|
|m_axi_gmemC_ARSIZE    |  out|    3|       m_axi|                                         gmemC|       pointer|
|m_axi_gmemC_ARBURST   |  out|    2|       m_axi|                                         gmemC|       pointer|
|m_axi_gmemC_ARLOCK    |  out|    2|       m_axi|                                         gmemC|       pointer|
|m_axi_gmemC_ARCACHE   |  out|    4|       m_axi|                                         gmemC|       pointer|
|m_axi_gmemC_ARPROT    |  out|    3|       m_axi|                                         gmemC|       pointer|
|m_axi_gmemC_ARQOS     |  out|    4|       m_axi|                                         gmemC|       pointer|
|m_axi_gmemC_ARREGION  |  out|    4|       m_axi|                                         gmemC|       pointer|
|m_axi_gmemC_ARUSER    |  out|    1|       m_axi|                                         gmemC|       pointer|
|m_axi_gmemC_RVALID    |   in|    1|       m_axi|                                         gmemC|       pointer|
|m_axi_gmemC_RREADY    |  out|    1|       m_axi|                                         gmemC|       pointer|
|m_axi_gmemC_RDATA     |   in|   32|       m_axi|                                         gmemC|       pointer|
|m_axi_gmemC_RLAST     |   in|    1|       m_axi|                                         gmemC|       pointer|
|m_axi_gmemC_RID       |   in|    1|       m_axi|                                         gmemC|       pointer|
|m_axi_gmemC_RFIFONUM  |   in|    9|       m_axi|                                         gmemC|       pointer|
|m_axi_gmemC_RUSER     |   in|    1|       m_axi|                                         gmemC|       pointer|
|m_axi_gmemC_RRESP     |   in|    2|       m_axi|                                         gmemC|       pointer|
|m_axi_gmemC_BVALID    |   in|    1|       m_axi|                                         gmemC|       pointer|
|m_axi_gmemC_BREADY    |  out|    1|       m_axi|                                         gmemC|       pointer|
|m_axi_gmemC_BRESP     |   in|    2|       m_axi|                                         gmemC|       pointer|
|m_axi_gmemC_BID       |   in|    1|       m_axi|                                         gmemC|       pointer|
|m_axi_gmemC_BUSER     |   in|    1|       m_axi|                                         gmemC|       pointer|
|select_ln132_2        |   in|   64|     ap_none|                                select_ln132_2|        scalar|
|sext_ln110_2          |   in|   32|     ap_none|                                  sext_ln110_2|        scalar|
|p_mid                 |   in|   62|     ap_none|                                         p_mid|        scalar|
|sext_ln110_3          |   in|   32|     ap_none|                                  sext_ln110_3|        scalar|
|trunc_ln              |   in|   62|     ap_none|                                      trunc_ln|        scalar|
|trunc_ln2             |   in|   62|     ap_none|                                     trunc_ln2|        scalar|
|select_ln132_1        |   in|   64|     ap_none|                                select_ln132_1|        scalar|
|sext_ln119            |   in|   32|     ap_none|                                    sext_ln119|        scalar|
|localC_1023           |   in|   32|     ap_none|                                   localC_1023|        scalar|
|localC_1022           |   in|   32|     ap_none|                                   localC_1022|        scalar|
|localC_1021           |   in|   32|     ap_none|                                   localC_1021|        scalar|
|localC_1020           |   in|   32|     ap_none|                                   localC_1020|        scalar|
|localC_1019           |   in|   32|     ap_none|                                   localC_1019|        scalar|
|localC_1018           |   in|   32|     ap_none|                                   localC_1018|        scalar|
|localC_1017           |   in|   32|     ap_none|                                   localC_1017|        scalar|
|localC_1016           |   in|   32|     ap_none|                                   localC_1016|        scalar|
|localC_1015           |   in|   32|     ap_none|                                   localC_1015|        scalar|
|localC_1014           |   in|   32|     ap_none|                                   localC_1014|        scalar|
|localC_1013           |   in|   32|     ap_none|                                   localC_1013|        scalar|
|localC_1012           |   in|   32|     ap_none|                                   localC_1012|        scalar|
|localC_1011           |   in|   32|     ap_none|                                   localC_1011|        scalar|
|localC_1010           |   in|   32|     ap_none|                                   localC_1010|        scalar|
|localC_1009           |   in|   32|     ap_none|                                   localC_1009|        scalar|
|localC_1008           |   in|   32|     ap_none|                                   localC_1008|        scalar|
|localC_1007           |   in|   32|     ap_none|                                   localC_1007|        scalar|
|localC_1006           |   in|   32|     ap_none|                                   localC_1006|        scalar|
|localC_1005           |   in|   32|     ap_none|                                   localC_1005|        scalar|
|localC_1004           |   in|   32|     ap_none|                                   localC_1004|        scalar|
|localC_1003           |   in|   32|     ap_none|                                   localC_1003|        scalar|
|localC_1002           |   in|   32|     ap_none|                                   localC_1002|        scalar|
|localC_1001           |   in|   32|     ap_none|                                   localC_1001|        scalar|
|localC_1000           |   in|   32|     ap_none|                                   localC_1000|        scalar|
|localC_999            |   in|   32|     ap_none|                                    localC_999|        scalar|
|localC_998            |   in|   32|     ap_none|                                    localC_998|        scalar|
|localC_997            |   in|   32|     ap_none|                                    localC_997|        scalar|
|localC_996            |   in|   32|     ap_none|                                    localC_996|        scalar|
|localC_995            |   in|   32|     ap_none|                                    localC_995|        scalar|
|localC_994            |   in|   32|     ap_none|                                    localC_994|        scalar|
|localC_993            |   in|   32|     ap_none|                                    localC_993|        scalar|
|localC_992            |   in|   32|     ap_none|                                    localC_992|        scalar|
|localC_991            |   in|   32|     ap_none|                                    localC_991|        scalar|
|localC_990            |   in|   32|     ap_none|                                    localC_990|        scalar|
|localC_989            |   in|   32|     ap_none|                                    localC_989|        scalar|
|localC_988            |   in|   32|     ap_none|                                    localC_988|        scalar|
|localC_987            |   in|   32|     ap_none|                                    localC_987|        scalar|
|localC_986            |   in|   32|     ap_none|                                    localC_986|        scalar|
|localC_985            |   in|   32|     ap_none|                                    localC_985|        scalar|
|localC_984            |   in|   32|     ap_none|                                    localC_984|        scalar|
|localC_983            |   in|   32|     ap_none|                                    localC_983|        scalar|
|localC_982            |   in|   32|     ap_none|                                    localC_982|        scalar|
|localC_981            |   in|   32|     ap_none|                                    localC_981|        scalar|
|localC_980            |   in|   32|     ap_none|                                    localC_980|        scalar|
|localC_979            |   in|   32|     ap_none|                                    localC_979|        scalar|
|localC_978            |   in|   32|     ap_none|                                    localC_978|        scalar|
|localC_977            |   in|   32|     ap_none|                                    localC_977|        scalar|
|localC_976            |   in|   32|     ap_none|                                    localC_976|        scalar|
|localC_975            |   in|   32|     ap_none|                                    localC_975|        scalar|
|localC_974            |   in|   32|     ap_none|                                    localC_974|        scalar|
|localC_973            |   in|   32|     ap_none|                                    localC_973|        scalar|
|localC_972            |   in|   32|     ap_none|                                    localC_972|        scalar|
|localC_971            |   in|   32|     ap_none|                                    localC_971|        scalar|
|localC_970            |   in|   32|     ap_none|                                    localC_970|        scalar|
|localC_969            |   in|   32|     ap_none|                                    localC_969|        scalar|
|localC_968            |   in|   32|     ap_none|                                    localC_968|        scalar|
|localC_967            |   in|   32|     ap_none|                                    localC_967|        scalar|
|localC_966            |   in|   32|     ap_none|                                    localC_966|        scalar|
|localC_965            |   in|   32|     ap_none|                                    localC_965|        scalar|
|localC_964            |   in|   32|     ap_none|                                    localC_964|        scalar|
|localC_963            |   in|   32|     ap_none|                                    localC_963|        scalar|
|localC_962            |   in|   32|     ap_none|                                    localC_962|        scalar|
|localC_961            |   in|   32|     ap_none|                                    localC_961|        scalar|
|localC_960            |   in|   32|     ap_none|                                    localC_960|        scalar|
|localC_959            |   in|   32|     ap_none|                                    localC_959|        scalar|
|localC_958            |   in|   32|     ap_none|                                    localC_958|        scalar|
|localC_957            |   in|   32|     ap_none|                                    localC_957|        scalar|
|localC_956            |   in|   32|     ap_none|                                    localC_956|        scalar|
|localC_955            |   in|   32|     ap_none|                                    localC_955|        scalar|
|localC_954            |   in|   32|     ap_none|                                    localC_954|        scalar|
|localC_953            |   in|   32|     ap_none|                                    localC_953|        scalar|
|localC_952            |   in|   32|     ap_none|                                    localC_952|        scalar|
|localC_951            |   in|   32|     ap_none|                                    localC_951|        scalar|
|localC_950            |   in|   32|     ap_none|                                    localC_950|        scalar|
|localC_949            |   in|   32|     ap_none|                                    localC_949|        scalar|
|localC_948            |   in|   32|     ap_none|                                    localC_948|        scalar|
|localC_947            |   in|   32|     ap_none|                                    localC_947|        scalar|
|localC_946            |   in|   32|     ap_none|                                    localC_946|        scalar|
|localC_945            |   in|   32|     ap_none|                                    localC_945|        scalar|
|localC_944            |   in|   32|     ap_none|                                    localC_944|        scalar|
|localC_943            |   in|   32|     ap_none|                                    localC_943|        scalar|
|localC_942            |   in|   32|     ap_none|                                    localC_942|        scalar|
|localC_941            |   in|   32|     ap_none|                                    localC_941|        scalar|
|localC_940            |   in|   32|     ap_none|                                    localC_940|        scalar|
|localC_939            |   in|   32|     ap_none|                                    localC_939|        scalar|
|localC_938            |   in|   32|     ap_none|                                    localC_938|        scalar|
|localC_937            |   in|   32|     ap_none|                                    localC_937|        scalar|
|localC_936            |   in|   32|     ap_none|                                    localC_936|        scalar|
|localC_935            |   in|   32|     ap_none|                                    localC_935|        scalar|
|localC_934            |   in|   32|     ap_none|                                    localC_934|        scalar|
|localC_933            |   in|   32|     ap_none|                                    localC_933|        scalar|
|localC_932            |   in|   32|     ap_none|                                    localC_932|        scalar|
|localC_931            |   in|   32|     ap_none|                                    localC_931|        scalar|
|localC_930            |   in|   32|     ap_none|                                    localC_930|        scalar|
|localC_929            |   in|   32|     ap_none|                                    localC_929|        scalar|
|localC_928            |   in|   32|     ap_none|                                    localC_928|        scalar|
|localC_927            |   in|   32|     ap_none|                                    localC_927|        scalar|
|localC_926            |   in|   32|     ap_none|                                    localC_926|        scalar|
|localC_925            |   in|   32|     ap_none|                                    localC_925|        scalar|
|localC_924            |   in|   32|     ap_none|                                    localC_924|        scalar|
|localC_923            |   in|   32|     ap_none|                                    localC_923|        scalar|
|localC_922            |   in|   32|     ap_none|                                    localC_922|        scalar|
|localC_921            |   in|   32|     ap_none|                                    localC_921|        scalar|
|localC_920            |   in|   32|     ap_none|                                    localC_920|        scalar|
|localC_919            |   in|   32|     ap_none|                                    localC_919|        scalar|
|localC_918            |   in|   32|     ap_none|                                    localC_918|        scalar|
|localC_917            |   in|   32|     ap_none|                                    localC_917|        scalar|
|localC_916            |   in|   32|     ap_none|                                    localC_916|        scalar|
|localC_915            |   in|   32|     ap_none|                                    localC_915|        scalar|
|localC_914            |   in|   32|     ap_none|                                    localC_914|        scalar|
|localC_913            |   in|   32|     ap_none|                                    localC_913|        scalar|
|localC_912            |   in|   32|     ap_none|                                    localC_912|        scalar|
|localC_911            |   in|   32|     ap_none|                                    localC_911|        scalar|
|localC_910            |   in|   32|     ap_none|                                    localC_910|        scalar|
|localC_909            |   in|   32|     ap_none|                                    localC_909|        scalar|
|localC_908            |   in|   32|     ap_none|                                    localC_908|        scalar|
|localC_907            |   in|   32|     ap_none|                                    localC_907|        scalar|
|localC_906            |   in|   32|     ap_none|                                    localC_906|        scalar|
|localC_905            |   in|   32|     ap_none|                                    localC_905|        scalar|
|localC_904            |   in|   32|     ap_none|                                    localC_904|        scalar|
|localC_903            |   in|   32|     ap_none|                                    localC_903|        scalar|
|localC_902            |   in|   32|     ap_none|                                    localC_902|        scalar|
|localC_901            |   in|   32|     ap_none|                                    localC_901|        scalar|
|localC_900            |   in|   32|     ap_none|                                    localC_900|        scalar|
|localC_899            |   in|   32|     ap_none|                                    localC_899|        scalar|
|localC_898            |   in|   32|     ap_none|                                    localC_898|        scalar|
|localC_897            |   in|   32|     ap_none|                                    localC_897|        scalar|
|localC_896            |   in|   32|     ap_none|                                    localC_896|        scalar|
|localC_895            |   in|   32|     ap_none|                                    localC_895|        scalar|
|localC_894            |   in|   32|     ap_none|                                    localC_894|        scalar|
|localC_893            |   in|   32|     ap_none|                                    localC_893|        scalar|
|localC_892            |   in|   32|     ap_none|                                    localC_892|        scalar|
|localC_891            |   in|   32|     ap_none|                                    localC_891|        scalar|
|localC_890            |   in|   32|     ap_none|                                    localC_890|        scalar|
|localC_889            |   in|   32|     ap_none|                                    localC_889|        scalar|
|localC_888            |   in|   32|     ap_none|                                    localC_888|        scalar|
|localC_887            |   in|   32|     ap_none|                                    localC_887|        scalar|
|localC_886            |   in|   32|     ap_none|                                    localC_886|        scalar|
|localC_885            |   in|   32|     ap_none|                                    localC_885|        scalar|
|localC_884            |   in|   32|     ap_none|                                    localC_884|        scalar|
|localC_883            |   in|   32|     ap_none|                                    localC_883|        scalar|
|localC_882            |   in|   32|     ap_none|                                    localC_882|        scalar|
|localC_881            |   in|   32|     ap_none|                                    localC_881|        scalar|
|localC_880            |   in|   32|     ap_none|                                    localC_880|        scalar|
|localC_879            |   in|   32|     ap_none|                                    localC_879|        scalar|
|localC_878            |   in|   32|     ap_none|                                    localC_878|        scalar|
|localC_877            |   in|   32|     ap_none|                                    localC_877|        scalar|
|localC_876            |   in|   32|     ap_none|                                    localC_876|        scalar|
|localC_875            |   in|   32|     ap_none|                                    localC_875|        scalar|
|localC_874            |   in|   32|     ap_none|                                    localC_874|        scalar|
|localC_873            |   in|   32|     ap_none|                                    localC_873|        scalar|
|localC_872            |   in|   32|     ap_none|                                    localC_872|        scalar|
|localC_871            |   in|   32|     ap_none|                                    localC_871|        scalar|
|localC_870            |   in|   32|     ap_none|                                    localC_870|        scalar|
|localC_869            |   in|   32|     ap_none|                                    localC_869|        scalar|
|localC_868            |   in|   32|     ap_none|                                    localC_868|        scalar|
|localC_867            |   in|   32|     ap_none|                                    localC_867|        scalar|
|localC_866            |   in|   32|     ap_none|                                    localC_866|        scalar|
|localC_865            |   in|   32|     ap_none|                                    localC_865|        scalar|
|localC_864            |   in|   32|     ap_none|                                    localC_864|        scalar|
|localC_863            |   in|   32|     ap_none|                                    localC_863|        scalar|
|localC_862            |   in|   32|     ap_none|                                    localC_862|        scalar|
|localC_861            |   in|   32|     ap_none|                                    localC_861|        scalar|
|localC_860            |   in|   32|     ap_none|                                    localC_860|        scalar|
|localC_859            |   in|   32|     ap_none|                                    localC_859|        scalar|
|localC_858            |   in|   32|     ap_none|                                    localC_858|        scalar|
|localC_857            |   in|   32|     ap_none|                                    localC_857|        scalar|
|localC_856            |   in|   32|     ap_none|                                    localC_856|        scalar|
|localC_855            |   in|   32|     ap_none|                                    localC_855|        scalar|
|localC_854            |   in|   32|     ap_none|                                    localC_854|        scalar|
|localC_853            |   in|   32|     ap_none|                                    localC_853|        scalar|
|localC_852            |   in|   32|     ap_none|                                    localC_852|        scalar|
|localC_851            |   in|   32|     ap_none|                                    localC_851|        scalar|
|localC_850            |   in|   32|     ap_none|                                    localC_850|        scalar|
|localC_849            |   in|   32|     ap_none|                                    localC_849|        scalar|
|localC_848            |   in|   32|     ap_none|                                    localC_848|        scalar|
|localC_847            |   in|   32|     ap_none|                                    localC_847|        scalar|
|localC_846            |   in|   32|     ap_none|                                    localC_846|        scalar|
|localC_845            |   in|   32|     ap_none|                                    localC_845|        scalar|
|localC_844            |   in|   32|     ap_none|                                    localC_844|        scalar|
|localC_843            |   in|   32|     ap_none|                                    localC_843|        scalar|
|localC_842            |   in|   32|     ap_none|                                    localC_842|        scalar|
|localC_841            |   in|   32|     ap_none|                                    localC_841|        scalar|
|localC_840            |   in|   32|     ap_none|                                    localC_840|        scalar|
|localC_839            |   in|   32|     ap_none|                                    localC_839|        scalar|
|localC_838            |   in|   32|     ap_none|                                    localC_838|        scalar|
|localC_837            |   in|   32|     ap_none|                                    localC_837|        scalar|
|localC_836            |   in|   32|     ap_none|                                    localC_836|        scalar|
|localC_835            |   in|   32|     ap_none|                                    localC_835|        scalar|
|localC_834            |   in|   32|     ap_none|                                    localC_834|        scalar|
|localC_833            |   in|   32|     ap_none|                                    localC_833|        scalar|
|localC_832            |   in|   32|     ap_none|                                    localC_832|        scalar|
|localC_831            |   in|   32|     ap_none|                                    localC_831|        scalar|
|localC_830            |   in|   32|     ap_none|                                    localC_830|        scalar|
|localC_829            |   in|   32|     ap_none|                                    localC_829|        scalar|
|localC_828            |   in|   32|     ap_none|                                    localC_828|        scalar|
|localC_827            |   in|   32|     ap_none|                                    localC_827|        scalar|
|localC_826            |   in|   32|     ap_none|                                    localC_826|        scalar|
|localC_825            |   in|   32|     ap_none|                                    localC_825|        scalar|
|localC_824            |   in|   32|     ap_none|                                    localC_824|        scalar|
|localC_823            |   in|   32|     ap_none|                                    localC_823|        scalar|
|localC_822            |   in|   32|     ap_none|                                    localC_822|        scalar|
|localC_821            |   in|   32|     ap_none|                                    localC_821|        scalar|
|localC_820            |   in|   32|     ap_none|                                    localC_820|        scalar|
|localC_819            |   in|   32|     ap_none|                                    localC_819|        scalar|
|localC_818            |   in|   32|     ap_none|                                    localC_818|        scalar|
|localC_817            |   in|   32|     ap_none|                                    localC_817|        scalar|
|localC_816            |   in|   32|     ap_none|                                    localC_816|        scalar|
|localC_815            |   in|   32|     ap_none|                                    localC_815|        scalar|
|localC_814            |   in|   32|     ap_none|                                    localC_814|        scalar|
|localC_813            |   in|   32|     ap_none|                                    localC_813|        scalar|
|localC_812            |   in|   32|     ap_none|                                    localC_812|        scalar|
|localC_811            |   in|   32|     ap_none|                                    localC_811|        scalar|
|localC_810            |   in|   32|     ap_none|                                    localC_810|        scalar|
|localC_809            |   in|   32|     ap_none|                                    localC_809|        scalar|
|localC_808            |   in|   32|     ap_none|                                    localC_808|        scalar|
|localC_807            |   in|   32|     ap_none|                                    localC_807|        scalar|
|localC_806            |   in|   32|     ap_none|                                    localC_806|        scalar|
|localC_805            |   in|   32|     ap_none|                                    localC_805|        scalar|
|localC_804            |   in|   32|     ap_none|                                    localC_804|        scalar|
|localC_803            |   in|   32|     ap_none|                                    localC_803|        scalar|
|localC_802            |   in|   32|     ap_none|                                    localC_802|        scalar|
|localC_801            |   in|   32|     ap_none|                                    localC_801|        scalar|
|localC_800            |   in|   32|     ap_none|                                    localC_800|        scalar|
|localC_799            |   in|   32|     ap_none|                                    localC_799|        scalar|
|localC_798            |   in|   32|     ap_none|                                    localC_798|        scalar|
|localC_797            |   in|   32|     ap_none|                                    localC_797|        scalar|
|localC_796            |   in|   32|     ap_none|                                    localC_796|        scalar|
|localC_795            |   in|   32|     ap_none|                                    localC_795|        scalar|
|localC_794            |   in|   32|     ap_none|                                    localC_794|        scalar|
|localC_793            |   in|   32|     ap_none|                                    localC_793|        scalar|
|localC_792            |   in|   32|     ap_none|                                    localC_792|        scalar|
|localC_791            |   in|   32|     ap_none|                                    localC_791|        scalar|
|localC_790            |   in|   32|     ap_none|                                    localC_790|        scalar|
|localC_789            |   in|   32|     ap_none|                                    localC_789|        scalar|
|localC_788            |   in|   32|     ap_none|                                    localC_788|        scalar|
|localC_787            |   in|   32|     ap_none|                                    localC_787|        scalar|
|localC_786            |   in|   32|     ap_none|                                    localC_786|        scalar|
|localC_785            |   in|   32|     ap_none|                                    localC_785|        scalar|
|localC_784            |   in|   32|     ap_none|                                    localC_784|        scalar|
|localC_783            |   in|   32|     ap_none|                                    localC_783|        scalar|
|localC_782            |   in|   32|     ap_none|                                    localC_782|        scalar|
|localC_781            |   in|   32|     ap_none|                                    localC_781|        scalar|
|localC_780            |   in|   32|     ap_none|                                    localC_780|        scalar|
|localC_779            |   in|   32|     ap_none|                                    localC_779|        scalar|
|localC_778            |   in|   32|     ap_none|                                    localC_778|        scalar|
|localC_777            |   in|   32|     ap_none|                                    localC_777|        scalar|
|localC_776            |   in|   32|     ap_none|                                    localC_776|        scalar|
|localC_775            |   in|   32|     ap_none|                                    localC_775|        scalar|
|localC_774            |   in|   32|     ap_none|                                    localC_774|        scalar|
|localC_773            |   in|   32|     ap_none|                                    localC_773|        scalar|
|localC_772            |   in|   32|     ap_none|                                    localC_772|        scalar|
|localC_771            |   in|   32|     ap_none|                                    localC_771|        scalar|
|localC_770            |   in|   32|     ap_none|                                    localC_770|        scalar|
|localC_769            |   in|   32|     ap_none|                                    localC_769|        scalar|
|localC_768            |   in|   32|     ap_none|                                    localC_768|        scalar|
|localC_767            |   in|   32|     ap_none|                                    localC_767|        scalar|
|localC_766            |   in|   32|     ap_none|                                    localC_766|        scalar|
|localC_765            |   in|   32|     ap_none|                                    localC_765|        scalar|
|localC_764            |   in|   32|     ap_none|                                    localC_764|        scalar|
|localC_763            |   in|   32|     ap_none|                                    localC_763|        scalar|
|localC_762            |   in|   32|     ap_none|                                    localC_762|        scalar|
|localC_761            |   in|   32|     ap_none|                                    localC_761|        scalar|
|localC_760            |   in|   32|     ap_none|                                    localC_760|        scalar|
|localC_759            |   in|   32|     ap_none|                                    localC_759|        scalar|
|localC_758            |   in|   32|     ap_none|                                    localC_758|        scalar|
|localC_757            |   in|   32|     ap_none|                                    localC_757|        scalar|
|localC_756            |   in|   32|     ap_none|                                    localC_756|        scalar|
|localC_755            |   in|   32|     ap_none|                                    localC_755|        scalar|
|localC_754            |   in|   32|     ap_none|                                    localC_754|        scalar|
|localC_753            |   in|   32|     ap_none|                                    localC_753|        scalar|
|localC_752            |   in|   32|     ap_none|                                    localC_752|        scalar|
|localC_751            |   in|   32|     ap_none|                                    localC_751|        scalar|
|localC_750            |   in|   32|     ap_none|                                    localC_750|        scalar|
|localC_749            |   in|   32|     ap_none|                                    localC_749|        scalar|
|localC_748            |   in|   32|     ap_none|                                    localC_748|        scalar|
|localC_747            |   in|   32|     ap_none|                                    localC_747|        scalar|
|localC_746            |   in|   32|     ap_none|                                    localC_746|        scalar|
|localC_745            |   in|   32|     ap_none|                                    localC_745|        scalar|
|localC_744            |   in|   32|     ap_none|                                    localC_744|        scalar|
|localC_743            |   in|   32|     ap_none|                                    localC_743|        scalar|
|localC_742            |   in|   32|     ap_none|                                    localC_742|        scalar|
|localC_741            |   in|   32|     ap_none|                                    localC_741|        scalar|
|localC_740            |   in|   32|     ap_none|                                    localC_740|        scalar|
|localC_739            |   in|   32|     ap_none|                                    localC_739|        scalar|
|localC_738            |   in|   32|     ap_none|                                    localC_738|        scalar|
|localC_737            |   in|   32|     ap_none|                                    localC_737|        scalar|
|localC_736            |   in|   32|     ap_none|                                    localC_736|        scalar|
|localC_735            |   in|   32|     ap_none|                                    localC_735|        scalar|
|localC_734            |   in|   32|     ap_none|                                    localC_734|        scalar|
|localC_733            |   in|   32|     ap_none|                                    localC_733|        scalar|
|localC_732            |   in|   32|     ap_none|                                    localC_732|        scalar|
|localC_731            |   in|   32|     ap_none|                                    localC_731|        scalar|
|localC_730            |   in|   32|     ap_none|                                    localC_730|        scalar|
|localC_729            |   in|   32|     ap_none|                                    localC_729|        scalar|
|localC_728            |   in|   32|     ap_none|                                    localC_728|        scalar|
|localC_727            |   in|   32|     ap_none|                                    localC_727|        scalar|
|localC_726            |   in|   32|     ap_none|                                    localC_726|        scalar|
|localC_725            |   in|   32|     ap_none|                                    localC_725|        scalar|
|localC_724            |   in|   32|     ap_none|                                    localC_724|        scalar|
|localC_723            |   in|   32|     ap_none|                                    localC_723|        scalar|
|localC_722            |   in|   32|     ap_none|                                    localC_722|        scalar|
|localC_721            |   in|   32|     ap_none|                                    localC_721|        scalar|
|localC_720            |   in|   32|     ap_none|                                    localC_720|        scalar|
|localC_719            |   in|   32|     ap_none|                                    localC_719|        scalar|
|localC_718            |   in|   32|     ap_none|                                    localC_718|        scalar|
|localC_717            |   in|   32|     ap_none|                                    localC_717|        scalar|
|localC_716            |   in|   32|     ap_none|                                    localC_716|        scalar|
|localC_715            |   in|   32|     ap_none|                                    localC_715|        scalar|
|localC_714            |   in|   32|     ap_none|                                    localC_714|        scalar|
|localC_713            |   in|   32|     ap_none|                                    localC_713|        scalar|
|localC_712            |   in|   32|     ap_none|                                    localC_712|        scalar|
|localC_711            |   in|   32|     ap_none|                                    localC_711|        scalar|
|localC_710            |   in|   32|     ap_none|                                    localC_710|        scalar|
|localC_709            |   in|   32|     ap_none|                                    localC_709|        scalar|
|localC_708            |   in|   32|     ap_none|                                    localC_708|        scalar|
|localC_707            |   in|   32|     ap_none|                                    localC_707|        scalar|
|localC_706            |   in|   32|     ap_none|                                    localC_706|        scalar|
|localC_705            |   in|   32|     ap_none|                                    localC_705|        scalar|
|localC_704            |   in|   32|     ap_none|                                    localC_704|        scalar|
|localC_703            |   in|   32|     ap_none|                                    localC_703|        scalar|
|localC_702            |   in|   32|     ap_none|                                    localC_702|        scalar|
|localC_701            |   in|   32|     ap_none|                                    localC_701|        scalar|
|localC_700            |   in|   32|     ap_none|                                    localC_700|        scalar|
|localC_699            |   in|   32|     ap_none|                                    localC_699|        scalar|
|localC_698            |   in|   32|     ap_none|                                    localC_698|        scalar|
|localC_697            |   in|   32|     ap_none|                                    localC_697|        scalar|
|localC_696            |   in|   32|     ap_none|                                    localC_696|        scalar|
|localC_695            |   in|   32|     ap_none|                                    localC_695|        scalar|
|localC_694            |   in|   32|     ap_none|                                    localC_694|        scalar|
|localC_693            |   in|   32|     ap_none|                                    localC_693|        scalar|
|localC_692            |   in|   32|     ap_none|                                    localC_692|        scalar|
|localC_691            |   in|   32|     ap_none|                                    localC_691|        scalar|
|localC_690            |   in|   32|     ap_none|                                    localC_690|        scalar|
|localC_689            |   in|   32|     ap_none|                                    localC_689|        scalar|
|localC_688            |   in|   32|     ap_none|                                    localC_688|        scalar|
|localC_687            |   in|   32|     ap_none|                                    localC_687|        scalar|
|localC_686            |   in|   32|     ap_none|                                    localC_686|        scalar|
|localC_685            |   in|   32|     ap_none|                                    localC_685|        scalar|
|localC_684            |   in|   32|     ap_none|                                    localC_684|        scalar|
|localC_683            |   in|   32|     ap_none|                                    localC_683|        scalar|
|localC_682            |   in|   32|     ap_none|                                    localC_682|        scalar|
|localC_681            |   in|   32|     ap_none|                                    localC_681|        scalar|
|localC_680            |   in|   32|     ap_none|                                    localC_680|        scalar|
|localC_679            |   in|   32|     ap_none|                                    localC_679|        scalar|
|localC_678            |   in|   32|     ap_none|                                    localC_678|        scalar|
|localC_677            |   in|   32|     ap_none|                                    localC_677|        scalar|
|localC_676            |   in|   32|     ap_none|                                    localC_676|        scalar|
|localC_675            |   in|   32|     ap_none|                                    localC_675|        scalar|
|localC_674            |   in|   32|     ap_none|                                    localC_674|        scalar|
|localC_673            |   in|   32|     ap_none|                                    localC_673|        scalar|
|localC_672            |   in|   32|     ap_none|                                    localC_672|        scalar|
|localC_671            |   in|   32|     ap_none|                                    localC_671|        scalar|
|localC_670            |   in|   32|     ap_none|                                    localC_670|        scalar|
|localC_669            |   in|   32|     ap_none|                                    localC_669|        scalar|
|localC_668            |   in|   32|     ap_none|                                    localC_668|        scalar|
|localC_667            |   in|   32|     ap_none|                                    localC_667|        scalar|
|localC_666            |   in|   32|     ap_none|                                    localC_666|        scalar|
|localC_665            |   in|   32|     ap_none|                                    localC_665|        scalar|
|localC_664            |   in|   32|     ap_none|                                    localC_664|        scalar|
|localC_663            |   in|   32|     ap_none|                                    localC_663|        scalar|
|localC_662            |   in|   32|     ap_none|                                    localC_662|        scalar|
|localC_661            |   in|   32|     ap_none|                                    localC_661|        scalar|
|localC_660            |   in|   32|     ap_none|                                    localC_660|        scalar|
|localC_659            |   in|   32|     ap_none|                                    localC_659|        scalar|
|localC_658            |   in|   32|     ap_none|                                    localC_658|        scalar|
|localC_657            |   in|   32|     ap_none|                                    localC_657|        scalar|
|localC_656            |   in|   32|     ap_none|                                    localC_656|        scalar|
|localC_655            |   in|   32|     ap_none|                                    localC_655|        scalar|
|localC_654            |   in|   32|     ap_none|                                    localC_654|        scalar|
|localC_653            |   in|   32|     ap_none|                                    localC_653|        scalar|
|localC_652            |   in|   32|     ap_none|                                    localC_652|        scalar|
|localC_651            |   in|   32|     ap_none|                                    localC_651|        scalar|
|localC_650            |   in|   32|     ap_none|                                    localC_650|        scalar|
|localC_649            |   in|   32|     ap_none|                                    localC_649|        scalar|
|localC_648            |   in|   32|     ap_none|                                    localC_648|        scalar|
|localC_647            |   in|   32|     ap_none|                                    localC_647|        scalar|
|localC_646            |   in|   32|     ap_none|                                    localC_646|        scalar|
|localC_645            |   in|   32|     ap_none|                                    localC_645|        scalar|
|localC_644            |   in|   32|     ap_none|                                    localC_644|        scalar|
|localC_643            |   in|   32|     ap_none|                                    localC_643|        scalar|
|localC_642            |   in|   32|     ap_none|                                    localC_642|        scalar|
|localC_641            |   in|   32|     ap_none|                                    localC_641|        scalar|
|localC_640            |   in|   32|     ap_none|                                    localC_640|        scalar|
|localC_639            |   in|   32|     ap_none|                                    localC_639|        scalar|
|localC_638            |   in|   32|     ap_none|                                    localC_638|        scalar|
|localC_637            |   in|   32|     ap_none|                                    localC_637|        scalar|
|localC_636            |   in|   32|     ap_none|                                    localC_636|        scalar|
|localC_635            |   in|   32|     ap_none|                                    localC_635|        scalar|
|localC_634            |   in|   32|     ap_none|                                    localC_634|        scalar|
|localC_633            |   in|   32|     ap_none|                                    localC_633|        scalar|
|localC_632            |   in|   32|     ap_none|                                    localC_632|        scalar|
|localC_631            |   in|   32|     ap_none|                                    localC_631|        scalar|
|localC_630            |   in|   32|     ap_none|                                    localC_630|        scalar|
|localC_629            |   in|   32|     ap_none|                                    localC_629|        scalar|
|localC_628            |   in|   32|     ap_none|                                    localC_628|        scalar|
|localC_627            |   in|   32|     ap_none|                                    localC_627|        scalar|
|localC_626            |   in|   32|     ap_none|                                    localC_626|        scalar|
|localC_625            |   in|   32|     ap_none|                                    localC_625|        scalar|
|localC_624            |   in|   32|     ap_none|                                    localC_624|        scalar|
|localC_623            |   in|   32|     ap_none|                                    localC_623|        scalar|
|localC_622            |   in|   32|     ap_none|                                    localC_622|        scalar|
|localC_621            |   in|   32|     ap_none|                                    localC_621|        scalar|
|localC_620            |   in|   32|     ap_none|                                    localC_620|        scalar|
|localC_619            |   in|   32|     ap_none|                                    localC_619|        scalar|
|localC_618            |   in|   32|     ap_none|                                    localC_618|        scalar|
|localC_617            |   in|   32|     ap_none|                                    localC_617|        scalar|
|localC_616            |   in|   32|     ap_none|                                    localC_616|        scalar|
|localC_615            |   in|   32|     ap_none|                                    localC_615|        scalar|
|localC_614            |   in|   32|     ap_none|                                    localC_614|        scalar|
|localC_613            |   in|   32|     ap_none|                                    localC_613|        scalar|
|localC_612            |   in|   32|     ap_none|                                    localC_612|        scalar|
|localC_611            |   in|   32|     ap_none|                                    localC_611|        scalar|
|localC_610            |   in|   32|     ap_none|                                    localC_610|        scalar|
|localC_609            |   in|   32|     ap_none|                                    localC_609|        scalar|
|localC_608            |   in|   32|     ap_none|                                    localC_608|        scalar|
|localC_607            |   in|   32|     ap_none|                                    localC_607|        scalar|
|localC_606            |   in|   32|     ap_none|                                    localC_606|        scalar|
|localC_605            |   in|   32|     ap_none|                                    localC_605|        scalar|
|localC_604            |   in|   32|     ap_none|                                    localC_604|        scalar|
|localC_603            |   in|   32|     ap_none|                                    localC_603|        scalar|
|localC_602            |   in|   32|     ap_none|                                    localC_602|        scalar|
|localC_601            |   in|   32|     ap_none|                                    localC_601|        scalar|
|localC_600            |   in|   32|     ap_none|                                    localC_600|        scalar|
|localC_599            |   in|   32|     ap_none|                                    localC_599|        scalar|
|localC_598            |   in|   32|     ap_none|                                    localC_598|        scalar|
|localC_597            |   in|   32|     ap_none|                                    localC_597|        scalar|
|localC_596            |   in|   32|     ap_none|                                    localC_596|        scalar|
|localC_595            |   in|   32|     ap_none|                                    localC_595|        scalar|
|localC_594            |   in|   32|     ap_none|                                    localC_594|        scalar|
|localC_593            |   in|   32|     ap_none|                                    localC_593|        scalar|
|localC_592            |   in|   32|     ap_none|                                    localC_592|        scalar|
|localC_591            |   in|   32|     ap_none|                                    localC_591|        scalar|
|localC_590            |   in|   32|     ap_none|                                    localC_590|        scalar|
|localC_589            |   in|   32|     ap_none|                                    localC_589|        scalar|
|localC_588            |   in|   32|     ap_none|                                    localC_588|        scalar|
|localC_587            |   in|   32|     ap_none|                                    localC_587|        scalar|
|localC_586            |   in|   32|     ap_none|                                    localC_586|        scalar|
|localC_585            |   in|   32|     ap_none|                                    localC_585|        scalar|
|localC_584            |   in|   32|     ap_none|                                    localC_584|        scalar|
|localC_583            |   in|   32|     ap_none|                                    localC_583|        scalar|
|localC_582            |   in|   32|     ap_none|                                    localC_582|        scalar|
|localC_581            |   in|   32|     ap_none|                                    localC_581|        scalar|
|localC_580            |   in|   32|     ap_none|                                    localC_580|        scalar|
|localC_579            |   in|   32|     ap_none|                                    localC_579|        scalar|
|localC_578            |   in|   32|     ap_none|                                    localC_578|        scalar|
|localC_577            |   in|   32|     ap_none|                                    localC_577|        scalar|
|localC_576            |   in|   32|     ap_none|                                    localC_576|        scalar|
|localC_575            |   in|   32|     ap_none|                                    localC_575|        scalar|
|localC_574            |   in|   32|     ap_none|                                    localC_574|        scalar|
|localC_573            |   in|   32|     ap_none|                                    localC_573|        scalar|
|localC_572            |   in|   32|     ap_none|                                    localC_572|        scalar|
|localC_571            |   in|   32|     ap_none|                                    localC_571|        scalar|
|localC_570            |   in|   32|     ap_none|                                    localC_570|        scalar|
|localC_569            |   in|   32|     ap_none|                                    localC_569|        scalar|
|localC_568            |   in|   32|     ap_none|                                    localC_568|        scalar|
|localC_567            |   in|   32|     ap_none|                                    localC_567|        scalar|
|localC_566            |   in|   32|     ap_none|                                    localC_566|        scalar|
|localC_565            |   in|   32|     ap_none|                                    localC_565|        scalar|
|localC_564            |   in|   32|     ap_none|                                    localC_564|        scalar|
|localC_563            |   in|   32|     ap_none|                                    localC_563|        scalar|
|localC_562            |   in|   32|     ap_none|                                    localC_562|        scalar|
|localC_561            |   in|   32|     ap_none|                                    localC_561|        scalar|
|localC_560            |   in|   32|     ap_none|                                    localC_560|        scalar|
|localC_559            |   in|   32|     ap_none|                                    localC_559|        scalar|
|localC_558            |   in|   32|     ap_none|                                    localC_558|        scalar|
|localC_557            |   in|   32|     ap_none|                                    localC_557|        scalar|
|localC_556            |   in|   32|     ap_none|                                    localC_556|        scalar|
|localC_555            |   in|   32|     ap_none|                                    localC_555|        scalar|
|localC_554            |   in|   32|     ap_none|                                    localC_554|        scalar|
|localC_553            |   in|   32|     ap_none|                                    localC_553|        scalar|
|localC_552            |   in|   32|     ap_none|                                    localC_552|        scalar|
|localC_551            |   in|   32|     ap_none|                                    localC_551|        scalar|
|localC_550            |   in|   32|     ap_none|                                    localC_550|        scalar|
|localC_549            |   in|   32|     ap_none|                                    localC_549|        scalar|
|localC_548            |   in|   32|     ap_none|                                    localC_548|        scalar|
|localC_547            |   in|   32|     ap_none|                                    localC_547|        scalar|
|localC_546            |   in|   32|     ap_none|                                    localC_546|        scalar|
|localC_545            |   in|   32|     ap_none|                                    localC_545|        scalar|
|localC_544            |   in|   32|     ap_none|                                    localC_544|        scalar|
|localC_543            |   in|   32|     ap_none|                                    localC_543|        scalar|
|localC_542            |   in|   32|     ap_none|                                    localC_542|        scalar|
|localC_541            |   in|   32|     ap_none|                                    localC_541|        scalar|
|localC_540            |   in|   32|     ap_none|                                    localC_540|        scalar|
|localC_539            |   in|   32|     ap_none|                                    localC_539|        scalar|
|localC_538            |   in|   32|     ap_none|                                    localC_538|        scalar|
|localC_537            |   in|   32|     ap_none|                                    localC_537|        scalar|
|localC_536            |   in|   32|     ap_none|                                    localC_536|        scalar|
|localC_535            |   in|   32|     ap_none|                                    localC_535|        scalar|
|localC_534            |   in|   32|     ap_none|                                    localC_534|        scalar|
|localC_533            |   in|   32|     ap_none|                                    localC_533|        scalar|
|localC_532            |   in|   32|     ap_none|                                    localC_532|        scalar|
|localC_531            |   in|   32|     ap_none|                                    localC_531|        scalar|
|localC_530            |   in|   32|     ap_none|                                    localC_530|        scalar|
|localC_529            |   in|   32|     ap_none|                                    localC_529|        scalar|
|localC_528            |   in|   32|     ap_none|                                    localC_528|        scalar|
|localC_527            |   in|   32|     ap_none|                                    localC_527|        scalar|
|localC_526            |   in|   32|     ap_none|                                    localC_526|        scalar|
|localC_525            |   in|   32|     ap_none|                                    localC_525|        scalar|
|localC_524            |   in|   32|     ap_none|                                    localC_524|        scalar|
|localC_523            |   in|   32|     ap_none|                                    localC_523|        scalar|
|localC_522            |   in|   32|     ap_none|                                    localC_522|        scalar|
|localC_521            |   in|   32|     ap_none|                                    localC_521|        scalar|
|localC_520            |   in|   32|     ap_none|                                    localC_520|        scalar|
|localC_519            |   in|   32|     ap_none|                                    localC_519|        scalar|
|localC_518            |   in|   32|     ap_none|                                    localC_518|        scalar|
|localC_517            |   in|   32|     ap_none|                                    localC_517|        scalar|
|localC_516            |   in|   32|     ap_none|                                    localC_516|        scalar|
|localC_515            |   in|   32|     ap_none|                                    localC_515|        scalar|
|localC_514            |   in|   32|     ap_none|                                    localC_514|        scalar|
|localC_513            |   in|   32|     ap_none|                                    localC_513|        scalar|
|localC_512            |   in|   32|     ap_none|                                    localC_512|        scalar|
|localC_511            |   in|   32|     ap_none|                                    localC_511|        scalar|
|localC_510            |   in|   32|     ap_none|                                    localC_510|        scalar|
|localC_509            |   in|   32|     ap_none|                                    localC_509|        scalar|
|localC_508            |   in|   32|     ap_none|                                    localC_508|        scalar|
|localC_507            |   in|   32|     ap_none|                                    localC_507|        scalar|
|localC_506            |   in|   32|     ap_none|                                    localC_506|        scalar|
|localC_505            |   in|   32|     ap_none|                                    localC_505|        scalar|
|localC_504            |   in|   32|     ap_none|                                    localC_504|        scalar|
|localC_503            |   in|   32|     ap_none|                                    localC_503|        scalar|
|localC_502            |   in|   32|     ap_none|                                    localC_502|        scalar|
|localC_501            |   in|   32|     ap_none|                                    localC_501|        scalar|
|localC_500            |   in|   32|     ap_none|                                    localC_500|        scalar|
|localC_499            |   in|   32|     ap_none|                                    localC_499|        scalar|
|localC_498            |   in|   32|     ap_none|                                    localC_498|        scalar|
|localC_497            |   in|   32|     ap_none|                                    localC_497|        scalar|
|localC_496            |   in|   32|     ap_none|                                    localC_496|        scalar|
|localC_495            |   in|   32|     ap_none|                                    localC_495|        scalar|
|localC_494            |   in|   32|     ap_none|                                    localC_494|        scalar|
|localC_493            |   in|   32|     ap_none|                                    localC_493|        scalar|
|localC_492            |   in|   32|     ap_none|                                    localC_492|        scalar|
|localC_491            |   in|   32|     ap_none|                                    localC_491|        scalar|
|localC_490            |   in|   32|     ap_none|                                    localC_490|        scalar|
|localC_489            |   in|   32|     ap_none|                                    localC_489|        scalar|
|localC_488            |   in|   32|     ap_none|                                    localC_488|        scalar|
|localC_487            |   in|   32|     ap_none|                                    localC_487|        scalar|
|localC_486            |   in|   32|     ap_none|                                    localC_486|        scalar|
|localC_485            |   in|   32|     ap_none|                                    localC_485|        scalar|
|localC_484            |   in|   32|     ap_none|                                    localC_484|        scalar|
|localC_483            |   in|   32|     ap_none|                                    localC_483|        scalar|
|localC_482            |   in|   32|     ap_none|                                    localC_482|        scalar|
|localC_481            |   in|   32|     ap_none|                                    localC_481|        scalar|
|localC_480            |   in|   32|     ap_none|                                    localC_480|        scalar|
|localC_479            |   in|   32|     ap_none|                                    localC_479|        scalar|
|localC_478            |   in|   32|     ap_none|                                    localC_478|        scalar|
|localC_477            |   in|   32|     ap_none|                                    localC_477|        scalar|
|localC_476            |   in|   32|     ap_none|                                    localC_476|        scalar|
|localC_475            |   in|   32|     ap_none|                                    localC_475|        scalar|
|localC_474            |   in|   32|     ap_none|                                    localC_474|        scalar|
|localC_473            |   in|   32|     ap_none|                                    localC_473|        scalar|
|localC_472            |   in|   32|     ap_none|                                    localC_472|        scalar|
|localC_471            |   in|   32|     ap_none|                                    localC_471|        scalar|
|localC_470            |   in|   32|     ap_none|                                    localC_470|        scalar|
|localC_469            |   in|   32|     ap_none|                                    localC_469|        scalar|
|localC_468            |   in|   32|     ap_none|                                    localC_468|        scalar|
|localC_467            |   in|   32|     ap_none|                                    localC_467|        scalar|
|localC_466            |   in|   32|     ap_none|                                    localC_466|        scalar|
|localC_465            |   in|   32|     ap_none|                                    localC_465|        scalar|
|localC_464            |   in|   32|     ap_none|                                    localC_464|        scalar|
|localC_463            |   in|   32|     ap_none|                                    localC_463|        scalar|
|localC_462            |   in|   32|     ap_none|                                    localC_462|        scalar|
|localC_461            |   in|   32|     ap_none|                                    localC_461|        scalar|
|localC_460            |   in|   32|     ap_none|                                    localC_460|        scalar|
|localC_459            |   in|   32|     ap_none|                                    localC_459|        scalar|
|localC_458            |   in|   32|     ap_none|                                    localC_458|        scalar|
|localC_457            |   in|   32|     ap_none|                                    localC_457|        scalar|
|localC_456            |   in|   32|     ap_none|                                    localC_456|        scalar|
|localC_455            |   in|   32|     ap_none|                                    localC_455|        scalar|
|localC_454            |   in|   32|     ap_none|                                    localC_454|        scalar|
|localC_453            |   in|   32|     ap_none|                                    localC_453|        scalar|
|localC_452            |   in|   32|     ap_none|                                    localC_452|        scalar|
|localC_451            |   in|   32|     ap_none|                                    localC_451|        scalar|
|localC_450            |   in|   32|     ap_none|                                    localC_450|        scalar|
|localC_449            |   in|   32|     ap_none|                                    localC_449|        scalar|
|localC_448            |   in|   32|     ap_none|                                    localC_448|        scalar|
|localC_447            |   in|   32|     ap_none|                                    localC_447|        scalar|
|localC_446            |   in|   32|     ap_none|                                    localC_446|        scalar|
|localC_445            |   in|   32|     ap_none|                                    localC_445|        scalar|
|localC_444            |   in|   32|     ap_none|                                    localC_444|        scalar|
|localC_443            |   in|   32|     ap_none|                                    localC_443|        scalar|
|localC_442            |   in|   32|     ap_none|                                    localC_442|        scalar|
|localC_441            |   in|   32|     ap_none|                                    localC_441|        scalar|
|localC_440            |   in|   32|     ap_none|                                    localC_440|        scalar|
|localC_439            |   in|   32|     ap_none|                                    localC_439|        scalar|
|localC_438            |   in|   32|     ap_none|                                    localC_438|        scalar|
|localC_437            |   in|   32|     ap_none|                                    localC_437|        scalar|
|localC_436            |   in|   32|     ap_none|                                    localC_436|        scalar|
|localC_435            |   in|   32|     ap_none|                                    localC_435|        scalar|
|localC_434            |   in|   32|     ap_none|                                    localC_434|        scalar|
|localC_433            |   in|   32|     ap_none|                                    localC_433|        scalar|
|localC_432            |   in|   32|     ap_none|                                    localC_432|        scalar|
|localC_431            |   in|   32|     ap_none|                                    localC_431|        scalar|
|localC_430            |   in|   32|     ap_none|                                    localC_430|        scalar|
|localC_429            |   in|   32|     ap_none|                                    localC_429|        scalar|
|localC_428            |   in|   32|     ap_none|                                    localC_428|        scalar|
|localC_427            |   in|   32|     ap_none|                                    localC_427|        scalar|
|localC_426            |   in|   32|     ap_none|                                    localC_426|        scalar|
|localC_425            |   in|   32|     ap_none|                                    localC_425|        scalar|
|localC_424            |   in|   32|     ap_none|                                    localC_424|        scalar|
|localC_423            |   in|   32|     ap_none|                                    localC_423|        scalar|
|localC_422            |   in|   32|     ap_none|                                    localC_422|        scalar|
|localC_421            |   in|   32|     ap_none|                                    localC_421|        scalar|
|localC_420            |   in|   32|     ap_none|                                    localC_420|        scalar|
|localC_419            |   in|   32|     ap_none|                                    localC_419|        scalar|
|localC_418            |   in|   32|     ap_none|                                    localC_418|        scalar|
|localC_417            |   in|   32|     ap_none|                                    localC_417|        scalar|
|localC_416            |   in|   32|     ap_none|                                    localC_416|        scalar|
|localC_415            |   in|   32|     ap_none|                                    localC_415|        scalar|
|localC_414            |   in|   32|     ap_none|                                    localC_414|        scalar|
|localC_413            |   in|   32|     ap_none|                                    localC_413|        scalar|
|localC_412            |   in|   32|     ap_none|                                    localC_412|        scalar|
|localC_411            |   in|   32|     ap_none|                                    localC_411|        scalar|
|localC_410            |   in|   32|     ap_none|                                    localC_410|        scalar|
|localC_409            |   in|   32|     ap_none|                                    localC_409|        scalar|
|localC_408            |   in|   32|     ap_none|                                    localC_408|        scalar|
|localC_407            |   in|   32|     ap_none|                                    localC_407|        scalar|
|localC_406            |   in|   32|     ap_none|                                    localC_406|        scalar|
|localC_405            |   in|   32|     ap_none|                                    localC_405|        scalar|
|localC_404            |   in|   32|     ap_none|                                    localC_404|        scalar|
|localC_403            |   in|   32|     ap_none|                                    localC_403|        scalar|
|localC_402            |   in|   32|     ap_none|                                    localC_402|        scalar|
|localC_401            |   in|   32|     ap_none|                                    localC_401|        scalar|
|localC_400            |   in|   32|     ap_none|                                    localC_400|        scalar|
|localC_399            |   in|   32|     ap_none|                                    localC_399|        scalar|
|localC_398            |   in|   32|     ap_none|                                    localC_398|        scalar|
|localC_397            |   in|   32|     ap_none|                                    localC_397|        scalar|
|localC_396            |   in|   32|     ap_none|                                    localC_396|        scalar|
|localC_395            |   in|   32|     ap_none|                                    localC_395|        scalar|
|localC_394            |   in|   32|     ap_none|                                    localC_394|        scalar|
|localC_393            |   in|   32|     ap_none|                                    localC_393|        scalar|
|localC_392            |   in|   32|     ap_none|                                    localC_392|        scalar|
|localC_391            |   in|   32|     ap_none|                                    localC_391|        scalar|
|localC_390            |   in|   32|     ap_none|                                    localC_390|        scalar|
|localC_389            |   in|   32|     ap_none|                                    localC_389|        scalar|
|localC_388            |   in|   32|     ap_none|                                    localC_388|        scalar|
|localC_387            |   in|   32|     ap_none|                                    localC_387|        scalar|
|localC_386            |   in|   32|     ap_none|                                    localC_386|        scalar|
|localC_385            |   in|   32|     ap_none|                                    localC_385|        scalar|
|localC_384            |   in|   32|     ap_none|                                    localC_384|        scalar|
|localC_383            |   in|   32|     ap_none|                                    localC_383|        scalar|
|localC_382            |   in|   32|     ap_none|                                    localC_382|        scalar|
|localC_381            |   in|   32|     ap_none|                                    localC_381|        scalar|
|localC_380            |   in|   32|     ap_none|                                    localC_380|        scalar|
|localC_379            |   in|   32|     ap_none|                                    localC_379|        scalar|
|localC_378            |   in|   32|     ap_none|                                    localC_378|        scalar|
|localC_377            |   in|   32|     ap_none|                                    localC_377|        scalar|
|localC_376            |   in|   32|     ap_none|                                    localC_376|        scalar|
|localC_375            |   in|   32|     ap_none|                                    localC_375|        scalar|
|localC_374            |   in|   32|     ap_none|                                    localC_374|        scalar|
|localC_373            |   in|   32|     ap_none|                                    localC_373|        scalar|
|localC_372            |   in|   32|     ap_none|                                    localC_372|        scalar|
|localC_371            |   in|   32|     ap_none|                                    localC_371|        scalar|
|localC_370            |   in|   32|     ap_none|                                    localC_370|        scalar|
|localC_369            |   in|   32|     ap_none|                                    localC_369|        scalar|
|localC_368            |   in|   32|     ap_none|                                    localC_368|        scalar|
|localC_367            |   in|   32|     ap_none|                                    localC_367|        scalar|
|localC_366            |   in|   32|     ap_none|                                    localC_366|        scalar|
|localC_365            |   in|   32|     ap_none|                                    localC_365|        scalar|
|localC_364            |   in|   32|     ap_none|                                    localC_364|        scalar|
|localC_363            |   in|   32|     ap_none|                                    localC_363|        scalar|
|localC_362            |   in|   32|     ap_none|                                    localC_362|        scalar|
|localC_361            |   in|   32|     ap_none|                                    localC_361|        scalar|
|localC_360            |   in|   32|     ap_none|                                    localC_360|        scalar|
|localC_359            |   in|   32|     ap_none|                                    localC_359|        scalar|
|localC_358            |   in|   32|     ap_none|                                    localC_358|        scalar|
|localC_357            |   in|   32|     ap_none|                                    localC_357|        scalar|
|localC_356            |   in|   32|     ap_none|                                    localC_356|        scalar|
|localC_355            |   in|   32|     ap_none|                                    localC_355|        scalar|
|localC_354            |   in|   32|     ap_none|                                    localC_354|        scalar|
|localC_353            |   in|   32|     ap_none|                                    localC_353|        scalar|
|localC_352            |   in|   32|     ap_none|                                    localC_352|        scalar|
|localC_351            |   in|   32|     ap_none|                                    localC_351|        scalar|
|localC_350            |   in|   32|     ap_none|                                    localC_350|        scalar|
|localC_349            |   in|   32|     ap_none|                                    localC_349|        scalar|
|localC_348            |   in|   32|     ap_none|                                    localC_348|        scalar|
|localC_347            |   in|   32|     ap_none|                                    localC_347|        scalar|
|localC_346            |   in|   32|     ap_none|                                    localC_346|        scalar|
|localC_345            |   in|   32|     ap_none|                                    localC_345|        scalar|
|localC_344            |   in|   32|     ap_none|                                    localC_344|        scalar|
|localC_343            |   in|   32|     ap_none|                                    localC_343|        scalar|
|localC_342            |   in|   32|     ap_none|                                    localC_342|        scalar|
|localC_341            |   in|   32|     ap_none|                                    localC_341|        scalar|
|localC_340            |   in|   32|     ap_none|                                    localC_340|        scalar|
|localC_339            |   in|   32|     ap_none|                                    localC_339|        scalar|
|localC_338            |   in|   32|     ap_none|                                    localC_338|        scalar|
|localC_337            |   in|   32|     ap_none|                                    localC_337|        scalar|
|localC_336            |   in|   32|     ap_none|                                    localC_336|        scalar|
|localC_335            |   in|   32|     ap_none|                                    localC_335|        scalar|
|localC_334            |   in|   32|     ap_none|                                    localC_334|        scalar|
|localC_333            |   in|   32|     ap_none|                                    localC_333|        scalar|
|localC_332            |   in|   32|     ap_none|                                    localC_332|        scalar|
|localC_331            |   in|   32|     ap_none|                                    localC_331|        scalar|
|localC_330            |   in|   32|     ap_none|                                    localC_330|        scalar|
|localC_329            |   in|   32|     ap_none|                                    localC_329|        scalar|
|localC_328            |   in|   32|     ap_none|                                    localC_328|        scalar|
|localC_327            |   in|   32|     ap_none|                                    localC_327|        scalar|
|localC_326            |   in|   32|     ap_none|                                    localC_326|        scalar|
|localC_325            |   in|   32|     ap_none|                                    localC_325|        scalar|
|localC_324            |   in|   32|     ap_none|                                    localC_324|        scalar|
|localC_323            |   in|   32|     ap_none|                                    localC_323|        scalar|
|localC_322            |   in|   32|     ap_none|                                    localC_322|        scalar|
|localC_321            |   in|   32|     ap_none|                                    localC_321|        scalar|
|localC_320            |   in|   32|     ap_none|                                    localC_320|        scalar|
|localC_319            |   in|   32|     ap_none|                                    localC_319|        scalar|
|localC_318            |   in|   32|     ap_none|                                    localC_318|        scalar|
|localC_317            |   in|   32|     ap_none|                                    localC_317|        scalar|
|localC_316            |   in|   32|     ap_none|                                    localC_316|        scalar|
|localC_315            |   in|   32|     ap_none|                                    localC_315|        scalar|
|localC_314            |   in|   32|     ap_none|                                    localC_314|        scalar|
|localC_313            |   in|   32|     ap_none|                                    localC_313|        scalar|
|localC_312            |   in|   32|     ap_none|                                    localC_312|        scalar|
|localC_311            |   in|   32|     ap_none|                                    localC_311|        scalar|
|localC_310            |   in|   32|     ap_none|                                    localC_310|        scalar|
|localC_309            |   in|   32|     ap_none|                                    localC_309|        scalar|
|localC_308            |   in|   32|     ap_none|                                    localC_308|        scalar|
|localC_307            |   in|   32|     ap_none|                                    localC_307|        scalar|
|localC_306            |   in|   32|     ap_none|                                    localC_306|        scalar|
|localC_305            |   in|   32|     ap_none|                                    localC_305|        scalar|
|localC_304            |   in|   32|     ap_none|                                    localC_304|        scalar|
|localC_303            |   in|   32|     ap_none|                                    localC_303|        scalar|
|localC_302            |   in|   32|     ap_none|                                    localC_302|        scalar|
|localC_301            |   in|   32|     ap_none|                                    localC_301|        scalar|
|localC_300            |   in|   32|     ap_none|                                    localC_300|        scalar|
|localC_299            |   in|   32|     ap_none|                                    localC_299|        scalar|
|localC_298            |   in|   32|     ap_none|                                    localC_298|        scalar|
|localC_297            |   in|   32|     ap_none|                                    localC_297|        scalar|
|localC_296            |   in|   32|     ap_none|                                    localC_296|        scalar|
|localC_295            |   in|   32|     ap_none|                                    localC_295|        scalar|
|localC_294            |   in|   32|     ap_none|                                    localC_294|        scalar|
|localC_293            |   in|   32|     ap_none|                                    localC_293|        scalar|
|localC_292            |   in|   32|     ap_none|                                    localC_292|        scalar|
|localC_291            |   in|   32|     ap_none|                                    localC_291|        scalar|
|localC_290            |   in|   32|     ap_none|                                    localC_290|        scalar|
|localC_289            |   in|   32|     ap_none|                                    localC_289|        scalar|
|localC_288            |   in|   32|     ap_none|                                    localC_288|        scalar|
|localC_287            |   in|   32|     ap_none|                                    localC_287|        scalar|
|localC_286            |   in|   32|     ap_none|                                    localC_286|        scalar|
|localC_285            |   in|   32|     ap_none|                                    localC_285|        scalar|
|localC_284            |   in|   32|     ap_none|                                    localC_284|        scalar|
|localC_283            |   in|   32|     ap_none|                                    localC_283|        scalar|
|localC_282            |   in|   32|     ap_none|                                    localC_282|        scalar|
|localC_281            |   in|   32|     ap_none|                                    localC_281|        scalar|
|localC_280            |   in|   32|     ap_none|                                    localC_280|        scalar|
|localC_279            |   in|   32|     ap_none|                                    localC_279|        scalar|
|localC_278            |   in|   32|     ap_none|                                    localC_278|        scalar|
|localC_277            |   in|   32|     ap_none|                                    localC_277|        scalar|
|localC_276            |   in|   32|     ap_none|                                    localC_276|        scalar|
|localC_275            |   in|   32|     ap_none|                                    localC_275|        scalar|
|localC_274            |   in|   32|     ap_none|                                    localC_274|        scalar|
|localC_273            |   in|   32|     ap_none|                                    localC_273|        scalar|
|localC_272            |   in|   32|     ap_none|                                    localC_272|        scalar|
|localC_271            |   in|   32|     ap_none|                                    localC_271|        scalar|
|localC_270            |   in|   32|     ap_none|                                    localC_270|        scalar|
|localC_269            |   in|   32|     ap_none|                                    localC_269|        scalar|
|localC_268            |   in|   32|     ap_none|                                    localC_268|        scalar|
|localC_267            |   in|   32|     ap_none|                                    localC_267|        scalar|
|localC_266            |   in|   32|     ap_none|                                    localC_266|        scalar|
|localC_265            |   in|   32|     ap_none|                                    localC_265|        scalar|
|localC_264            |   in|   32|     ap_none|                                    localC_264|        scalar|
|localC_263            |   in|   32|     ap_none|                                    localC_263|        scalar|
|localC_262            |   in|   32|     ap_none|                                    localC_262|        scalar|
|localC_261            |   in|   32|     ap_none|                                    localC_261|        scalar|
|localC_260            |   in|   32|     ap_none|                                    localC_260|        scalar|
|localC_259            |   in|   32|     ap_none|                                    localC_259|        scalar|
|localC_258            |   in|   32|     ap_none|                                    localC_258|        scalar|
|localC_257            |   in|   32|     ap_none|                                    localC_257|        scalar|
|localC_256            |   in|   32|     ap_none|                                    localC_256|        scalar|
|localC_255            |   in|   32|     ap_none|                                    localC_255|        scalar|
|localC_254            |   in|   32|     ap_none|                                    localC_254|        scalar|
|localC_253            |   in|   32|     ap_none|                                    localC_253|        scalar|
|localC_252            |   in|   32|     ap_none|                                    localC_252|        scalar|
|localC_251            |   in|   32|     ap_none|                                    localC_251|        scalar|
|localC_250            |   in|   32|     ap_none|                                    localC_250|        scalar|
|localC_249            |   in|   32|     ap_none|                                    localC_249|        scalar|
|localC_248            |   in|   32|     ap_none|                                    localC_248|        scalar|
|localC_247            |   in|   32|     ap_none|                                    localC_247|        scalar|
|localC_246            |   in|   32|     ap_none|                                    localC_246|        scalar|
|localC_245            |   in|   32|     ap_none|                                    localC_245|        scalar|
|localC_244            |   in|   32|     ap_none|                                    localC_244|        scalar|
|localC_243            |   in|   32|     ap_none|                                    localC_243|        scalar|
|localC_242            |   in|   32|     ap_none|                                    localC_242|        scalar|
|localC_241            |   in|   32|     ap_none|                                    localC_241|        scalar|
|localC_240            |   in|   32|     ap_none|                                    localC_240|        scalar|
|localC_239            |   in|   32|     ap_none|                                    localC_239|        scalar|
|localC_238            |   in|   32|     ap_none|                                    localC_238|        scalar|
|localC_237            |   in|   32|     ap_none|                                    localC_237|        scalar|
|localC_236            |   in|   32|     ap_none|                                    localC_236|        scalar|
|localC_235            |   in|   32|     ap_none|                                    localC_235|        scalar|
|localC_234            |   in|   32|     ap_none|                                    localC_234|        scalar|
|localC_233            |   in|   32|     ap_none|                                    localC_233|        scalar|
|localC_232            |   in|   32|     ap_none|                                    localC_232|        scalar|
|localC_231            |   in|   32|     ap_none|                                    localC_231|        scalar|
|localC_230            |   in|   32|     ap_none|                                    localC_230|        scalar|
|localC_229            |   in|   32|     ap_none|                                    localC_229|        scalar|
|localC_228            |   in|   32|     ap_none|                                    localC_228|        scalar|
|localC_227            |   in|   32|     ap_none|                                    localC_227|        scalar|
|localC_226            |   in|   32|     ap_none|                                    localC_226|        scalar|
|localC_225            |   in|   32|     ap_none|                                    localC_225|        scalar|
|localC_224            |   in|   32|     ap_none|                                    localC_224|        scalar|
|localC_223            |   in|   32|     ap_none|                                    localC_223|        scalar|
|localC_222            |   in|   32|     ap_none|                                    localC_222|        scalar|
|localC_221            |   in|   32|     ap_none|                                    localC_221|        scalar|
|localC_220            |   in|   32|     ap_none|                                    localC_220|        scalar|
|localC_219            |   in|   32|     ap_none|                                    localC_219|        scalar|
|localC_218            |   in|   32|     ap_none|                                    localC_218|        scalar|
|localC_217            |   in|   32|     ap_none|                                    localC_217|        scalar|
|localC_216            |   in|   32|     ap_none|                                    localC_216|        scalar|
|localC_215            |   in|   32|     ap_none|                                    localC_215|        scalar|
|localC_214            |   in|   32|     ap_none|                                    localC_214|        scalar|
|localC_213            |   in|   32|     ap_none|                                    localC_213|        scalar|
|localC_212            |   in|   32|     ap_none|                                    localC_212|        scalar|
|localC_211            |   in|   32|     ap_none|                                    localC_211|        scalar|
|localC_210            |   in|   32|     ap_none|                                    localC_210|        scalar|
|localC_209            |   in|   32|     ap_none|                                    localC_209|        scalar|
|localC_208            |   in|   32|     ap_none|                                    localC_208|        scalar|
|localC_207            |   in|   32|     ap_none|                                    localC_207|        scalar|
|localC_206            |   in|   32|     ap_none|                                    localC_206|        scalar|
|localC_205            |   in|   32|     ap_none|                                    localC_205|        scalar|
|localC_204            |   in|   32|     ap_none|                                    localC_204|        scalar|
|localC_203            |   in|   32|     ap_none|                                    localC_203|        scalar|
|localC_202            |   in|   32|     ap_none|                                    localC_202|        scalar|
|localC_201            |   in|   32|     ap_none|                                    localC_201|        scalar|
|localC_200            |   in|   32|     ap_none|                                    localC_200|        scalar|
|localC_199            |   in|   32|     ap_none|                                    localC_199|        scalar|
|localC_198            |   in|   32|     ap_none|                                    localC_198|        scalar|
|localC_197            |   in|   32|     ap_none|                                    localC_197|        scalar|
|localC_196            |   in|   32|     ap_none|                                    localC_196|        scalar|
|localC_195            |   in|   32|     ap_none|                                    localC_195|        scalar|
|localC_194            |   in|   32|     ap_none|                                    localC_194|        scalar|
|localC_193            |   in|   32|     ap_none|                                    localC_193|        scalar|
|localC_192            |   in|   32|     ap_none|                                    localC_192|        scalar|
|localC_191            |   in|   32|     ap_none|                                    localC_191|        scalar|
|localC_190            |   in|   32|     ap_none|                                    localC_190|        scalar|
|localC_189            |   in|   32|     ap_none|                                    localC_189|        scalar|
|localC_188            |   in|   32|     ap_none|                                    localC_188|        scalar|
|localC_187            |   in|   32|     ap_none|                                    localC_187|        scalar|
|localC_186            |   in|   32|     ap_none|                                    localC_186|        scalar|
|localC_185            |   in|   32|     ap_none|                                    localC_185|        scalar|
|localC_184            |   in|   32|     ap_none|                                    localC_184|        scalar|
|localC_183            |   in|   32|     ap_none|                                    localC_183|        scalar|
|localC_182            |   in|   32|     ap_none|                                    localC_182|        scalar|
|localC_181            |   in|   32|     ap_none|                                    localC_181|        scalar|
|localC_180            |   in|   32|     ap_none|                                    localC_180|        scalar|
|localC_179            |   in|   32|     ap_none|                                    localC_179|        scalar|
|localC_178            |   in|   32|     ap_none|                                    localC_178|        scalar|
|localC_177            |   in|   32|     ap_none|                                    localC_177|        scalar|
|localC_176            |   in|   32|     ap_none|                                    localC_176|        scalar|
|localC_175            |   in|   32|     ap_none|                                    localC_175|        scalar|
|localC_174            |   in|   32|     ap_none|                                    localC_174|        scalar|
|localC_173            |   in|   32|     ap_none|                                    localC_173|        scalar|
|localC_172            |   in|   32|     ap_none|                                    localC_172|        scalar|
|localC_171            |   in|   32|     ap_none|                                    localC_171|        scalar|
|localC_170            |   in|   32|     ap_none|                                    localC_170|        scalar|
|localC_169            |   in|   32|     ap_none|                                    localC_169|        scalar|
|localC_168            |   in|   32|     ap_none|                                    localC_168|        scalar|
|localC_167            |   in|   32|     ap_none|                                    localC_167|        scalar|
|localC_166            |   in|   32|     ap_none|                                    localC_166|        scalar|
|localC_165            |   in|   32|     ap_none|                                    localC_165|        scalar|
|localC_164            |   in|   32|     ap_none|                                    localC_164|        scalar|
|localC_163            |   in|   32|     ap_none|                                    localC_163|        scalar|
|localC_162            |   in|   32|     ap_none|                                    localC_162|        scalar|
|localC_161            |   in|   32|     ap_none|                                    localC_161|        scalar|
|localC_160            |   in|   32|     ap_none|                                    localC_160|        scalar|
|localC_159            |   in|   32|     ap_none|                                    localC_159|        scalar|
|localC_158            |   in|   32|     ap_none|                                    localC_158|        scalar|
|localC_157            |   in|   32|     ap_none|                                    localC_157|        scalar|
|localC_156            |   in|   32|     ap_none|                                    localC_156|        scalar|
|localC_155            |   in|   32|     ap_none|                                    localC_155|        scalar|
|localC_154            |   in|   32|     ap_none|                                    localC_154|        scalar|
|localC_153            |   in|   32|     ap_none|                                    localC_153|        scalar|
|localC_152            |   in|   32|     ap_none|                                    localC_152|        scalar|
|localC_151            |   in|   32|     ap_none|                                    localC_151|        scalar|
|localC_150            |   in|   32|     ap_none|                                    localC_150|        scalar|
|localC_149            |   in|   32|     ap_none|                                    localC_149|        scalar|
|localC_148            |   in|   32|     ap_none|                                    localC_148|        scalar|
|localC_147            |   in|   32|     ap_none|                                    localC_147|        scalar|
|localC_146            |   in|   32|     ap_none|                                    localC_146|        scalar|
|localC_145            |   in|   32|     ap_none|                                    localC_145|        scalar|
|localC_144            |   in|   32|     ap_none|                                    localC_144|        scalar|
|localC_143            |   in|   32|     ap_none|                                    localC_143|        scalar|
|localC_142            |   in|   32|     ap_none|                                    localC_142|        scalar|
|localC_141            |   in|   32|     ap_none|                                    localC_141|        scalar|
|localC_140            |   in|   32|     ap_none|                                    localC_140|        scalar|
|localC_139            |   in|   32|     ap_none|                                    localC_139|        scalar|
|localC_138            |   in|   32|     ap_none|                                    localC_138|        scalar|
|localC_137            |   in|   32|     ap_none|                                    localC_137|        scalar|
|localC_136            |   in|   32|     ap_none|                                    localC_136|        scalar|
|localC_135            |   in|   32|     ap_none|                                    localC_135|        scalar|
|localC_134            |   in|   32|     ap_none|                                    localC_134|        scalar|
|localC_133            |   in|   32|     ap_none|                                    localC_133|        scalar|
|localC_132            |   in|   32|     ap_none|                                    localC_132|        scalar|
|localC_131            |   in|   32|     ap_none|                                    localC_131|        scalar|
|localC_130            |   in|   32|     ap_none|                                    localC_130|        scalar|
|localC_129            |   in|   32|     ap_none|                                    localC_129|        scalar|
|localC_128            |   in|   32|     ap_none|                                    localC_128|        scalar|
|localC_127            |   in|   32|     ap_none|                                    localC_127|        scalar|
|localC_126            |   in|   32|     ap_none|                                    localC_126|        scalar|
|localC_125            |   in|   32|     ap_none|                                    localC_125|        scalar|
|localC_124            |   in|   32|     ap_none|                                    localC_124|        scalar|
|localC_123            |   in|   32|     ap_none|                                    localC_123|        scalar|
|localC_122            |   in|   32|     ap_none|                                    localC_122|        scalar|
|localC_121            |   in|   32|     ap_none|                                    localC_121|        scalar|
|localC_120            |   in|   32|     ap_none|                                    localC_120|        scalar|
|localC_119            |   in|   32|     ap_none|                                    localC_119|        scalar|
|localC_118            |   in|   32|     ap_none|                                    localC_118|        scalar|
|localC_117            |   in|   32|     ap_none|                                    localC_117|        scalar|
|localC_116            |   in|   32|     ap_none|                                    localC_116|        scalar|
|localC_115            |   in|   32|     ap_none|                                    localC_115|        scalar|
|localC_114            |   in|   32|     ap_none|                                    localC_114|        scalar|
|localC_113            |   in|   32|     ap_none|                                    localC_113|        scalar|
|localC_112            |   in|   32|     ap_none|                                    localC_112|        scalar|
|localC_111            |   in|   32|     ap_none|                                    localC_111|        scalar|
|localC_110            |   in|   32|     ap_none|                                    localC_110|        scalar|
|localC_109            |   in|   32|     ap_none|                                    localC_109|        scalar|
|localC_108            |   in|   32|     ap_none|                                    localC_108|        scalar|
|localC_107            |   in|   32|     ap_none|                                    localC_107|        scalar|
|localC_106            |   in|   32|     ap_none|                                    localC_106|        scalar|
|localC_105            |   in|   32|     ap_none|                                    localC_105|        scalar|
|localC_104            |   in|   32|     ap_none|                                    localC_104|        scalar|
|localC_103            |   in|   32|     ap_none|                                    localC_103|        scalar|
|localC_102            |   in|   32|     ap_none|                                    localC_102|        scalar|
|localC_101            |   in|   32|     ap_none|                                    localC_101|        scalar|
|localC_100            |   in|   32|     ap_none|                                    localC_100|        scalar|
|localC_99             |   in|   32|     ap_none|                                     localC_99|        scalar|
|localC_98             |   in|   32|     ap_none|                                     localC_98|        scalar|
|localC_97             |   in|   32|     ap_none|                                     localC_97|        scalar|
|localC_96             |   in|   32|     ap_none|                                     localC_96|        scalar|
|localC_95             |   in|   32|     ap_none|                                     localC_95|        scalar|
|localC_94             |   in|   32|     ap_none|                                     localC_94|        scalar|
|localC_93             |   in|   32|     ap_none|                                     localC_93|        scalar|
|localC_92             |   in|   32|     ap_none|                                     localC_92|        scalar|
|localC_91             |   in|   32|     ap_none|                                     localC_91|        scalar|
|localC_90             |   in|   32|     ap_none|                                     localC_90|        scalar|
|localC_89             |   in|   32|     ap_none|                                     localC_89|        scalar|
|localC_88             |   in|   32|     ap_none|                                     localC_88|        scalar|
|localC_87             |   in|   32|     ap_none|                                     localC_87|        scalar|
|localC_86             |   in|   32|     ap_none|                                     localC_86|        scalar|
|localC_85             |   in|   32|     ap_none|                                     localC_85|        scalar|
|localC_84             |   in|   32|     ap_none|                                     localC_84|        scalar|
|localC_83             |   in|   32|     ap_none|                                     localC_83|        scalar|
|localC_82             |   in|   32|     ap_none|                                     localC_82|        scalar|
|localC_81             |   in|   32|     ap_none|                                     localC_81|        scalar|
|localC_80             |   in|   32|     ap_none|                                     localC_80|        scalar|
|localC_79             |   in|   32|     ap_none|                                     localC_79|        scalar|
|localC_78             |   in|   32|     ap_none|                                     localC_78|        scalar|
|localC_77             |   in|   32|     ap_none|                                     localC_77|        scalar|
|localC_76             |   in|   32|     ap_none|                                     localC_76|        scalar|
|localC_75             |   in|   32|     ap_none|                                     localC_75|        scalar|
|localC_74             |   in|   32|     ap_none|                                     localC_74|        scalar|
|localC_73             |   in|   32|     ap_none|                                     localC_73|        scalar|
|localC_72             |   in|   32|     ap_none|                                     localC_72|        scalar|
|localC_71             |   in|   32|     ap_none|                                     localC_71|        scalar|
|localC_70             |   in|   32|     ap_none|                                     localC_70|        scalar|
|localC_69             |   in|   32|     ap_none|                                     localC_69|        scalar|
|localC_68             |   in|   32|     ap_none|                                     localC_68|        scalar|
|localC_67             |   in|   32|     ap_none|                                     localC_67|        scalar|
|localC_66             |   in|   32|     ap_none|                                     localC_66|        scalar|
|localC_65             |   in|   32|     ap_none|                                     localC_65|        scalar|
|localC_64             |   in|   32|     ap_none|                                     localC_64|        scalar|
|localC_63             |   in|   32|     ap_none|                                     localC_63|        scalar|
|localC_62             |   in|   32|     ap_none|                                     localC_62|        scalar|
|localC_61             |   in|   32|     ap_none|                                     localC_61|        scalar|
|localC_60             |   in|   32|     ap_none|                                     localC_60|        scalar|
|localC_59             |   in|   32|     ap_none|                                     localC_59|        scalar|
|localC_58             |   in|   32|     ap_none|                                     localC_58|        scalar|
|localC_57             |   in|   32|     ap_none|                                     localC_57|        scalar|
|localC_56             |   in|   32|     ap_none|                                     localC_56|        scalar|
|localC_55             |   in|   32|     ap_none|                                     localC_55|        scalar|
|localC_54             |   in|   32|     ap_none|                                     localC_54|        scalar|
|localC_53             |   in|   32|     ap_none|                                     localC_53|        scalar|
|localC_52             |   in|   32|     ap_none|                                     localC_52|        scalar|
|localC_51             |   in|   32|     ap_none|                                     localC_51|        scalar|
|localC_50             |   in|   32|     ap_none|                                     localC_50|        scalar|
|localC_49             |   in|   32|     ap_none|                                     localC_49|        scalar|
|localC_48             |   in|   32|     ap_none|                                     localC_48|        scalar|
|localC_47             |   in|   32|     ap_none|                                     localC_47|        scalar|
|localC_46             |   in|   32|     ap_none|                                     localC_46|        scalar|
|localC_45             |   in|   32|     ap_none|                                     localC_45|        scalar|
|localC_44             |   in|   32|     ap_none|                                     localC_44|        scalar|
|localC_43             |   in|   32|     ap_none|                                     localC_43|        scalar|
|localC_42             |   in|   32|     ap_none|                                     localC_42|        scalar|
|localC_41             |   in|   32|     ap_none|                                     localC_41|        scalar|
|localC_40             |   in|   32|     ap_none|                                     localC_40|        scalar|
|localC_39             |   in|   32|     ap_none|                                     localC_39|        scalar|
|localC_38             |   in|   32|     ap_none|                                     localC_38|        scalar|
|localC_37             |   in|   32|     ap_none|                                     localC_37|        scalar|
|localC_36             |   in|   32|     ap_none|                                     localC_36|        scalar|
|localC_35             |   in|   32|     ap_none|                                     localC_35|        scalar|
|localC_34             |   in|   32|     ap_none|                                     localC_34|        scalar|
|localC_33             |   in|   32|     ap_none|                                     localC_33|        scalar|
|localC_32             |   in|   32|     ap_none|                                     localC_32|        scalar|
|localC_31             |   in|   32|     ap_none|                                     localC_31|        scalar|
|localC_30             |   in|   32|     ap_none|                                     localC_30|        scalar|
|localC_29             |   in|   32|     ap_none|                                     localC_29|        scalar|
|localC_28             |   in|   32|     ap_none|                                     localC_28|        scalar|
|localC_27             |   in|   32|     ap_none|                                     localC_27|        scalar|
|localC_26             |   in|   32|     ap_none|                                     localC_26|        scalar|
|localC_25             |   in|   32|     ap_none|                                     localC_25|        scalar|
|localC_24             |   in|   32|     ap_none|                                     localC_24|        scalar|
|localC_23             |   in|   32|     ap_none|                                     localC_23|        scalar|
|localC_22             |   in|   32|     ap_none|                                     localC_22|        scalar|
|localC_21             |   in|   32|     ap_none|                                     localC_21|        scalar|
|localC_20             |   in|   32|     ap_none|                                     localC_20|        scalar|
|localC_19             |   in|   32|     ap_none|                                     localC_19|        scalar|
|localC_18             |   in|   32|     ap_none|                                     localC_18|        scalar|
|localC_17             |   in|   32|     ap_none|                                     localC_17|        scalar|
|localC_16             |   in|   32|     ap_none|                                     localC_16|        scalar|
|localC_15             |   in|   32|     ap_none|                                     localC_15|        scalar|
|localC_14             |   in|   32|     ap_none|                                     localC_14|        scalar|
|localC_13             |   in|   32|     ap_none|                                     localC_13|        scalar|
|localC_12             |   in|   32|     ap_none|                                     localC_12|        scalar|
|localC_11             |   in|   32|     ap_none|                                     localC_11|        scalar|
|localC_10             |   in|   32|     ap_none|                                     localC_10|        scalar|
|localC_9              |   in|   32|     ap_none|                                      localC_9|        scalar|
|localC_8              |   in|   32|     ap_none|                                      localC_8|        scalar|
|localC_7              |   in|   32|     ap_none|                                      localC_7|        scalar|
|localC_6              |   in|   32|     ap_none|                                      localC_6|        scalar|
|localC_5              |   in|   32|     ap_none|                                      localC_5|        scalar|
|localC_4              |   in|   32|     ap_none|                                      localC_4|        scalar|
|localC_3              |   in|   32|     ap_none|                                      localC_3|        scalar|
|localC_2              |   in|   32|     ap_none|                                      localC_2|        scalar|
|localC_1              |   in|   32|     ap_none|                                      localC_1|        scalar|
|localC                |   in|   32|     ap_none|                                        localC|        scalar|
|C                     |   in|   64|     ap_none|                                             C|        scalar|
+----------------------+-----+-----+------------+----------------------------------------------+--------------+

