INFO-FLOW: Workspace E:/CENTOS7/shared/tiled_matmul_accelerator/mmult_accel_hls/solution1 opened at Thu Jul 23 14:34:19 +0700 2026
Execute     ap_set_clock -name default -period 10 -default=false 
INFO: [SYN 201-201] Setting up clock 'default' with a period of 10ns.
Execute     set_part xck26-sfvc784-2LV-c 
Execute       create_platform xck26-sfvc784-2LV-c -board  
DBG:HLSDevice: Trying to load device library: E:/VIVADO/Vitis_HLS/2022.2\lib\win64.o\xv_hlsvwrap.dll
DBG:HLSDevice: first parts/arch.xml in RDI_DATADIR: E:/VIVADO/Vivado/2022.2/data/parts/arch.xml
DBG:HLSDevice: init success
INFO: [HLS 200-1611] Setting target device to 'xck26-sfvc784-2LV-c'
Command       create_platform done; 0.633 sec.
Execute       source E:/VIVADO/Vitis_HLS/2022.2/common/technology/xilinx/common/xilinx.gen 
Execute         source E:/VIVADO/Vitis_HLS/2022.2/common/technology/xilinx/interface/plb46.gen 
Execute         source E:/VIVADO/Vitis_HLS/2022.2/common/technology/xilinx/interface/axi4.gen 
Execute         source E:/VIVADO/Vitis_HLS/2022.2/common/technology/xilinx/interface/nativeAXI4.gen 
Execute           source E:/VIVADO/Vitis_HLS/2022.2/common/technology/xilinx/interface/saxilite.gen 
Execute         source E:/VIVADO/Vitis_HLS/2022.2/common/technology/xilinx/scripts/xilinxcoregen.gen 
Execute         source E:/VIVADO/Vitis_HLS/2022.2/common/technology/xilinx/interface/XilEDKCoreGen.gen 
Execute         source E:/VIVADO/Vitis_HLS/2022.2/common/technology/xilinx/ip/dds_compiler.gen 
Execute         source E:/VIVADO/Vitis_HLS/2022.2/common/technology/xilinx/ip/util.gen 
Execute         source E:/VIVADO/Vitis_HLS/2022.2/common/technology/xilinx/ip/xfft.gen 
Execute         source E:/VIVADO/Vitis_HLS/2022.2/common/technology/xilinx/ip/xfir.gen 
Execute         source E:/VIVADO/Vitis_HLS/2022.2/common/technology/xilinx/DSP48/dsp48.gen 
Command       ap_source done; 0.11 sec.
Execute       ap_part_info -name xck26-sfvc784-2LV-c -data info 
Execute       config_compile -quiet -complex-mul-dsp=0 
Command     set_part done; 0.777 sec.
Execute     send_msg_by_id INFO @200-1505@%s%s  vivado 
INFO: [HLS 200-1505] Using flow_target 'vivado'
Command   open_solution done; 0.951 sec.
Execute   set_part xck26-sfvc784-2LV-c 
INFO: [HLS 200-1510] Running: set_part xck26-sfvc784-2LV-c 
Execute     create_platform xck26-sfvc784-2LV-c -board  
Execute     source E:/VIVADO/Vitis_HLS/2022.2/common/technology/xilinx/common/xilinx.gen 
Execute       source E:/VIVADO/Vitis_HLS/2022.2/common/technology/xilinx/interface/plb46.gen 
Execute       source E:/VIVADO/Vitis_HLS/2022.2/common/technology/xilinx/interface/axi4.gen 
Execute       source E:/VIVADO/Vitis_HLS/2022.2/common/technology/xilinx/interface/nativeAXI4.gen 
Execute         source E:/VIVADO/Vitis_HLS/2022.2/common/technology/xilinx/interface/saxilite.gen 
Execute       source E:/VIVADO/Vitis_HLS/2022.2/common/technology/xilinx/scripts/xilinxcoregen.gen 
Execute       source E:/VIVADO/Vitis_HLS/2022.2/common/technology/xilinx/interface/XilEDKCoreGen.gen 
Execute       source E:/VIVADO/Vitis_HLS/2022.2/common/technology/xilinx/ip/dds_compiler.gen 
Execute       source E:/VIVADO/Vitis_HLS/2022.2/common/technology/xilinx/ip/util.gen 
Execute       source E:/VIVADO/Vitis_HLS/2022.2/common/technology/xilinx/ip/xfft.gen 
Execute       source E:/VIVADO/Vitis_HLS/2022.2/common/technology/xilinx/ip/xfir.gen 
Execute       source E:/VIVADO/Vitis_HLS/2022.2/common/technology/xilinx/DSP48/dsp48.gen 
Execute     ap_part_info -name xck26-sfvc784-2LV-c -data info 
Execute     config_compile -quiet -complex-mul-dsp=0 
Command   set_part done; 0.143 sec.
Execute   create_clock -period 10 -name default 
INFO: [HLS 200-1510] Running: create_clock -period 10 -name default 
Execute   csynth_design 
INFO: [HLS 200-1510] Running: csynth_design 
Execute     elaborate -effort=medium -skip_syncheck=0 -keep_printf=0 -skip_cdt=0 -skip_transform=0 -ng=0 -g=0 -opt_fp=0 -from_csynth_design=1 
INFO: [HLS 200-111] Finished File checks and directory preparation: CPU user time: 0 seconds. CPU system time: 0 seconds. Elapsed time: 10.09 seconds; current allocated memory: 106.066 MB.
INFO: [HLS 200-10] Analyzing design file 'mmult_accel.cpp' ... 
INFO-FLOW: Compiling one TU...
INFO-FLOW: Handling mmult_accel.cpp as C++
Execute       ap_part_info -name xck26-sfvc784-2LV-c -data info 
INFO-FLOW: Running: GCC PP 39
INFO-FLOW: Source preprocessing
Execute       ap_eval exec -ignorestderr E:/VIVADO/Vitis_HLS/2022.2/win64/tools/clang-3.9-csynth/bin/clang mmult_accel.cpp -foptimization-record-file=E:/CENTOS7/shared/tiled_matmul_accelerator/mmult_accel_hls/solution1/.autopilot/db/mmult_accel.cpp.clang.diag.yml -mllvm -pass-remarks-missed=reflow|pasta|unroll -mllvm -pass-remarks=reflow|pasta|unroll|inline -fno-limit-debug-info --sysroot E:/VIVADO/Vitis_HLS/2022.2/tps/mingw/8.3.0/win64.o/nt -fhls -fno-exceptions -E -fno-math-errno -c -emit-llvm -mllvm -disable-llvm-optzns -Werror=implicit-function-declaration -Werror=implicit-hls-streams -Werror=return-type -Wpragmas -Wunused-parameter -Wdump-hls-pragmas -Wno-error=dump-hls-pragmas -fno-threadsafe-statics -fno-use-cxa-atexit -std=gnu++14 -target fpga64-xilinx-mingw32 -fno-threadsafe-statics -fno-use-cxa-atexit -D__VITIS_HLS__ -DAESL_SYN -D__SYNTHESIS__ -D__HLS_SYN__ -I E:/VIVADO/Vitis_HLS/2022.2/common/technology/autopilot -I E:/VIVADO/Vitis_HLS/2022.2/common/technology/autopilot/ap_sysc -include etc/autopilot_ssdm_op.h -D__DSP48E2__ -I /usr/include/x86_64-linux-gnu -o E:/CENTOS7/shared/tiled_matmul_accelerator/mmult_accel_hls/solution1/.autopilot/db/mmult_accel.pp.0.cpp {-hls-platform-db-name=E:/VIVADO/Vitis_HLS/2022.2/common/technology\xilinx/common/platform.db} -hls-platform-name=zynquplus_medium -device-resource-info=BRAM_288.000000_DSP_1248.000000_FF_234240.000000_LUT_117120.000000_SLICE_14640.000000_URAM_64.000000 -device-name-info=xck26-sfvc784-2LV-c > E:/CENTOS7/shared/tiled_matmul_accelerator/mmult_accel_hls/solution1/.autopilot/db/mmult_accel.cpp.clang.out.log 2> E:/CENTOS7/shared/tiled_matmul_accelerator/mmult_accel_hls/solution1/.autopilot/db/mmult_accel.cpp.clang.err.log 
Command       ap_eval done; 0.766 sec.
INFO-FLOW: Done: GCC PP 39 time: 0.8 seconds per iteration
Execute       set_directive_top mmult_accel -name=mmult_accel 
Execute       source E:/VIVADO/Vitis_HLS/2022.2/tps/tcl/tcllib1.11.1/yaml/huddle.tcl 
Execute       source E:/VIVADO/Vitis_HLS/2022.2/tps/tcl/tcllib1.11.1/yaml/json2huddle.tcl 
INFO-FLOW: Source syntax check for synthesis
Execute       ap_eval exec -ignorestderr E:/VIVADO/Vitis_HLS/2022.2/win64/tools/clang-3.9-csynth/bin/clang -foptimization-record-file=E:/CENTOS7/shared/tiled_matmul_accelerator/mmult_accel_hls/solution1/.autopilot/db/clang.diag.yml -mllvm -pass-remarks-missed=reflow|pasta|unroll -mllvm -pass-remarks=reflow|pasta|unroll|inline -fsyntax-only -fhls -target fpga64-xilinx-linux-gnu E:/CENTOS7/shared/tiled_matmul_accelerator/mmult_accel_hls/solution1/.autopilot/db/mmult_accel.pp.0.cpp {-hls-platform-db-name=E:/VIVADO/Vitis_HLS/2022.2/common/technology\xilinx/common/platform.db} -hls-platform-name=zynquplus_medium -device-resource-info=BRAM_288.000000_DSP_1248.000000_FF_234240.000000_LUT_117120.000000_SLICE_14640.000000_URAM_64.000000 -device-name-info=xck26-sfvc784-2LV-c > E:/CENTOS7/shared/tiled_matmul_accelerator/mmult_accel_hls/solution1/.autopilot/db/clang.out.log 2> E:/CENTOS7/shared/tiled_matmul_accelerator/mmult_accel_hls/solution1/.autopilot/db/clang.err.log 
Command       ap_eval done; 0.567 sec.
Execute       clang_tidy xilinx-systemc-detector -desc systemc-detector E:/CENTOS7/shared/tiled_matmul_accelerator/mmult_accel_hls/solution1/.autopilot/db/mmult_accel.pp.0.cpp std=gnu++14 -target fpga  -directive=E:/CENTOS7/shared/tiled_matmul_accelerator/mmult_accel_hls/solution1/.autopilot/db/.systemc_flag 
INFO-FLOW: exec E:/VIVADO/Vitis_HLS/2022.2/win64/tools/clang-3.9-csynth/bin/clang-tidy -header-filter=.* --checks=-*,xilinx-systemc-detector -import-directive=E:/CENTOS7/shared/tiled_matmul_accelerator/mmult_accel_hls/solution1/.autopilot/db/.systemc_flag -fix-errors E:/CENTOS7/shared/tiled_matmul_accelerator/mmult_accel_hls/solution1/.autopilot/db/mmult_accel.pp.0.cpp -- -std=gnu++14 -target fpga -fhls -ferror-limit=0
Command       clang_tidy done; 0.665 sec.
INFO-FLOW: Running: clang-tidy CDT preprocess 39
Execute       clang_tidy xilinx-directive2pragma -desc directive2pragma E:/CENTOS7/shared/tiled_matmul_accelerator/mmult_accel_hls/solution1/.autopilot/db/mmult_accel.pp.0.cpp std=gnu++14 -target fpga  -directive=E:/CENTOS7/shared/tiled_matmul_accelerator/mmult_accel_hls/solution1/.autopilot/db/all.directive.json 
INFO-FLOW: exec E:/VIVADO/Vitis_HLS/2022.2/win64/tools/clang-3.9-csynth/bin/clang-tidy -header-filter=.* --checks=-*,xilinx-directive2pragma -import-directive=E:/CENTOS7/shared/tiled_matmul_accelerator/mmult_accel_hls/solution1/.autopilot/db/all.directive.json -fix-errors E:/CENTOS7/shared/tiled_matmul_accelerator/mmult_accel_hls/solution1/.autopilot/db/mmult_accel.pp.0.cpp -- -std=gnu++14 -target fpga -fhls -ferror-limit=0
Command       clang_tidy done; 0.683 sec.
Execute       clang_tidy xilinx-remove-assert -desc remove-assert E:/CENTOS7/shared/tiled_matmul_accelerator/mmult_accel_hls/solution1/.autopilot/db/mmult_accel.pp.0.cpp std=gnu++14 -target fpga  
INFO-FLOW: exec E:/VIVADO/Vitis_HLS/2022.2/win64/tools/clang-3.9-csynth/bin/clang-tidy -header-filter=.* --checks=-*,xilinx-remove-assert -fix-errors E:/CENTOS7/shared/tiled_matmul_accelerator/mmult_accel_hls/solution1/.autopilot/db/mmult_accel.pp.0.cpp -- -std=gnu++14 -target fpga -fhls -ferror-limit=0
Command       clang_tidy done; 0.407 sec.
INFO-FLOW: Done: clang-tidy CDT preprocess 39 time: 1.1 seconds per iteration
INFO-FLOW: Calling xilinx-label-all-loops ... 
INFO-FLOW: Calling xilinx-aggregate-on-hls-vector ... 
Execute       clang_tidy -errorcheck -desc loop-label xilinx-label-all-loops,xilinx-aggregate-on-hls-vector,,xilinx-warn-mayneed-no-ctor-attribute E:/CENTOS7/shared/tiled_matmul_accelerator/mmult_accel_hls/solution1/.autopilot/db/mmult_accel.pp.0.cpp std=gnu++14 -target fpga  
Execute         ap_eval exec -ignorestderr E:/VIVADO/Vitis_HLS/2022.2/win64/tools/clang-3.9-csynth/bin/clang-tidy -export-fixes=E:/CENTOS7/shared/tiled_matmul_accelerator/mmult_accel_hls/solution1/.autopilot/db/mmult_accel.pp.0.cpp.clang-tidy.loop-label.diag.yml -header-filter=.* --checks=-*,xilinx-label-all-loops,xilinx-aggregate-on-hls-vector,,xilinx-warn-mayneed-no-ctor-attribute -fix-errors E:/CENTOS7/shared/tiled_matmul_accelerator/mmult_accel_hls/solution1/.autopilot/db/mmult_accel.pp.0.cpp -- -std=gnu++14 -target fpga -fhls -ferror-limit=0 > E:/CENTOS7/shared/tiled_matmul_accelerator/mmult_accel_hls/solution1/.autopilot/db/mmult_accel.pp.0.cpp.clang-tidy.loop-label.out.log 2> E:/CENTOS7/shared/tiled_matmul_accelerator/mmult_accel_hls/solution1/.autopilot/db/mmult_accel.pp.0.cpp.clang-tidy.loop-label.err.log 
Command         ap_eval done; 0.997 sec.
Execute         source E:/VIVADO/Vitis_HLS/2022.2/tps/tcl/tcllib1.11.1/yaml/yaml.tcl 
Command       clang_tidy done; 1.14 sec.
Execute       ap_eval exec -ignorestderr E:/VIVADO/Vitis_HLS/2022.2/win64/tools/clang-3.9-csynth/bin/xilinx-dataflow-lawyer -export-fixes=E:/CENTOS7/shared/tiled_matmul_accelerator/mmult_accel_hls/solution1/.autopilot/db/mmult_accel.pp.0.cpp.xilinx-dataflow-lawyer.diag.yml E:/CENTOS7/shared/tiled_matmul_accelerator/mmult_accel_hls/solution1/.autopilot/db/mmult_accel.pp.0.cpp -- -std=gnu++14 -target fpga -fhls -ferror-limit=0 -fstrict-dataflow > E:/CENTOS7/shared/tiled_matmul_accelerator/mmult_accel_hls/solution1/.autopilot/db/mmult_accel.pp.0.cpp.xilinx-dataflow-lawyer.out.log 2> E:/CENTOS7/shared/tiled_matmul_accelerator/mmult_accel_hls/solution1/.autopilot/db/mmult_accel.pp.0.cpp.xilinx-dataflow-lawyer.err.log 
Command       ap_eval done; 0.544 sec.
Execute       ap_part_info -name xck26-sfvc784-2LV-c -data info 
INFO-FLOW: compiling source code to llvm bc
Execute       ap_eval exec -ignorestderr E:/VIVADO/Vitis_HLS/2022.2/win64/tools/clang-3.9-csynth/bin/clang -foptimization-record-file=E:/CENTOS7/shared/tiled_matmul_accelerator/mmult_accel_hls/solution1/.autopilot/db/mmult_accel.pp.0.cpp.clang.diag.yml -mllvm -pass-remarks-missed=reflow|pasta|unroll -mllvm -pass-remarks=reflow|pasta|unroll|inline -fno-limit-debug-info -fhls -flto -fno-exceptions -Wno-error=c++11-narrowing E:/CENTOS7/shared/tiled_matmul_accelerator/mmult_accel_hls/solution1/.autopilot/db/mmult_accel.pp.0.cpp -fno-math-errno -c -emit-llvm -mllvm -disable-llvm-optzns -Werror=implicit-function-declaration -Werror=implicit-hls-streams -Werror=return-type -Wpragmas -Wunused-parameter -Wdump-hls-pragmas -Wno-error=dump-hls-pragmas -fno-threadsafe-statics -fno-use-cxa-atexit -std=gnu++14 -target fpga64-xilinx-linux-gnu -D__VITIS_HLS__ -DAESL_SYN -D__SYNTHESIS__ -D__HLS_SYN__ -I E:/VIVADO/Vitis_HLS/2022.2/common/technology/autopilot -I E:/VIVADO/Vitis_HLS/2022.2/common/technology/autopilot/ap_sysc -include etc/autopilot_ssdm_op.h -D__DSP48E2__ -g -o E:/CENTOS7/shared/tiled_matmul_accelerator/mmult_accel_hls/solution1/.autopilot/db/mmult_accel.bc {-hls-platform-db-name=E:/VIVADO/Vitis_HLS/2022.2/common/technology\xilinx/common/platform.db} -hls-platform-name=zynquplus_medium -device-resource-info=BRAM_288.000000_DSP_1248.000000_FF_234240.000000_LUT_117120.000000_SLICE_14640.000000_URAM_64.000000 -device-name-info=xck26-sfvc784-2LV-c > E:/CENTOS7/shared/tiled_matmul_accelerator/mmult_accel_hls/solution1/.autopilot/db/mmult_accel.pp.0.cpp.clang.out.log 2> E:/CENTOS7/shared/tiled_matmul_accelerator/mmult_accel_hls/solution1/.autopilot/db/mmult_accel.pp.0.cpp.clang.err.log 
Command       ap_eval done; 0.573 sec.
INFO: [HLS 200-111] Finished Source Code Analysis and Preprocessing: CPU user time: 0 seconds. CPU system time: 0 seconds. Elapsed time: 5.666 seconds; current allocated memory: 106.914 MB.
INFO-FLOW: Linking Debug ...
INFO-FLOW: Linking dut bc code.
Execute       run_link_or_opt -out E:/CENTOS7/shared/tiled_matmul_accelerator/mmult_accel_hls/solution1/.autopilot/db/a.g.ld.0.bc -args  "E:/CENTOS7/shared/tiled_matmul_accelerator/mmult_accel_hls/solution1/.autopilot/db/mmult_accel.g.bc"  
Execute         ap_eval exec -ignorestderr E:/VIVADO/Vitis_HLS/2022.2/win64/tools/clang-3.9-csynth/bin/llvm-link E:/CENTOS7/shared/tiled_matmul_accelerator/mmult_accel_hls/solution1/.autopilot/db/mmult_accel.g.bc -o E:/CENTOS7/shared/tiled_matmul_accelerator/mmult_accel_hls/solution1/.autopilot/db/a.g.ld.0.bc > E:/CENTOS7/shared/tiled_matmul_accelerator/mmult_accel_hls/solution1/.autopilot/db/a.g.ld.0.bc.llvm-link.out.log 2> E:/CENTOS7/shared/tiled_matmul_accelerator/mmult_accel_hls/solution1/.autopilot/db/a.g.ld.0.bc.llvm-link.err.log 
Command         ap_eval done; 0.147 sec.
INFO-FLOW: 
Command       run_link_or_opt done; 0.15 sec.
Execute       run_link_or_opt -opt -out E:/CENTOS7/shared/tiled_matmul_accelerator/mmult_accel_hls/solution1/.autopilot/db/a.g.ld.1.lower.bc -args E:/CENTOS7/shared/tiled_matmul_accelerator/mmult_accel_hls/solution1/.autopilot/db/a.g.ld.0.bc -reflow-lower-math-intrinsics 
Execute         ap_eval exec -ignorestderr E:/VIVADO/Vitis_HLS/2022.2/win64/tools/clang-3.9-csynth/bin/opt -pass-remarks-missed=reflow|pasta|unroll -pass-remarks=reflow|pasta|unroll|inline -pass-remarks-output=E:/CENTOS7/shared/tiled_matmul_accelerator/mmult_accel_hls/solution1/.autopilot/db/a.g.ld.1.lower.bc.opt.diag.yml E:/CENTOS7/shared/tiled_matmul_accelerator/mmult_accel_hls/solution1/.autopilot/db/a.g.ld.0.bc -reflow-lower-math-intrinsics -o E:/CENTOS7/shared/tiled_matmul_accelerator/mmult_accel_hls/solution1/.autopilot/db/a.g.ld.1.lower.bc > E:/CENTOS7/shared/tiled_matmul_accelerator/mmult_accel_hls/solution1/.autopilot/db/a.g.ld.1.lower.bc.opt.out.log 2> E:/CENTOS7/shared/tiled_matmul_accelerator/mmult_accel_hls/solution1/.autopilot/db/a.g.ld.1.lower.bc.opt.err.log 
Command         ap_eval done; 0.243 sec.
INFO-FLOW: 
Command       run_link_or_opt done; 0.246 sec.
INFO-FLOW: Linking math bc lib
Execute       run_link_or_opt -out E:/CENTOS7/shared/tiled_matmul_accelerator/mmult_accel_hls/solution1/.autopilot/db/a.g.ld.2.m1.bc -args E:/CENTOS7/shared/tiled_matmul_accelerator/mmult_accel_hls/solution1/.autopilot/db/a.g.ld.1.lower.bc -only-needed E:/VIVADO/Vitis_HLS/2022.2/win64/lib/libhlsm_39.bc E:/VIVADO/Vitis_HLS/2022.2/win64/lib/libhlsmc++_39.bc 
Execute         ap_eval exec -ignorestderr E:/VIVADO/Vitis_HLS/2022.2/win64/tools/clang-3.9-csynth/bin/llvm-link E:/CENTOS7/shared/tiled_matmul_accelerator/mmult_accel_hls/solution1/.autopilot/db/a.g.ld.1.lower.bc -only-needed E:/VIVADO/Vitis_HLS/2022.2/win64/lib/libhlsm_39.bc E:/VIVADO/Vitis_HLS/2022.2/win64/lib/libhlsmc++_39.bc -o E:/CENTOS7/shared/tiled_matmul_accelerator/mmult_accel_hls/solution1/.autopilot/db/a.g.ld.2.m1.bc > E:/CENTOS7/shared/tiled_matmul_accelerator/mmult_accel_hls/solution1/.autopilot/db/a.g.ld.2.m1.bc.llvm-link.out.log 2> E:/CENTOS7/shared/tiled_matmul_accelerator/mmult_accel_hls/solution1/.autopilot/db/a.g.ld.2.m1.bc.llvm-link.err.log 
Command         ap_eval done; 2.739 sec.
INFO-FLOW: 
Command       run_link_or_opt done; 2.742 sec.
Execute       run_link_or_opt -opt -out E:/CENTOS7/shared/tiled_matmul_accelerator/mmult_accel_hls/solution1/.autopilot/db/a.g.ld.3.fpc.bc -args E:/CENTOS7/shared/tiled_matmul_accelerator/mmult_accel_hls/solution1/.autopilot/db/a.g.ld.2.m1.bc -reflow-globaldce -hls-top-function-name=mmult_accel -reflow-float-conversion 
Execute         ap_eval exec -ignorestderr E:/VIVADO/Vitis_HLS/2022.2/win64/tools/clang-3.9-csynth/bin/opt -pass-remarks-missed=reflow|pasta|unroll -pass-remarks=reflow|pasta|unroll|inline -pass-remarks-output=E:/CENTOS7/shared/tiled_matmul_accelerator/mmult_accel_hls/solution1/.autopilot/db/a.g.ld.3.fpc.bc.opt.diag.yml E:/CENTOS7/shared/tiled_matmul_accelerator/mmult_accel_hls/solution1/.autopilot/db/a.g.ld.2.m1.bc -reflow-globaldce -hls-top-function-name=mmult_accel -reflow-float-conversion -o E:/CENTOS7/shared/tiled_matmul_accelerator/mmult_accel_hls/solution1/.autopilot/db/a.g.ld.3.fpc.bc > E:/CENTOS7/shared/tiled_matmul_accelerator/mmult_accel_hls/solution1/.autopilot/db/a.g.ld.3.fpc.bc.opt.out.log 2> E:/CENTOS7/shared/tiled_matmul_accelerator/mmult_accel_hls/solution1/.autopilot/db/a.g.ld.3.fpc.bc.opt.err.log 
Command         ap_eval done; 0.933 sec.
INFO-FLOW: 
Command       run_link_or_opt done; 0.937 sec.
Execute       run_link_or_opt -out E:/CENTOS7/shared/tiled_matmul_accelerator/mmult_accel_hls/solution1/.autopilot/db/a.g.ld.4.m2.bc -args E:/CENTOS7/shared/tiled_matmul_accelerator/mmult_accel_hls/solution1/.autopilot/db/a.g.ld.3.fpc.bc -only-needed E:/VIVADO/Vitis_HLS/2022.2/win64/lib/libfloatconversion_39.bc 
Execute         ap_eval exec -ignorestderr E:/VIVADO/Vitis_HLS/2022.2/win64/tools/clang-3.9-csynth/bin/llvm-link E:/CENTOS7/shared/tiled_matmul_accelerator/mmult_accel_hls/solution1/.autopilot/db/a.g.ld.3.fpc.bc -only-needed E:/VIVADO/Vitis_HLS/2022.2/win64/lib/libfloatconversion_39.bc -o E:/CENTOS7/shared/tiled_matmul_accelerator/mmult_accel_hls/solution1/.autopilot/db/a.g.ld.4.m2.bc > E:/CENTOS7/shared/tiled_matmul_accelerator/mmult_accel_hls/solution1/.autopilot/db/a.g.ld.4.m2.bc.llvm-link.out.log 2> E:/CENTOS7/shared/tiled_matmul_accelerator/mmult_accel_hls/solution1/.autopilot/db/a.g.ld.4.m2.bc.llvm-link.err.log 
Command         ap_eval done; 0.121 sec.
INFO-FLOW: 
Command       run_link_or_opt done; 0.123 sec.
Execute       run_link_or_opt -opt -out E:/CENTOS7/shared/tiled_matmul_accelerator/mmult_accel_hls/solution1/.autopilot/db/a.g.ld.5.gdce.bc -args E:/CENTOS7/shared/tiled_matmul_accelerator/mmult_accel_hls/solution1/.autopilot/db/a.g.ld.4.m2.bc -reflow-globaldce -hls-top-function-name=mmult_accel 
Execute         ap_eval exec -ignorestderr E:/VIVADO/Vitis_HLS/2022.2/win64/tools/clang-3.9-csynth/bin/opt -pass-remarks-missed=reflow|pasta|unroll -pass-remarks=reflow|pasta|unroll|inline -pass-remarks-output=E:/CENTOS7/shared/tiled_matmul_accelerator/mmult_accel_hls/solution1/.autopilot/db/a.g.ld.5.gdce.bc.opt.diag.yml E:/CENTOS7/shared/tiled_matmul_accelerator/mmult_accel_hls/solution1/.autopilot/db/a.g.ld.4.m2.bc -reflow-globaldce -hls-top-function-name=mmult_accel -o E:/CENTOS7/shared/tiled_matmul_accelerator/mmult_accel_hls/solution1/.autopilot/db/a.g.ld.5.gdce.bc > E:/CENTOS7/shared/tiled_matmul_accelerator/mmult_accel_hls/solution1/.autopilot/db/a.g.ld.5.gdce.bc.opt.out.log 2> E:/CENTOS7/shared/tiled_matmul_accelerator/mmult_accel_hls/solution1/.autopilot/db/a.g.ld.5.gdce.bc.opt.err.log 
INFO-FLOW: 
Execute       send_msg_by_id INFO @200-777@%s Vivado 
INFO: [HLS 200-777] Using interface defaults for 'Vivado' flow target.
Execute       is_m_axi_addr64 
INFO-FLOW: Doing LTO.
Execute       ap_eval exec -ignorestderr E:/VIVADO/Vitis_HLS/2022.2/win64/tools/clang-3.9-csynth/bin/clang -foptimization-record-file=E:/CENTOS7/shared/tiled_matmul_accelerator/mmult_accel_hls/solution1/.autopilot/db/a.g.ld.0.bc.clang.diag.yml -mllvm -pass-remarks-missed=reflow|pasta|unroll -mllvm -pass-remarks=reflow|pasta|unroll|inline -fhls -mllvm -hls-top-function-name=mmult_accel -mllvm -hls-db-dir -mllvm E:/CENTOS7/shared/tiled_matmul_accelerator/mmult_accel_hls/solution1/.autopilot/db -emit-llvm -c -target fpga64-xilinx-none -mllvm -xcl-xmlinfo=E:/CENTOS7/shared/tiled_matmul_accelerator/mmult_accel_hls/solution1/.autopilot/db/kernel.internal.xml -mllvm -top-io-mapping-info=E:/CENTOS7/shared/tiled_matmul_accelerator/mmult_accel_hls/solution1/.autopilot/db/top-io-fe.xml -mllvm -hls-bitcode-version=3.1 -mllvm -reflow-enable-slave-interface-default-setting=true -mllvm -gen-kernel-xml=false -mllvm -default-maxi-offset=slave -mllvm -maxi-latency=0 -mllvm -hls-maxi-data-size-in-bits=8 -mllvm -hls-maxi-max-data-size-in-bits=1024 -mllvm -hls-max-widen-size-in-bits=0 -mllvm -xcl-kernel-max-mem-ports=0 -mllvm -maxi-read-trans=16 -mllvm -maxi-write-trans=16 -mllvm -maxi-read-burst-len=16 -mllvm -maxi-write-burst-len=16 -mllvm -reflow-enable-saxi-64bits=0 -mllvm -reflow-basic-block-instr-threshold=200000 -mllvm -reflow-auto-pipeline-threshold=64 -mllvm -reflow-enable-maxi-auto-id-channel=0 -mllvm -assume-maxi-align=1 -mllvm -reflow-pipeline-style-llvm-setting=2 -mllvm -reflow-enable-dataflow-strict-mode-checking=1 -mllvm -reflow-auto-array-partition-mode=default -mllvm -reflow-enable-auto-array-partition=true -mllvm -reflow-enable-auto-parallel-performance-driven=true -mllvm -reflow-enable-partition-for-automation=true -mllvm -reflow-aggregate-bitwidth-threshold=4096 -mllvm -reflow-assume-no-address-wrap=true -mllvm -hls -mllvm -disable-inlined-alloca-merging=true -mllvm -default-clock-period=10 -x ir E:/CENTOS7/shared/tiled_matmul_accelerator/mmult_accel_hls/solution1/.autopilot/db/a.g.ld.5.gdce.bc -o E:/CENTOS7/shared/tiled_matmul_accelerator/mmult_accel_hls/solution1/.autopilot/db/a.g.lto.bc {-hls-platform-db-name=E:/VIVADO/Vitis_HLS/2022.2/common/technology\xilinx/common/platform.db} -hls-platform-name=zynquplus_medium -device-resource-info=BRAM_288.000000_DSP_1248.000000_FF_234240.000000_LUT_117120.000000_SLICE_14640.000000_URAM_64.000000 -device-name-info=xck26-sfvc784-2LV-c > E:/CENTOS7/shared/tiled_matmul_accelerator/mmult_accel_hls/solution1/.autopilot/db/a.g.ld.0.bc.clang.out.log 2> E:/CENTOS7/shared/tiled_matmul_accelerator/mmult_accel_hls/solution1/.autopilot/db/a.g.ld.0.bc.clang.err.log 
Command       ap_eval done; 177.203 sec.
INFO: [HLS 214-291] Loop 'VITIS_LOOP_202_6' is marked as complete unroll implied by the pipeline pragma (mmult_accel.cpp:202:20)
INFO: [HLS 214-291] Loop 'VITIS_LOOP_206_7' is marked as complete unroll implied by the pipeline pragma (mmult_accel.cpp:206:51)
INFO: [HLS 214-186] Unrolling loop 'init_c' (mmult_accel.cpp:145:21) in function 'mmult_accel' completely with a factor of 32 (mmult_accel.cpp:60:0)
INFO: [HLS 214-186] Unrolling loop 'VITIS_LOOP_147_3' (mmult_accel.cpp:147:20) in function 'mmult_accel' completely with a factor of 32 (mmult_accel.cpp:60:0)
INFO: [HLS 214-186] Unrolling loop 'VITIS_LOOP_202_6' (mmult_accel.cpp:202:20) in function 'mmult_accel' completely with a factor of 32 (mmult_accel.cpp:60:0)
INFO: [HLS 214-186] Unrolling loop 'VITIS_LOOP_206_7' (mmult_accel.cpp:206:51) in function 'mmult_accel' completely with a factor of 32 (mmult_accel.cpp:60:0)
INFO: [HLS 214-248] Applying array_partition to 'localC': Complete partitioning on dimension 1. Complete partitioning on dimension 2. (mmult_accel.cpp:139:29)
INFO: [HLS 214-248] Applying array_partition to 'localA': Complete partitioning on dimension 1. Complete partitioning on dimension 2. (mmult_accel.cpp:155:28)
INFO: [HLS 214-248] Applying array_partition to 'localB': Complete partitioning on dimension 1. Complete partitioning on dimension 2. (mmult_accel.cpp:156:28)
INFO: [HLS 214-115] Multiple burst reads of variable length and bit width 8 in loop 'copy_A'(mmult_accel.cpp:96:13) has been inferred on bundle 'gmemA'. These burst requests might be further partitioned into multiple requests during RTL generation, based on max_read_burst_length or max_write_burst_length settings. (mmult_accel.cpp:96:13)
INFO: [HLS 214-115] Multiple burst reads of variable length and bit width 8 in loop 'VITIS_LOOP_120_2'(mmult_accel.cpp:120:35) has been inferred on bundle 'gmemB'. These burst requests might be further partitioned into multiple requests during RTL generation, based on max_read_burst_length or max_write_burst_length settings. (mmult_accel.cpp:120:35)
INFO-FLOW: DBG:PUTS: copy_raw_kernel_xml ap_link_39: kernel.xml not generated: E:/CENTOS7/shared/tiled_matmul_accelerator/mmult_accel_hls/solution1/.autopilot/db/kernel.internal.xml
INFO: [HLS 200-111] Finished Compiling Optimization and Transform: CPU user time: 1 seconds. CPU system time: 0 seconds. Elapsed time: 182.539 seconds; current allocated memory: 108.441 MB.
INFO: [HLS 200-111] Finished Checking Pragmas: CPU user time: 0 seconds. CPU system time: 0 seconds. Elapsed time: 0.003 seconds; current allocated memory: 108.441 MB.
Execute       opt_and_import_c a -opt_level=2 -skip_syncheck=0 -ng=0 -keep_printf=0 
Execute         cleanup_all_models 
INFO: [HLS 200-10] Starting code transformations ...
INFO-FLOW: Running Standard Transforms...
Execute         transform -hls -share-std-xform -demangle-name -inline-byval-memcpy -always-inline -promote-dbg-pointer -interface-preproc -mem2reg -scalarrepl -mem2reg -keep-read-access -instcombine -dce -promote-dbg-pointer -bitop-raise -loop-simplify -indvarspre -indvars -loop-simplify -xunroll -constprop -instcombine -simplifycfg -indvars -simplifycfg -dce -globaldce -basicaa -simplifycfg -mem2reg -globalopt -global-constprop -deadargelim -instcombine -simplifycfg -scalarrepl -instcombine -reassociate -licm -simplifycfg -loop-simplify -indvars -instcombine -simplifycfg -mem2reg -loop-simplify -indvars -instcombine -gvn -gvn -instcombine -adce -break-crit-edges -simplifycfg -loop-delete -global-array-opt -dce -dse -adce -find-syn-modules -top mmult_accel -deadargelim -mem2reg -instcombine -dce -presyn-prepare -auto-rom-infer -interface-preproc -syn-check -check-rec-only -find-region -simplifycfg -func-extr -function-inline -globaldce -mem2reg -instcombine -dce -gvn -globaldce -adce -adse -constprop -instcombine -bit-constprop -instcombine -dce -simplifycfg -bitop-raise -simplifycfg -dce -loop-delete -reassociate -globalopt -global-privatize -mem2reg -dce -global-constprop -pointer-simplify -constprop -dce -auto-shift-reg-idiom -promote-dbg-pointer -norm-name E:/CENTOS7/shared/tiled_matmul_accelerator/mmult_accel_hls/solution1/.autopilot/db/a.g.0.bc -o E:/CENTOS7/shared/tiled_matmul_accelerator/mmult_accel_hls/solution1/.autopilot/db/a.g.1.bc -f -phase std-opt 
Command         transform done; 81.395 sec.
INFO: [HLS 200-111] Finished Standard Transforms: CPU user time: 77 seconds. CPU system time: 1 seconds. Elapsed time: 81.458 seconds; current allocated memory: 364.617 MB.
INFO: [HLS 200-10] Checking synthesizability ...
INFO-FLOW: Checking Synthesizability 1/2..
Execute         transform -hls -syn-check -check-rec-only -scalarrepl -norm-name -dce -mem2reg -instcombine -directive-preproc -mem2reg -dse -dce -auto-rom-infer -dce -pag -array-normalize -instcombine -dce -array-seg-normalize -instcombine -dce -data-pack -instcombine -dce -inst-simplify -array-flatten -instcombine -dce -array-burst -dce -deadargelim -promote-global-argument -simplifycfg -mem2reg -globaldce -dce -deadargelim -dce -instcombine -function-inline -globaldce -dce -doublePtrSimplify -doublePtrElim -dce -doublePtrSimplify -promote-dbg-pointer -dce -scalarrepl -dse -adse -instcombine -ptrLegalization -simplifycfg -dce -instcombine -pointer-simplify -ptrArgReplace -dce -instcombine -resolve-double-ptr -scalarrepl -norm-name -dce -mem2reg -instcombine -ptrLegalization -simplifycfg -deadargelim -instcombine -dce -inst-simplify -directive-preproc -mem2reg -dse -dce -globaldce E:/CENTOS7/shared/tiled_matmul_accelerator/mmult_accel_hls/solution1/.autopilot/db/a.g.1.bc -o E:/CENTOS7/shared/tiled_matmul_accelerator/mmult_accel_hls/solution1/.autopilot/db/a.g.2.prechk.bc -f 
Command         transform done; 18.716 sec.
INFO-FLOW: Checking Synthesizability 2/2..
Execute         transform -syn-check E:/CENTOS7/shared/tiled_matmul_accelerator/mmult_accel_hls/solution1/.autopilot/db/a.g.2.prechk.bc -o E:/CENTOS7/shared/tiled_matmul_accelerator/mmult_accel_hls/solution1/.autopilot/db/a.g.2.bc -f -phase syn-check 
Command         transform done; 0.155 sec.
INFO: [HLS 200-111] Finished Checking Synthesizability: CPU user time: 17 seconds. CPU system time: 0 seconds. Elapsed time: 18.901 seconds; current allocated memory: 635.016 MB.
INFO-FLOW: Compiler optimizing ...
INFO-FLOW: Share syncheck's 1.bc for syn flow: copy E:/CENTOS7/shared/tiled_matmul_accelerator/mmult_accel_hls/solution1/.autopilot/db/a.g.1.bc to E:/CENTOS7/shared/tiled_matmul_accelerator/mmult_accel_hls/solution1/.autopilot/db/a.o.1.bc
INFO-FLOW: Presyn 1...
Execute         transform -hls -tmp E:/CENTOS7/shared/tiled_matmul_accelerator/mmult_accel_hls/solution1/.autopilot/db -interface-port-rename -directive-preproc -mem2reg -dse -dce -scalarrepl -norm-name -deadargelim -mem2reg -instcombine -dce -simplifycfg -auto-rom-infer -dce -resource-proc -clib-intrinsic-prepare -dce -func-buffer -dce -pag -array-normalize -func-legal -instcombine -gvn -constprop -dce -simplifycfg -mem2reg -globaldce -resolve-double-ptr -dce -deadargelim -dce -instcombine -ptrArgReplace -mem2reg -dce -array-seg-normalize -deadargelim -instcombine -dce -directive-preproc -mem2reg -dse -dce -pointer-simplify -dce -port-alignment -dce -interface-preproc -data-pack -instcombine -dce -basicaa -aggr-aa -aggrmodref-aa -aggr-aa -gvn -gvn -basicaa -aggr-aa -aggrmodref-aa -aggr-aa -dse -adse -adce -loop-simplify -indvars -instcombine -gvn -loop-simplify -mem2reg -dce -find-region -instcombine -auto-loop-pipeline -inst-simplify -interface-preproc -cfgopt -instcombine -indvars -auto-loop-unroll -loop-simplify -loop-bound -xunroll -constprop -instcombine -simplifycfg -indvars -simplifycfg -dce -globaldce -clean-region -attach-range -gvn -inst-simplify -constprop -simplifycfg -dce -pointer-simplify -dce -globalopt -constprop -dce -array-promote -scalar-auto-dep-elim -constprop -dce -ptrArgReplace -mem2reg -simplifycfg -dce -instcombine -dce -array-transform-check -array-reshape -instcombine -simplifycfg -dce -ptrArgReplace -deadargelim -mem2reg -instcombine -simplifycfg -dce -indvars -loop-simplify -loop-bound -xunroll -constprop -instcombine -simplifycfg -indvars -simplifycfg -dce -globaldce -basicaa -aggr-aa -aggrmodref-aa -aggr-aa -dse -duplicate-dataflow-processes -globaldce -instcombine -array-partition -prepare-dynamic-array-partition -instcombine -simplifycfg -dce -ptrArgReplace -global-constprop -deadargelim -mem2reg -func-legal -dce -global-constprop -deadargelim -mem2reg -simplifycfg -dce -merge-param -deadargelim -globalopt -constprop -dce -array-promote -scalar-auto-dep-elim -constprop -dce -ptrArgReplace -mem2reg -simplifycfg -dce -mem-intrinsic-preproc -dce -global-internalize -global-privatize -mem2reg -globaldce -promote-global-argument -ptrArgReplace -mem2reg -dce -globalopt -mergereturn -simplify-global-access -mem2reg -dce -pointer-simplify -dce -functionattrs -basicaa -aggr-aa -aggrmodref-aa -aggr-aa -gvn -gvn -basicaa -aggr-aa -aggrmodref-aa -aggr-aa -dse -adse -adce -dce -norm-name -basicaa -aggr-aa -aggrmodref-aa -aggr-aa -accesses-merge -function-inline -complex-op-raise -inst-simplify -globaldce -func-legal -dce -loop-bound -arraycheck -bitwidthmin2 -bitwidthmin2 -on-by-dataflow -loop-delete -instcombine -simplifycfg -globaldce -dce -gvn -deadargelim -dce -loop-simplify -clean-region -simplifycfg -propagate-stable-arguments -loop-stream -instcombine -simplifycfg -dce -globaldce -duplicate-dataflow-processes -stream-intrinsic-preproc -dce -check-ap-stream -loop-simplify -eliminate-keepreads -extract-dataflow-in-loop -loop-simplify -dce -gvn -deadargelim -dse -duplicate-dataflow-processes -check-dataflow-syntax -legalize-stream-variable -globaldce -legalize-global -extract-subproc -dce -dead-channel-elimination -canonicalize-gep -globaldce -dce -gvn -hls-dead-arg-elim -deadargelim -directive-preproc -canonicalize-dataflow -dce -globaldce -scalar-preprocessing -scalar-propagation2 -deadargelim -globaldce -mem2reg -check-dataflow-channels -function-stream -dce -globaldce -prop-fifo-spec -internal-stream-gen -canonicalize-gep -globaldce -dce -gvn -deadargelim -mergereturn -indvars -loop-simplify -instcombine -array-stream -array-seg-normalize -array-partition -func-legal -instcombine -simplifycfg -dce -bundle-memfifo-ops -deadargelim -directive-preproc -mem2reg -dse -dce -group-axi-access -licm -simplifycfg -dce -loop-delete -hls-display -norm-name E:/CENTOS7/shared/tiled_matmul_accelerator/mmult_accel_hls/solution1/.autopilot/db/a.o.1.bc -o E:/CENTOS7/shared/tiled_matmul_accelerator/mmult_accel_hls/solution1/.autopilot/db/a.o.1.tmp.bc -f 
Command         transform done; 197.722 sec.
INFO-FLOW: Presyn 2...
Execute         transform -hls -keep-callgraph -scalarrepl -mem2reg -port-alignment -attach-range -dce -pipe-mux-gen -indvars -loop-bound -inst-simplify -instcombine -dce -merge-array-access -mem2reg -dce -clean-region -mergereturn -if-conv -instcombine -dce -constprop -basicaa -aggr-aa -aggrmodref-aa -aggr-aa -gvn -gvn -basicaa -aggr-aa -aggrmodref-aa -aggr-aa -dse -adse -adce -scalarrepl -mem2reg -global-constprop -deadargelim -deadargelim -instcombine -dce -simplifycfg -ptrArgReplace -mem2reg -function-inline -globaldce -mem2reg -instcombine -dce -expr-balance -instcombine -dce -bitwidthmin2 -bitwidthmin2 -interface-preproc -directive-preproc -inst-rectify -instcombine -dce -functionattrs -constprop -instcombine -bit-constprop -simplify-global-access -globalopt -globaldce -inst-simplify -instcombine -elimdeaddata -dce -loop-delete -simplifycfg -loop-simplify -barrier -norm-name E:/CENTOS7/shared/tiled_matmul_accelerator/mmult_accel_hls/solution1/.autopilot/db/a.o.1.tmp.bc -o E:/CENTOS7/shared/tiled_matmul_accelerator/mmult_accel_hls/solution1/.autopilot/db/a.o.2.bc -f -phase presyn 
Command         transform done; 39.951 sec.
INFO: [HLS 200-111] Finished Loop, function and other optimizations: CPU user time: 223 seconds. CPU system time: 3 seconds. Elapsed time: 237.678 seconds; current allocated memory: 635.016 MB.
INFO-FLOW: Building ssdm...
Execute         transform -hls -auto-function-inline -globaldce -ptrArgReplace -mem2reg -dce -reset-lda -loop-simplify -indvars -aggr-aa -licm -loop-dep -loop-bound -licm -loop-simplify -loop-sink-hoist -flattenloopnest -array-flatten -gvn -instcombine -dce -array-map -dce -func-legal -gvn -adce -instcombine -cfgopt -simplifycfg -loop-simplify -array-burst -promote-global-argument -dce -array-seg-normalize -basicaa -aggrmodref-aa -globalsmodref-aa -aggr-aa -gvn -gvn -basicaa -aggrmodref-aa -globalsmodref-aa -aggr-aa -dse -adse -adce -licm -inst-simplify -dce -globaldce -instcombine -array-stream -eliminate-keepreads -instcombine -dce -deadargelim -doublePtrSimplify -doublePtrElim -dce -doublePtrSimplify -promote-dbg-pointer -dce -scalarrepl -mem2reg -norm-name -mem2reg -instcombine -dse -adse -adce -ptrLegalization -dce -auto-rom-infer -array-flatten -dce -instcombine -check-doubleptr -loop-rot -constprop -cfgopt -simplifycfg -loop-simplify -indvars -pointer-simplify -dce -loop-bound -loop-simplify -loop-preproc -constprop -global-constprop -gvn -mem2reg -instcombine -dce -loop-bound -loop-merge -dce -deadargelim -dce -canonicalize-dataflow -dce -deadargelim -globaldce -mem2reg -bram-byte-enable -load-elim -read-loop-dep -loop-simplify -loop-extract-inner -directive-preproc -bitwidthmin2 -bitwidthmin2 -read-loop-dep -interface-preproc -directive-preproc -interface-gen -bram-byte-enable-spec-prop -deadargelim -inst-simplify -dce -gvn -mem2reg -instcombine -dce -adse -loop-bound -instcombine -cfgopt -simplifycfg -loop-simplify -clean-region -io-protocol -find-region -mem2reg -bitop-raise -complex-op-raise -inst-simplify -inst-rectify -instcombine -adce -deadargelim -float-op-raise -loop-simplify -phi-opt -bitop-raise -cfgopt -simplifycfg -strip-dead-prototypes -interface-lower -bitop-lower -intrinsic-lower -auto-function-inline -basicaa -aggrmodref-aa -globalsmodref-aa -aggr-aa -inst-simplify -simplifycfg -loop-simplify -mergereturn -inst-simplify -inst-rectify -dce -load-elim -bitop-lower -float-op-raise -fma-raise -loop-rewind -pointer-simplify -dce -cfgopt -dce -loop-bound -loop-dep -read-loop-dep -dce -dyn-mem-reuse -dce -recurrence-min -dce -share-scalar-alloca -deadargelim -dce -check-stream -norm-name -legalize -validate-dataflow -inst-clarity -bitwidth -dump-loop-dep-to-ir -check-all-ssdm -cdfg-build E:/CENTOS7/shared/tiled_matmul_accelerator/mmult_accel_hls/solution1/.autopilot/db/a.o.2.bc -o E:/CENTOS7/shared/tiled_matmul_accelerator/mmult_accel_hls/solution1/.autopilot/db/a.o.3.bc -f -phase build-ssdm 
INFO: [XFORM 203-541] Flattening a loop nest 'copy_A' (mmult_accel.cpp:96:22) in function 'mmult_accel'.
INFO: [XFORM 203-541] Flattening a loop nest 'copy_B_block' (mmult_accel.cpp:119:22) in function 'mmult_accel'.
INFO: [XFORM 203-541] Flattening a loop nest 'loadA' (mmult_accel.cpp:170:34) in function 'mmult_accel'.
INFO: [XFORM 203-541] Flattening a loop nest 'loadB' (mmult_accel.cpp:185:34) in function 'mmult_accel'.
WARNING: [HLS 200-960] Cannot flatten loop 'k_loop' (mmult_accel.cpp:166:30) in function 'mmult_accel' more than one sub loop.
INFO: [XFORM 203-541] Flattening a loop nest 'writeC' (mmult_accel.cpp:219:30) in function 'mmult_accel'.
WARNING: [HLS 200-960] Cannot flatten loop 'tile_j' (mmult_accel.cpp:134:26) in function 'mmult_accel' more than one sub loop.
INFO: [XFORM 203-541] Flattening a loop nest 'tile_i' (mmult_accel.cpp:132:22) in function 'mmult_accel'.
WARNING: [HLS 200-960] Cannot flatten loop 'outer_j_block' (mmult_accel.cpp:110:18) in function 'mmult_accel' more than one sub loop.
INFO: [HLS 200-472] Inferring partial write operation for 'A_bram' (mmult_accel.cpp:99:15)
INFO: [HLS 200-472] Inferring partial write operation for 'B_bram' (mmult_accel.cpp:122:15)
Command         transform done; 107.198 sec.
INFO: [HLS 200-111] Finished Architecture Synthesis: CPU user time: 102 seconds. CPU system time: 1 seconds. Elapsed time: 107.201 seconds; current allocated memory: 635.016 MB.
INFO-FLOW: Finish building internal data model.
Command       opt_and_import_c done; 445.248 sec.
Command     elaborate done; 633.486 sec.
Execute     ap_eval exec zip -j E:/CENTOS7/shared/tiled_matmul_accelerator/mmult_accel_hls/solution1/.autopilot/db/dut.hcp $dbDir/a.o.3.bc $dbDir/${topname}.rtl_wrap.cfg.tcl $dbDir/apatb_${topname}.cpp $dbDir/apatb_${topname}_util.cpp $dbDir/apatb_${topname}_ir.ll $dbDir/mapper_${topname}.cpp $dbDir/top-io-fe.xml $dbDir/kernel.internal.xml $workdir/../hls.app 
Command     ap_eval done; 0.363 sec.
Execute     autosyn -from_csynth_design=1 
INFO: [HLS 200-10] Starting hardware synthesis ...
INFO-FLOW: Synthesizing C/C++ design ...
INFO: [HLS 200-10] Synthesizing 'mmult_accel' ...
Execute       ap_set_top_model mmult_accel 
Execute       get_model_list mmult_accel -filter all-wo-channel -topdown 
Execute       preproc_iomode -model mmult_accel 
Execute       preproc_iomode -model mmult_accel_Pipeline_writeC_VITIS_LOOP_220_8 
Execute       preproc_iomode -model mmult_accel_Pipeline_compute 
Execute       preproc_iomode -model mmult_accel_Pipeline_loadB_VITIS_LOOP_186_5 
Execute       preproc_iomode -model mmult_accel_Pipeline_loadA_VITIS_LOOP_171_4 
Execute       preproc_iomode -model mmult_accel_Pipeline_VITIS_LOOP_120_2 
Execute       preproc_iomode -model mmult_accel_Pipeline_copy_A_VITIS_LOOP_97_1 
Execute       get_model_list mmult_accel -filter all-wo-channel 
INFO-FLOW: Model list for configure: mmult_accel_Pipeline_copy_A_VITIS_LOOP_97_1 mmult_accel_Pipeline_VITIS_LOOP_120_2 mmult_accel_Pipeline_loadA_VITIS_LOOP_171_4 mmult_accel_Pipeline_loadB_VITIS_LOOP_186_5 mmult_accel_Pipeline_compute mmult_accel_Pipeline_writeC_VITIS_LOOP_220_8 mmult_accel
INFO-FLOW: Configuring Module : mmult_accel_Pipeline_copy_A_VITIS_LOOP_97_1 ...
Execute       set_default_model mmult_accel_Pipeline_copy_A_VITIS_LOOP_97_1 
Execute       apply_spec_resource_limit mmult_accel_Pipeline_copy_A_VITIS_LOOP_97_1 
INFO-FLOW: Configuring Module : mmult_accel_Pipeline_VITIS_LOOP_120_2 ...
Execute       set_default_model mmult_accel_Pipeline_VITIS_LOOP_120_2 
Execute       apply_spec_resource_limit mmult_accel_Pipeline_VITIS_LOOP_120_2 
INFO-FLOW: Configuring Module : mmult_accel_Pipeline_loadA_VITIS_LOOP_171_4 ...
Execute       set_default_model mmult_accel_Pipeline_loadA_VITIS_LOOP_171_4 
Execute       apply_spec_resource_limit mmult_accel_Pipeline_loadA_VITIS_LOOP_171_4 
INFO-FLOW: Configuring Module : mmult_accel_Pipeline_loadB_VITIS_LOOP_186_5 ...
Execute       set_default_model mmult_accel_Pipeline_loadB_VITIS_LOOP_186_5 
Execute       apply_spec_resource_limit mmult_accel_Pipeline_loadB_VITIS_LOOP_186_5 
INFO-FLOW: Configuring Module : mmult_accel_Pipeline_compute ...
Execute       set_default_model mmult_accel_Pipeline_compute 
Execute       apply_spec_resource_limit mmult_accel_Pipeline_compute 
INFO-FLOW: Configuring Module : mmult_accel_Pipeline_writeC_VITIS_LOOP_220_8 ...
Execute       set_default_model mmult_accel_Pipeline_writeC_VITIS_LOOP_220_8 
Execute       apply_spec_resource_limit mmult_accel_Pipeline_writeC_VITIS_LOOP_220_8 
INFO-FLOW: Configuring Module : mmult_accel ...
Execute       set_default_model mmult_accel 
Execute       apply_spec_resource_limit mmult_accel 
INFO-FLOW: Model list for preprocess: mmult_accel_Pipeline_copy_A_VITIS_LOOP_97_1 mmult_accel_Pipeline_VITIS_LOOP_120_2 mmult_accel_Pipeline_loadA_VITIS_LOOP_171_4 mmult_accel_Pipeline_loadB_VITIS_LOOP_186_5 mmult_accel_Pipeline_compute mmult_accel_Pipeline_writeC_VITIS_LOOP_220_8 mmult_accel
INFO-FLOW: Preprocessing Module: mmult_accel_Pipeline_copy_A_VITIS_LOOP_97_1 ...
Execute       set_default_model mmult_accel_Pipeline_copy_A_VITIS_LOOP_97_1 
Execute       cdfg_preprocess -model mmult_accel_Pipeline_copy_A_VITIS_LOOP_97_1 
Execute       rtl_gen_preprocess mmult_accel_Pipeline_copy_A_VITIS_LOOP_97_1 
INFO-FLOW: Preprocessing Module: mmult_accel_Pipeline_VITIS_LOOP_120_2 ...
Execute       set_default_model mmult_accel_Pipeline_VITIS_LOOP_120_2 
Execute       cdfg_preprocess -model mmult_accel_Pipeline_VITIS_LOOP_120_2 
Execute       rtl_gen_preprocess mmult_accel_Pipeline_VITIS_LOOP_120_2 
INFO-FLOW: Preprocessing Module: mmult_accel_Pipeline_loadA_VITIS_LOOP_171_4 ...
Execute       set_default_model mmult_accel_Pipeline_loadA_VITIS_LOOP_171_4 
Execute       cdfg_preprocess -model mmult_accel_Pipeline_loadA_VITIS_LOOP_171_4 
Command       cdfg_preprocess done; 23.932 sec.
Execute       rtl_gen_preprocess mmult_accel_Pipeline_loadA_VITIS_LOOP_171_4 
INFO-FLOW: Preprocessing Module: mmult_accel_Pipeline_loadB_VITIS_LOOP_186_5 ...
Execute       set_default_model mmult_accel_Pipeline_loadB_VITIS_LOOP_186_5 
Execute       cdfg_preprocess -model mmult_accel_Pipeline_loadB_VITIS_LOOP_186_5 
Command       cdfg_preprocess done; 24.126 sec.
Execute       rtl_gen_preprocess mmult_accel_Pipeline_loadB_VITIS_LOOP_186_5 
INFO-FLOW: Preprocessing Module: mmult_accel_Pipeline_compute ...
Execute       set_default_model mmult_accel_Pipeline_compute 
Execute       cdfg_preprocess -model mmult_accel_Pipeline_compute 
Command       cdfg_preprocess done; 27.587 sec.
Execute       rtl_gen_preprocess mmult_accel_Pipeline_compute 
INFO-FLOW: Preprocessing Module: mmult_accel_Pipeline_writeC_VITIS_LOOP_220_8 ...
Execute       set_default_model mmult_accel_Pipeline_writeC_VITIS_LOOP_220_8 
Execute       cdfg_preprocess -model mmult_accel_Pipeline_writeC_VITIS_LOOP_220_8 
Execute       rtl_gen_preprocess mmult_accel_Pipeline_writeC_VITIS_LOOP_220_8 
INFO-FLOW: Preprocessing Module: mmult_accel ...
Execute       set_default_model mmult_accel 
Execute       cdfg_preprocess -model mmult_accel 
Command       cdfg_preprocess done; 61.98 sec.
Execute       rtl_gen_preprocess mmult_accel 
INFO-FLOW: Model list for synthesis: mmult_accel_Pipeline_copy_A_VITIS_LOOP_97_1 mmult_accel_Pipeline_VITIS_LOOP_120_2 mmult_accel_Pipeline_loadA_VITIS_LOOP_171_4 mmult_accel_Pipeline_loadB_VITIS_LOOP_186_5 mmult_accel_Pipeline_compute mmult_accel_Pipeline_writeC_VITIS_LOOP_220_8 mmult_accel
INFO: [HLS 200-10] ----------------------------------------------------------------
INFO: [HLS 200-42] -- Implementing module 'mmult_accel_Pipeline_copy_A_VITIS_LOOP_97_1' 
INFO: [HLS 200-10] ----------------------------------------------------------------
Execute       set_default_model mmult_accel_Pipeline_copy_A_VITIS_LOOP_97_1 
Execute       schedule -model mmult_accel_Pipeline_copy_A_VITIS_LOOP_97_1 
INFO: [SCHED 204-11] Starting scheduling ...
INFO: [SCHED 204-61] Pipelining loop 'copy_A_VITIS_LOOP_97_1'.
INFO: [HLS 200-1470] Pipelining result : Target II = 1, Final II = 1, Depth = 4, loop 'copy_A_VITIS_LOOP_97_1'
INFO: [SCHED 204-11] Finished scheduling.
Command       schedule done; 0.185 sec.
INFO: [HLS 200-111] Finished Scheduling: CPU user time: 131 seconds. CPU system time: 0 seconds. Elapsed time: 138.433 seconds; current allocated memory: 635.016 MB.
Execute       syn_report -verbosereport -o E:/CENTOS7/shared/tiled_matmul_accelerator/mmult_accel_hls/solution1/.autopilot/db/mmult_accel_Pipeline_copy_A_VITIS_LOOP_97_1.verbose.sched.rpt 
Execute         AP::get_flow_target_display_name
Execute       db_write -o E:/CENTOS7/shared/tiled_matmul_accelerator/mmult_accel_hls/solution1/.autopilot/db/mmult_accel_Pipeline_copy_A_VITIS_LOOP_97_1.sched.adb -f 
INFO-FLOW: Finish scheduling mmult_accel_Pipeline_copy_A_VITIS_LOOP_97_1.
Execute       set_default_model mmult_accel_Pipeline_copy_A_VITIS_LOOP_97_1 
Execute       bind -model mmult_accel_Pipeline_copy_A_VITIS_LOOP_97_1 
INFO: [BIND 205-100] Starting micro-architecture generation ...
INFO: [BIND 205-101] Performing variable lifetime analysis.
INFO: [BIND 205-101] Exploring resource sharing.
INFO: [BIND 205-101] Binding ...
INFO: [BIND 205-100] Finished micro-architecture generation.
Command       bind done; 0.101 sec.
INFO: [HLS 200-111] Finished Binding: CPU user time: 0 seconds. CPU system time: 0 seconds. Elapsed time: 0.192 seconds; current allocated memory: 635.016 MB.
Execute       syn_report -verbosereport -o E:/CENTOS7/shared/tiled_matmul_accelerator/mmult_accel_hls/solution1/.autopilot/db/mmult_accel_Pipeline_copy_A_VITIS_LOOP_97_1.verbose.bind.rpt 
Execute         AP::get_flow_target_display_name
Execute       db_write -o E:/CENTOS7/shared/tiled_matmul_accelerator/mmult_accel_hls/solution1/.autopilot/db/mmult_accel_Pipeline_copy_A_VITIS_LOOP_97_1.bind.adb -f 
INFO-FLOW: Finish binding mmult_accel_Pipeline_copy_A_VITIS_LOOP_97_1.
INFO: [HLS 200-10] ----------------------------------------------------------------
INFO: [HLS 200-42] -- Implementing module 'mmult_accel_Pipeline_VITIS_LOOP_120_2' 
INFO: [HLS 200-10] ----------------------------------------------------------------
Execute       set_default_model mmult_accel_Pipeline_VITIS_LOOP_120_2 
Execute       schedule -model mmult_accel_Pipeline_VITIS_LOOP_120_2 
INFO: [SCHED 204-11] Starting scheduling ...
INFO: [SCHED 204-61] Pipelining loop 'copy_B_block_VITIS_LOOP_120_2'.
INFO: [HLS 200-1470] Pipelining result : Target II = 1, Final II = 1, Depth = 11, loop 'copy_B_block_VITIS_LOOP_120_2'
INFO: [SCHED 204-11] Finished scheduling.
Command       schedule done; 0.172 sec.
INFO: [HLS 200-111] Finished Scheduling: CPU user time: 0 seconds. CPU system time: 0 seconds. Elapsed time: 0.33 seconds; current allocated memory: 635.016 MB.
Execute       syn_report -verbosereport -o E:/CENTOS7/shared/tiled_matmul_accelerator/mmult_accel_hls/solution1/.autopilot/db/mmult_accel_Pipeline_VITIS_LOOP_120_2.verbose.sched.rpt 
Execute         AP::get_flow_target_display_name
Execute       db_write -o E:/CENTOS7/shared/tiled_matmul_accelerator/mmult_accel_hls/solution1/.autopilot/db/mmult_accel_Pipeline_VITIS_LOOP_120_2.sched.adb -f 
INFO-FLOW: Finish scheduling mmult_accel_Pipeline_VITIS_LOOP_120_2.
Execute       set_default_model mmult_accel_Pipeline_VITIS_LOOP_120_2 
Execute       bind -model mmult_accel_Pipeline_VITIS_LOOP_120_2 
INFO: [BIND 205-100] Starting micro-architecture generation ...
INFO: [BIND 205-101] Performing variable lifetime analysis.
INFO: [BIND 205-101] Exploring resource sharing.
INFO: [BIND 205-101] Binding ...
INFO: [BIND 205-100] Finished micro-architecture generation.
Command       bind done; 0.131 sec.
INFO: [HLS 200-111] Finished Binding: CPU user time: 1 seconds. CPU system time: 1 seconds. Elapsed time: 0.238 seconds; current allocated memory: 635.016 MB.
Execute       syn_report -verbosereport -o E:/CENTOS7/shared/tiled_matmul_accelerator/mmult_accel_hls/solution1/.autopilot/db/mmult_accel_Pipeline_VITIS_LOOP_120_2.verbose.bind.rpt 
Execute         AP::get_flow_target_display_name
Execute       db_write -o E:/CENTOS7/shared/tiled_matmul_accelerator/mmult_accel_hls/solution1/.autopilot/db/mmult_accel_Pipeline_VITIS_LOOP_120_2.bind.adb -f 
INFO-FLOW: Finish binding mmult_accel_Pipeline_VITIS_LOOP_120_2.
INFO: [HLS 200-10] ----------------------------------------------------------------
INFO: [HLS 200-42] -- Implementing module 'mmult_accel_Pipeline_loadA_VITIS_LOOP_171_4' 
INFO: [HLS 200-10] ----------------------------------------------------------------
Execute       set_default_model mmult_accel_Pipeline_loadA_VITIS_LOOP_171_4 
Execute       schedule -model mmult_accel_Pipeline_loadA_VITIS_LOOP_171_4 
INFO: [SCHED 204-11] Starting scheduling ...
INFO: [SCHED 204-61] Pipelining loop 'loadA_VITIS_LOOP_171_4'.
INFO: [HLS 200-1470] Pipelining result : Target II = 1, Final II = 1, Depth = 2, loop 'loadA_VITIS_LOOP_171_4'
INFO: [SCHED 204-11] Finished scheduling.
Command       schedule done; 40.157 sec.
INFO: [HLS 200-111] Finished Scheduling: CPU user time: 38 seconds. CPU system time: 0 seconds. Elapsed time: 40.336 seconds; current allocated memory: 704.621 MB.
Execute       syn_report -verbosereport -o E:/CENTOS7/shared/tiled_matmul_accelerator/mmult_accel_hls/solution1/.autopilot/db/mmult_accel_Pipeline_loadA_VITIS_LOOP_171_4.verbose.sched.rpt 
Execute         AP::get_flow_target_display_name
Command       syn_report done; 1.455 sec.
Execute       db_write -o E:/CENTOS7/shared/tiled_matmul_accelerator/mmult_accel_hls/solution1/.autopilot/db/mmult_accel_Pipeline_loadA_VITIS_LOOP_171_4.sched.adb -f 
Command       db_write done; 3.777 sec.
INFO-FLOW: Finish scheduling mmult_accel_Pipeline_loadA_VITIS_LOOP_171_4.
Execute       set_default_model mmult_accel_Pipeline_loadA_VITIS_LOOP_171_4 
Execute       bind -model mmult_accel_Pipeline_loadA_VITIS_LOOP_171_4 
INFO: [BIND 205-100] Starting micro-architecture generation ...
INFO: [BIND 205-101] Performing variable lifetime analysis.
INFO: [BIND 205-101] Exploring resource sharing.
INFO: [BIND 205-101] Binding ...
INFO: [BIND 205-100] Finished micro-architecture generation.
Command       bind done; 0.9 sec.
INFO: [HLS 200-111] Finished Binding: CPU user time: 5 seconds. CPU system time: 0 seconds. Elapsed time: 6.134 seconds; current allocated memory: 704.621 MB.
Execute       syn_report -verbosereport -o E:/CENTOS7/shared/tiled_matmul_accelerator/mmult_accel_hls/solution1/.autopilot/db/mmult_accel_Pipeline_loadA_VITIS_LOOP_171_4.verbose.bind.rpt 
Execute         AP::get_flow_target_display_name
Command       syn_report done; 1.509 sec.
Execute       db_write -o E:/CENTOS7/shared/tiled_matmul_accelerator/mmult_accel_hls/solution1/.autopilot/db/mmult_accel_Pipeline_loadA_VITIS_LOOP_171_4.bind.adb -f 
Command       db_write done; 4.61 sec.
INFO-FLOW: Finish binding mmult_accel_Pipeline_loadA_VITIS_LOOP_171_4.
INFO: [HLS 200-10] ----------------------------------------------------------------
INFO: [HLS 200-42] -- Implementing module 'mmult_accel_Pipeline_loadB_VITIS_LOOP_186_5' 
INFO: [HLS 200-10] ----------------------------------------------------------------
Execute       set_default_model mmult_accel_Pipeline_loadB_VITIS_LOOP_186_5 
Execute       schedule -model mmult_accel_Pipeline_loadB_VITIS_LOOP_186_5 
INFO: [SCHED 204-11] Starting scheduling ...
INFO: [SCHED 204-61] Pipelining loop 'loadB_VITIS_LOOP_186_5'.
INFO: [HLS 200-1470] Pipelining result : Target II = 1, Final II = 1, Depth = 2, loop 'loadB_VITIS_LOOP_186_5'
INFO: [SCHED 204-11] Finished scheduling.
Command       schedule done; 30.264 sec.
INFO: [HLS 200-111] Finished Scheduling: CPU user time: 34 seconds. CPU system time: 1 seconds. Elapsed time: 36.447 seconds; current allocated memory: 762.047 MB.
Execute       syn_report -verbosereport -o E:/CENTOS7/shared/tiled_matmul_accelerator/mmult_accel_hls/solution1/.autopilot/db/mmult_accel_Pipeline_loadB_VITIS_LOOP_186_5.verbose.sched.rpt 
Execute         AP::get_flow_target_display_name
Command       syn_report done; 1.004 sec.
Execute       db_write -o E:/CENTOS7/shared/tiled_matmul_accelerator/mmult_accel_hls/solution1/.autopilot/db/mmult_accel_Pipeline_loadB_VITIS_LOOP_186_5.sched.adb -f 
Command       db_write done; 2.191 sec.
INFO-FLOW: Finish scheduling mmult_accel_Pipeline_loadB_VITIS_LOOP_186_5.
Execute       set_default_model mmult_accel_Pipeline_loadB_VITIS_LOOP_186_5 
Execute       bind -model mmult_accel_Pipeline_loadB_VITIS_LOOP_186_5 
INFO: [BIND 205-100] Starting micro-architecture generation ...
INFO: [BIND 205-101] Performing variable lifetime analysis.
INFO: [BIND 205-101] Exploring resource sharing.
INFO: [BIND 205-101] Binding ...
INFO: [BIND 205-100] Finished micro-architecture generation.
Command       bind done; 0.605 sec.
INFO: [HLS 200-111] Finished Binding: CPU user time: 4 seconds. CPU system time: 0 seconds. Elapsed time: 3.801 seconds; current allocated memory: 762.047 MB.
Execute       syn_report -verbosereport -o E:/CENTOS7/shared/tiled_matmul_accelerator/mmult_accel_hls/solution1/.autopilot/db/mmult_accel_Pipeline_loadB_VITIS_LOOP_186_5.verbose.bind.rpt 
Execute         AP::get_flow_target_display_name
Command       syn_report done; 1.005 sec.
Execute       db_write -o E:/CENTOS7/shared/tiled_matmul_accelerator/mmult_accel_hls/solution1/.autopilot/db/mmult_accel_Pipeline_loadB_VITIS_LOOP_186_5.bind.adb -f 
Command       db_write done; 2.628 sec.
INFO-FLOW: Finish binding mmult_accel_Pipeline_loadB_VITIS_LOOP_186_5.
INFO: [HLS 200-10] ----------------------------------------------------------------
INFO: [HLS 200-42] -- Implementing module 'mmult_accel_Pipeline_compute' 
INFO: [HLS 200-10] ----------------------------------------------------------------
Execute       set_default_model mmult_accel_Pipeline_compute 
Execute       schedule -model mmult_accel_Pipeline_compute 
INFO: [SCHED 204-11] Starting scheduling ...
INFO: [HLS 200-486] Changing DSP latency (root=mul_ln210_1023) to 3 in order to utilize available DSP registers.
INFO: [HLS 200-486] Changing DSP latency (root=mul_ln210_1022) to 3 in order to utilize available DSP registers.
INFO: [HLS 200-486] Changing DSP latency (root=mul_ln210_1021) to 3 in order to utilize available DSP registers.
INFO: [HLS 200-486] Changing DSP latency (root=mul_ln210_1020) to 3 in order to utilize available DSP registers.
INFO: [HLS 200-486] Changing DSP latency (root=mul_ln210_1019) to 3 in order to utilize available DSP registers.
INFO: [HLS 200-486] Changing DSP latency (root=mul_ln210_1018) to 3 in order to utilize available DSP registers.
INFO: [HLS 200-486] Changing DSP latency (root=mul_ln210_1017) to 3 in order to utilize available DSP registers.
INFO: [HLS 200-486] Changing DSP latency (root=mul_ln210_1016) to 3 in order to utilize available DSP registers.
INFO: [HLS 200-486] Changing DSP latency (root=mul_ln210_1015) to 3 in order to utilize available DSP registers.
INFO: [HLS 200-486] Changing DSP latency (root=mul_ln210_1014) to 3 in order to utilize available DSP registers.
INFO: [HLS 200-486] Changing DSP latency (root=mul_ln210_1013) to 3 in order to utilize available DSP registers.
INFO: [HLS 200-486] Changing DSP latency (root=mul_ln210_1012) to 3 in order to utilize available DSP registers.
INFO: [HLS 200-486] Changing DSP latency (root=mul_ln210_1011) to 3 in order to utilize available DSP registers.
INFO: [HLS 200-486] Changing DSP latency (root=mul_ln210_1010) to 3 in order to utilize available DSP registers.
INFO: [HLS 200-486] Changing DSP latency (root=mul_ln210_1009) to 3 in order to utilize available DSP registers.
INFO: [HLS 200-486] Changing DSP latency (root=mul_ln210_1008) to 3 in order to utilize available DSP registers.
INFO: [HLS 200-486] Changing DSP latency (root=mul_ln210_1007) to 3 in order to utilize available DSP registers.
INFO: [HLS 200-486] Changing DSP latency (root=mul_ln210_1006) to 3 in order to utilize available DSP registers.
INFO: [HLS 200-486] Changing DSP latency (root=mul_ln210_1005) to 3 in order to utilize available DSP registers.
INFO: [HLS 200-486] Changing DSP latency (root=mul_ln210_1004) to 3 in order to utilize available DSP registers.
INFO: [HLS 200-486] Changing DSP latency (root=mul_ln210_1003) to 3 in order to utilize available DSP registers.
INFO: [HLS 200-486] Changing DSP latency (root=mul_ln210_1002) to 3 in order to utilize available DSP registers.
INFO: [HLS 200-486] Changing DSP latency (root=mul_ln210_1001) to 3 in order to utilize available DSP registers.
INFO: [HLS 200-486] Changing DSP latency (root=mul_ln210_1000) to 3 in order to utilize available DSP registers.
INFO: [HLS 200-486] Changing DSP latency (root=mul_ln210_999) to 3 in order to utilize available DSP registers.
INFO: [HLS 200-486] Changing DSP latency (root=mul_ln210_998) to 3 in order to utilize available DSP registers.
INFO: [HLS 200-486] Changing DSP latency (root=mul_ln210_997) to 3 in order to utilize available DSP registers.
INFO: [HLS 200-486] Changing DSP latency (root=mul_ln210_996) to 3 in order to utilize available DSP registers.
INFO: [HLS 200-486] Changing DSP latency (root=mul_ln210_995) to 3 in order to utilize available DSP registers.
INFO: [HLS 200-486] Changing DSP latency (root=mul_ln210_994) to 3 in order to utilize available DSP registers.
INFO: [HLS 200-486] Changing DSP latency (root=mul_ln210_993) to 3 in order to utilize available DSP registers.
INFO: [HLS 200-486] Changing DSP latency (root=mul_ln210_992) to 3 in order to utilize available DSP registers.
INFO: [HLS 200-486] Changing DSP latency (root=mul_ln210_991) to 3 in order to utilize available DSP registers.
INFO: [HLS 200-486] Changing DSP latency (root=mul_ln210_990) to 3 in order to utilize available DSP registers.
INFO: [HLS 200-486] Changing DSP latency (root=mul_ln210_989) to 3 in order to utilize available DSP registers.
INFO: [HLS 200-486] Changing DSP latency (root=mul_ln210_988) to 3 in order to utilize available DSP registers.
INFO: [HLS 200-486] Changing DSP latency (root=mul_ln210_987) to 3 in order to utilize available DSP registers.
INFO: [HLS 200-486] Changing DSP latency (root=mul_ln210_986) to 3 in order to utilize available DSP registers.
INFO: [HLS 200-486] Changing DSP latency (root=mul_ln210_985) to 3 in order to utilize available DSP registers.
INFO: [HLS 200-486] Changing DSP latency (root=mul_ln210_984) to 3 in order to utilize available DSP registers.
INFO: [HLS 200-486] Changing DSP latency (root=mul_ln210_983) to 3 in order to utilize available DSP registers.
INFO: [HLS 200-486] Changing DSP latency (root=mul_ln210_982) to 3 in order to utilize available DSP registers.
INFO: [HLS 200-486] Changing DSP latency (root=mul_ln210_981) to 3 in order to utilize available DSP registers.
INFO: [HLS 200-486] Changing DSP latency (root=mul_ln210_980) to 3 in order to utilize available DSP registers.
INFO: [HLS 200-486] Changing DSP latency (root=mul_ln210_979) to 3 in order to utilize available DSP registers.
INFO: [HLS 200-486] Changing DSP latency (root=mul_ln210_978) to 3 in order to utilize available DSP registers.
INFO: [HLS 200-486] Changing DSP latency (root=mul_ln210_977) to 3 in order to utilize available DSP registers.
INFO: [HLS 200-486] Changing DSP latency (root=mul_ln210_976) to 3 in order to utilize available DSP registers.
INFO: [HLS 200-486] Changing DSP latency (root=mul_ln210_975) to 3 in order to utilize available DSP registers.
INFO: [HLS 200-486] Changing DSP latency (root=mul_ln210_974) to 3 in order to utilize available DSP registers.
INFO: [HLS 200-486] Changing DSP latency (root=mul_ln210_973) to 3 in order to utilize available DSP registers.
INFO: [HLS 200-486] Changing DSP latency (root=mul_ln210_972) to 3 in order to utilize available DSP registers.
INFO: [HLS 200-486] Changing DSP latency (root=mul_ln210_971) to 3 in order to utilize available DSP registers.
INFO: [HLS 200-486] Changing DSP latency (root=mul_ln210_970) to 3 in order to utilize available DSP registers.
INFO: [HLS 200-486] Changing DSP latency (root=mul_ln210_969) to 3 in order to utilize available DSP registers.
INFO: [HLS 200-486] Changing DSP latency (root=mul_ln210_968) to 3 in order to utilize available DSP registers.
INFO: [HLS 200-486] Changing DSP latency (root=mul_ln210_967) to 3 in order to utilize available DSP registers.
INFO: [HLS 200-486] Changing DSP latency (root=mul_ln210_966) to 3 in order to utilize available DSP registers.
INFO: [HLS 200-486] Changing DSP latency (root=mul_ln210_965) to 3 in order to utilize available DSP registers.
INFO: [HLS 200-486] Changing DSP latency (root=mul_ln210_964) to 3 in order to utilize available DSP registers.
INFO: [HLS 200-486] Changing DSP latency (root=mul_ln210_963) to 3 in order to utilize available DSP registers.
INFO: [HLS 200-486] Changing DSP latency (root=mul_ln210_962) to 3 in order to utilize available DSP registers.
INFO: [HLS 200-486] Changing DSP latency (root=mul_ln210_961) to 3 in order to utilize available DSP registers.
INFO: [HLS 200-486] Changing DSP latency (root=mul_ln210_960) to 3 in order to utilize available DSP registers.
INFO: [HLS 200-486] Changing DSP latency (root=mul_ln210_959) to 3 in order to utilize available DSP registers.
INFO: [HLS 200-486] Changing DSP latency (root=mul_ln210_958) to 3 in order to utilize available DSP registers.
INFO: [HLS 200-486] Changing DSP latency (root=mul_ln210_957) to 3 in order to utilize available DSP registers.
INFO: [HLS 200-486] Changing DSP latency (root=mul_ln210_956) to 3 in order to utilize available DSP registers.
INFO: [HLS 200-486] Changing DSP latency (root=mul_ln210_955) to 3 in order to utilize available DSP registers.
INFO: [HLS 200-486] Changing DSP latency (root=mul_ln210_954) to 3 in order to utilize available DSP registers.
INFO: [HLS 200-486] Changing DSP latency (root=mul_ln210_953) to 3 in order to utilize available DSP registers.
INFO: [HLS 200-486] Changing DSP latency (root=mul_ln210_952) to 3 in order to utilize available DSP registers.
INFO: [HLS 200-486] Changing DSP latency (root=mul_ln210_951) to 3 in order to utilize available DSP registers.
INFO: [HLS 200-486] Changing DSP latency (root=mul_ln210_950) to 3 in order to utilize available DSP registers.
INFO: [HLS 200-486] Changing DSP latency (root=mul_ln210_949) to 3 in order to utilize available DSP registers.
INFO: [HLS 200-486] Changing DSP latency (root=mul_ln210_948) to 3 in order to utilize available DSP registers.
INFO: [HLS 200-486] Changing DSP latency (root=mul_ln210_947) to 3 in order to utilize available DSP registers.
INFO: [HLS 200-486] Changing DSP latency (root=mul_ln210_946) to 3 in order to utilize available DSP registers.
INFO: [HLS 200-486] Changing DSP latency (root=mul_ln210_945) to 3 in order to utilize available DSP registers.
INFO: [HLS 200-486] Changing DSP latency (root=mul_ln210_944) to 3 in order to utilize available DSP registers.
INFO: [HLS 200-486] Changing DSP latency (root=mul_ln210_943) to 3 in order to utilize available DSP registers.
INFO: [HLS 200-486] Changing DSP latency (root=mul_ln210_942) to 3 in order to utilize available DSP registers.
INFO: [HLS 200-486] Changing DSP latency (root=mul_ln210_941) to 3 in order to utilize available DSP registers.
INFO: [HLS 200-486] Changing DSP latency (root=mul_ln210_940) to 3 in order to utilize available DSP registers.
INFO: [HLS 200-486] Changing DSP latency (root=mul_ln210_939) to 3 in order to utilize available DSP registers.
INFO: [HLS 200-486] Changing DSP latency (root=mul_ln210_938) to 3 in order to utilize available DSP registers.
INFO: [HLS 200-486] Changing DSP latency (root=mul_ln210_937) to 3 in order to utilize available DSP registers.
INFO: [HLS 200-486] Changing DSP latency (root=mul_ln210_936) to 3 in order to utilize available DSP registers.
INFO: [HLS 200-486] Changing DSP latency (root=mul_ln210_935) to 3 in order to utilize available DSP registers.
INFO: [HLS 200-486] Changing DSP latency (root=mul_ln210_934) to 3 in order to utilize available DSP registers.
INFO: [HLS 200-486] Changing DSP latency (root=mul_ln210_933) to 3 in order to utilize available DSP registers.
INFO: [HLS 200-486] Changing DSP latency (root=mul_ln210_932) to 3 in order to utilize available DSP registers.
INFO: [HLS 200-486] Changing DSP latency (root=mul_ln210_931) to 3 in order to utilize available DSP registers.
INFO: [HLS 200-486] Changing DSP latency (root=mul_ln210_930) to 3 in order to utilize available DSP registers.
INFO: [HLS 200-486] Changing DSP latency (root=mul_ln210_929) to 3 in order to utilize available DSP registers.
INFO: [HLS 200-486] Changing DSP latency (root=mul_ln210_928) to 3 in order to utilize available DSP registers.
INFO: [HLS 200-486] Changing DSP latency (root=mul_ln210_927) to 3 in order to utilize available DSP registers.
INFO: [HLS 200-486] Changing DSP latency (root=mul_ln210_926) to 3 in order to utilize available DSP registers.
INFO: [HLS 200-486] Changing DSP latency (root=mul_ln210_925) to 3 in order to utilize available DSP registers.
INFO: [HLS 200-486] Changing DSP latency (root=mul_ln210_924) to 3 in order to utilize available DSP registers.
INFO: [HLS 200-486] Changing DSP latency (root=mul_ln210_923) to 3 in order to utilize available DSP registers.
INFO: [HLS 200-486] Changing DSP latency (root=mul_ln210_922) to 3 in order to utilize available DSP registers.
INFO: [HLS 200-486] Changing DSP latency (root=mul_ln210_921) to 3 in order to utilize available DSP registers.
INFO: [HLS 200-486] Changing DSP latency (root=mul_ln210_920) to 3 in order to utilize available DSP registers.
INFO: [HLS 200-486] Changing DSP latency (root=mul_ln210_919) to 3 in order to utilize available DSP registers.
INFO: [HLS 200-486] Changing DSP latency (root=mul_ln210_918) to 3 in order to utilize available DSP registers.
INFO: [HLS 200-486] Changing DSP latency (root=mul_ln210_917) to 3 in order to utilize available DSP registers.
INFO: [HLS 200-486] Changing DSP latency (root=mul_ln210_916) to 3 in order to utilize available DSP registers.
INFO: [HLS 200-486] Changing DSP latency (root=mul_ln210_915) to 3 in order to utilize available DSP registers.
INFO: [HLS 200-486] Changing DSP latency (root=mul_ln210_914) to 3 in order to utilize available DSP registers.
INFO: [HLS 200-486] Changing DSP latency (root=mul_ln210_913) to 3 in order to utilize available DSP registers.
INFO: [HLS 200-486] Changing DSP latency (root=mul_ln210_912) to 3 in order to utilize available DSP registers.
INFO: [HLS 200-486] Changing DSP latency (root=mul_ln210_911) to 3 in order to utilize available DSP registers.
INFO: [HLS 200-486] Changing DSP latency (root=mul_ln210_910) to 3 in order to utilize available DSP registers.
INFO: [HLS 200-486] Changing DSP latency (root=mul_ln210_909) to 3 in order to utilize available DSP registers.
INFO: [HLS 200-486] Changing DSP latency (root=mul_ln210_908) to 3 in order to utilize available DSP registers.
INFO: [HLS 200-486] Changing DSP latency (root=mul_ln210_907) to 3 in order to utilize available DSP registers.
INFO: [HLS 200-486] Changing DSP latency (root=mul_ln210_906) to 3 in order to utilize available DSP registers.
INFO: [HLS 200-486] Changing DSP latency (root=mul_ln210_905) to 3 in order to utilize available DSP registers.
INFO: [HLS 200-486] Changing DSP latency (root=mul_ln210_904) to 3 in order to utilize available DSP registers.
INFO: [HLS 200-486] Changing DSP latency (root=mul_ln210_903) to 3 in order to utilize available DSP registers.
INFO: [HLS 200-486] Changing DSP latency (root=mul_ln210_902) to 3 in order to utilize available DSP registers.
INFO: [HLS 200-486] Changing DSP latency (root=mul_ln210_901) to 3 in order to utilize available DSP registers.
INFO: [HLS 200-486] Changing DSP latency (root=mul_ln210_900) to 3 in order to utilize available DSP registers.
INFO: [HLS 200-486] Changing DSP latency (root=mul_ln210_899) to 3 in order to utilize available DSP registers.
INFO: [HLS 200-486] Changing DSP latency (root=mul_ln210_898) to 3 in order to utilize available DSP registers.
INFO: [HLS 200-486] Changing DSP latency (root=mul_ln210_897) to 3 in order to utilize available DSP registers.
INFO: [HLS 200-486] Changing DSP latency (root=mul_ln210_896) to 3 in order to utilize available DSP registers.
INFO: [HLS 200-486] Changing DSP latency (root=mul_ln210_895) to 3 in order to utilize available DSP registers.
INFO: [HLS 200-486] Changing DSP latency (root=mul_ln210_894) to 3 in order to utilize available DSP registers.
INFO: [HLS 200-486] Changing DSP latency (root=mul_ln210_893) to 3 in order to utilize available DSP registers.
INFO: [HLS 200-486] Changing DSP latency (root=mul_ln210_892) to 3 in order to utilize available DSP registers.
INFO: [HLS 200-486] Changing DSP latency (root=mul_ln210_891) to 3 in order to utilize available DSP registers.
INFO: [HLS 200-486] Changing DSP latency (root=mul_ln210_890) to 3 in order to utilize available DSP registers.
INFO: [HLS 200-486] Changing DSP latency (root=mul_ln210_889) to 3 in order to utilize available DSP registers.
INFO: [HLS 200-486] Changing DSP latency (root=mul_ln210_888) to 3 in order to utilize available DSP registers.
INFO: [HLS 200-486] Changing DSP latency (root=mul_ln210_887) to 3 in order to utilize available DSP registers.
INFO: [HLS 200-486] Changing DSP latency (root=mul_ln210_886) to 3 in order to utilize available DSP registers.
INFO: [HLS 200-486] Changing DSP latency (root=mul_ln210_885) to 3 in order to utilize available DSP registers.
INFO: [HLS 200-486] Changing DSP latency (root=mul_ln210_884) to 3 in order to utilize available DSP registers.
INFO: [HLS 200-486] Changing DSP latency (root=mul_ln210_883) to 3 in order to utilize available DSP registers.
INFO: [HLS 200-486] Changing DSP latency (root=mul_ln210_882) to 3 in order to utilize available DSP registers.
INFO: [HLS 200-486] Changing DSP latency (root=mul_ln210_881) to 3 in order to utilize available DSP registers.
INFO: [HLS 200-486] Changing DSP latency (root=mul_ln210_880) to 3 in order to utilize available DSP registers.
INFO: [HLS 200-486] Changing DSP latency (root=mul_ln210_879) to 3 in order to utilize available DSP registers.
INFO: [HLS 200-486] Changing DSP latency (root=mul_ln210_878) to 3 in order to utilize available DSP registers.
INFO: [HLS 200-486] Changing DSP latency (root=mul_ln210_877) to 3 in order to utilize available DSP registers.
INFO: [HLS 200-486] Changing DSP latency (root=mul_ln210_876) to 3 in order to utilize available DSP registers.
INFO: [HLS 200-486] Changing DSP latency (root=mul_ln210_875) to 3 in order to utilize available DSP registers.
INFO: [HLS 200-486] Changing DSP latency (root=mul_ln210_874) to 3 in order to utilize available DSP registers.
INFO: [HLS 200-486] Changing DSP latency (root=mul_ln210_873) to 3 in order to utilize available DSP registers.
INFO: [HLS 200-486] Changing DSP latency (root=mul_ln210_872) to 3 in order to utilize available DSP registers.
INFO: [HLS 200-486] Changing DSP latency (root=mul_ln210_871) to 3 in order to utilize available DSP registers.
INFO: [HLS 200-486] Changing DSP latency (root=mul_ln210_870) to 3 in order to utilize available DSP registers.
INFO: [HLS 200-486] Changing DSP latency (root=mul_ln210_869) to 3 in order to utilize available DSP registers.
INFO: [HLS 200-486] Changing DSP latency (root=mul_ln210_868) to 3 in order to utilize available DSP registers.
INFO: [HLS 200-486] Changing DSP latency (root=mul_ln210_867) to 3 in order to utilize available DSP registers.
INFO: [HLS 200-486] Changing DSP latency (root=mul_ln210_866) to 3 in order to utilize available DSP registers.
INFO: [HLS 200-486] Changing DSP latency (root=mul_ln210_865) to 3 in order to utilize available DSP registers.
INFO: [HLS 200-486] Changing DSP latency (root=mul_ln210_864) to 3 in order to utilize available DSP registers.
INFO: [HLS 200-486] Changing DSP latency (root=mul_ln210_863) to 3 in order to utilize available DSP registers.
INFO: [HLS 200-486] Changing DSP latency (root=mul_ln210_862) to 3 in order to utilize available DSP registers.
INFO: [HLS 200-486] Changing DSP latency (root=mul_ln210_861) to 3 in order to utilize available DSP registers.
INFO: [HLS 200-486] Changing DSP latency (root=mul_ln210_860) to 3 in order to utilize available DSP registers.
INFO: [HLS 200-486] Changing DSP latency (root=mul_ln210_859) to 3 in order to utilize available DSP registers.
INFO: [HLS 200-486] Changing DSP latency (root=mul_ln210_858) to 3 in order to utilize available DSP registers.
INFO: [HLS 200-486] Changing DSP latency (root=mul_ln210_857) to 3 in order to utilize available DSP registers.
INFO: [HLS 200-486] Changing DSP latency (root=mul_ln210_856) to 3 in order to utilize available DSP registers.
INFO: [HLS 200-486] Changing DSP latency (root=mul_ln210_855) to 3 in order to utilize available DSP registers.
INFO: [HLS 200-486] Changing DSP latency (root=mul_ln210_854) to 3 in order to utilize available DSP registers.
INFO: [HLS 200-486] Changing DSP latency (root=mul_ln210_853) to 3 in order to utilize available DSP registers.
INFO: [HLS 200-486] Changing DSP latency (root=mul_ln210_852) to 3 in order to utilize available DSP registers.
INFO: [HLS 200-486] Changing DSP latency (root=mul_ln210_851) to 3 in order to utilize available DSP registers.
INFO: [HLS 200-486] Changing DSP latency (root=mul_ln210_850) to 3 in order to utilize available DSP registers.
INFO: [HLS 200-486] Changing DSP latency (root=mul_ln210_849) to 3 in order to utilize available DSP registers.
INFO: [HLS 200-486] Changing DSP latency (root=mul_ln210_848) to 3 in order to utilize available DSP registers.
INFO: [HLS 200-486] Changing DSP latency (root=mul_ln210_847) to 3 in order to utilize available DSP registers.
INFO: [HLS 200-486] Changing DSP latency (root=mul_ln210_846) to 3 in order to utilize available DSP registers.
INFO: [HLS 200-486] Changing DSP latency (root=mul_ln210_845) to 3 in order to utilize available DSP registers.
INFO: [HLS 200-486] Changing DSP latency (root=mul_ln210_844) to 3 in order to utilize available DSP registers.
INFO: [HLS 200-486] Changing DSP latency (root=mul_ln210_843) to 3 in order to utilize available DSP registers.
INFO: [HLS 200-486] Changing DSP latency (root=mul_ln210_842) to 3 in order to utilize available DSP registers.
INFO: [HLS 200-486] Changing DSP latency (root=mul_ln210_841) to 3 in order to utilize available DSP registers.
INFO: [HLS 200-486] Changing DSP latency (root=mul_ln210_840) to 3 in order to utilize available DSP registers.
INFO: [HLS 200-486] Changing DSP latency (root=mul_ln210_839) to 3 in order to utilize available DSP registers.
INFO: [HLS 200-486] Changing DSP latency (root=mul_ln210_838) to 3 in order to utilize available DSP registers.
INFO: [HLS 200-486] Changing DSP latency (root=mul_ln210_837) to 3 in order to utilize available DSP registers.
INFO: [HLS 200-486] Changing DSP latency (root=mul_ln210_836) to 3 in order to utilize available DSP registers.
INFO: [HLS 200-486] Changing DSP latency (root=mul_ln210_835) to 3 in order to utilize available DSP registers.
INFO: [HLS 200-486] Changing DSP latency (root=mul_ln210_834) to 3 in order to utilize available DSP registers.
INFO: [HLS 200-486] Changing DSP latency (root=mul_ln210_833) to 3 in order to utilize available DSP registers.
INFO: [HLS 200-486] Changing DSP latency (root=mul_ln210_832) to 3 in order to utilize available DSP registers.
INFO: [HLS 200-486] Changing DSP latency (root=mul_ln210_831) to 3 in order to utilize available DSP registers.
INFO: [HLS 200-486] Changing DSP latency (root=mul_ln210_830) to 3 in order to utilize available DSP registers.
INFO: [HLS 200-486] Changing DSP latency (root=mul_ln210_829) to 3 in order to utilize available DSP registers.
INFO: [HLS 200-486] Changing DSP latency (root=mul_ln210_828) to 3 in order to utilize available DSP registers.
INFO: [HLS 200-486] Changing DSP latency (root=mul_ln210_827) to 3 in order to utilize available DSP registers.
INFO: [HLS 200-486] Changing DSP latency (root=mul_ln210_826) to 3 in order to utilize available DSP registers.
INFO: [HLS 200-486] Changing DSP latency (root=mul_ln210_825) to 3 in order to utilize available DSP registers.
INFO: [HLS 200-486] Changing DSP latency (root=mul_ln210_824) to 3 in order to utilize available DSP registers.
INFO: [HLS 200-486] Changing DSP latency (root=mul_ln210_823) to 3 in order to utilize available DSP registers.
INFO: [HLS 200-486] Changing DSP latency (root=mul_ln210_822) to 3 in order to utilize available DSP registers.
INFO: [HLS 200-486] Changing DSP latency (root=mul_ln210_821) to 3 in order to utilize available DSP registers.
INFO: [HLS 200-486] Changing DSP latency (root=mul_ln210_820) to 3 in order to utilize available DSP registers.
INFO: [HLS 200-486] Changing DSP latency (root=mul_ln210_819) to 3 in order to utilize available DSP registers.
INFO: [HLS 200-486] Changing DSP latency (root=mul_ln210_818) to 3 in order to utilize available DSP registers.
INFO: [HLS 200-486] Changing DSP latency (root=mul_ln210_817) to 3 in order to utilize available DSP registers.
INFO: [HLS 200-486] Changing DSP latency (root=mul_ln210_816) to 3 in order to utilize available DSP registers.
INFO: [HLS 200-486] Changing DSP latency (root=mul_ln210_815) to 3 in order to utilize available DSP registers.
INFO: [HLS 200-486] Changing DSP latency (root=mul_ln210_814) to 3 in order to utilize available DSP registers.
INFO: [HLS 200-486] Changing DSP latency (root=mul_ln210_813) to 3 in order to utilize available DSP registers.
INFO: [HLS 200-486] Changing DSP latency (root=mul_ln210_812) to 3 in order to utilize available DSP registers.
INFO: [HLS 200-486] Changing DSP latency (root=mul_ln210_811) to 3 in order to utilize available DSP registers.
INFO: [HLS 200-486] Changing DSP latency (root=mul_ln210_810) to 3 in order to utilize available DSP registers.
INFO: [HLS 200-486] Changing DSP latency (root=mul_ln210_809) to 3 in order to utilize available DSP registers.
INFO: [HLS 200-486] Changing DSP latency (root=mul_ln210_808) to 3 in order to utilize available DSP registers.
INFO: [HLS 200-486] Changing DSP latency (root=mul_ln210_807) to 3 in order to utilize available DSP registers.
INFO: [HLS 200-486] Changing DSP latency (root=mul_ln210_806) to 3 in order to utilize available DSP registers.
INFO: [HLS 200-486] Changing DSP latency (root=mul_ln210_805) to 3 in order to utilize available DSP registers.
INFO: [HLS 200-486] Changing DSP latency (root=mul_ln210_804) to 3 in order to utilize available DSP registers.
INFO: [HLS 200-486] Changing DSP latency (root=mul_ln210_803) to 3 in order to utilize available DSP registers.
INFO: [HLS 200-486] Changing DSP latency (root=mul_ln210_802) to 3 in order to utilize available DSP registers.
INFO: [HLS 200-486] Changing DSP latency (root=mul_ln210_801) to 3 in order to utilize available DSP registers.
INFO: [HLS 200-486] Changing DSP latency (root=mul_ln210_800) to 3 in order to utilize available DSP registers.
INFO: [HLS 200-486] Changing DSP latency (root=mul_ln210_799) to 3 in order to utilize available DSP registers.
INFO: [HLS 200-486] Changing DSP latency (root=mul_ln210_798) to 3 in order to utilize available DSP registers.
INFO: [HLS 200-486] Changing DSP latency (root=mul_ln210_797) to 3 in order to utilize available DSP registers.
INFO: [HLS 200-486] Changing DSP latency (root=mul_ln210_796) to 3 in order to utilize available DSP registers.
INFO: [HLS 200-486] Changing DSP latency (root=mul_ln210_795) to 3 in order to utilize available DSP registers.
INFO: [HLS 200-486] Changing DSP latency (root=mul_ln210_794) to 3 in order to utilize available DSP registers.
INFO: [HLS 200-486] Changing DSP latency (root=mul_ln210_793) to 3 in order to utilize available DSP registers.
INFO: [HLS 200-486] Changing DSP latency (root=mul_ln210_792) to 3 in order to utilize available DSP registers.
INFO: [HLS 200-486] Changing DSP latency (root=mul_ln210_791) to 3 in order to utilize available DSP registers.
INFO: [HLS 200-486] Changing DSP latency (root=mul_ln210_790) to 3 in order to utilize available DSP registers.
INFO: [HLS 200-486] Changing DSP latency (root=mul_ln210_789) to 3 in order to utilize available DSP registers.
INFO: [HLS 200-486] Changing DSP latency (root=mul_ln210_788) to 3 in order to utilize available DSP registers.
INFO: [HLS 200-486] Changing DSP latency (root=mul_ln210_787) to 3 in order to utilize available DSP registers.
INFO: [HLS 200-486] Changing DSP latency (root=mul_ln210_786) to 3 in order to utilize available DSP registers.
INFO: [HLS 200-486] Changing DSP latency (root=mul_ln210_785) to 3 in order to utilize available DSP registers.
INFO: [HLS 200-486] Changing DSP latency (root=mul_ln210_784) to 3 in order to utilize available DSP registers.
INFO: [HLS 200-486] Changing DSP latency (root=mul_ln210_783) to 3 in order to utilize available DSP registers.
INFO: [HLS 200-486] Changing DSP latency (root=mul_ln210_782) to 3 in order to utilize available DSP registers.
INFO: [HLS 200-486] Changing DSP latency (root=mul_ln210_781) to 3 in order to utilize available DSP registers.
INFO: [HLS 200-486] Changing DSP latency (root=mul_ln210_780) to 3 in order to utilize available DSP registers.
INFO: [HLS 200-486] Changing DSP latency (root=mul_ln210_779) to 3 in order to utilize available DSP registers.
INFO: [HLS 200-486] Changing DSP latency (root=mul_ln210_778) to 3 in order to utilize available DSP registers.
INFO: [HLS 200-486] Changing DSP latency (root=mul_ln210_777) to 3 in order to utilize available DSP registers.
INFO: [HLS 200-486] Changing DSP latency (root=mul_ln210_776) to 3 in order to utilize available DSP registers.
INFO: [HLS 200-486] Changing DSP latency (root=mul_ln210_775) to 3 in order to utilize available DSP registers.
INFO: [HLS 200-486] Changing DSP latency (root=mul_ln210_774) to 3 in order to utilize available DSP registers.
INFO: [HLS 200-486] Changing DSP latency (root=mul_ln210_773) to 3 in order to utilize available DSP registers.
INFO: [HLS 200-486] Changing DSP latency (root=mul_ln210_772) to 3 in order to utilize available DSP registers.
INFO: [HLS 200-486] Changing DSP latency (root=mul_ln210_771) to 3 in order to utilize available DSP registers.
INFO: [HLS 200-486] Changing DSP latency (root=mul_ln210_770) to 3 in order to utilize available DSP registers.
INFO: [HLS 200-486] Changing DSP latency (root=mul_ln210_769) to 3 in order to utilize available DSP registers.
INFO: [HLS 200-486] Changing DSP latency (root=mul_ln210_768) to 3 in order to utilize available DSP registers.
INFO: [HLS 200-486] Changing DSP latency (root=mul_ln210_767) to 3 in order to utilize available DSP registers.
INFO: [HLS 200-486] Changing DSP latency (root=mul_ln210_766) to 3 in order to utilize available DSP registers.
INFO: [HLS 200-486] Changing DSP latency (root=mul_ln210_765) to 3 in order to utilize available DSP registers.
INFO: [HLS 200-486] Changing DSP latency (root=mul_ln210_764) to 3 in order to utilize available DSP registers.
INFO: [HLS 200-486] Changing DSP latency (root=mul_ln210_763) to 3 in order to utilize available DSP registers.
INFO: [HLS 200-486] Changing DSP latency (root=mul_ln210_762) to 3 in order to utilize available DSP registers.
INFO: [HLS 200-486] Changing DSP latency (root=mul_ln210_761) to 3 in order to utilize available DSP registers.
INFO: [HLS 200-486] Changing DSP latency (root=mul_ln210_760) to 3 in order to utilize available DSP registers.
INFO: [HLS 200-486] Changing DSP latency (root=mul_ln210_759) to 3 in order to utilize available DSP registers.
INFO: [HLS 200-486] Changing DSP latency (root=mul_ln210_758) to 3 in order to utilize available DSP registers.
INFO: [HLS 200-486] Changing DSP latency (root=mul_ln210_757) to 3 in order to utilize available DSP registers.
INFO: [HLS 200-486] Changing DSP latency (root=mul_ln210_756) to 3 in order to utilize available DSP registers.
INFO: [HLS 200-486] Changing DSP latency (root=mul_ln210_755) to 3 in order to utilize available DSP registers.
INFO: [HLS 200-486] Changing DSP latency (root=mul_ln210_754) to 3 in order to utilize available DSP registers.
INFO: [HLS 200-486] Changing DSP latency (root=mul_ln210_753) to 3 in order to utilize available DSP registers.
INFO: [HLS 200-486] Changing DSP latency (root=mul_ln210_752) to 3 in order to utilize available DSP registers.
INFO: [HLS 200-486] Changing DSP latency (root=mul_ln210_751) to 3 in order to utilize available DSP registers.
INFO: [HLS 200-486] Changing DSP latency (root=mul_ln210_750) to 3 in order to utilize available DSP registers.
INFO: [HLS 200-486] Changing DSP latency (root=mul_ln210_749) to 3 in order to utilize available DSP registers.
INFO: [HLS 200-486] Changing DSP latency (root=mul_ln210_748) to 3 in order to utilize available DSP registers.
INFO: [HLS 200-486] Changing DSP latency (root=mul_ln210_747) to 3 in order to utilize available DSP registers.
INFO: [HLS 200-486] Changing DSP latency (root=mul_ln210_746) to 3 in order to utilize available DSP registers.
INFO: [HLS 200-486] Changing DSP latency (root=mul_ln210_745) to 3 in order to utilize available DSP registers.
INFO: [HLS 200-486] Changing DSP latency (root=mul_ln210_744) to 3 in order to utilize available DSP registers.
INFO: [HLS 200-486] Changing DSP latency (root=mul_ln210_743) to 3 in order to utilize available DSP registers.
INFO: [HLS 200-486] Changing DSP latency (root=mul_ln210_742) to 3 in order to utilize available DSP registers.
INFO: [HLS 200-486] Changing DSP latency (root=mul_ln210_741) to 3 in order to utilize available DSP registers.
INFO: [HLS 200-486] Changing DSP latency (root=mul_ln210_740) to 3 in order to utilize available DSP registers.
INFO: [HLS 200-486] Changing DSP latency (root=mul_ln210_739) to 3 in order to utilize available DSP registers.
INFO: [HLS 200-486] Changing DSP latency (root=mul_ln210_738) to 3 in order to utilize available DSP registers.
INFO: [HLS 200-486] Changing DSP latency (root=mul_ln210_737) to 3 in order to utilize available DSP registers.
INFO: [HLS 200-486] Changing DSP latency (root=mul_ln210_736) to 3 in order to utilize available DSP registers.
INFO: [HLS 200-486] Changing DSP latency (root=mul_ln210_735) to 3 in order to utilize available DSP registers.
INFO: [HLS 200-486] Changing DSP latency (root=mul_ln210_734) to 3 in order to utilize available DSP registers.
INFO: [HLS 200-486] Changing DSP latency (root=mul_ln210_733) to 3 in order to utilize available DSP registers.
INFO: [HLS 200-486] Changing DSP latency (root=mul_ln210_732) to 3 in order to utilize available DSP registers.
INFO: [HLS 200-486] Changing DSP latency (root=mul_ln210_731) to 3 in order to utilize available DSP registers.
INFO: [HLS 200-486] Changing DSP latency (root=mul_ln210_730) to 3 in order to utilize available DSP registers.
INFO: [HLS 200-486] Changing DSP latency (root=mul_ln210_729) to 3 in order to utilize available DSP registers.
INFO: [HLS 200-486] Changing DSP latency (root=mul_ln210_728) to 3 in order to utilize available DSP registers.
INFO: [HLS 200-486] Changing DSP latency (root=mul_ln210_727) to 3 in order to utilize available DSP registers.
INFO: [HLS 200-486] Changing DSP latency (root=mul_ln210_726) to 3 in order to utilize available DSP registers.
INFO: [HLS 200-486] Changing DSP latency (root=mul_ln210_725) to 3 in order to utilize available DSP registers.
INFO: [HLS 200-486] Changing DSP latency (root=mul_ln210_724) to 3 in order to utilize available DSP registers.
INFO: [HLS 200-486] Changing DSP latency (root=mul_ln210_723) to 3 in order to utilize available DSP registers.
INFO: [HLS 200-486] Changing DSP latency (root=mul_ln210_722) to 3 in order to utilize available DSP registers.
INFO: [HLS 200-486] Changing DSP latency (root=mul_ln210_721) to 3 in order to utilize available DSP registers.
INFO: [HLS 200-486] Changing DSP latency (root=mul_ln210_720) to 3 in order to utilize available DSP registers.
INFO: [HLS 200-486] Changing DSP latency (root=mul_ln210_719) to 3 in order to utilize available DSP registers.
INFO: [HLS 200-486] Changing DSP latency (root=mul_ln210_718) to 3 in order to utilize available DSP registers.
INFO: [HLS 200-486] Changing DSP latency (root=mul_ln210_717) to 3 in order to utilize available DSP registers.
INFO: [HLS 200-486] Changing DSP latency (root=mul_ln210_716) to 3 in order to utilize available DSP registers.
INFO: [HLS 200-486] Changing DSP latency (root=mul_ln210_715) to 3 in order to utilize available DSP registers.
INFO: [HLS 200-486] Changing DSP latency (root=mul_ln210_714) to 3 in order to utilize available DSP registers.
INFO: [HLS 200-486] Changing DSP latency (root=mul_ln210_713) to 3 in order to utilize available DSP registers.
INFO: [HLS 200-486] Changing DSP latency (root=mul_ln210_712) to 3 in order to utilize available DSP registers.
INFO: [HLS 200-486] Changing DSP latency (root=mul_ln210_711) to 3 in order to utilize available DSP registers.
INFO: [HLS 200-486] Changing DSP latency (root=mul_ln210_710) to 3 in order to utilize available DSP registers.
INFO: [HLS 200-486] Changing DSP latency (root=mul_ln210_709) to 3 in order to utilize available DSP registers.
INFO: [HLS 200-486] Changing DSP latency (root=mul_ln210_708) to 3 in order to utilize available DSP registers.
INFO: [HLS 200-486] Changing DSP latency (root=mul_ln210_707) to 3 in order to utilize available DSP registers.
INFO: [HLS 200-486] Changing DSP latency (root=mul_ln210_706) to 3 in order to utilize available DSP registers.
INFO: [HLS 200-486] Changing DSP latency (root=mul_ln210_705) to 3 in order to utilize available DSP registers.
INFO: [HLS 200-486] Changing DSP latency (root=mul_ln210_704) to 3 in order to utilize available DSP registers.
INFO: [HLS 200-486] Changing DSP latency (root=mul_ln210_703) to 3 in order to utilize available DSP registers.
INFO: [HLS 200-486] Changing DSP latency (root=mul_ln210_702) to 3 in order to utilize available DSP registers.
INFO: [HLS 200-486] Changing DSP latency (root=mul_ln210_701) to 3 in order to utilize available DSP registers.
INFO: [HLS 200-486] Changing DSP latency (root=mul_ln210_700) to 3 in order to utilize available DSP registers.
INFO: [HLS 200-486] Changing DSP latency (root=mul_ln210_699) to 3 in order to utilize available DSP registers.
INFO: [HLS 200-486] Changing DSP latency (root=mul_ln210_698) to 3 in order to utilize available DSP registers.
INFO: [HLS 200-486] Changing DSP latency (root=mul_ln210_697) to 3 in order to utilize available DSP registers.
INFO: [HLS 200-486] Changing DSP latency (root=mul_ln210_696) to 3 in order to utilize available DSP registers.
INFO: [HLS 200-486] Changing DSP latency (root=mul_ln210_695) to 3 in order to utilize available DSP registers.
INFO: [HLS 200-486] Changing DSP latency (root=mul_ln210_694) to 3 in order to utilize available DSP registers.
INFO: [HLS 200-486] Changing DSP latency (root=mul_ln210_693) to 3 in order to utilize available DSP registers.
INFO: [HLS 200-486] Changing DSP latency (root=mul_ln210_692) to 3 in order to utilize available DSP registers.
INFO: [HLS 200-486] Changing DSP latency (root=mul_ln210_691) to 3 in order to utilize available DSP registers.
INFO: [HLS 200-486] Changing DSP latency (root=mul_ln210_690) to 3 in order to utilize available DSP registers.
INFO: [HLS 200-486] Changing DSP latency (root=mul_ln210_689) to 3 in order to utilize available DSP registers.
INFO: [HLS 200-486] Changing DSP latency (root=mul_ln210_688) to 3 in order to utilize available DSP registers.
INFO: [HLS 200-486] Changing DSP latency (root=mul_ln210_687) to 3 in order to utilize available DSP registers.
INFO: [HLS 200-486] Changing DSP latency (root=mul_ln210_686) to 3 in order to utilize available DSP registers.
INFO: [HLS 200-486] Changing DSP latency (root=mul_ln210_685) to 3 in order to utilize available DSP registers.
INFO: [HLS 200-486] Changing DSP latency (root=mul_ln210_684) to 3 in order to utilize available DSP registers.
INFO: [HLS 200-486] Changing DSP latency (root=mul_ln210_683) to 3 in order to utilize available DSP registers.
INFO: [HLS 200-486] Changing DSP latency (root=mul_ln210_682) to 3 in order to utilize available DSP registers.
INFO: [HLS 200-486] Changing DSP latency (root=mul_ln210_681) to 3 in order to utilize available DSP registers.
INFO: [HLS 200-486] Changing DSP latency (root=mul_ln210_680) to 3 in order to utilize available DSP registers.
INFO: [HLS 200-486] Changing DSP latency (root=mul_ln210_679) to 3 in order to utilize available DSP registers.
INFO: [HLS 200-486] Changing DSP latency (root=mul_ln210_678) to 3 in order to utilize available DSP registers.
INFO: [HLS 200-486] Changing DSP latency (root=mul_ln210_677) to 3 in order to utilize available DSP registers.
INFO: [HLS 200-486] Changing DSP latency (root=mul_ln210_676) to 3 in order to utilize available DSP registers.
INFO: [HLS 200-486] Changing DSP latency (root=mul_ln210_675) to 3 in order to utilize available DSP registers.
INFO: [HLS 200-486] Changing DSP latency (root=mul_ln210_674) to 3 in order to utilize available DSP registers.
INFO: [HLS 200-486] Changing DSP latency (root=mul_ln210_673) to 3 in order to utilize available DSP registers.
INFO: [HLS 200-486] Changing DSP latency (root=mul_ln210_672) to 3 in order to utilize available DSP registers.
INFO: [HLS 200-486] Changing DSP latency (root=mul_ln210_671) to 3 in order to utilize available DSP registers.
INFO: [HLS 200-486] Changing DSP latency (root=mul_ln210_670) to 3 in order to utilize available DSP registers.
INFO: [HLS 200-486] Changing DSP latency (root=mul_ln210_669) to 3 in order to utilize available DSP registers.
INFO: [HLS 200-486] Changing DSP latency (root=mul_ln210_668) to 3 in order to utilize available DSP registers.
INFO: [HLS 200-486] Changing DSP latency (root=mul_ln210_667) to 3 in order to utilize available DSP registers.
INFO: [HLS 200-486] Changing DSP latency (root=mul_ln210_666) to 3 in order to utilize available DSP registers.
INFO: [HLS 200-486] Changing DSP latency (root=mul_ln210_665) to 3 in order to utilize available DSP registers.
INFO: [HLS 200-486] Changing DSP latency (root=mul_ln210_664) to 3 in order to utilize available DSP registers.
INFO: [HLS 200-486] Changing DSP latency (root=mul_ln210_663) to 3 in order to utilize available DSP registers.
INFO: [HLS 200-486] Changing DSP latency (root=mul_ln210_662) to 3 in order to utilize available DSP registers.
INFO: [HLS 200-486] Changing DSP latency (root=mul_ln210_661) to 3 in order to utilize available DSP registers.
INFO: [HLS 200-486] Changing DSP latency (root=mul_ln210_660) to 3 in order to utilize available DSP registers.
INFO: [HLS 200-486] Changing DSP latency (root=mul_ln210_659) to 3 in order to utilize available DSP registers.
INFO: [HLS 200-486] Changing DSP latency (root=mul_ln210_658) to 3 in order to utilize available DSP registers.
INFO: [HLS 200-486] Changing DSP latency (root=mul_ln210_657) to 3 in order to utilize available DSP registers.
INFO: [HLS 200-486] Changing DSP latency (root=mul_ln210_656) to 3 in order to utilize available DSP registers.
INFO: [HLS 200-486] Changing DSP latency (root=mul_ln210_655) to 3 in order to utilize available DSP registers.
INFO: [HLS 200-486] Changing DSP latency (root=mul_ln210_654) to 3 in order to utilize available DSP registers.
INFO: [HLS 200-486] Changing DSP latency (root=mul_ln210_653) to 3 in order to utilize available DSP registers.
INFO: [HLS 200-486] Changing DSP latency (root=mul_ln210_652) to 3 in order to utilize available DSP registers.
INFO: [HLS 200-486] Changing DSP latency (root=mul_ln210_651) to 3 in order to utilize available DSP registers.
INFO: [HLS 200-486] Changing DSP latency (root=mul_ln210_650) to 3 in order to utilize available DSP registers.
INFO: [HLS 200-486] Changing DSP latency (root=mul_ln210_649) to 3 in order to utilize available DSP registers.
INFO: [HLS 200-486] Changing DSP latency (root=mul_ln210_648) to 3 in order to utilize available DSP registers.
INFO: [HLS 200-486] Changing DSP latency (root=mul_ln210_647) to 3 in order to utilize available DSP registers.
INFO: [HLS 200-486] Changing DSP latency (root=mul_ln210_646) to 3 in order to utilize available DSP registers.
INFO: [HLS 200-486] Changing DSP latency (root=mul_ln210_645) to 3 in order to utilize available DSP registers.
INFO: [HLS 200-486] Changing DSP latency (root=mul_ln210_644) to 3 in order to utilize available DSP registers.
INFO: [HLS 200-486] Changing DSP latency (root=mul_ln210_643) to 3 in order to utilize available DSP registers.
INFO: [HLS 200-486] Changing DSP latency (root=mul_ln210_642) to 3 in order to utilize available DSP registers.
INFO: [HLS 200-486] Changing DSP latency (root=mul_ln210_641) to 3 in order to utilize available DSP registers.
INFO: [HLS 200-486] Changing DSP latency (root=mul_ln210_640) to 3 in order to utilize available DSP registers.
INFO: [HLS 200-486] Changing DSP latency (root=mul_ln210_639) to 3 in order to utilize available DSP registers.
INFO: [HLS 200-486] Changing DSP latency (root=mul_ln210_638) to 3 in order to utilize available DSP registers.
INFO: [HLS 200-486] Changing DSP latency (root=mul_ln210_637) to 3 in order to utilize available DSP registers.
INFO: [HLS 200-486] Changing DSP latency (root=mul_ln210_636) to 3 in order to utilize available DSP registers.
INFO: [HLS 200-486] Changing DSP latency (root=mul_ln210_635) to 3 in order to utilize available DSP registers.
INFO: [HLS 200-486] Changing DSP latency (root=mul_ln210_634) to 3 in order to utilize available DSP registers.
INFO: [HLS 200-486] Changing DSP latency (root=mul_ln210_633) to 3 in order to utilize available DSP registers.
INFO: [HLS 200-486] Changing DSP latency (root=mul_ln210_632) to 3 in order to utilize available DSP registers.
INFO: [HLS 200-486] Changing DSP latency (root=mul_ln210_631) to 3 in order to utilize available DSP registers.
INFO: [HLS 200-486] Changing DSP latency (root=mul_ln210_630) to 3 in order to utilize available DSP registers.
INFO: [HLS 200-486] Changing DSP latency (root=mul_ln210_629) to 3 in order to utilize available DSP registers.
INFO: [HLS 200-486] Changing DSP latency (root=mul_ln210_628) to 3 in order to utilize available DSP registers.
INFO: [HLS 200-486] Changing DSP latency (root=mul_ln210_627) to 3 in order to utilize available DSP registers.
INFO: [HLS 200-486] Changing DSP latency (root=mul_ln210_626) to 3 in order to utilize available DSP registers.
INFO: [HLS 200-486] Changing DSP latency (root=mul_ln210_625) to 3 in order to utilize available DSP registers.
INFO: [HLS 200-486] Changing DSP latency (root=mul_ln210_624) to 3 in order to utilize available DSP registers.
INFO: [HLS 200-486] Changing DSP latency (root=mul_ln210_623) to 3 in order to utilize available DSP registers.
INFO: [HLS 200-486] Changing DSP latency (root=mul_ln210_622) to 3 in order to utilize available DSP registers.
INFO: [HLS 200-486] Changing DSP latency (root=mul_ln210_621) to 3 in order to utilize available DSP registers.
INFO: [HLS 200-486] Changing DSP latency (root=mul_ln210_620) to 3 in order to utilize available DSP registers.
INFO: [HLS 200-486] Changing DSP latency (root=mul_ln210_619) to 3 in order to utilize available DSP registers.
INFO: [HLS 200-486] Changing DSP latency (root=mul_ln210_618) to 3 in order to utilize available DSP registers.
INFO: [HLS 200-486] Changing DSP latency (root=mul_ln210_617) to 3 in order to utilize available DSP registers.
INFO: [HLS 200-486] Changing DSP latency (root=mul_ln210_616) to 3 in order to utilize available DSP registers.
INFO: [HLS 200-486] Changing DSP latency (root=mul_ln210_615) to 3 in order to utilize available DSP registers.
INFO: [HLS 200-486] Changing DSP latency (root=mul_ln210_614) to 3 in order to utilize available DSP registers.
INFO: [HLS 200-486] Changing DSP latency (root=mul_ln210_613) to 3 in order to utilize available DSP registers.
INFO: [HLS 200-486] Changing DSP latency (root=mul_ln210_612) to 3 in order to utilize available DSP registers.
INFO: [HLS 200-486] Changing DSP latency (root=mul_ln210_611) to 3 in order to utilize available DSP registers.
INFO: [HLS 200-486] Changing DSP latency (root=mul_ln210_610) to 3 in order to utilize available DSP registers.
INFO: [HLS 200-486] Changing DSP latency (root=mul_ln210_609) to 3 in order to utilize available DSP registers.
INFO: [HLS 200-486] Changing DSP latency (root=mul_ln210_608) to 3 in order to utilize available DSP registers.
INFO: [HLS 200-486] Changing DSP latency (root=mul_ln210_607) to 3 in order to utilize available DSP registers.
INFO: [HLS 200-486] Changing DSP latency (root=mul_ln210_606) to 3 in order to utilize available DSP registers.
INFO: [HLS 200-486] Changing DSP latency (root=mul_ln210_605) to 3 in order to utilize available DSP registers.
INFO: [HLS 200-486] Changing DSP latency (root=mul_ln210_604) to 3 in order to utilize available DSP registers.
INFO: [HLS 200-486] Changing DSP latency (root=mul_ln210_603) to 3 in order to utilize available DSP registers.
INFO: [HLS 200-486] Changing DSP latency (root=mul_ln210_602) to 3 in order to utilize available DSP registers.
INFO: [HLS 200-486] Changing DSP latency (root=mul_ln210_601) to 3 in order to utilize available DSP registers.
INFO: [HLS 200-486] Changing DSP latency (root=mul_ln210_600) to 3 in order to utilize available DSP registers.
INFO: [HLS 200-486] Changing DSP latency (root=mul_ln210_599) to 3 in order to utilize available DSP registers.
INFO: [HLS 200-486] Changing DSP latency (root=mul_ln210_598) to 3 in order to utilize available DSP registers.
INFO: [HLS 200-486] Changing DSP latency (root=mul_ln210_597) to 3 in order to utilize available DSP registers.
INFO: [HLS 200-486] Changing DSP latency (root=mul_ln210_596) to 3 in order to utilize available DSP registers.
INFO: [HLS 200-486] Changing DSP latency (root=mul_ln210_595) to 3 in order to utilize available DSP registers.
INFO: [HLS 200-486] Changing DSP latency (root=mul_ln210_594) to 3 in order to utilize available DSP registers.
INFO: [HLS 200-486] Changing DSP latency (root=mul_ln210_593) to 3 in order to utilize available DSP registers.
INFO: [HLS 200-486] Changing DSP latency (root=mul_ln210_592) to 3 in order to utilize available DSP registers.
INFO: [HLS 200-486] Changing DSP latency (root=mul_ln210_591) to 3 in order to utilize available DSP registers.
INFO: [HLS 200-486] Changing DSP latency (root=mul_ln210_590) to 3 in order to utilize available DSP registers.
INFO: [HLS 200-486] Changing DSP latency (root=mul_ln210_589) to 3 in order to utilize available DSP registers.
INFO: [HLS 200-486] Changing DSP latency (root=mul_ln210_588) to 3 in order to utilize available DSP registers.
INFO: [HLS 200-486] Changing DSP latency (root=mul_ln210_587) to 3 in order to utilize available DSP registers.
INFO: [HLS 200-486] Changing DSP latency (root=mul_ln210_586) to 3 in order to utilize available DSP registers.
INFO: [HLS 200-486] Changing DSP latency (root=mul_ln210_585) to 3 in order to utilize available DSP registers.
INFO: [HLS 200-486] Changing DSP latency (root=mul_ln210_584) to 3 in order to utilize available DSP registers.
INFO: [HLS 200-486] Changing DSP latency (root=mul_ln210_583) to 3 in order to utilize available DSP registers.
INFO: [HLS 200-486] Changing DSP latency (root=mul_ln210_582) to 3 in order to utilize available DSP registers.
INFO: [HLS 200-486] Changing DSP latency (root=mul_ln210_581) to 3 in order to utilize available DSP registers.
INFO: [HLS 200-486] Changing DSP latency (root=mul_ln210_580) to 3 in order to utilize available DSP registers.
INFO: [HLS 200-486] Changing DSP latency (root=mul_ln210_579) to 3 in order to utilize available DSP registers.
INFO: [HLS 200-486] Changing DSP latency (root=mul_ln210_578) to 3 in order to utilize available DSP registers.
INFO: [HLS 200-486] Changing DSP latency (root=mul_ln210_577) to 3 in order to utilize available DSP registers.
INFO: [HLS 200-486] Changing DSP latency (root=mul_ln210_576) to 3 in order to utilize available DSP registers.
INFO: [HLS 200-486] Changing DSP latency (root=mul_ln210_575) to 3 in order to utilize available DSP registers.
INFO: [HLS 200-486] Changing DSP latency (root=mul_ln210_574) to 3 in order to utilize available DSP registers.
INFO: [HLS 200-486] Changing DSP latency (root=mul_ln210_573) to 3 in order to utilize available DSP registers.
INFO: [HLS 200-486] Changing DSP latency (root=mul_ln210_572) to 3 in order to utilize available DSP registers.
INFO: [HLS 200-486] Changing DSP latency (root=mul_ln210_571) to 3 in order to utilize available DSP registers.
INFO: [HLS 200-486] Changing DSP latency (root=mul_ln210_570) to 3 in order to utilize available DSP registers.
INFO: [HLS 200-486] Changing DSP latency (root=mul_ln210_569) to 3 in order to utilize available DSP registers.
INFO: [HLS 200-486] Changing DSP latency (root=mul_ln210_568) to 3 in order to utilize available DSP registers.
INFO: [HLS 200-486] Changing DSP latency (root=mul_ln210_567) to 3 in order to utilize available DSP registers.
INFO: [HLS 200-486] Changing DSP latency (root=mul_ln210_566) to 3 in order to utilize available DSP registers.
INFO: [HLS 200-486] Changing DSP latency (root=mul_ln210_565) to 3 in order to utilize available DSP registers.
INFO: [HLS 200-486] Changing DSP latency (root=mul_ln210_564) to 3 in order to utilize available DSP registers.
INFO: [HLS 200-486] Changing DSP latency (root=mul_ln210_563) to 3 in order to utilize available DSP registers.
INFO: [HLS 200-486] Changing DSP latency (root=mul_ln210_562) to 3 in order to utilize available DSP registers.
INFO: [HLS 200-486] Changing DSP latency (root=mul_ln210_561) to 3 in order to utilize available DSP registers.
INFO: [HLS 200-486] Changing DSP latency (root=mul_ln210_560) to 3 in order to utilize available DSP registers.
INFO: [HLS 200-486] Changing DSP latency (root=mul_ln210_559) to 3 in order to utilize available DSP registers.
INFO: [HLS 200-486] Changing DSP latency (root=mul_ln210_558) to 3 in order to utilize available DSP registers.
INFO: [HLS 200-486] Changing DSP latency (root=mul_ln210_557) to 3 in order to utilize available DSP registers.
INFO: [HLS 200-486] Changing DSP latency (root=mul_ln210_556) to 3 in order to utilize available DSP registers.
INFO: [HLS 200-486] Changing DSP latency (root=mul_ln210_555) to 3 in order to utilize available DSP registers.
INFO: [HLS 200-486] Changing DSP latency (root=mul_ln210_554) to 3 in order to utilize available DSP registers.
INFO: [HLS 200-486] Changing DSP latency (root=mul_ln210_553) to 3 in order to utilize available DSP registers.
INFO: [HLS 200-486] Changing DSP latency (root=mul_ln210_552) to 3 in order to utilize available DSP registers.
INFO: [HLS 200-486] Changing DSP latency (root=mul_ln210_551) to 3 in order to utilize available DSP registers.
INFO: [HLS 200-486] Changing DSP latency (root=mul_ln210_550) to 3 in order to utilize available DSP registers.
INFO: [HLS 200-486] Changing DSP latency (root=mul_ln210_549) to 3 in order to utilize available DSP registers.
INFO: [HLS 200-486] Changing DSP latency (root=mul_ln210_548) to 3 in order to utilize available DSP registers.
INFO: [HLS 200-486] Changing DSP latency (root=mul_ln210_547) to 3 in order to utilize available DSP registers.
INFO: [HLS 200-486] Changing DSP latency (root=mul_ln210_546) to 3 in order to utilize available DSP registers.
INFO: [HLS 200-486] Changing DSP latency (root=mul_ln210_545) to 3 in order to utilize available DSP registers.
INFO: [HLS 200-486] Changing DSP latency (root=mul_ln210_544) to 3 in order to utilize available DSP registers.
INFO: [HLS 200-486] Changing DSP latency (root=mul_ln210_543) to 3 in order to utilize available DSP registers.
INFO: [HLS 200-486] Changing DSP latency (root=mul_ln210_542) to 3 in order to utilize available DSP registers.
INFO: [HLS 200-486] Changing DSP latency (root=mul_ln210_541) to 3 in order to utilize available DSP registers.
INFO: [HLS 200-486] Changing DSP latency (root=mul_ln210_540) to 3 in order to utilize available DSP registers.
INFO: [HLS 200-486] Changing DSP latency (root=mul_ln210_539) to 3 in order to utilize available DSP registers.
INFO: [HLS 200-486] Changing DSP latency (root=mul_ln210_538) to 3 in order to utilize available DSP registers.
INFO: [HLS 200-486] Changing DSP latency (root=mul_ln210_537) to 3 in order to utilize available DSP registers.
INFO: [HLS 200-486] Changing DSP latency (root=mul_ln210_536) to 3 in order to utilize available DSP registers.
INFO: [HLS 200-486] Changing DSP latency (root=mul_ln210_535) to 3 in order to utilize available DSP registers.
INFO: [HLS 200-486] Changing DSP latency (root=mul_ln210_534) to 3 in order to utilize available DSP registers.
INFO: [HLS 200-486] Changing DSP latency (root=mul_ln210_533) to 3 in order to utilize available DSP registers.
INFO: [HLS 200-486] Changing DSP latency (root=mul_ln210_532) to 3 in order to utilize available DSP registers.
INFO: [HLS 200-486] Changing DSP latency (root=mul_ln210_531) to 3 in order to utilize available DSP registers.
INFO: [HLS 200-486] Changing DSP latency (root=mul_ln210_530) to 3 in order to utilize available DSP registers.
INFO: [HLS 200-486] Changing DSP latency (root=mul_ln210_529) to 3 in order to utilize available DSP registers.
INFO: [HLS 200-486] Changing DSP latency (root=mul_ln210_528) to 3 in order to utilize available DSP registers.
INFO: [HLS 200-486] Changing DSP latency (root=mul_ln210_527) to 3 in order to utilize available DSP registers.
INFO: [HLS 200-486] Changing DSP latency (root=mul_ln210_526) to 3 in order to utilize available DSP registers.
INFO: [HLS 200-486] Changing DSP latency (root=mul_ln210_525) to 3 in order to utilize available DSP registers.
INFO: [HLS 200-486] Changing DSP latency (root=mul_ln210_524) to 3 in order to utilize available DSP registers.
INFO: [HLS 200-486] Changing DSP latency (root=mul_ln210_523) to 3 in order to utilize available DSP registers.
INFO: [HLS 200-486] Changing DSP latency (root=mul_ln210_522) to 3 in order to utilize available DSP registers.
INFO: [HLS 200-486] Changing DSP latency (root=mul_ln210_521) to 3 in order to utilize available DSP registers.
INFO: [HLS 200-486] Changing DSP latency (root=mul_ln210_520) to 3 in order to utilize available DSP registers.
INFO: [HLS 200-486] Changing DSP latency (root=mul_ln210_519) to 3 in order to utilize available DSP registers.
INFO: [HLS 200-486] Changing DSP latency (root=mul_ln210_518) to 3 in order to utilize available DSP registers.
INFO: [HLS 200-486] Changing DSP latency (root=mul_ln210_517) to 3 in order to utilize available DSP registers.
INFO: [HLS 200-486] Changing DSP latency (root=mul_ln210_516) to 3 in order to utilize available DSP registers.
INFO: [HLS 200-486] Changing DSP latency (root=mul_ln210_515) to 3 in order to utilize available DSP registers.
INFO: [HLS 200-486] Changing DSP latency (root=mul_ln210_514) to 3 in order to utilize available DSP registers.
INFO: [HLS 200-486] Changing DSP latency (root=mul_ln210_513) to 3 in order to utilize available DSP registers.
INFO: [HLS 200-486] Changing DSP latency (root=mul_ln210_512) to 3 in order to utilize available DSP registers.
INFO: [HLS 200-486] Changing DSP latency (root=mul_ln210_511) to 3 in order to utilize available DSP registers.
INFO: [HLS 200-486] Changing DSP latency (root=mul_ln210_510) to 3 in order to utilize available DSP registers.
INFO: [HLS 200-486] Changing DSP latency (root=mul_ln210_509) to 3 in order to utilize available DSP registers.
INFO: [HLS 200-486] Changing DSP latency (root=mul_ln210_508) to 3 in order to utilize available DSP registers.
INFO: [HLS 200-486] Changing DSP latency (root=mul_ln210_507) to 3 in order to utilize available DSP registers.
INFO: [HLS 200-486] Changing DSP latency (root=mul_ln210_506) to 3 in order to utilize available DSP registers.
INFO: [HLS 200-486] Changing DSP latency (root=mul_ln210_505) to 3 in order to utilize available DSP registers.
INFO: [HLS 200-486] Changing DSP latency (root=mul_ln210_504) to 3 in order to utilize available DSP registers.
INFO: [HLS 200-486] Changing DSP latency (root=mul_ln210_503) to 3 in order to utilize available DSP registers.
INFO: [HLS 200-486] Changing DSP latency (root=mul_ln210_502) to 3 in order to utilize available DSP registers.
INFO: [HLS 200-486] Changing DSP latency (root=mul_ln210_501) to 3 in order to utilize available DSP registers.
INFO: [HLS 200-486] Changing DSP latency (root=mul_ln210_500) to 3 in order to utilize available DSP registers.
INFO: [HLS 200-486] Changing DSP latency (root=mul_ln210_499) to 3 in order to utilize available DSP registers.
INFO: [HLS 200-486] Changing DSP latency (root=mul_ln210_498) to 3 in order to utilize available DSP registers.
INFO: [HLS 200-486] Changing DSP latency (root=mul_ln210_497) to 3 in order to utilize available DSP registers.
INFO: [HLS 200-486] Changing DSP latency (root=mul_ln210_496) to 3 in order to utilize available DSP registers.
INFO: [HLS 200-486] Changing DSP latency (root=mul_ln210_495) to 3 in order to utilize available DSP registers.
INFO: [HLS 200-486] Changing DSP latency (root=mul_ln210_494) to 3 in order to utilize available DSP registers.
INFO: [HLS 200-486] Changing DSP latency (root=mul_ln210_493) to 3 in order to utilize available DSP registers.
INFO: [HLS 200-486] Changing DSP latency (root=mul_ln210_492) to 3 in order to utilize available DSP registers.
INFO: [HLS 200-486] Changing DSP latency (root=mul_ln210_491) to 3 in order to utilize available DSP registers.
INFO: [HLS 200-486] Changing DSP latency (root=mul_ln210_490) to 3 in order to utilize available DSP registers.
INFO: [HLS 200-486] Changing DSP latency (root=mul_ln210_489) to 3 in order to utilize available DSP registers.
INFO: [HLS 200-486] Changing DSP latency (root=mul_ln210_488) to 3 in order to utilize available DSP registers.
INFO: [HLS 200-486] Changing DSP latency (root=mul_ln210_487) to 3 in order to utilize available DSP registers.
INFO: [HLS 200-486] Changing DSP latency (root=mul_ln210_486) to 3 in order to utilize available DSP registers.
INFO: [HLS 200-486] Changing DSP latency (root=mul_ln210_485) to 3 in order to utilize available DSP registers.
INFO: [HLS 200-486] Changing DSP latency (root=mul_ln210_484) to 3 in order to utilize available DSP registers.
INFO: [HLS 200-486] Changing DSP latency (root=mul_ln210_483) to 3 in order to utilize available DSP registers.
INFO: [HLS 200-486] Changing DSP latency (root=mul_ln210_482) to 3 in order to utilize available DSP registers.
INFO: [HLS 200-486] Changing DSP latency (root=mul_ln210_481) to 3 in order to utilize available DSP registers.
INFO: [HLS 200-486] Changing DSP latency (root=mul_ln210_480) to 3 in order to utilize available DSP registers.
INFO: [HLS 200-486] Changing DSP latency (root=mul_ln210_479) to 3 in order to utilize available DSP registers.
INFO: [HLS 200-486] Changing DSP latency (root=mul_ln210_478) to 3 in order to utilize available DSP registers.
INFO: [HLS 200-486] Changing DSP latency (root=mul_ln210_477) to 3 in order to utilize available DSP registers.
INFO: [HLS 200-486] Changing DSP latency (root=mul_ln210_476) to 3 in order to utilize available DSP registers.
INFO: [HLS 200-486] Changing DSP latency (root=mul_ln210_475) to 3 in order to utilize available DSP registers.
INFO: [HLS 200-486] Changing DSP latency (root=mul_ln210_474) to 3 in order to utilize available DSP registers.
INFO: [HLS 200-486] Changing DSP latency (root=mul_ln210_473) to 3 in order to utilize available DSP registers.
INFO: [HLS 200-486] Changing DSP latency (root=mul_ln210_472) to 3 in order to utilize available DSP registers.
INFO: [HLS 200-486] Changing DSP latency (root=mul_ln210_471) to 3 in order to utilize available DSP registers.
INFO: [HLS 200-486] Changing DSP latency (root=mul_ln210_470) to 3 in order to utilize available DSP registers.
INFO: [HLS 200-486] Changing DSP latency (root=mul_ln210_469) to 3 in order to utilize available DSP registers.
INFO: [HLS 200-486] Changing DSP latency (root=mul_ln210_468) to 3 in order to utilize available DSP registers.
INFO: [HLS 200-486] Changing DSP latency (root=mul_ln210_467) to 3 in order to utilize available DSP registers.
INFO: [HLS 200-486] Changing DSP latency (root=mul_ln210_466) to 3 in order to utilize available DSP registers.
INFO: [HLS 200-486] Changing DSP latency (root=mul_ln210_465) to 3 in order to utilize available DSP registers.
INFO: [HLS 200-486] Changing DSP latency (root=mul_ln210_464) to 3 in order to utilize available DSP registers.
INFO: [HLS 200-486] Changing DSP latency (root=mul_ln210_463) to 3 in order to utilize available DSP registers.
INFO: [HLS 200-486] Changing DSP latency (root=mul_ln210_462) to 3 in order to utilize available DSP registers.
INFO: [HLS 200-486] Changing DSP latency (root=mul_ln210_461) to 3 in order to utilize available DSP registers.
INFO: [HLS 200-486] Changing DSP latency (root=mul_ln210_460) to 3 in order to utilize available DSP registers.
INFO: [HLS 200-486] Changing DSP latency (root=mul_ln210_459) to 3 in order to utilize available DSP registers.
INFO: [HLS 200-486] Changing DSP latency (root=mul_ln210_458) to 3 in order to utilize available DSP registers.
INFO: [HLS 200-486] Changing DSP latency (root=mul_ln210_457) to 3 in order to utilize available DSP registers.
INFO: [HLS 200-486] Changing DSP latency (root=mul_ln210_456) to 3 in order to utilize available DSP registers.
INFO: [HLS 200-486] Changing DSP latency (root=mul_ln210_455) to 3 in order to utilize available DSP registers.
INFO: [HLS 200-486] Changing DSP latency (root=mul_ln210_454) to 3 in order to utilize available DSP registers.
INFO: [HLS 200-486] Changing DSP latency (root=mul_ln210_453) to 3 in order to utilize available DSP registers.
INFO: [HLS 200-486] Changing DSP latency (root=mul_ln210_452) to 3 in order to utilize available DSP registers.
INFO: [HLS 200-486] Changing DSP latency (root=mul_ln210_451) to 3 in order to utilize available DSP registers.
INFO: [HLS 200-486] Changing DSP latency (root=mul_ln210_450) to 3 in order to utilize available DSP registers.
INFO: [HLS 200-486] Changing DSP latency (root=mul_ln210_449) to 3 in order to utilize available DSP registers.
INFO: [HLS 200-486] Changing DSP latency (root=mul_ln210_448) to 3 in order to utilize available DSP registers.
INFO: [HLS 200-486] Changing DSP latency (root=mul_ln210_447) to 3 in order to utilize available DSP registers.
INFO: [HLS 200-486] Changing DSP latency (root=mul_ln210_446) to 3 in order to utilize available DSP registers.
INFO: [HLS 200-486] Changing DSP latency (root=mul_ln210_445) to 3 in order to utilize available DSP registers.
INFO: [HLS 200-486] Changing DSP latency (root=mul_ln210_444) to 3 in order to utilize available DSP registers.
INFO: [HLS 200-486] Changing DSP latency (root=mul_ln210_443) to 3 in order to utilize available DSP registers.
INFO: [HLS 200-486] Changing DSP latency (root=mul_ln210_442) to 3 in order to utilize available DSP registers.
INFO: [HLS 200-486] Changing DSP latency (root=mul_ln210_441) to 3 in order to utilize available DSP registers.
INFO: [HLS 200-486] Changing DSP latency (root=mul_ln210_440) to 3 in order to utilize available DSP registers.
INFO: [HLS 200-486] Changing DSP latency (root=mul_ln210_439) to 3 in order to utilize available DSP registers.
INFO: [HLS 200-486] Changing DSP latency (root=mul_ln210_438) to 3 in order to utilize available DSP registers.
INFO: [HLS 200-486] Changing DSP latency (root=mul_ln210_437) to 3 in order to utilize available DSP registers.
INFO: [HLS 200-486] Changing DSP latency (root=mul_ln210_436) to 3 in order to utilize available DSP registers.
INFO: [HLS 200-486] Changing DSP latency (root=mul_ln210_435) to 3 in order to utilize available DSP registers.
INFO: [HLS 200-486] Changing DSP latency (root=mul_ln210_434) to 3 in order to utilize available DSP registers.
INFO: [HLS 200-486] Changing DSP latency (root=mul_ln210_433) to 3 in order to utilize available DSP registers.
INFO: [HLS 200-486] Changing DSP latency (root=mul_ln210_432) to 3 in order to utilize available DSP registers.
INFO: [HLS 200-486] Changing DSP latency (root=mul_ln210_431) to 3 in order to utilize available DSP registers.
INFO: [HLS 200-486] Changing DSP latency (root=mul_ln210_430) to 3 in order to utilize available DSP registers.
INFO: [HLS 200-486] Changing DSP latency (root=mul_ln210_429) to 3 in order to utilize available DSP registers.
INFO: [HLS 200-486] Changing DSP latency (root=mul_ln210_428) to 3 in order to utilize available DSP registers.
INFO: [HLS 200-486] Changing DSP latency (root=mul_ln210_427) to 3 in order to utilize available DSP registers.
INFO: [HLS 200-486] Changing DSP latency (root=mul_ln210_426) to 3 in order to utilize available DSP registers.
INFO: [HLS 200-486] Changing DSP latency (root=mul_ln210_425) to 3 in order to utilize available DSP registers.
INFO: [HLS 200-486] Changing DSP latency (root=mul_ln210_424) to 3 in order to utilize available DSP registers.
INFO: [HLS 200-486] Changing DSP latency (root=mul_ln210_423) to 3 in order to utilize available DSP registers.
INFO: [HLS 200-486] Changing DSP latency (root=mul_ln210_422) to 3 in order to utilize available DSP registers.
INFO: [HLS 200-486] Changing DSP latency (root=mul_ln210_421) to 3 in order to utilize available DSP registers.
INFO: [HLS 200-486] Changing DSP latency (root=mul_ln210_420) to 3 in order to utilize available DSP registers.
INFO: [HLS 200-486] Changing DSP latency (root=mul_ln210_419) to 3 in order to utilize available DSP registers.
INFO: [HLS 200-486] Changing DSP latency (root=mul_ln210_418) to 3 in order to utilize available DSP registers.
INFO: [HLS 200-486] Changing DSP latency (root=mul_ln210_417) to 3 in order to utilize available DSP registers.
INFO: [HLS 200-486] Changing DSP latency (root=mul_ln210_416) to 3 in order to utilize available DSP registers.
INFO: [HLS 200-486] Changing DSP latency (root=mul_ln210_415) to 3 in order to utilize available DSP registers.
INFO: [HLS 200-486] Changing DSP latency (root=mul_ln210_414) to 3 in order to utilize available DSP registers.
INFO: [HLS 200-486] Changing DSP latency (root=mul_ln210_413) to 3 in order to utilize available DSP registers.
INFO: [HLS 200-486] Changing DSP latency (root=mul_ln210_412) to 3 in order to utilize available DSP registers.
INFO: [HLS 200-486] Changing DSP latency (root=mul_ln210_411) to 3 in order to utilize available DSP registers.
INFO: [HLS 200-486] Changing DSP latency (root=mul_ln210_410) to 3 in order to utilize available DSP registers.
INFO: [HLS 200-486] Changing DSP latency (root=mul_ln210_409) to 3 in order to utilize available DSP registers.
INFO: [HLS 200-486] Changing DSP latency (root=mul_ln210_408) to 3 in order to utilize available DSP registers.
INFO: [HLS 200-486] Changing DSP latency (root=mul_ln210_407) to 3 in order to utilize available DSP registers.
INFO: [HLS 200-486] Changing DSP latency (root=mul_ln210_406) to 3 in order to utilize available DSP registers.
INFO: [HLS 200-486] Changing DSP latency (root=mul_ln210_405) to 3 in order to utilize available DSP registers.
INFO: [HLS 200-486] Changing DSP latency (root=mul_ln210_404) to 3 in order to utilize available DSP registers.
INFO: [HLS 200-486] Changing DSP latency (root=mul_ln210_403) to 3 in order to utilize available DSP registers.
INFO: [HLS 200-486] Changing DSP latency (root=mul_ln210_402) to 3 in order to utilize available DSP registers.
INFO: [HLS 200-486] Changing DSP latency (root=mul_ln210_401) to 3 in order to utilize available DSP registers.
INFO: [HLS 200-486] Changing DSP latency (root=mul_ln210_400) to 3 in order to utilize available DSP registers.
INFO: [HLS 200-486] Changing DSP latency (root=mul_ln210_399) to 3 in order to utilize available DSP registers.
INFO: [HLS 200-486] Changing DSP latency (root=mul_ln210_398) to 3 in order to utilize available DSP registers.
INFO: [HLS 200-486] Changing DSP latency (root=mul_ln210_397) to 3 in order to utilize available DSP registers.
INFO: [HLS 200-486] Changing DSP latency (root=mul_ln210_396) to 3 in order to utilize available DSP registers.
INFO: [HLS 200-486] Changing DSP latency (root=mul_ln210_395) to 3 in order to utilize available DSP registers.
INFO: [HLS 200-486] Changing DSP latency (root=mul_ln210_394) to 3 in order to utilize available DSP registers.
INFO: [HLS 200-486] Changing DSP latency (root=mul_ln210_393) to 3 in order to utilize available DSP registers.
INFO: [HLS 200-486] Changing DSP latency (root=mul_ln210_392) to 3 in order to utilize available DSP registers.
INFO: [HLS 200-486] Changing DSP latency (root=mul_ln210_391) to 3 in order to utilize available DSP registers.
INFO: [HLS 200-486] Changing DSP latency (root=mul_ln210_390) to 3 in order to utilize available DSP registers.
INFO: [HLS 200-486] Changing DSP latency (root=mul_ln210_389) to 3 in order to utilize available DSP registers.
INFO: [HLS 200-486] Changing DSP latency (root=mul_ln210_388) to 3 in order to utilize available DSP registers.
INFO: [HLS 200-486] Changing DSP latency (root=mul_ln210_387) to 3 in order to utilize available DSP registers.
INFO: [HLS 200-486] Changing DSP latency (root=mul_ln210_386) to 3 in order to utilize available DSP registers.
INFO: [HLS 200-486] Changing DSP latency (root=mul_ln210_385) to 3 in order to utilize available DSP registers.
INFO: [HLS 200-486] Changing DSP latency (root=mul_ln210_384) to 3 in order to utilize available DSP registers.
INFO: [HLS 200-486] Changing DSP latency (root=mul_ln210_383) to 3 in order to utilize available DSP registers.
INFO: [HLS 200-486] Changing DSP latency (root=mul_ln210_382) to 3 in order to utilize available DSP registers.
INFO: [HLS 200-486] Changing DSP latency (root=mul_ln210_381) to 3 in order to utilize available DSP registers.
INFO: [HLS 200-486] Changing DSP latency (root=mul_ln210_380) to 3 in order to utilize available DSP registers.
INFO: [HLS 200-486] Changing DSP latency (root=mul_ln210_379) to 3 in order to utilize available DSP registers.
INFO: [HLS 200-486] Changing DSP latency (root=mul_ln210_378) to 3 in order to utilize available DSP registers.
INFO: [HLS 200-486] Changing DSP latency (root=mul_ln210_377) to 3 in order to utilize available DSP registers.
INFO: [HLS 200-486] Changing DSP latency (root=mul_ln210_376) to 3 in order to utilize available DSP registers.
INFO: [HLS 200-486] Changing DSP latency (root=mul_ln210_375) to 3 in order to utilize available DSP registers.
INFO: [HLS 200-486] Changing DSP latency (root=mul_ln210_374) to 3 in order to utilize available DSP registers.
INFO: [HLS 200-486] Changing DSP latency (root=mul_ln210_373) to 3 in order to utilize available DSP registers.
INFO: [HLS 200-486] Changing DSP latency (root=mul_ln210_372) to 3 in order to utilize available DSP registers.
INFO: [HLS 200-486] Changing DSP latency (root=mul_ln210_371) to 3 in order to utilize available DSP registers.
INFO: [HLS 200-486] Changing DSP latency (root=mul_ln210_370) to 3 in order to utilize available DSP registers.
INFO: [HLS 200-486] Changing DSP latency (root=mul_ln210_369) to 3 in order to utilize available DSP registers.
INFO: [HLS 200-486] Changing DSP latency (root=mul_ln210_368) to 3 in order to utilize available DSP registers.
INFO: [HLS 200-486] Changing DSP latency (root=mul_ln210_367) to 3 in order to utilize available DSP registers.
INFO: [HLS 200-486] Changing DSP latency (root=mul_ln210_366) to 3 in order to utilize available DSP registers.
INFO: [HLS 200-486] Changing DSP latency (root=mul_ln210_365) to 3 in order to utilize available DSP registers.
INFO: [HLS 200-486] Changing DSP latency (root=mul_ln210_364) to 3 in order to utilize available DSP registers.
INFO: [HLS 200-486] Changing DSP latency (root=mul_ln210_363) to 3 in order to utilize available DSP registers.
INFO: [HLS 200-486] Changing DSP latency (root=mul_ln210_362) to 3 in order to utilize available DSP registers.
INFO: [HLS 200-486] Changing DSP latency (root=mul_ln210_361) to 3 in order to utilize available DSP registers.
INFO: [HLS 200-486] Changing DSP latency (root=mul_ln210_360) to 3 in order to utilize available DSP registers.
INFO: [HLS 200-486] Changing DSP latency (root=mul_ln210_359) to 3 in order to utilize available DSP registers.
INFO: [HLS 200-486] Changing DSP latency (root=mul_ln210_358) to 3 in order to utilize available DSP registers.
INFO: [HLS 200-486] Changing DSP latency (root=mul_ln210_357) to 3 in order to utilize available DSP registers.
INFO: [HLS 200-486] Changing DSP latency (root=mul_ln210_356) to 3 in order to utilize available DSP registers.
INFO: [HLS 200-486] Changing DSP latency (root=mul_ln210_355) to 3 in order to utilize available DSP registers.
INFO: [HLS 200-486] Changing DSP latency (root=mul_ln210_354) to 3 in order to utilize available DSP registers.
INFO: [HLS 200-486] Changing DSP latency (root=mul_ln210_353) to 3 in order to utilize available DSP registers.
INFO: [HLS 200-486] Changing DSP latency (root=mul_ln210_352) to 3 in order to utilize available DSP registers.
INFO: [HLS 200-486] Changing DSP latency (root=mul_ln210_351) to 3 in order to utilize available DSP registers.
INFO: [HLS 200-486] Changing DSP latency (root=mul_ln210_350) to 3 in order to utilize available DSP registers.
INFO: [HLS 200-486] Changing DSP latency (root=mul_ln210_349) to 3 in order to utilize available DSP registers.
INFO: [HLS 200-486] Changing DSP latency (root=mul_ln210_348) to 3 in order to utilize available DSP registers.
INFO: [HLS 200-486] Changing DSP latency (root=mul_ln210_347) to 3 in order to utilize available DSP registers.
INFO: [HLS 200-486] Changing DSP latency (root=mul_ln210_346) to 3 in order to utilize available DSP registers.
INFO: [HLS 200-486] Changing DSP latency (root=mul_ln210_345) to 3 in order to utilize available DSP registers.
INFO: [HLS 200-486] Changing DSP latency (root=mul_ln210_344) to 3 in order to utilize available DSP registers.
INFO: [HLS 200-486] Changing DSP latency (root=mul_ln210_343) to 3 in order to utilize available DSP registers.
INFO: [HLS 200-486] Changing DSP latency (root=mul_ln210_342) to 3 in order to utilize available DSP registers.
INFO: [HLS 200-486] Changing DSP latency (root=mul_ln210_341) to 3 in order to utilize available DSP registers.
INFO: [HLS 200-486] Changing DSP latency (root=mul_ln210_340) to 3 in order to utilize available DSP registers.
INFO: [HLS 200-486] Changing DSP latency (root=mul_ln210_339) to 3 in order to utilize available DSP registers.
INFO: [HLS 200-486] Changing DSP latency (root=mul_ln210_338) to 3 in order to utilize available DSP registers.
INFO: [HLS 200-486] Changing DSP latency (root=mul_ln210_337) to 3 in order to utilize available DSP registers.
INFO: [HLS 200-486] Changing DSP latency (root=mul_ln210_336) to 3 in order to utilize available DSP registers.
INFO: [HLS 200-486] Changing DSP latency (root=mul_ln210_335) to 3 in order to utilize available DSP registers.
INFO: [HLS 200-486] Changing DSP latency (root=mul_ln210_334) to 3 in order to utilize available DSP registers.
INFO: [HLS 200-486] Changing DSP latency (root=mul_ln210_333) to 3 in order to utilize available DSP registers.
INFO: [HLS 200-486] Changing DSP latency (root=mul_ln210_332) to 3 in order to utilize available DSP registers.
INFO: [HLS 200-486] Changing DSP latency (root=mul_ln210_331) to 3 in order to utilize available DSP registers.
INFO: [HLS 200-486] Changing DSP latency (root=mul_ln210_330) to 3 in order to utilize available DSP registers.
INFO: [HLS 200-486] Changing DSP latency (root=mul_ln210_329) to 3 in order to utilize available DSP registers.
INFO: [HLS 200-486] Changing DSP latency (root=mul_ln210_328) to 3 in order to utilize available DSP registers.
INFO: [HLS 200-486] Changing DSP latency (root=mul_ln210_327) to 3 in order to utilize available DSP registers.
INFO: [HLS 200-486] Changing DSP latency (root=mul_ln210_326) to 3 in order to utilize available DSP registers.
INFO: [HLS 200-486] Changing DSP latency (root=mul_ln210_325) to 3 in order to utilize available DSP registers.
INFO: [HLS 200-486] Changing DSP latency (root=mul_ln210_324) to 3 in order to utilize available DSP registers.
INFO: [HLS 200-486] Changing DSP latency (root=mul_ln210_323) to 3 in order to utilize available DSP registers.
INFO: [HLS 200-486] Changing DSP latency (root=mul_ln210_322) to 3 in order to utilize available DSP registers.
INFO: [HLS 200-486] Changing DSP latency (root=mul_ln210_321) to 3 in order to utilize available DSP registers.
INFO: [HLS 200-486] Changing DSP latency (root=mul_ln210_320) to 3 in order to utilize available DSP registers.
INFO: [HLS 200-486] Changing DSP latency (root=mul_ln210_319) to 3 in order to utilize available DSP registers.
INFO: [HLS 200-486] Changing DSP latency (root=mul_ln210_318) to 3 in order to utilize available DSP registers.
INFO: [HLS 200-486] Changing DSP latency (root=mul_ln210_317) to 3 in order to utilize available DSP registers.
INFO: [HLS 200-486] Changing DSP latency (root=mul_ln210_316) to 3 in order to utilize available DSP registers.
INFO: [HLS 200-486] Changing DSP latency (root=mul_ln210_315) to 3 in order to utilize available DSP registers.
INFO: [HLS 200-486] Changing DSP latency (root=mul_ln210_314) to 3 in order to utilize available DSP registers.
INFO: [HLS 200-486] Changing DSP latency (root=mul_ln210_313) to 3 in order to utilize available DSP registers.
INFO: [HLS 200-486] Changing DSP latency (root=mul_ln210_312) to 3 in order to utilize available DSP registers.
INFO: [HLS 200-486] Changing DSP latency (root=mul_ln210_311) to 3 in order to utilize available DSP registers.
INFO: [HLS 200-486] Changing DSP latency (root=mul_ln210_310) to 3 in order to utilize available DSP registers.
INFO: [HLS 200-486] Changing DSP latency (root=mul_ln210_309) to 3 in order to utilize available DSP registers.
INFO: [HLS 200-486] Changing DSP latency (root=mul_ln210_308) to 3 in order to utilize available DSP registers.
INFO: [HLS 200-486] Changing DSP latency (root=mul_ln210_307) to 3 in order to utilize available DSP registers.
INFO: [HLS 200-486] Changing DSP latency (root=mul_ln210_306) to 3 in order to utilize available DSP registers.
INFO: [HLS 200-486] Changing DSP latency (root=mul_ln210_305) to 3 in order to utilize available DSP registers.
INFO: [HLS 200-486] Changing DSP latency (root=mul_ln210_304) to 3 in order to utilize available DSP registers.
INFO: [HLS 200-486] Changing DSP latency (root=mul_ln210_303) to 3 in order to utilize available DSP registers.
INFO: [HLS 200-486] Changing DSP latency (root=mul_ln210_302) to 3 in order to utilize available DSP registers.
INFO: [HLS 200-486] Changing DSP latency (root=mul_ln210_301) to 3 in order to utilize available DSP registers.
INFO: [HLS 200-486] Changing DSP latency (root=mul_ln210_300) to 3 in order to utilize available DSP registers.
INFO: [HLS 200-486] Changing DSP latency (root=mul_ln210_299) to 3 in order to utilize available DSP registers.
INFO: [HLS 200-486] Changing DSP latency (root=mul_ln210_298) to 3 in order to utilize available DSP registers.
INFO: [HLS 200-486] Changing DSP latency (root=mul_ln210_297) to 3 in order to utilize available DSP registers.
INFO: [HLS 200-486] Changing DSP latency (root=mul_ln210_296) to 3 in order to utilize available DSP registers.
INFO: [HLS 200-486] Changing DSP latency (root=mul_ln210_295) to 3 in order to utilize available DSP registers.
INFO: [HLS 200-486] Changing DSP latency (root=mul_ln210_294) to 3 in order to utilize available DSP registers.
INFO: [HLS 200-486] Changing DSP latency (root=mul_ln210_293) to 3 in order to utilize available DSP registers.
INFO: [HLS 200-486] Changing DSP latency (root=mul_ln210_292) to 3 in order to utilize available DSP registers.
INFO: [HLS 200-486] Changing DSP latency (root=mul_ln210_291) to 3 in order to utilize available DSP registers.
INFO: [HLS 200-486] Changing DSP latency (root=mul_ln210_290) to 3 in order to utilize available DSP registers.
INFO: [HLS 200-486] Changing DSP latency (root=mul_ln210_289) to 3 in order to utilize available DSP registers.
INFO: [HLS 200-486] Changing DSP latency (root=mul_ln210_288) to 3 in order to utilize available DSP registers.
INFO: [HLS 200-486] Changing DSP latency (root=mul_ln210_287) to 3 in order to utilize available DSP registers.
INFO: [HLS 200-486] Changing DSP latency (root=mul_ln210_286) to 3 in order to utilize available DSP registers.
INFO: [HLS 200-486] Changing DSP latency (root=mul_ln210_285) to 3 in order to utilize available DSP registers.
INFO: [HLS 200-486] Changing DSP latency (root=mul_ln210_284) to 3 in order to utilize available DSP registers.
INFO: [HLS 200-486] Changing DSP latency (root=mul_ln210_283) to 3 in order to utilize available DSP registers.
INFO: [HLS 200-486] Changing DSP latency (root=mul_ln210_282) to 3 in order to utilize available DSP registers.
INFO: [HLS 200-486] Changing DSP latency (root=mul_ln210_281) to 3 in order to utilize available DSP registers.
INFO: [HLS 200-486] Changing DSP latency (root=mul_ln210_280) to 3 in order to utilize available DSP registers.
INFO: [HLS 200-486] Changing DSP latency (root=mul_ln210_279) to 3 in order to utilize available DSP registers.
INFO: [HLS 200-486] Changing DSP latency (root=mul_ln210_278) to 3 in order to utilize available DSP registers.
INFO: [HLS 200-486] Changing DSP latency (root=mul_ln210_277) to 3 in order to utilize available DSP registers.
INFO: [HLS 200-486] Changing DSP latency (root=mul_ln210_276) to 3 in order to utilize available DSP registers.
INFO: [HLS 200-486] Changing DSP latency (root=mul_ln210_275) to 3 in order to utilize available DSP registers.
INFO: [HLS 200-486] Changing DSP latency (root=mul_ln210_274) to 3 in order to utilize available DSP registers.
INFO: [HLS 200-486] Changing DSP latency (root=mul_ln210_273) to 3 in order to utilize available DSP registers.
INFO: [HLS 200-486] Changing DSP latency (root=mul_ln210_272) to 3 in order to utilize available DSP registers.
INFO: [HLS 200-486] Changing DSP latency (root=mul_ln210_271) to 3 in order to utilize available DSP registers.
INFO: [HLS 200-486] Changing DSP latency (root=mul_ln210_270) to 3 in order to utilize available DSP registers.
INFO: [HLS 200-486] Changing DSP latency (root=mul_ln210_269) to 3 in order to utilize available DSP registers.
INFO: [HLS 200-486] Changing DSP latency (root=mul_ln210_268) to 3 in order to utilize available DSP registers.
INFO: [HLS 200-486] Changing DSP latency (root=mul_ln210_267) to 3 in order to utilize available DSP registers.
INFO: [HLS 200-486] Changing DSP latency (root=mul_ln210_266) to 3 in order to utilize available DSP registers.
INFO: [HLS 200-486] Changing DSP latency (root=mul_ln210_265) to 3 in order to utilize available DSP registers.
INFO: [HLS 200-486] Changing DSP latency (root=mul_ln210_264) to 3 in order to utilize available DSP registers.
INFO: [HLS 200-486] Changing DSP latency (root=mul_ln210_263) to 3 in order to utilize available DSP registers.
INFO: [HLS 200-486] Changing DSP latency (root=mul_ln210_262) to 3 in order to utilize available DSP registers.
INFO: [HLS 200-486] Changing DSP latency (root=mul_ln210_261) to 3 in order to utilize available DSP registers.
INFO: [HLS 200-486] Changing DSP latency (root=mul_ln210_260) to 3 in order to utilize available DSP registers.
INFO: [HLS 200-486] Changing DSP latency (root=mul_ln210_259) to 3 in order to utilize available DSP registers.
INFO: [HLS 200-486] Changing DSP latency (root=mul_ln210_258) to 3 in order to utilize available DSP registers.
INFO: [HLS 200-486] Changing DSP latency (root=mul_ln210_257) to 3 in order to utilize available DSP registers.
INFO: [HLS 200-486] Changing DSP latency (root=mul_ln210_256) to 3 in order to utilize available DSP registers.
INFO: [HLS 200-486] Changing DSP latency (root=mul_ln210_255) to 3 in order to utilize available DSP registers.
INFO: [HLS 200-486] Changing DSP latency (root=mul_ln210_254) to 3 in order to utilize available DSP registers.
INFO: [HLS 200-486] Changing DSP latency (root=mul_ln210_253) to 3 in order to utilize available DSP registers.
INFO: [HLS 200-486] Changing DSP latency (root=mul_ln210_252) to 3 in order to utilize available DSP registers.
INFO: [HLS 200-486] Changing DSP latency (root=mul_ln210_251) to 3 in order to utilize available DSP registers.
INFO: [HLS 200-486] Changing DSP latency (root=mul_ln210_250) to 3 in order to utilize available DSP registers.
INFO: [HLS 200-486] Changing DSP latency (root=mul_ln210_249) to 3 in order to utilize available DSP registers.
INFO: [HLS 200-486] Changing DSP latency (root=mul_ln210_248) to 3 in order to utilize available DSP registers.
INFO: [HLS 200-486] Changing DSP latency (root=mul_ln210_247) to 3 in order to utilize available DSP registers.
INFO: [HLS 200-486] Changing DSP latency (root=mul_ln210_246) to 3 in order to utilize available DSP registers.
INFO: [HLS 200-486] Changing DSP latency (root=mul_ln210_245) to 3 in order to utilize available DSP registers.
INFO: [HLS 200-486] Changing DSP latency (root=mul_ln210_244) to 3 in order to utilize available DSP registers.
INFO: [HLS 200-486] Changing DSP latency (root=mul_ln210_243) to 3 in order to utilize available DSP registers.
INFO: [HLS 200-486] Changing DSP latency (root=mul_ln210_242) to 3 in order to utilize available DSP registers.
INFO: [HLS 200-486] Changing DSP latency (root=mul_ln210_241) to 3 in order to utilize available DSP registers.
INFO: [HLS 200-486] Changing DSP latency (root=mul_ln210_240) to 3 in order to utilize available DSP registers.
INFO: [HLS 200-486] Changing DSP latency (root=mul_ln210_239) to 3 in order to utilize available DSP registers.
INFO: [HLS 200-486] Changing DSP latency (root=mul_ln210_238) to 3 in order to utilize available DSP registers.
INFO: [HLS 200-486] Changing DSP latency (root=mul_ln210_237) to 3 in order to utilize available DSP registers.
INFO: [HLS 200-486] Changing DSP latency (root=mul_ln210_236) to 3 in order to utilize available DSP registers.
INFO: [HLS 200-486] Changing DSP latency (root=mul_ln210_235) to 3 in order to utilize available DSP registers.
INFO: [HLS 200-486] Changing DSP latency (root=mul_ln210_234) to 3 in order to utilize available DSP registers.
INFO: [HLS 200-486] Changing DSP latency (root=mul_ln210_233) to 3 in order to utilize available DSP registers.
INFO: [HLS 200-486] Changing DSP latency (root=mul_ln210_232) to 3 in order to utilize available DSP registers.
INFO: [HLS 200-486] Changing DSP latency (root=mul_ln210_231) to 3 in order to utilize available DSP registers.
INFO: [HLS 200-486] Changing DSP latency (root=mul_ln210_230) to 3 in order to utilize available DSP registers.
INFO: [HLS 200-486] Changing DSP latency (root=mul_ln210_229) to 3 in order to utilize available DSP registers.
INFO: [HLS 200-486] Changing DSP latency (root=mul_ln210_228) to 3 in order to utilize available DSP registers.
INFO: [HLS 200-486] Changing DSP latency (root=mul_ln210_227) to 3 in order to utilize available DSP registers.
INFO: [HLS 200-486] Changing DSP latency (root=mul_ln210_226) to 3 in order to utilize available DSP registers.
INFO: [HLS 200-486] Changing DSP latency (root=mul_ln210_225) to 3 in order to utilize available DSP registers.
INFO: [HLS 200-486] Changing DSP latency (root=mul_ln210_224) to 3 in order to utilize available DSP registers.
INFO: [HLS 200-486] Changing DSP latency (root=mul_ln210_223) to 3 in order to utilize available DSP registers.
INFO: [HLS 200-486] Changing DSP latency (root=mul_ln210_222) to 3 in order to utilize available DSP registers.
INFO: [HLS 200-486] Changing DSP latency (root=mul_ln210_221) to 3 in order to utilize available DSP registers.
INFO: [HLS 200-486] Changing DSP latency (root=mul_ln210_220) to 3 in order to utilize available DSP registers.
INFO: [HLS 200-486] Changing DSP latency (root=mul_ln210_219) to 3 in order to utilize available DSP registers.
INFO: [HLS 200-486] Changing DSP latency (root=mul_ln210_218) to 3 in order to utilize available DSP registers.
INFO: [HLS 200-486] Changing DSP latency (root=mul_ln210_217) to 3 in order to utilize available DSP registers.
INFO: [HLS 200-486] Changing DSP latency (root=mul_ln210_216) to 3 in order to utilize available DSP registers.
INFO: [HLS 200-486] Changing DSP latency (root=mul_ln210_215) to 3 in order to utilize available DSP registers.
INFO: [HLS 200-486] Changing DSP latency (root=mul_ln210_214) to 3 in order to utilize available DSP registers.
INFO: [HLS 200-486] Changing DSP latency (root=mul_ln210_213) to 3 in order to utilize available DSP registers.
INFO: [HLS 200-486] Changing DSP latency (root=mul_ln210_212) to 3 in order to utilize available DSP registers.
INFO: [HLS 200-486] Changing DSP latency (root=mul_ln210_211) to 3 in order to utilize available DSP registers.
INFO: [HLS 200-486] Changing DSP latency (root=mul_ln210_210) to 3 in order to utilize available DSP registers.
INFO: [HLS 200-486] Changing DSP latency (root=mul_ln210_209) to 3 in order to utilize available DSP registers.
INFO: [HLS 200-486] Changing DSP latency (root=mul_ln210_208) to 3 in order to utilize available DSP registers.
INFO: [HLS 200-486] Changing DSP latency (root=mul_ln210_207) to 3 in order to utilize available DSP registers.
INFO: [HLS 200-486] Changing DSP latency (root=mul_ln210_206) to 3 in order to utilize available DSP registers.
INFO: [HLS 200-486] Changing DSP latency (root=mul_ln210_205) to 3 in order to utilize available DSP registers.
INFO: [HLS 200-486] Changing DSP latency (root=mul_ln210_204) to 3 in order to utilize available DSP registers.
INFO: [HLS 200-486] Changing DSP latency (root=mul_ln210_203) to 3 in order to utilize available DSP registers.
INFO: [HLS 200-486] Changing DSP latency (root=mul_ln210_202) to 3 in order to utilize available DSP registers.
INFO: [HLS 200-486] Changing DSP latency (root=mul_ln210_201) to 3 in order to utilize available DSP registers.
INFO: [HLS 200-486] Changing DSP latency (root=mul_ln210_200) to 3 in order to utilize available DSP registers.
INFO: [HLS 200-486] Changing DSP latency (root=mul_ln210_199) to 3 in order to utilize available DSP registers.
INFO: [HLS 200-486] Changing DSP latency (root=mul_ln210_198) to 3 in order to utilize available DSP registers.
INFO: [HLS 200-486] Changing DSP latency (root=mul_ln210_197) to 3 in order to utilize available DSP registers.
INFO: [HLS 200-486] Changing DSP latency (root=mul_ln210_196) to 3 in order to utilize available DSP registers.
INFO: [HLS 200-486] Changing DSP latency (root=mul_ln210_195) to 3 in order to utilize available DSP registers.
INFO: [HLS 200-486] Changing DSP latency (root=mul_ln210_194) to 3 in order to utilize available DSP registers.
INFO: [HLS 200-486] Changing DSP latency (root=mul_ln210_193) to 3 in order to utilize available DSP registers.
INFO: [HLS 200-486] Changing DSP latency (root=mul_ln210_192) to 3 in order to utilize available DSP registers.
INFO: [HLS 200-486] Changing DSP latency (root=mul_ln210_191) to 3 in order to utilize available DSP registers.
INFO: [HLS 200-486] Changing DSP latency (root=mul_ln210_190) to 3 in order to utilize available DSP registers.
INFO: [HLS 200-486] Changing DSP latency (root=mul_ln210_189) to 3 in order to utilize available DSP registers.
INFO: [HLS 200-486] Changing DSP latency (root=mul_ln210_188) to 3 in order to utilize available DSP registers.
INFO: [HLS 200-486] Changing DSP latency (root=mul_ln210_187) to 3 in order to utilize available DSP registers.
INFO: [HLS 200-486] Changing DSP latency (root=mul_ln210_186) to 3 in order to utilize available DSP registers.
INFO: [HLS 200-486] Changing DSP latency (root=mul_ln210_185) to 3 in order to utilize available DSP registers.
INFO: [HLS 200-486] Changing DSP latency (root=mul_ln210_184) to 3 in order to utilize available DSP registers.
INFO: [HLS 200-486] Changing DSP latency (root=mul_ln210_183) to 3 in order to utilize available DSP registers.
INFO: [HLS 200-486] Changing DSP latency (root=mul_ln210_182) to 3 in order to utilize available DSP registers.
INFO: [HLS 200-486] Changing DSP latency (root=mul_ln210_181) to 3 in order to utilize available DSP registers.
INFO: [HLS 200-486] Changing DSP latency (root=mul_ln210_180) to 3 in order to utilize available DSP registers.
INFO: [HLS 200-486] Changing DSP latency (root=mul_ln210_179) to 3 in order to utilize available DSP registers.
INFO: [HLS 200-486] Changing DSP latency (root=mul_ln210_178) to 3 in order to utilize available DSP registers.
INFO: [HLS 200-486] Changing DSP latency (root=mul_ln210_177) to 3 in order to utilize available DSP registers.
INFO: [HLS 200-486] Changing DSP latency (root=mul_ln210_176) to 3 in order to utilize available DSP registers.
INFO: [HLS 200-486] Changing DSP latency (root=mul_ln210_175) to 3 in order to utilize available DSP registers.
INFO: [HLS 200-486] Changing DSP latency (root=mul_ln210_174) to 3 in order to utilize available DSP registers.
INFO: [HLS 200-486] Changing DSP latency (root=mul_ln210_173) to 3 in order to utilize available DSP registers.
INFO: [HLS 200-486] Changing DSP latency (root=mul_ln210_172) to 3 in order to utilize available DSP registers.
INFO: [HLS 200-486] Changing DSP latency (root=mul_ln210_171) to 3 in order to utilize available DSP registers.
INFO: [HLS 200-486] Changing DSP latency (root=mul_ln210_170) to 3 in order to utilize available DSP registers.
INFO: [HLS 200-486] Changing DSP latency (root=mul_ln210_169) to 3 in order to utilize available DSP registers.
INFO: [HLS 200-486] Changing DSP latency (root=mul_ln210_168) to 3 in order to utilize available DSP registers.
INFO: [HLS 200-486] Changing DSP latency (root=mul_ln210_167) to 3 in order to utilize available DSP registers.
INFO: [HLS 200-486] Changing DSP latency (root=mul_ln210_166) to 3 in order to utilize available DSP registers.
INFO: [HLS 200-486] Changing DSP latency (root=mul_ln210_165) to 3 in order to utilize available DSP registers.
INFO: [HLS 200-486] Changing DSP latency (root=mul_ln210_164) to 3 in order to utilize available DSP registers.
INFO: [HLS 200-486] Changing DSP latency (root=mul_ln210_163) to 3 in order to utilize available DSP registers.
INFO: [HLS 200-486] Changing DSP latency (root=mul_ln210_162) to 3 in order to utilize available DSP registers.
INFO: [HLS 200-486] Changing DSP latency (root=mul_ln210_161) to 3 in order to utilize available DSP registers.
INFO: [HLS 200-486] Changing DSP latency (root=mul_ln210_160) to 3 in order to utilize available DSP registers.
INFO: [HLS 200-486] Changing DSP latency (root=mul_ln210_159) to 3 in order to utilize available DSP registers.
INFO: [HLS 200-486] Changing DSP latency (root=mul_ln210_158) to 3 in order to utilize available DSP registers.
INFO: [HLS 200-486] Changing DSP latency (root=mul_ln210_157) to 3 in order to utilize available DSP registers.
INFO: [HLS 200-486] Changing DSP latency (root=mul_ln210_156) to 3 in order to utilize available DSP registers.
INFO: [HLS 200-486] Changing DSP latency (root=mul_ln210_155) to 3 in order to utilize available DSP registers.
INFO: [HLS 200-486] Changing DSP latency (root=mul_ln210_154) to 3 in order to utilize available DSP registers.
INFO: [HLS 200-486] Changing DSP latency (root=mul_ln210_153) to 3 in order to utilize available DSP registers.
INFO: [HLS 200-486] Changing DSP latency (root=mul_ln210_152) to 3 in order to utilize available DSP registers.
INFO: [HLS 200-486] Changing DSP latency (root=mul_ln210_151) to 3 in order to utilize available DSP registers.
INFO: [HLS 200-486] Changing DSP latency (root=mul_ln210_150) to 3 in order to utilize available DSP registers.
INFO: [HLS 200-486] Changing DSP latency (root=mul_ln210_149) to 3 in order to utilize available DSP registers.
INFO: [HLS 200-486] Changing DSP latency (root=mul_ln210_148) to 3 in order to utilize available DSP registers.
INFO: [HLS 200-486] Changing DSP latency (root=mul_ln210_147) to 3 in order to utilize available DSP registers.
INFO: [HLS 200-486] Changing DSP latency (root=mul_ln210_146) to 3 in order to utilize available DSP registers.
INFO: [HLS 200-486] Changing DSP latency (root=mul_ln210_145) to 3 in order to utilize available DSP registers.
INFO: [HLS 200-486] Changing DSP latency (root=mul_ln210_144) to 3 in order to utilize available DSP registers.
INFO: [HLS 200-486] Changing DSP latency (root=mul_ln210_143) to 3 in order to utilize available DSP registers.
INFO: [HLS 200-486] Changing DSP latency (root=mul_ln210_142) to 3 in order to utilize available DSP registers.
INFO: [HLS 200-486] Changing DSP latency (root=mul_ln210_141) to 3 in order to utilize available DSP registers.
INFO: [HLS 200-486] Changing DSP latency (root=mul_ln210_140) to 3 in order to utilize available DSP registers.
INFO: [HLS 200-486] Changing DSP latency (root=mul_ln210_139) to 3 in order to utilize available DSP registers.
INFO: [HLS 200-486] Changing DSP latency (root=mul_ln210_138) to 3 in order to utilize available DSP registers.
INFO: [HLS 200-486] Changing DSP latency (root=mul_ln210_137) to 3 in order to utilize available DSP registers.
INFO: [HLS 200-486] Changing DSP latency (root=mul_ln210_136) to 3 in order to utilize available DSP registers.
INFO: [HLS 200-486] Changing DSP latency (root=mul_ln210_135) to 3 in order to utilize available DSP registers.
INFO: [HLS 200-486] Changing DSP latency (root=mul_ln210_134) to 3 in order to utilize available DSP registers.
INFO: [HLS 200-486] Changing DSP latency (root=mul_ln210_133) to 3 in order to utilize available DSP registers.
INFO: [HLS 200-486] Changing DSP latency (root=mul_ln210_132) to 3 in order to utilize available DSP registers.
INFO: [HLS 200-486] Changing DSP latency (root=mul_ln210_131) to 3 in order to utilize available DSP registers.
INFO: [HLS 200-486] Changing DSP latency (root=mul_ln210_130) to 3 in order to utilize available DSP registers.
INFO: [HLS 200-486] Changing DSP latency (root=mul_ln210_129) to 3 in order to utilize available DSP registers.
INFO: [HLS 200-486] Changing DSP latency (root=mul_ln210_128) to 3 in order to utilize available DSP registers.
INFO: [HLS 200-486] Changing DSP latency (root=mul_ln210_127) to 3 in order to utilize available DSP registers.
INFO: [HLS 200-486] Changing DSP latency (root=mul_ln210_126) to 3 in order to utilize available DSP registers.
INFO: [HLS 200-486] Changing DSP latency (root=mul_ln210_125) to 3 in order to utilize available DSP registers.
INFO: [HLS 200-486] Changing DSP latency (root=mul_ln210_124) to 3 in order to utilize available DSP registers.
INFO: [HLS 200-486] Changing DSP latency (root=mul_ln210_123) to 3 in order to utilize available DSP registers.
INFO: [HLS 200-486] Changing DSP latency (root=mul_ln210_122) to 3 in order to utilize available DSP registers.
INFO: [HLS 200-486] Changing DSP latency (root=mul_ln210_121) to 3 in order to utilize available DSP registers.
INFO: [HLS 200-486] Changing DSP latency (root=mul_ln210_120) to 3 in order to utilize available DSP registers.
INFO: [HLS 200-486] Changing DSP latency (root=mul_ln210_119) to 3 in order to utilize available DSP registers.
INFO: [HLS 200-486] Changing DSP latency (root=mul_ln210_118) to 3 in order to utilize available DSP registers.
INFO: [HLS 200-486] Changing DSP latency (root=mul_ln210_117) to 3 in order to utilize available DSP registers.
INFO: [HLS 200-486] Changing DSP latency (root=mul_ln210_116) to 3 in order to utilize available DSP registers.
INFO: [HLS 200-486] Changing DSP latency (root=mul_ln210_115) to 3 in order to utilize available DSP registers.
INFO: [HLS 200-486] Changing DSP latency (root=mul_ln210_114) to 3 in order to utilize available DSP registers.
INFO: [HLS 200-486] Changing DSP latency (root=mul_ln210_113) to 3 in order to utilize available DSP registers.
INFO: [HLS 200-486] Changing DSP latency (root=mul_ln210_112) to 3 in order to utilize available DSP registers.
INFO: [HLS 200-486] Changing DSP latency (root=mul_ln210_111) to 3 in order to utilize available DSP registers.
INFO: [HLS 200-486] Changing DSP latency (root=mul_ln210_110) to 3 in order to utilize available DSP registers.
INFO: [HLS 200-486] Changing DSP latency (root=mul_ln210_109) to 3 in order to utilize available DSP registers.
INFO: [HLS 200-486] Changing DSP latency (root=mul_ln210_108) to 3 in order to utilize available DSP registers.
INFO: [HLS 200-486] Changing DSP latency (root=mul_ln210_107) to 3 in order to utilize available DSP registers.
INFO: [HLS 200-486] Changing DSP latency (root=mul_ln210_106) to 3 in order to utilize available DSP registers.
INFO: [HLS 200-486] Changing DSP latency (root=mul_ln210_105) to 3 in order to utilize available DSP registers.
INFO: [HLS 200-486] Changing DSP latency (root=mul_ln210_104) to 3 in order to utilize available DSP registers.
INFO: [HLS 200-486] Changing DSP latency (root=mul_ln210_103) to 3 in order to utilize available DSP registers.
INFO: [HLS 200-486] Changing DSP latency (root=mul_ln210_102) to 3 in order to utilize available DSP registers.
INFO: [HLS 200-486] Changing DSP latency (root=mul_ln210_101) to 3 in order to utilize available DSP registers.
INFO: [HLS 200-486] Changing DSP latency (root=mul_ln210_100) to 3 in order to utilize available DSP registers.
INFO: [HLS 200-486] Changing DSP latency (root=mul_ln210_99) to 3 in order to utilize available DSP registers.
INFO: [HLS 200-486] Changing DSP latency (root=mul_ln210_98) to 3 in order to utilize available DSP registers.
INFO: [HLS 200-486] Changing DSP latency (root=mul_ln210_97) to 3 in order to utilize available DSP registers.
INFO: [HLS 200-486] Changing DSP latency (root=mul_ln210_96) to 3 in order to utilize available DSP registers.
INFO: [HLS 200-486] Changing DSP latency (root=mul_ln210_95) to 3 in order to utilize available DSP registers.
INFO: [HLS 200-486] Changing DSP latency (root=mul_ln210_94) to 3 in order to utilize available DSP registers.
INFO: [HLS 200-486] Changing DSP latency (root=mul_ln210_93) to 3 in order to utilize available DSP registers.
INFO: [HLS 200-486] Changing DSP latency (root=mul_ln210_92) to 3 in order to utilize available DSP registers.
INFO: [HLS 200-486] Changing DSP latency (root=mul_ln210_91) to 3 in order to utilize available DSP registers.
INFO: [HLS 200-486] Changing DSP latency (root=mul_ln210_90) to 3 in order to utilize available DSP registers.
INFO: [HLS 200-486] Changing DSP latency (root=mul_ln210_89) to 3 in order to utilize available DSP registers.
INFO: [HLS 200-486] Changing DSP latency (root=mul_ln210_88) to 3 in order to utilize available DSP registers.
INFO: [HLS 200-486] Changing DSP latency (root=mul_ln210_87) to 3 in order to utilize available DSP registers.
INFO: [HLS 200-486] Changing DSP latency (root=mul_ln210_86) to 3 in order to utilize available DSP registers.
INFO: [HLS 200-486] Changing DSP latency (root=mul_ln210_85) to 3 in order to utilize available DSP registers.
INFO: [HLS 200-486] Changing DSP latency (root=mul_ln210_84) to 3 in order to utilize available DSP registers.
INFO: [HLS 200-486] Changing DSP latency (root=mul_ln210_83) to 3 in order to utilize available DSP registers.
INFO: [HLS 200-486] Changing DSP latency (root=mul_ln210_82) to 3 in order to utilize available DSP registers.
INFO: [HLS 200-486] Changing DSP latency (root=mul_ln210_81) to 3 in order to utilize available DSP registers.
INFO: [HLS 200-486] Changing DSP latency (root=mul_ln210_80) to 3 in order to utilize available DSP registers.
INFO: [HLS 200-486] Changing DSP latency (root=mul_ln210_79) to 3 in order to utilize available DSP registers.
INFO: [HLS 200-486] Changing DSP latency (root=mul_ln210_78) to 3 in order to utilize available DSP registers.
INFO: [HLS 200-486] Changing DSP latency (root=mul_ln210_77) to 3 in order to utilize available DSP registers.
INFO: [HLS 200-486] Changing DSP latency (root=mul_ln210_76) to 3 in order to utilize available DSP registers.
INFO: [HLS 200-486] Changing DSP latency (root=mul_ln210_75) to 3 in order to utilize available DSP registers.
INFO: [HLS 200-486] Changing DSP latency (root=mul_ln210_74) to 3 in order to utilize available DSP registers.
INFO: [HLS 200-486] Changing DSP latency (root=mul_ln210_73) to 3 in order to utilize available DSP registers.
INFO: [HLS 200-486] Changing DSP latency (root=mul_ln210_72) to 3 in order to utilize available DSP registers.
INFO: [HLS 200-486] Changing DSP latency (root=mul_ln210_71) to 3 in order to utilize available DSP registers.
INFO: [HLS 200-486] Changing DSP latency (root=mul_ln210_70) to 3 in order to utilize available DSP registers.
INFO: [HLS 200-486] Changing DSP latency (root=mul_ln210_69) to 3 in order to utilize available DSP registers.
INFO: [HLS 200-486] Changing DSP latency (root=mul_ln210_68) to 3 in order to utilize available DSP registers.
INFO: [HLS 200-486] Changing DSP latency (root=mul_ln210_67) to 3 in order to utilize available DSP registers.
INFO: [HLS 200-486] Changing DSP latency (root=mul_ln210_66) to 3 in order to utilize available DSP registers.
INFO: [HLS 200-486] Changing DSP latency (root=mul_ln210_65) to 3 in order to utilize available DSP registers.
INFO: [HLS 200-486] Changing DSP latency (root=mul_ln210_64) to 3 in order to utilize available DSP registers.
INFO: [HLS 200-486] Changing DSP latency (root=mul_ln210_63) to 3 in order to utilize available DSP registers.
INFO: [HLS 200-486] Changing DSP latency (root=mul_ln210_62) to 3 in order to utilize available DSP registers.
INFO: [HLS 200-486] Changing DSP latency (root=mul_ln210_61) to 3 in order to utilize available DSP registers.
INFO: [HLS 200-486] Changing DSP latency (root=mul_ln210_60) to 3 in order to utilize available DSP registers.
INFO: [HLS 200-486] Changing DSP latency (root=mul_ln210_59) to 3 in order to utilize available DSP registers.
INFO: [HLS 200-486] Changing DSP latency (root=mul_ln210_58) to 3 in order to utilize available DSP registers.
INFO: [HLS 200-486] Changing DSP latency (root=mul_ln210_57) to 3 in order to utilize available DSP registers.
INFO: [HLS 200-486] Changing DSP latency (root=mul_ln210_56) to 3 in order to utilize available DSP registers.
INFO: [HLS 200-486] Changing DSP latency (root=mul_ln210_55) to 3 in order to utilize available DSP registers.
INFO: [HLS 200-486] Changing DSP latency (root=mul_ln210_54) to 3 in order to utilize available DSP registers.
INFO: [HLS 200-486] Changing DSP latency (root=mul_ln210_53) to 3 in order to utilize available DSP registers.
INFO: [HLS 200-486] Changing DSP latency (root=mul_ln210_52) to 3 in order to utilize available DSP registers.
INFO: [HLS 200-486] Changing DSP latency (root=mul_ln210_51) to 3 in order to utilize available DSP registers.
INFO: [HLS 200-486] Changing DSP latency (root=mul_ln210_50) to 3 in order to utilize available DSP registers.
INFO: [HLS 200-486] Changing DSP latency (root=mul_ln210_49) to 3 in order to utilize available DSP registers.
INFO: [HLS 200-486] Changing DSP latency (root=mul_ln210_48) to 3 in order to utilize available DSP registers.
INFO: [HLS 200-486] Changing DSP latency (root=mul_ln210_47) to 3 in order to utilize available DSP registers.
INFO: [HLS 200-486] Changing DSP latency (root=mul_ln210_46) to 3 in order to utilize available DSP registers.
INFO: [HLS 200-486] Changing DSP latency (root=mul_ln210_45) to 3 in order to utilize available DSP registers.
INFO: [HLS 200-486] Changing DSP latency (root=mul_ln210_44) to 3 in order to utilize available DSP registers.
INFO: [HLS 200-486] Changing DSP latency (root=mul_ln210_43) to 3 in order to utilize available DSP registers.
INFO: [HLS 200-486] Changing DSP latency (root=mul_ln210_42) to 3 in order to utilize available DSP registers.
INFO: [HLS 200-486] Changing DSP latency (root=mul_ln210_41) to 3 in order to utilize available DSP registers.
INFO: [HLS 200-486] Changing DSP latency (root=mul_ln210_40) to 3 in order to utilize available DSP registers.
INFO: [HLS 200-486] Changing DSP latency (root=mul_ln210_39) to 3 in order to utilize available DSP registers.
INFO: [HLS 200-486] Changing DSP latency (root=mul_ln210_38) to 3 in order to utilize available DSP registers.
INFO: [HLS 200-486] Changing DSP latency (root=mul_ln210_37) to 3 in order to utilize available DSP registers.
INFO: [HLS 200-486] Changing DSP latency (root=mul_ln210_36) to 3 in order to utilize available DSP registers.
INFO: [HLS 200-486] Changing DSP latency (root=mul_ln210_35) to 3 in order to utilize available DSP registers.
INFO: [HLS 200-486] Changing DSP latency (root=mul_ln210_34) to 3 in order to utilize available DSP registers.
INFO: [HLS 200-486] Changing DSP latency (root=mul_ln210_33) to 3 in order to utilize available DSP registers.
INFO: [HLS 200-486] Changing DSP latency (root=mul_ln210_32) to 3 in order to utilize available DSP registers.
INFO: [HLS 200-486] Changing DSP latency (root=mul_ln210_31) to 3 in order to utilize available DSP registers.
INFO: [HLS 200-486] Changing DSP latency (root=mul_ln210_30) to 3 in order to utilize available DSP registers.
INFO: [HLS 200-486] Changing DSP latency (root=mul_ln210_29) to 3 in order to utilize available DSP registers.
INFO: [HLS 200-486] Changing DSP latency (root=mul_ln210_28) to 3 in order to utilize available DSP registers.
INFO: [HLS 200-486] Changing DSP latency (root=mul_ln210_27) to 3 in order to utilize available DSP registers.
INFO: [HLS 200-486] Changing DSP latency (root=mul_ln210_26) to 3 in order to utilize available DSP registers.
INFO: [HLS 200-486] Changing DSP latency (root=mul_ln210_25) to 3 in order to utilize available DSP registers.
INFO: [HLS 200-486] Changing DSP latency (root=mul_ln210_24) to 3 in order to utilize available DSP registers.
INFO: [HLS 200-486] Changing DSP latency (root=mul_ln210_23) to 3 in order to utilize available DSP registers.
INFO: [HLS 200-486] Changing DSP latency (root=mul_ln210_22) to 3 in order to utilize available DSP registers.
INFO: [HLS 200-486] Changing DSP latency (root=mul_ln210_21) to 3 in order to utilize available DSP registers.
INFO: [HLS 200-486] Changing DSP latency (root=mul_ln210_20) to 3 in order to utilize available DSP registers.
INFO: [HLS 200-486] Changing DSP latency (root=mul_ln210_19) to 3 in order to utilize available DSP registers.
INFO: [HLS 200-486] Changing DSP latency (root=mul_ln210_18) to 3 in order to utilize available DSP registers.
INFO: [HLS 200-486] Changing DSP latency (root=mul_ln210_17) to 3 in order to utilize available DSP registers.
INFO: [HLS 200-486] Changing DSP latency (root=mul_ln210_16) to 3 in order to utilize available DSP registers.
INFO: [HLS 200-486] Changing DSP latency (root=mul_ln210_15) to 3 in order to utilize available DSP registers.
INFO: [HLS 200-486] Changing DSP latency (root=mul_ln210_14) to 3 in order to utilize available DSP registers.
INFO: [HLS 200-486] Changing DSP latency (root=mul_ln210_13) to 3 in order to utilize available DSP registers.
INFO: [HLS 200-486] Changing DSP latency (root=mul_ln210_12) to 3 in order to utilize available DSP registers.
INFO: [HLS 200-486] Changing DSP latency (root=mul_ln210_11) to 3 in order to utilize available DSP registers.
INFO: [HLS 200-486] Changing DSP latency (root=mul_ln210_10) to 3 in order to utilize available DSP registers.
INFO: [HLS 200-486] Changing DSP latency (root=mul_ln210_9) to 3 in order to utilize available DSP registers.
INFO: [HLS 200-486] Changing DSP latency (root=mul_ln210_8) to 3 in order to utilize available DSP registers.
INFO: [HLS 200-486] Changing DSP latency (root=mul_ln210_7) to 3 in order to utilize available DSP registers.
INFO: [HLS 200-486] Changing DSP latency (root=mul_ln210_6) to 3 in order to utilize available DSP registers.
INFO: [HLS 200-486] Changing DSP latency (root=mul_ln210_5) to 3 in order to utilize available DSP registers.
INFO: [HLS 200-486] Changing DSP latency (root=mul_ln210_4) to 3 in order to utilize available DSP registers.
INFO: [HLS 200-486] Changing DSP latency (root=mul_ln210_3) to 3 in order to utilize available DSP registers.
INFO: [HLS 200-486] Changing DSP latency (root=mul_ln210_2) to 3 in order to utilize available DSP registers.
INFO: [HLS 200-486] Changing DSP latency (root=mul_ln210_1) to 3 in order to utilize available DSP registers.
INFO: [HLS 200-486] Changing DSP latency (root=mul_ln210) to 3 in order to utilize available DSP registers.
INFO: [SCHED 204-61] Pipelining loop 'compute'.
INFO: [HLS 200-1470] Pipelining result : Target II = 1, Final II = 1, Depth = 4, loop 'compute'
INFO: [SCHED 204-11] Finished scheduling.
Command       schedule done; 127.823 sec.
INFO: [HLS 200-111] Finished Scheduling: CPU user time: 101 seconds. CPU system time: 3 seconds. Elapsed time: 131.511 seconds; current allocated memory: 835.621 MB.
Execute       syn_report -verbosereport -o E:/CENTOS7/shared/tiled_matmul_accelerator/mmult_accel_hls/solution1/.autopilot/db/mmult_accel_Pipeline_compute.verbose.sched.rpt 
Execute         AP::get_flow_target_display_name
Command       syn_report done; 1.194 sec.
Execute       db_write -o E:/CENTOS7/shared/tiled_matmul_accelerator/mmult_accel_hls/solution1/.autopilot/db/mmult_accel_Pipeline_compute.sched.adb -f 
Command       db_write done; 2.226 sec.
INFO-FLOW: Finish scheduling mmult_accel_Pipeline_compute.
Execute       set_default_model mmult_accel_Pipeline_compute 
Execute       bind -model mmult_accel_Pipeline_compute 
INFO: [BIND 205-100] Starting micro-architecture generation ...
INFO: [BIND 205-101] Performing variable lifetime analysis.
INFO: [BIND 205-101] Exploring resource sharing.
INFO: [BIND 205-101] Binding ...
INFO: [BIND 205-100] Finished micro-architecture generation.
Command       bind done; 15.722 sec.
INFO: [HLS 200-111] Finished Binding: CPU user time: 17 seconds. CPU system time: 1 seconds. Elapsed time: 19.142 seconds; current allocated memory: 835.621 MB.
Execute       syn_report -verbosereport -o E:/CENTOS7/shared/tiled_matmul_accelerator/mmult_accel_hls/solution1/.autopilot/db/mmult_accel_Pipeline_compute.verbose.bind.rpt 
Execute         AP::get_flow_target_display_name
Command       syn_report done; 1.623 sec.
Execute       db_write -o E:/CENTOS7/shared/tiled_matmul_accelerator/mmult_accel_hls/solution1/.autopilot/db/mmult_accel_Pipeline_compute.bind.adb -f 
Command       db_write done; 2.287 sec.
INFO-FLOW: Finish binding mmult_accel_Pipeline_compute.
INFO: [HLS 200-10] ----------------------------------------------------------------
INFO: [HLS 200-42] -- Implementing module 'mmult_accel_Pipeline_writeC_VITIS_LOOP_220_8' 
INFO: [HLS 200-10] ----------------------------------------------------------------
Execute       set_default_model mmult_accel_Pipeline_writeC_VITIS_LOOP_220_8 
Execute       schedule -model mmult_accel_Pipeline_writeC_VITIS_LOOP_220_8 
INFO: [SCHED 204-11] Starting scheduling ...
INFO: [SCHED 204-61] Pipelining loop 'writeC_VITIS_LOOP_220_8'.
INFO: [HLS 200-1470] Pipelining result : Target II = 1, Final II = 1, Depth = 9, loop 'writeC_VITIS_LOOP_220_8'
INFO: [SCHED 204-11] Finished scheduling.
Command       schedule done; 8.753 sec.
INFO: [HLS 200-111] Finished Scheduling: CPU user time: 12 seconds. CPU system time: 0 seconds. Elapsed time: 12.768 seconds; current allocated memory: 835.621 MB.
Execute       syn_report -verbosereport -o E:/CENTOS7/shared/tiled_matmul_accelerator/mmult_accel_hls/solution1/.autopilot/db/mmult_accel_Pipeline_writeC_VITIS_LOOP_220_8.verbose.sched.rpt 
Execute         AP::get_flow_target_display_name
Command       syn_report done; 0.144 sec.
Execute       db_write -o E:/CENTOS7/shared/tiled_matmul_accelerator/mmult_accel_hls/solution1/.autopilot/db/mmult_accel_Pipeline_writeC_VITIS_LOOP_220_8.sched.adb -f 
Command       db_write done; 0.464 sec.
INFO-FLOW: Finish scheduling mmult_accel_Pipeline_writeC_VITIS_LOOP_220_8.
Execute       set_default_model mmult_accel_Pipeline_writeC_VITIS_LOOP_220_8 
Execute       bind -model mmult_accel_Pipeline_writeC_VITIS_LOOP_220_8 
INFO: [BIND 205-100] Starting micro-architecture generation ...
INFO: [BIND 205-101] Performing variable lifetime analysis.
INFO: [BIND 205-101] Exploring resource sharing.
INFO: [BIND 205-101] Binding ...
INFO: [BIND 205-100] Finished micro-architecture generation.
Command       bind done; 0.357 sec.
INFO: [HLS 200-111] Finished Binding: CPU user time: 1 seconds. CPU system time: 0 seconds. Elapsed time: 0.965 seconds; current allocated memory: 835.688 MB.
Execute       syn_report -verbosereport -o E:/CENTOS7/shared/tiled_matmul_accelerator/mmult_accel_hls/solution1/.autopilot/db/mmult_accel_Pipeline_writeC_VITIS_LOOP_220_8.verbose.bind.rpt 
Execute         AP::get_flow_target_display_name
Command       syn_report done; 0.272 sec.
Execute       db_write -o E:/CENTOS7/shared/tiled_matmul_accelerator/mmult_accel_hls/solution1/.autopilot/db/mmult_accel_Pipeline_writeC_VITIS_LOOP_220_8.bind.adb -f 
Command       db_write done; 0.59 sec.
INFO-FLOW: Finish binding mmult_accel_Pipeline_writeC_VITIS_LOOP_220_8.
INFO: [HLS 200-10] ----------------------------------------------------------------
INFO: [HLS 200-42] -- Implementing module 'mmult_accel' 
INFO: [HLS 200-10] ----------------------------------------------------------------
Execute       set_default_model mmult_accel 
Execute       schedule -model mmult_accel 
INFO: [SCHED 204-11] Starting scheduling ...
INFO: [SCHED 204-11] Finished scheduling.
Command       schedule done; 18.989 sec.
INFO: [HLS 200-111] Finished Scheduling: CPU user time: 19 seconds. CPU system time: 0 seconds. Elapsed time: 19.976 seconds; current allocated memory: 924.777 MB.
Execute       syn_report -verbosereport -o E:/CENTOS7/shared/tiled_matmul_accelerator/mmult_accel_hls/solution1/.autopilot/db/mmult_accel.verbose.sched.rpt 
Execute         AP::get_flow_target_display_name
Command       syn_report done; 0.869 sec.
Execute       db_write -o E:/CENTOS7/shared/tiled_matmul_accelerator/mmult_accel_hls/solution1/.autopilot/db/mmult_accel.sched.adb -f 
Command       db_write done; 3.461 sec.
INFO-FLOW: Finish scheduling mmult_accel.
Execute       set_default_model mmult_accel 
Execute       bind -model mmult_accel 
INFO: [BIND 205-100] Starting micro-architecture generation ...
INFO: [BIND 205-101] Performing variable lifetime analysis.
INFO: [BIND 205-101] Exploring resource sharing.
INFO: [BIND 205-101] Binding ...
INFO: [BIND 205-100] Finished micro-architecture generation.
Command       bind done; 62.435 sec.
INFO: [HLS 200-111] Finished Binding: CPU user time: 62 seconds. CPU system time: 1 seconds. Elapsed time: 66.766 seconds; current allocated memory: 924.777 MB.
Execute       syn_report -verbosereport -o E:/CENTOS7/shared/tiled_matmul_accelerator/mmult_accel_hls/solution1/.autopilot/db/mmult_accel.verbose.bind.rpt 
Execute         AP::get_flow_target_display_name
Command       syn_report done; 3.786 sec.
Execute       db_write -o E:/CENTOS7/shared/tiled_matmul_accelerator/mmult_accel_hls/solution1/.autopilot/db/mmult_accel.bind.adb -f 
Command       db_write done; 4.585 sec.
INFO-FLOW: Finish binding mmult_accel.
Execute       get_model_list mmult_accel -filter all-wo-channel 
INFO-FLOW: Preprocessing for RTLGen ...
Execute       rtl_gen_preprocess mmult_accel_Pipeline_copy_A_VITIS_LOOP_97_1 
Execute       rtl_gen_preprocess mmult_accel_Pipeline_VITIS_LOOP_120_2 
Execute       rtl_gen_preprocess mmult_accel_Pipeline_loadA_VITIS_LOOP_171_4 
Execute       rtl_gen_preprocess mmult_accel_Pipeline_loadB_VITIS_LOOP_186_5 
Execute       rtl_gen_preprocess mmult_accel_Pipeline_compute 
Execute       rtl_gen_preprocess mmult_accel_Pipeline_writeC_VITIS_LOOP_220_8 
Execute       rtl_gen_preprocess mmult_accel 
INFO-FLOW: Model list for RTL generation: mmult_accel_Pipeline_copy_A_VITIS_LOOP_97_1 mmult_accel_Pipeline_VITIS_LOOP_120_2 mmult_accel_Pipeline_loadA_VITIS_LOOP_171_4 mmult_accel_Pipeline_loadB_VITIS_LOOP_186_5 mmult_accel_Pipeline_compute mmult_accel_Pipeline_writeC_VITIS_LOOP_220_8 mmult_accel
INFO: [HLS 200-10] ----------------------------------------------------------------
INFO: [HLS 200-10] -- Generating RTL for module 'mmult_accel_Pipeline_copy_A_VITIS_LOOP_97_1' 
INFO: [HLS 200-10] ----------------------------------------------------------------
Execute       create_rtl_model mmult_accel_Pipeline_copy_A_VITIS_LOOP_97_1 -top_prefix mmult_accel_ -sub_prefix mmult_accel_ -mg_file E:/CENTOS7/shared/tiled_matmul_accelerator/mmult_accel_hls/solution1/.autopilot/db/mmult_accel_Pipeline_copy_A_VITIS_LOOP_97_1.compgen.tcl 
INFO: [HLS 200-1030] Apply Unified Pipeline Control on module 'mmult_accel_Pipeline_copy_A_VITIS_LOOP_97_1' pipeline 'copy_A_VITIS_LOOP_97_1' pipeline type 'loop pipeline'
WARNING: [RTGEN 206-101] Setting dangling out port 'mmult_accel_Pipeline_copy_A_VITIS_LOOP_97_1/m_axi_gmemA_ARVALID' to 0.
WARNING: [RTGEN 206-101] Setting dangling out port 'mmult_accel_Pipeline_copy_A_VITIS_LOOP_97_1/m_axi_gmemA_ARADDR' to 0.
WARNING: [RTGEN 206-101] Setting dangling out port 'mmult_accel_Pipeline_copy_A_VITIS_LOOP_97_1/m_axi_gmemA_ARID' to 0.
WARNING: [RTGEN 206-101] Setting dangling out port 'mmult_accel_Pipeline_copy_A_VITIS_LOOP_97_1/m_axi_gmemA_ARLEN' to 0.
WARNING: [RTGEN 206-101] Setting dangling out port 'mmult_accel_Pipeline_copy_A_VITIS_LOOP_97_1/m_axi_gmemA_ARSIZE' to 0.
WARNING: [RTGEN 206-101] Setting dangling out port 'mmult_accel_Pipeline_copy_A_VITIS_LOOP_97_1/m_axi_gmemA_ARBURST' to 0.
WARNING: [RTGEN 206-101] Setting dangling out port 'mmult_accel_Pipeline_copy_A_VITIS_LOOP_97_1/m_axi_gmemA_ARLOCK' to 0.
WARNING: [RTGEN 206-101] Setting dangling out port 'mmult_accel_Pipeline_copy_A_VITIS_LOOP_97_1/m_axi_gmemA_ARCACHE' to 0.
WARNING: [RTGEN 206-101] Setting dangling out port 'mmult_accel_Pipeline_copy_A_VITIS_LOOP_97_1/m_axi_gmemA_ARPROT' to 0.
WARNING: [RTGEN 206-101] Setting dangling out port 'mmult_accel_Pipeline_copy_A_VITIS_LOOP_97_1/m_axi_gmemA_ARQOS' to 0.
WARNING: [RTGEN 206-101] Setting dangling out port 'mmult_accel_Pipeline_copy_A_VITIS_LOOP_97_1/m_axi_gmemA_ARREGION' to 0.
WARNING: [RTGEN 206-101] Setting dangling out port 'mmult_accel_Pipeline_copy_A_VITIS_LOOP_97_1/m_axi_gmemA_ARUSER' to 0.
INFO: [RTGEN 206-100] Finished creating RTL model for 'mmult_accel_Pipeline_copy_A_VITIS_LOOP_97_1'.
Command       create_rtl_model done; 0.653 sec.
INFO: [HLS 200-111] Finished Creating RTL model: CPU user time: 8 seconds. CPU system time: 1 seconds. Elapsed time: 9.23 seconds; current allocated memory: 924.777 MB.
Execute       source E:/CENTOS7/shared/tiled_matmul_accelerator/mmult_accel_hls/solution1/.autopilot/db/mmult_accel.rtl_wrap.cfg.tcl 
Execute       gen_rtl mmult_accel_Pipeline_copy_A_VITIS_LOOP_97_1 -style xilinx -f -lang vhdl -o E:/CENTOS7/shared/tiled_matmul_accelerator/mmult_accel_hls/solution1/syn/vhdl/mmult_accel_mmult_accel_Pipeline_copy_A_VITIS_LOOP_97_1 
Execute       gen_rtl mmult_accel_Pipeline_copy_A_VITIS_LOOP_97_1 -style xilinx -f -lang vlog -o E:/CENTOS7/shared/tiled_matmul_accelerator/mmult_accel_hls/solution1/syn/verilog/mmult_accel_mmult_accel_Pipeline_copy_A_VITIS_LOOP_97_1 
Execute       syn_report -csynth -model mmult_accel_Pipeline_copy_A_VITIS_LOOP_97_1 -o E:/CENTOS7/shared/tiled_matmul_accelerator/mmult_accel_hls/solution1/syn/report/mmult_accel_Pipeline_copy_A_VITIS_LOOP_97_1_csynth.rpt 
Execute         AP::get_flow_target_display_name
Execute       syn_report -rtlxml -model mmult_accel_Pipeline_copy_A_VITIS_LOOP_97_1 -o E:/CENTOS7/shared/tiled_matmul_accelerator/mmult_accel_hls/solution1/syn/report/mmult_accel_Pipeline_copy_A_VITIS_LOOP_97_1_csynth.xml 
Execute       syn_report -verbosereport -model mmult_accel_Pipeline_copy_A_VITIS_LOOP_97_1 -o E:/CENTOS7/shared/tiled_matmul_accelerator/mmult_accel_hls/solution1/.autopilot/db/mmult_accel_Pipeline_copy_A_VITIS_LOOP_97_1.verbose.rpt 
Execute         AP::get_flow_target_display_name
Execute       db_write -model mmult_accel_Pipeline_copy_A_VITIS_LOOP_97_1 -f -o E:/CENTOS7/shared/tiled_matmul_accelerator/mmult_accel_hls/solution1/.autopilot/db/mmult_accel_Pipeline_copy_A_VITIS_LOOP_97_1.adb 
Execute       db_write -model mmult_accel_Pipeline_copy_A_VITIS_LOOP_97_1 -bindview -o E:/CENTOS7/shared/tiled_matmul_accelerator/mmult_accel_hls/solution1/.autopilot/db/design.bindinfo.xml 
Execute       gen_tb_info mmult_accel_Pipeline_copy_A_VITIS_LOOP_97_1 -p E:/CENTOS7/shared/tiled_matmul_accelerator/mmult_accel_hls/solution1/.autopilot/db -o E:/CENTOS7/shared/tiled_matmul_accelerator/mmult_accel_hls/solution1/.autopilot/db/mmult_accel_Pipeline_copy_A_VITIS_LOOP_97_1 
INFO: [HLS 200-10] ----------------------------------------------------------------
INFO: [HLS 200-10] -- Generating RTL for module 'mmult_accel_Pipeline_VITIS_LOOP_120_2' 
INFO: [HLS 200-10] ----------------------------------------------------------------
Execute       create_rtl_model mmult_accel_Pipeline_VITIS_LOOP_120_2 -top_prefix mmult_accel_ -sub_prefix mmult_accel_ -mg_file E:/CENTOS7/shared/tiled_matmul_accelerator/mmult_accel_hls/solution1/.autopilot/db/mmult_accel_Pipeline_VITIS_LOOP_120_2.compgen.tcl 
INFO: [HLS 200-1030] Apply Unified Pipeline Control on module 'mmult_accel_Pipeline_VITIS_LOOP_120_2' pipeline 'copy_B_block_VITIS_LOOP_120_2' pipeline type 'loop pipeline'
INFO: [RTGEN 206-100] Generating core module 'mul_31ns_32ns_63_1_1': 1 instance(s).
INFO: [RTGEN 206-100] Finished creating RTL model for 'mmult_accel_Pipeline_VITIS_LOOP_120_2'.
Command       create_rtl_model done; 0.175 sec.
INFO: [HLS 200-111] Finished Creating RTL model: CPU user time: 1 seconds. CPU system time: 0 seconds. Elapsed time: 0.572 seconds; current allocated memory: 925.375 MB.
Execute       source E:/CENTOS7/shared/tiled_matmul_accelerator/mmult_accel_hls/solution1/.autopilot/db/mmult_accel.rtl_wrap.cfg.tcl 
Execute       gen_rtl mmult_accel_Pipeline_VITIS_LOOP_120_2 -style xilinx -f -lang vhdl -o E:/CENTOS7/shared/tiled_matmul_accelerator/mmult_accel_hls/solution1/syn/vhdl/mmult_accel_mmult_accel_Pipeline_VITIS_LOOP_120_2 
Execute       gen_rtl mmult_accel_Pipeline_VITIS_LOOP_120_2 -style xilinx -f -lang vlog -o E:/CENTOS7/shared/tiled_matmul_accelerator/mmult_accel_hls/solution1/syn/verilog/mmult_accel_mmult_accel_Pipeline_VITIS_LOOP_120_2 
Execute       syn_report -csynth -model mmult_accel_Pipeline_VITIS_LOOP_120_2 -o E:/CENTOS7/shared/tiled_matmul_accelerator/mmult_accel_hls/solution1/syn/report/mmult_accel_Pipeline_VITIS_LOOP_120_2_csynth.rpt 
Execute         AP::get_flow_target_display_name
Execute       syn_report -rtlxml -model mmult_accel_Pipeline_VITIS_LOOP_120_2 -o E:/CENTOS7/shared/tiled_matmul_accelerator/mmult_accel_hls/solution1/syn/report/mmult_accel_Pipeline_VITIS_LOOP_120_2_csynth.xml 
Execute       syn_report -verbosereport -model mmult_accel_Pipeline_VITIS_LOOP_120_2 -o E:/CENTOS7/shared/tiled_matmul_accelerator/mmult_accel_hls/solution1/.autopilot/db/mmult_accel_Pipeline_VITIS_LOOP_120_2.verbose.rpt 
Execute         AP::get_flow_target_display_name
Command       syn_report done; 0.145 sec.
Execute       db_write -model mmult_accel_Pipeline_VITIS_LOOP_120_2 -f -o E:/CENTOS7/shared/tiled_matmul_accelerator/mmult_accel_hls/solution1/.autopilot/db/mmult_accel_Pipeline_VITIS_LOOP_120_2.adb 
Execute       db_write -model mmult_accel_Pipeline_VITIS_LOOP_120_2 -bindview -o E:/CENTOS7/shared/tiled_matmul_accelerator/mmult_accel_hls/solution1/.autopilot/db/design.bindinfo.xml 
Execute       gen_tb_info mmult_accel_Pipeline_VITIS_LOOP_120_2 -p E:/CENTOS7/shared/tiled_matmul_accelerator/mmult_accel_hls/solution1/.autopilot/db -o E:/CENTOS7/shared/tiled_matmul_accelerator/mmult_accel_hls/solution1/.autopilot/db/mmult_accel_Pipeline_VITIS_LOOP_120_2 
INFO: [HLS 200-10] ----------------------------------------------------------------
INFO: [HLS 200-10] -- Generating RTL for module 'mmult_accel_Pipeline_loadA_VITIS_LOOP_171_4' 
INFO: [HLS 200-10] ----------------------------------------------------------------
Execute       create_rtl_model mmult_accel_Pipeline_loadA_VITIS_LOOP_171_4 -top_prefix mmult_accel_ -sub_prefix mmult_accel_ -mg_file E:/CENTOS7/shared/tiled_matmul_accelerator/mmult_accel_hls/solution1/.autopilot/db/mmult_accel_Pipeline_loadA_VITIS_LOOP_171_4.compgen.tcl 
INFO: [HLS 200-1030] Apply Unified Pipeline Control on module 'mmult_accel_Pipeline_loadA_VITIS_LOOP_171_4' pipeline 'loadA_VITIS_LOOP_171_4' pipeline type 'loop pipeline'
INFO: [RTGEN 206-104] Estimated max fanout for 'mmult_accel_Pipeline_loadA_VITIS_LOOP_171_4' is 8215, found 2 HDL expressions with this fanout: (ap_loop_init == 1'b1), ((1'b0 == ap_block_pp0_stage0_11001) & (1'b1 == ap_CS_fsm_pp0_stage0))
INFO: [RTGEN 206-100] Finished creating RTL model for 'mmult_accel_Pipeline_loadA_VITIS_LOOP_171_4'.
Command       create_rtl_model done; 13.122 sec.
INFO: [HLS 200-111] Finished Creating RTL model: CPU user time: 12 seconds. CPU system time: 0 seconds. Elapsed time: 13.676 seconds; current allocated memory: 962.695 MB.
Execute       source E:/CENTOS7/shared/tiled_matmul_accelerator/mmult_accel_hls/solution1/.autopilot/db/mmult_accel.rtl_wrap.cfg.tcl 
Execute       gen_rtl mmult_accel_Pipeline_loadA_VITIS_LOOP_171_4 -style xilinx -f -lang vhdl -o E:/CENTOS7/shared/tiled_matmul_accelerator/mmult_accel_hls/solution1/syn/vhdl/mmult_accel_mmult_accel_Pipeline_loadA_VITIS_LOOP_171_4 
Command       gen_rtl done; 0.23 sec.
Execute       gen_rtl mmult_accel_Pipeline_loadA_VITIS_LOOP_171_4 -style xilinx -f -lang vlog -o E:/CENTOS7/shared/tiled_matmul_accelerator/mmult_accel_hls/solution1/syn/verilog/mmult_accel_mmult_accel_Pipeline_loadA_VITIS_LOOP_171_4 
Command       gen_rtl done; 0.218 sec.
Execute       syn_report -csynth -model mmult_accel_Pipeline_loadA_VITIS_LOOP_171_4 -o E:/CENTOS7/shared/tiled_matmul_accelerator/mmult_accel_hls/solution1/syn/report/mmult_accel_Pipeline_loadA_VITIS_LOOP_171_4_csynth.rpt 
Execute         AP::get_flow_target_display_name
Command       syn_report done; 7.845 sec.
Execute       syn_report -rtlxml -model mmult_accel_Pipeline_loadA_VITIS_LOOP_171_4 -o E:/CENTOS7/shared/tiled_matmul_accelerator/mmult_accel_hls/solution1/syn/report/mmult_accel_Pipeline_loadA_VITIS_LOOP_171_4_csynth.xml 
Command       syn_report done; 3.791 sec.
Execute       syn_report -verbosereport -model mmult_accel_Pipeline_loadA_VITIS_LOOP_171_4 -o E:/CENTOS7/shared/tiled_matmul_accelerator/mmult_accel_hls/solution1/.autopilot/db/mmult_accel_Pipeline_loadA_VITIS_LOOP_171_4.verbose.rpt 
Execute         AP::get_flow_target_display_name
Command       syn_report done; 5.451 sec.
Execute       db_write -model mmult_accel_Pipeline_loadA_VITIS_LOOP_171_4 -f -o E:/CENTOS7/shared/tiled_matmul_accelerator/mmult_accel_hls/solution1/.autopilot/db/mmult_accel_Pipeline_loadA_VITIS_LOOP_171_4.adb 
Command       db_write done; 8.585 sec.
Execute       db_write -model mmult_accel_Pipeline_loadA_VITIS_LOOP_171_4 -bindview -o E:/CENTOS7/shared/tiled_matmul_accelerator/mmult_accel_hls/solution1/.autopilot/db/design.bindinfo.xml 
Execute       gen_tb_info mmult_accel_Pipeline_loadA_VITIS_LOOP_171_4 -p E:/CENTOS7/shared/tiled_matmul_accelerator/mmult_accel_hls/solution1/.autopilot/db -o E:/CENTOS7/shared/tiled_matmul_accelerator/mmult_accel_hls/solution1/.autopilot/db/mmult_accel_Pipeline_loadA_VITIS_LOOP_171_4 
INFO: [HLS 200-10] ----------------------------------------------------------------
INFO: [HLS 200-10] -- Generating RTL for module 'mmult_accel_Pipeline_loadB_VITIS_LOOP_186_5' 
INFO: [HLS 200-10] ----------------------------------------------------------------
Execute       create_rtl_model mmult_accel_Pipeline_loadB_VITIS_LOOP_186_5 -top_prefix mmult_accel_ -sub_prefix mmult_accel_ -mg_file E:/CENTOS7/shared/tiled_matmul_accelerator/mmult_accel_hls/solution1/.autopilot/db/mmult_accel_Pipeline_loadB_VITIS_LOOP_186_5.compgen.tcl 
INFO: [HLS 200-1030] Apply Unified Pipeline Control on module 'mmult_accel_Pipeline_loadB_VITIS_LOOP_186_5' pipeline 'loadB_VITIS_LOOP_186_5' pipeline type 'loop pipeline'
INFO: [RTGEN 206-104] Estimated max fanout for 'mmult_accel_Pipeline_loadB_VITIS_LOOP_186_5' is 8215, found 2 HDL expressions with this fanout: ((1'b0 == ap_block_pp0_stage0_11001) & (1'b1 == ap_CS_fsm_pp0_stage0)), (ap_loop_init == 1'b1)
INFO: [RTGEN 206-100] Finished creating RTL model for 'mmult_accel_Pipeline_loadB_VITIS_LOOP_186_5'.
Command       create_rtl_model done; 13.215 sec.
INFO: [HLS 200-111] Finished Creating RTL model: CPU user time: 39 seconds. CPU system time: 4 seconds. Elapsed time: 46.41 seconds; current allocated memory: 1.103 GB.
Execute       source E:/CENTOS7/shared/tiled_matmul_accelerator/mmult_accel_hls/solution1/.autopilot/db/mmult_accel.rtl_wrap.cfg.tcl 
Execute       gen_rtl mmult_accel_Pipeline_loadB_VITIS_LOOP_186_5 -style xilinx -f -lang vhdl -o E:/CENTOS7/shared/tiled_matmul_accelerator/mmult_accel_hls/solution1/syn/vhdl/mmult_accel_mmult_accel_Pipeline_loadB_VITIS_LOOP_186_5 
Command       gen_rtl done; 0.228 sec.
Execute       gen_rtl mmult_accel_Pipeline_loadB_VITIS_LOOP_186_5 -style xilinx -f -lang vlog -o E:/CENTOS7/shared/tiled_matmul_accelerator/mmult_accel_hls/solution1/syn/verilog/mmult_accel_mmult_accel_Pipeline_loadB_VITIS_LOOP_186_5 
Command       gen_rtl done; 0.198 sec.
Execute       syn_report -csynth -model mmult_accel_Pipeline_loadB_VITIS_LOOP_186_5 -o E:/CENTOS7/shared/tiled_matmul_accelerator/mmult_accel_hls/solution1/syn/report/mmult_accel_Pipeline_loadB_VITIS_LOOP_186_5_csynth.rpt 
Execute         AP::get_flow_target_display_name
Command       syn_report done; 7.705 sec.
Execute       syn_report -rtlxml -model mmult_accel_Pipeline_loadB_VITIS_LOOP_186_5 -o E:/CENTOS7/shared/tiled_matmul_accelerator/mmult_accel_hls/solution1/syn/report/mmult_accel_Pipeline_loadB_VITIS_LOOP_186_5_csynth.xml 
Command       syn_report done; 3.719 sec.
Execute       syn_report -verbosereport -model mmult_accel_Pipeline_loadB_VITIS_LOOP_186_5 -o E:/CENTOS7/shared/tiled_matmul_accelerator/mmult_accel_hls/solution1/.autopilot/db/mmult_accel_Pipeline_loadB_VITIS_LOOP_186_5.verbose.rpt 
Execute         AP::get_flow_target_display_name
Command       syn_report done; 5.48 sec.
Execute       db_write -model mmult_accel_Pipeline_loadB_VITIS_LOOP_186_5 -f -o E:/CENTOS7/shared/tiled_matmul_accelerator/mmult_accel_hls/solution1/.autopilot/db/mmult_accel_Pipeline_loadB_VITIS_LOOP_186_5.adb 
Command       db_write done; 6.219 sec.
Execute       db_write -model mmult_accel_Pipeline_loadB_VITIS_LOOP_186_5 -bindview -o E:/CENTOS7/shared/tiled_matmul_accelerator/mmult_accel_hls/solution1/.autopilot/db/design.bindinfo.xml 
Execute       gen_tb_info mmult_accel_Pipeline_loadB_VITIS_LOOP_186_5 -p E:/CENTOS7/shared/tiled_matmul_accelerator/mmult_accel_hls/solution1/.autopilot/db -o E:/CENTOS7/shared/tiled_matmul_accelerator/mmult_accel_hls/solution1/.autopilot/db/mmult_accel_Pipeline_loadB_VITIS_LOOP_186_5 
INFO: [HLS 200-10] ----------------------------------------------------------------
INFO: [HLS 200-10] -- Generating RTL for module 'mmult_accel_Pipeline_compute' 
INFO: [HLS 200-10] ----------------------------------------------------------------
Execute       create_rtl_model mmult_accel_Pipeline_compute -top_prefix mmult_accel_ -sub_prefix mmult_accel_ -mg_file E:/CENTOS7/shared/tiled_matmul_accelerator/mmult_accel_hls/solution1/.autopilot/db/mmult_accel_Pipeline_compute.compgen.tcl 
INFO: [HLS 200-1030] Apply Unified Pipeline Control on module 'mmult_accel_Pipeline_compute' pipeline 'compute' pipeline type 'loop pipeline'
INFO: [RTGEN 206-104] Estimated max fanout for 'mmult_accel_Pipeline_compute' is 32768, found 5 HDL expressions with this fanout: (ap_enable_reg_pp0_iter3 == 1'b1), ((icmp_ln200_reg_76486_pp0_iter1_reg == 1'd1) & (1'b0 == ap_block_pp0_stage0_01001)), (1'b0 == ap_block_pp0_stage0_11001), ((1'b0 == ap_block_pp0_stage0) & (ap_enable_reg_pp0_iter3 == 1'b1)), ((1'b1 == ap_CS_fsm_pp0_stage0) & (ap_loop_init == 1'b1))
INFO: [RTGEN 206-100] Generating core module 'mac_muladd_8s_8s_32s_32_4_1': 1024 instance(s).
INFO: [RTGEN 206-100] Generating core module 'mux_325_8_1_1': 64 instance(s).
INFO: [RTGEN 206-100] Finished creating RTL model for 'mmult_accel_Pipeline_compute'.
Command       create_rtl_model done; 226.006 sec.
INFO: [HLS 200-111] Finished Creating RTL model: CPU user time: 237 seconds. CPU system time: 5 seconds. Elapsed time: 256.594 seconds; current allocated memory: 1.316 GB.
Execute       source E:/CENTOS7/shared/tiled_matmul_accelerator/mmult_accel_hls/solution1/.autopilot/db/mmult_accel.rtl_wrap.cfg.tcl 
Execute       gen_rtl mmult_accel_Pipeline_compute -style xilinx -f -lang vhdl -o E:/CENTOS7/shared/tiled_matmul_accelerator/mmult_accel_hls/solution1/syn/vhdl/mmult_accel_mmult_accel_Pipeline_compute 
Command       gen_rtl done; 0.281 sec.
Execute       gen_rtl mmult_accel_Pipeline_compute -style xilinx -f -lang vlog -o E:/CENTOS7/shared/tiled_matmul_accelerator/mmult_accel_hls/solution1/syn/verilog/mmult_accel_mmult_accel_Pipeline_compute 
Command       gen_rtl done; 0.216 sec.
Execute       syn_report -csynth -model mmult_accel_Pipeline_compute -o E:/CENTOS7/shared/tiled_matmul_accelerator/mmult_accel_hls/solution1/syn/report/mmult_accel_Pipeline_compute_csynth.rpt 
Execute         AP::get_flow_target_display_name
Command       syn_report done; 1.173 sec.
Execute       syn_report -rtlxml -model mmult_accel_Pipeline_compute -o E:/CENTOS7/shared/tiled_matmul_accelerator/mmult_accel_hls/solution1/syn/report/mmult_accel_Pipeline_compute_csynth.xml 
Command       syn_report done; 0.516 sec.
Execute       syn_report -verbosereport -model mmult_accel_Pipeline_compute -o E:/CENTOS7/shared/tiled_matmul_accelerator/mmult_accel_hls/solution1/.autopilot/db/mmult_accel_Pipeline_compute.verbose.rpt 
Execute         AP::get_flow_target_display_name
Command       syn_report done; 3.268 sec.
Execute       db_write -model mmult_accel_Pipeline_compute -f -o E:/CENTOS7/shared/tiled_matmul_accelerator/mmult_accel_hls/solution1/.autopilot/db/mmult_accel_Pipeline_compute.adb 
Command       db_write done; 5.768 sec.
Execute       db_write -model mmult_accel_Pipeline_compute -bindview -o E:/CENTOS7/shared/tiled_matmul_accelerator/mmult_accel_hls/solution1/.autopilot/db/design.bindinfo.xml 
Command       db_write done; 3.563 sec.
Execute       gen_tb_info mmult_accel_Pipeline_compute -p E:/CENTOS7/shared/tiled_matmul_accelerator/mmult_accel_hls/solution1/.autopilot/db -o E:/CENTOS7/shared/tiled_matmul_accelerator/mmult_accel_hls/solution1/.autopilot/db/mmult_accel_Pipeline_compute 
Command       gen_tb_info done; 0.158 sec.
INFO: [HLS 200-10] ----------------------------------------------------------------
INFO: [HLS 200-10] -- Generating RTL for module 'mmult_accel_Pipeline_writeC_VITIS_LOOP_220_8' 
INFO: [HLS 200-10] ----------------------------------------------------------------
Execute       create_rtl_model mmult_accel_Pipeline_writeC_VITIS_LOOP_220_8 -top_prefix mmult_accel_ -sub_prefix mmult_accel_ -mg_file E:/CENTOS7/shared/tiled_matmul_accelerator/mmult_accel_hls/solution1/.autopilot/db/mmult_accel_Pipeline_writeC_VITIS_LOOP_220_8.compgen.tcl 
INFO: [HLS 200-1030] Apply Unified Pipeline Control on module 'mmult_accel_Pipeline_writeC_VITIS_LOOP_220_8' pipeline 'writeC_VITIS_LOOP_220_8' pipeline type 'loop pipeline'
INFO: [RTGEN 206-100] Generating core module 'mul_62s_32s_62_1_1': 1 instance(s).
INFO: [RTGEN 206-100] Generating core module 'mux_325_32_1_1': 33 instance(s).
INFO: [RTGEN 206-100] Finished creating RTL model for 'mmult_accel_Pipeline_writeC_VITIS_LOOP_220_8'.
Command       create_rtl_model done; 6.633 sec.
INFO: [HLS 200-111] Finished Creating RTL model: CPU user time: 22 seconds. CPU system time: 5 seconds. Elapsed time: 29.4 seconds; current allocated memory: 1.512 GB.
Execute       source E:/CENTOS7/shared/tiled_matmul_accelerator/mmult_accel_hls/solution1/.autopilot/db/mmult_accel.rtl_wrap.cfg.tcl 
Execute       gen_rtl mmult_accel_Pipeline_writeC_VITIS_LOOP_220_8 -style xilinx -f -lang vhdl -o E:/CENTOS7/shared/tiled_matmul_accelerator/mmult_accel_hls/solution1/syn/vhdl/mmult_accel_mmult_accel_Pipeline_writeC_VITIS_LOOP_220_8 
Execute       gen_rtl mmult_accel_Pipeline_writeC_VITIS_LOOP_220_8 -style xilinx -f -lang vlog -o E:/CENTOS7/shared/tiled_matmul_accelerator/mmult_accel_hls/solution1/syn/verilog/mmult_accel_mmult_accel_Pipeline_writeC_VITIS_LOOP_220_8 
Execute       syn_report -csynth -model mmult_accel_Pipeline_writeC_VITIS_LOOP_220_8 -o E:/CENTOS7/shared/tiled_matmul_accelerator/mmult_accel_hls/solution1/syn/report/mmult_accel_Pipeline_writeC_VITIS_LOOP_220_8_csynth.rpt 
Execute         AP::get_flow_target_display_name
Command       syn_report done; 0.171 sec.
Execute       syn_report -rtlxml -model mmult_accel_Pipeline_writeC_VITIS_LOOP_220_8 -o E:/CENTOS7/shared/tiled_matmul_accelerator/mmult_accel_hls/solution1/syn/report/mmult_accel_Pipeline_writeC_VITIS_LOOP_220_8_csynth.xml 
Execute       syn_report -verbosereport -model mmult_accel_Pipeline_writeC_VITIS_LOOP_220_8 -o E:/CENTOS7/shared/tiled_matmul_accelerator/mmult_accel_hls/solution1/.autopilot/db/mmult_accel_Pipeline_writeC_VITIS_LOOP_220_8.verbose.rpt 
Execute         AP::get_flow_target_display_name
Command       syn_report done; 0.36 sec.
Execute       db_write -model mmult_accel_Pipeline_writeC_VITIS_LOOP_220_8 -f -o E:/CENTOS7/shared/tiled_matmul_accelerator/mmult_accel_hls/solution1/.autopilot/db/mmult_accel_Pipeline_writeC_VITIS_LOOP_220_8.adb 
Command       db_write done; 0.645 sec.
Execute       db_write -model mmult_accel_Pipeline_writeC_VITIS_LOOP_220_8 -bindview -o E:/CENTOS7/shared/tiled_matmul_accelerator/mmult_accel_hls/solution1/.autopilot/db/design.bindinfo.xml 
Command       db_write done; 0.188 sec.
Execute       gen_tb_info mmult_accel_Pipeline_writeC_VITIS_LOOP_220_8 -p E:/CENTOS7/shared/tiled_matmul_accelerator/mmult_accel_hls/solution1/.autopilot/db -o E:/CENTOS7/shared/tiled_matmul_accelerator/mmult_accel_hls/solution1/.autopilot/db/mmult_accel_Pipeline_writeC_VITIS_LOOP_220_8 
INFO: [HLS 200-10] ----------------------------------------------------------------
INFO: [HLS 200-10] -- Generating RTL for module 'mmult_accel' 
INFO: [HLS 200-10] ----------------------------------------------------------------
Execute       create_rtl_model mmult_accel -top_prefix  -sub_prefix mmult_accel_ -mg_file E:/CENTOS7/shared/tiled_matmul_accelerator/mmult_accel_hls/solution1/.autopilot/db/mmult_accel.compgen.tcl 
WARNING: [RTGEN 206-101] Design contains AXI ports. Reset is fixed to synchronous and active low.
INFO: [RTGEN 206-500] Setting interface mode on port 'mmult_accel/gmemA' to 'm_axi'.
INFO: [RTGEN 206-500] Setting interface mode on port 'mmult_accel/gmemB' to 'm_axi'.
INFO: [RTGEN 206-500] Setting interface mode on port 'mmult_accel/gmemC' to 'm_axi'.
INFO: [RTGEN 206-500] Setting interface mode on port 'mmult_accel/A' to 's_axilite & ap_none'.
INFO: [RTGEN 206-500] Setting interface mode on port 'mmult_accel/B' to 's_axilite & ap_none'.
INFO: [RTGEN 206-500] Setting interface mode on port 'mmult_accel/C' to 's_axilite & ap_none'.
INFO: [RTGEN 206-500] Setting interface mode on port 'mmult_accel/N' to 's_axilite & ap_none'.
INFO: [RTGEN 206-500] Setting interface mode on port 'mmult_accel/K' to 's_axilite & ap_none'.
INFO: [RTGEN 206-500] Setting interface mode on port 'mmult_accel/M' to 's_axilite & ap_none'.
INFO: [RTGEN 206-500] Setting interface mode on port 'mmult_accel/update_A' to 's_axilite & ap_none'.
INFO: [RTGEN 206-500] Setting interface mode on function 'mmult_accel' to 's_axilite & ap_ctrl_hs'.
INFO: [RTGEN 206-100] Bundling port 'A', 'B', 'C', 'N', 'K', 'M', 'update_A' to AXI-Lite port control.
INFO: [RTGEN 206-104] Estimated max fanout for 'mmult_accel' is 33087 from HDL expression: ((icmp_ln132_fu_44667_p2 == 1'd0) & (1'b1 == ap_CS_fsm_state15))
INFO: [RTGEN 206-100] Generating core module 'mul_28ns_28ns_118_1_1': 1 instance(s).
INFO: [RTGEN 206-100] Generating core module 'mul_32ns_32ns_64_1_1': 2 instance(s).
INFO: [RTGEN 206-100] Generating core module 'mul_32s_32s_32_1_1': 1 instance(s).
INFO: [RTGEN 206-100] Finished creating RTL model for 'mmult_accel'.
INFO: [RTMG 210-278] Implementing memory 'mmult_accel_A_bram_RAM_2P_BRAM_1R1W' using block RAMs.
INFO: [RTMG 210-278] Implementing memory 'mmult_accel_B_bram_RAM_2P_BRAM_1R1W' using block RAMs.
Command       create_rtl_model done; 6.137 sec.
INFO: [HLS 200-111] Finished Creating RTL model: CPU user time: 7 seconds. CPU system time: 1 seconds. Elapsed time: 8.22 seconds; current allocated memory: 1.602 GB.
Execute       source E:/CENTOS7/shared/tiled_matmul_accelerator/mmult_accel_hls/solution1/.autopilot/db/mmult_accel.rtl_wrap.cfg.tcl 
Execute       gen_rtl mmult_accel -istop -style xilinx -f -lang vhdl -o E:/CENTOS7/shared/tiled_matmul_accelerator/mmult_accel_hls/solution1/syn/vhdl/mmult_accel 
Command       gen_rtl done; 0.83 sec.
Execute       gen_rtl mmult_accel -istop -style xilinx -f -lang vlog -o E:/CENTOS7/shared/tiled_matmul_accelerator/mmult_accel_hls/solution1/syn/verilog/mmult_accel 
Command       gen_rtl done; 0.475 sec.
Execute       syn_report -csynth -model mmult_accel -o E:/CENTOS7/shared/tiled_matmul_accelerator/mmult_accel_hls/solution1/syn/report/mmult_accel_csynth.rpt 
Execute         AP::get_flow_target_display_name
Command       syn_report done; 0.485 sec.
Execute       syn_report -rtlxml -model mmult_accel -o E:/CENTOS7/shared/tiled_matmul_accelerator/mmult_accel_hls/solution1/syn/report/mmult_accel_csynth.xml 
Command       syn_report done; 0.371 sec.
Execute       syn_report -verbosereport -model mmult_accel -o E:/CENTOS7/shared/tiled_matmul_accelerator/mmult_accel_hls/solution1/.autopilot/db/mmult_accel.verbose.rpt 
Execute         AP::get_flow_target_display_name
Command       syn_report done; 4.311 sec.
Execute       db_write -model mmult_accel -f -o E:/CENTOS7/shared/tiled_matmul_accelerator/mmult_accel_hls/solution1/.autopilot/db/mmult_accel.adb 
Command       db_write done; 5.614 sec.
Execute       db_write -model mmult_accel -bindview -o E:/CENTOS7/shared/tiled_matmul_accelerator/mmult_accel_hls/solution1/.autopilot/db/design.bindinfo.xml 
Command       db_write done; 0.202 sec.
Execute       gen_tb_info mmult_accel -p E:/CENTOS7/shared/tiled_matmul_accelerator/mmult_accel_hls/solution1/.autopilot/db -o E:/CENTOS7/shared/tiled_matmul_accelerator/mmult_accel_hls/solution1/.autopilot/db/mmult_accel 
Command       gen_tb_info done; 0.161 sec.
Execute       export_constraint_db -f -tool general -o E:/CENTOS7/shared/tiled_matmul_accelerator/mmult_accel_hls/solution1/.autopilot/db/mmult_accel.constraint.tcl 
Execute       syn_report -designview -model mmult_accel -o E:/CENTOS7/shared/tiled_matmul_accelerator/mmult_accel_hls/solution1/.autopilot/db/mmult_accel.design.xml 
Command       syn_report done; 17.428 sec.
Execute       syn_report -csynthDesign -model mmult_accel -o E:/CENTOS7/shared/tiled_matmul_accelerator/mmult_accel_hls/solution1/syn/report/csynth.rpt 
Execute         AP::get_flow_target_display_name
Execute       syn_report -wcfg -model mmult_accel -o E:/CENTOS7/shared/tiled_matmul_accelerator/mmult_accel_hls/solution1/.autopilot/db/mmult_accel_dataflow_ana.wcfg 
Execute       syn_report -protoinst -model mmult_accel -o E:/CENTOS7/shared/tiled_matmul_accelerator/mmult_accel_hls/solution1/.autopilot/db/mmult_accel.protoinst 
Execute       sc_get_clocks mmult_accel 
Execute       sc_get_portdomain mmult_accel 
INFO-FLOW: Model list for RTL component generation: mmult_accel_Pipeline_copy_A_VITIS_LOOP_97_1 mmult_accel_Pipeline_VITIS_LOOP_120_2 mmult_accel_Pipeline_loadA_VITIS_LOOP_171_4 mmult_accel_Pipeline_loadB_VITIS_LOOP_186_5 mmult_accel_Pipeline_compute mmult_accel_Pipeline_writeC_VITIS_LOOP_220_8 mmult_accel
INFO-FLOW: Handling components in module [mmult_accel_Pipeline_copy_A_VITIS_LOOP_97_1] ... 
Execute       source E:/CENTOS7/shared/tiled_matmul_accelerator/mmult_accel_hls/solution1/.autopilot/db/mmult_accel_Pipeline_copy_A_VITIS_LOOP_97_1.compgen.tcl 
INFO-FLOW: Found component mmult_accel_flow_control_loop_pipe_sequential_init.
INFO-FLOW: Append model mmult_accel_flow_control_loop_pipe_sequential_init
INFO-FLOW: Handling components in module [mmult_accel_Pipeline_VITIS_LOOP_120_2] ... 
Execute       source E:/CENTOS7/shared/tiled_matmul_accelerator/mmult_accel_hls/solution1/.autopilot/db/mmult_accel_Pipeline_VITIS_LOOP_120_2.compgen.tcl 
INFO-FLOW: Found component mmult_accel_mul_31ns_32ns_63_1_1.
INFO-FLOW: Append model mmult_accel_mul_31ns_32ns_63_1_1
INFO-FLOW: Found component mmult_accel_flow_control_loop_pipe_sequential_init.
INFO-FLOW: Append model mmult_accel_flow_control_loop_pipe_sequential_init
INFO-FLOW: Handling components in module [mmult_accel_Pipeline_loadA_VITIS_LOOP_171_4] ... 
Execute       source E:/CENTOS7/shared/tiled_matmul_accelerator/mmult_accel_hls/solution1/.autopilot/db/mmult_accel_Pipeline_loadA_VITIS_LOOP_171_4.compgen.tcl 
INFO-FLOW: Found component mmult_accel_flow_control_loop_pipe_sequential_init.
INFO-FLOW: Append model mmult_accel_flow_control_loop_pipe_sequential_init
INFO-FLOW: Handling components in module [mmult_accel_Pipeline_loadB_VITIS_LOOP_186_5] ... 
Execute       source E:/CENTOS7/shared/tiled_matmul_accelerator/mmult_accel_hls/solution1/.autopilot/db/mmult_accel_Pipeline_loadB_VITIS_LOOP_186_5.compgen.tcl 
INFO-FLOW: Found component mmult_accel_flow_control_loop_pipe_sequential_init.
INFO-FLOW: Append model mmult_accel_flow_control_loop_pipe_sequential_init
INFO-FLOW: Handling components in module [mmult_accel_Pipeline_compute] ... 
Execute       source E:/CENTOS7/shared/tiled_matmul_accelerator/mmult_accel_hls/solution1/.autopilot/db/mmult_accel_Pipeline_compute.compgen.tcl 
INFO-FLOW: Found component mmult_accel_mux_325_8_1_1.
INFO-FLOW: Append model mmult_accel_mux_325_8_1_1
INFO-FLOW: Found component mmult_accel_mac_muladd_8s_8s_32s_32_4_1.
INFO-FLOW: Append model mmult_accel_mac_muladd_8s_8s_32s_32_4_1
INFO-FLOW: Found component mmult_accel_flow_control_loop_pipe_sequential_init.
INFO-FLOW: Append model mmult_accel_flow_control_loop_pipe_sequential_init
INFO-FLOW: Handling components in module [mmult_accel_Pipeline_writeC_VITIS_LOOP_220_8] ... 
Execute       source E:/CENTOS7/shared/tiled_matmul_accelerator/mmult_accel_hls/solution1/.autopilot/db/mmult_accel_Pipeline_writeC_VITIS_LOOP_220_8.compgen.tcl 
INFO-FLOW: Found component mmult_accel_mul_62s_32s_62_1_1.
INFO-FLOW: Append model mmult_accel_mul_62s_32s_62_1_1
INFO-FLOW: Found component mmult_accel_mux_325_32_1_1.
INFO-FLOW: Append model mmult_accel_mux_325_32_1_1
INFO-FLOW: Found component mmult_accel_flow_control_loop_pipe_sequential_init.
INFO-FLOW: Append model mmult_accel_flow_control_loop_pipe_sequential_init
INFO-FLOW: Handling components in module [mmult_accel] ... 
Execute       source E:/CENTOS7/shared/tiled_matmul_accelerator/mmult_accel_hls/solution1/.autopilot/db/mmult_accel.compgen.tcl 
INFO-FLOW: Found component mmult_accel_mul_32s_32s_32_1_1.
INFO-FLOW: Append model mmult_accel_mul_32s_32s_32_1_1
INFO-FLOW: Found component mmult_accel_mul_32ns_32ns_64_1_1.
INFO-FLOW: Append model mmult_accel_mul_32ns_32ns_64_1_1
INFO-FLOW: Found component mmult_accel_mul_28ns_28ns_118_1_1.
INFO-FLOW: Append model mmult_accel_mul_28ns_28ns_118_1_1
INFO-FLOW: Found component mmult_accel_A_bram_RAM_2P_BRAM_1R1W.
INFO-FLOW: Append model mmult_accel_A_bram_RAM_2P_BRAM_1R1W
INFO-FLOW: Found component mmult_accel_B_bram_RAM_2P_BRAM_1R1W.
INFO-FLOW: Append model mmult_accel_B_bram_RAM_2P_BRAM_1R1W
INFO-FLOW: Found component mmult_accel_gmemA_m_axi.
INFO-FLOW: Append model mmult_accel_gmemA_m_axi
INFO-FLOW: Found component mmult_accel_gmemB_m_axi.
INFO-FLOW: Append model mmult_accel_gmemB_m_axi
INFO-FLOW: Found component mmult_accel_gmemC_m_axi.
INFO-FLOW: Append model mmult_accel_gmemC_m_axi
INFO-FLOW: Found component mmult_accel_control_s_axi.
INFO-FLOW: Append model mmult_accel_control_s_axi
INFO-FLOW: Append model mmult_accel_Pipeline_copy_A_VITIS_LOOP_97_1
INFO-FLOW: Append model mmult_accel_Pipeline_VITIS_LOOP_120_2
INFO-FLOW: Append model mmult_accel_Pipeline_loadA_VITIS_LOOP_171_4
INFO-FLOW: Append model mmult_accel_Pipeline_loadB_VITIS_LOOP_186_5
INFO-FLOW: Append model mmult_accel_Pipeline_compute
INFO-FLOW: Append model mmult_accel_Pipeline_writeC_VITIS_LOOP_220_8
INFO-FLOW: Append model mmult_accel
INFO-FLOW: Generating RTL model list ...
INFO-FLOW: All models in this session: mmult_accel_flow_control_loop_pipe_sequential_init mmult_accel_mul_31ns_32ns_63_1_1 mmult_accel_flow_control_loop_pipe_sequential_init mmult_accel_flow_control_loop_pipe_sequential_init mmult_accel_flow_control_loop_pipe_sequential_init mmult_accel_mux_325_8_1_1 mmult_accel_mac_muladd_8s_8s_32s_32_4_1 mmult_accel_flow_control_loop_pipe_sequential_init mmult_accel_mul_62s_32s_62_1_1 mmult_accel_mux_325_32_1_1 mmult_accel_flow_control_loop_pipe_sequential_init mmult_accel_mul_32s_32s_32_1_1 mmult_accel_mul_32ns_32ns_64_1_1 mmult_accel_mul_28ns_28ns_118_1_1 mmult_accel_A_bram_RAM_2P_BRAM_1R1W mmult_accel_B_bram_RAM_2P_BRAM_1R1W mmult_accel_gmemA_m_axi mmult_accel_gmemB_m_axi mmult_accel_gmemC_m_axi mmult_accel_control_s_axi mmult_accel_Pipeline_copy_A_VITIS_LOOP_97_1 mmult_accel_Pipeline_VITIS_LOOP_120_2 mmult_accel_Pipeline_loadA_VITIS_LOOP_171_4 mmult_accel_Pipeline_loadB_VITIS_LOOP_186_5 mmult_accel_Pipeline_compute mmult_accel_Pipeline_writeC_VITIS_LOOP_220_8 mmult_accel
INFO-FLOW: Generating E:/CENTOS7/shared/tiled_matmul_accelerator/mmult_accel_hls/solution1/.autopilot/db/autopilot.rtl.models.txt file...
INFO-FLOW: To file: write model mmult_accel_flow_control_loop_pipe_sequential_init
INFO-FLOW: To file: write model mmult_accel_mul_31ns_32ns_63_1_1
INFO-FLOW: To file: write model mmult_accel_flow_control_loop_pipe_sequential_init
INFO-FLOW: To file: write model mmult_accel_flow_control_loop_pipe_sequential_init
INFO-FLOW: To file: write model mmult_accel_flow_control_loop_pipe_sequential_init
INFO-FLOW: To file: write model mmult_accel_mux_325_8_1_1
INFO-FLOW: To file: write model mmult_accel_mac_muladd_8s_8s_32s_32_4_1
INFO-FLOW: To file: write model mmult_accel_flow_control_loop_pipe_sequential_init
INFO-FLOW: To file: write model mmult_accel_mul_62s_32s_62_1_1
INFO-FLOW: To file: write model mmult_accel_mux_325_32_1_1
INFO-FLOW: To file: write model mmult_accel_flow_control_loop_pipe_sequential_init
INFO-FLOW: To file: write model mmult_accel_mul_32s_32s_32_1_1
INFO-FLOW: To file: write model mmult_accel_mul_32ns_32ns_64_1_1
INFO-FLOW: To file: write model mmult_accel_mul_28ns_28ns_118_1_1
INFO-FLOW: To file: write model mmult_accel_A_bram_RAM_2P_BRAM_1R1W
INFO-FLOW: To file: write model mmult_accel_B_bram_RAM_2P_BRAM_1R1W
INFO-FLOW: To file: write model mmult_accel_gmemA_m_axi
INFO-FLOW: To file: write model mmult_accel_gmemB_m_axi
INFO-FLOW: To file: write model mmult_accel_gmemC_m_axi
INFO-FLOW: To file: write model mmult_accel_control_s_axi
INFO-FLOW: To file: write model mmult_accel_Pipeline_copy_A_VITIS_LOOP_97_1
INFO-FLOW: To file: write model mmult_accel_Pipeline_VITIS_LOOP_120_2
INFO-FLOW: To file: write model mmult_accel_Pipeline_loadA_VITIS_LOOP_171_4
INFO-FLOW: To file: write model mmult_accel_Pipeline_loadB_VITIS_LOOP_186_5
INFO-FLOW: To file: write model mmult_accel_Pipeline_compute
INFO-FLOW: To file: write model mmult_accel_Pipeline_writeC_VITIS_LOOP_220_8
INFO-FLOW: To file: write model mmult_accel
INFO-FLOW: Generating E:/CENTOS7/shared/tiled_matmul_accelerator/mmult_accel_hls/solution1/.autopilot/db/autopilot.rtl.models.tcl file...
INFO-FLOW: Finished generating RTL model list.


INFO-FLOW: RTL Generation done.
INFO-FLOW: CAS Generation done.
INFO-FLOW: CBC Generation done.
INFO-FLOW: DBG:PROC: ::AESL_AUTOMG::auto_generate_csynth_design
INFO-FLOW: DBG:PUTS: read_platform_lib E:/CENTOS7/shared/tiled_matmul_accelerator/mmult_accel_hls/solution1/.autopilot/db/global.setting.tcl
Execute       source E:/VIVADO/Vitis_HLS/2022.2/common/technology/generic/autopilot/common.gen 
Execute         source E:/VIVADO/Vitis_HLS/2022.2/common/technology/generic/autopilot/APCoreGen.gen 
Execute       source E:/VIVADO/Vitis_HLS/2022.2/common/technology/generic/autopilot/op.gen 
Execute       source E:/VIVADO/Vitis_HLS/2022.2/common/technology/generic/autopilot/op_simcore.gen 
Execute       source E:/VIVADO/Vitis_HLS/2022.2/common/technology/generic/autopilot/interface.gen 
Execute       source E:/CENTOS7/shared/tiled_matmul_accelerator/mmult_accel_hls/solution1/.autopilot/db/global.setting.tcl 
Execute       source E:/VIVADO/Vitis_HLS/2022.2/common/technology/xilinx/common/xilinx.gen 
Execute         source E:/VIVADO/Vitis_HLS/2022.2/common/technology/xilinx/interface/plb46.gen 
Execute         source E:/VIVADO/Vitis_HLS/2022.2/common/technology/xilinx/interface/axi4.gen 
Execute         source E:/VIVADO/Vitis_HLS/2022.2/common/technology/xilinx/interface/nativeAXI4.gen 
Execute           source E:/VIVADO/Vitis_HLS/2022.2/common/technology/xilinx/interface/saxilite.gen 
Execute         source E:/VIVADO/Vitis_HLS/2022.2/common/technology/xilinx/scripts/xilinxcoregen.gen 
Execute         source E:/VIVADO/Vitis_HLS/2022.2/common/technology/xilinx/interface/XilEDKCoreGen.gen 
Execute         source E:/VIVADO/Vitis_HLS/2022.2/common/technology/xilinx/ip/dds_compiler.gen 
Execute         source E:/VIVADO/Vitis_HLS/2022.2/common/technology/xilinx/ip/util.gen 
Execute         source E:/VIVADO/Vitis_HLS/2022.2/common/technology/xilinx/ip/xfft.gen 
Command         ap_source done; 0.125 sec.
Execute         source E:/VIVADO/Vitis_HLS/2022.2/common/technology/xilinx/ip/xfir.gen 
Execute         source E:/VIVADO/Vitis_HLS/2022.2/common/technology/xilinx/DSP48/dsp48.gen 
Command       ap_source done; 0.19 sec.
INFO-FLOW: DBG:PUTS:   using AESL_AUTOCG::g_clock_period=10.000 (was NA)
INFO-FLOW: DBG:PROC: ::AESL_AUTOMG::generate_ip_cores gen_sim_model='1' gen_fp_models='0' gen_for_export='0' dstSCDir='' dstVhdlDir='E:/CENTOS7/shared/tiled_matmul_accelerator/mmult_accel_hls/solution1/.autopilot/db/vhdl' dstVlogDir='E:/CENTOS7/shared/tiled_matmul_accelerator/mmult_accel_hls/solution1/.autopilot/db/vlog' tclDir='E:/CENTOS7/shared/tiled_matmul_accelerator/mmult_accel_hls/solution1/.autopilot/db' modelList='mmult_accel_flow_control_loop_pipe_sequential_init
mmult_accel_mul_31ns_32ns_63_1_1
mmult_accel_flow_control_loop_pipe_sequential_init
mmult_accel_flow_control_loop_pipe_sequential_init
mmult_accel_flow_control_loop_pipe_sequential_init
mmult_accel_mux_325_8_1_1
mmult_accel_mac_muladd_8s_8s_32s_32_4_1
mmult_accel_flow_control_loop_pipe_sequential_init
mmult_accel_mul_62s_32s_62_1_1
mmult_accel_mux_325_32_1_1
mmult_accel_flow_control_loop_pipe_sequential_init
mmult_accel_mul_32s_32s_32_1_1
mmult_accel_mul_32ns_32ns_64_1_1
mmult_accel_mul_28ns_28ns_118_1_1
mmult_accel_A_bram_RAM_2P_BRAM_1R1W
mmult_accel_B_bram_RAM_2P_BRAM_1R1W
mmult_accel_gmemA_m_axi
mmult_accel_gmemB_m_axi
mmult_accel_gmemC_m_axi
mmult_accel_control_s_axi
mmult_accel_Pipeline_copy_A_VITIS_LOOP_97_1
mmult_accel_Pipeline_VITIS_LOOP_120_2
mmult_accel_Pipeline_loadA_VITIS_LOOP_171_4
mmult_accel_Pipeline_loadB_VITIS_LOOP_186_5
mmult_accel_Pipeline_compute
mmult_accel_Pipeline_writeC_VITIS_LOOP_220_8
mmult_accel
' expOnly='0'
Execute       source E:/CENTOS7/shared/tiled_matmul_accelerator/mmult_accel_hls/solution1/.autopilot/db/global.setting.tcl 
Execute       ap_part_info -name xck26-sfvc784-2LV-c -data names -quiet 
Execute       ap_part_info -name xck26-sfvc784-2LV-c -data info -quiet 
Execute       source E:/CENTOS7/shared/tiled_matmul_accelerator/mmult_accel_hls/solution1/.autopilot/db/global.setting.tcl 
Execute       source E:/CENTOS7/shared/tiled_matmul_accelerator/mmult_accel_hls/solution1/.autopilot/db/global.setting.tcl 
Execute       source E:/CENTOS7/shared/tiled_matmul_accelerator/mmult_accel_hls/solution1/.autopilot/db/mmult_accel_Pipeline_copy_A_VITIS_LOOP_97_1.compgen.tcl 
Execute       source E:/CENTOS7/shared/tiled_matmul_accelerator/mmult_accel_hls/solution1/.autopilot/db/mmult_accel_Pipeline_VITIS_LOOP_120_2.compgen.tcl 
Execute       source E:/CENTOS7/shared/tiled_matmul_accelerator/mmult_accel_hls/solution1/.autopilot/db/mmult_accel_Pipeline_loadA_VITIS_LOOP_171_4.compgen.tcl 
Execute       source E:/CENTOS7/shared/tiled_matmul_accelerator/mmult_accel_hls/solution1/.autopilot/db/mmult_accel_Pipeline_loadB_VITIS_LOOP_186_5.compgen.tcl 
Execute       source E:/CENTOS7/shared/tiled_matmul_accelerator/mmult_accel_hls/solution1/.autopilot/db/mmult_accel_Pipeline_compute.compgen.tcl 
Execute         ap_part_info -name xck26-sfvc784-2LV-c -data names -quiet 
Execute         ap_part_info -name xck26-sfvc784-2LV-c -data info -quiet 
Execute         ap_part_info -name xck26-sfvc784-2LV-c -data names -quiet 
Execute         ap_part_info -name xck26-sfvc784-2LV-c -data info -quiet 
Execute         ap_part_info -name xck26-sfvc784-2LV-c -data info 
Command       ap_source done; 0.127 sec.
Execute       source E:/CENTOS7/shared/tiled_matmul_accelerator/mmult_accel_hls/solution1/.autopilot/db/mmult_accel_Pipeline_writeC_VITIS_LOOP_220_8.compgen.tcl 
Execute         ap_part_info -name xck26-sfvc784-2LV-c -data names -quiet 
Execute         ap_part_info -name xck26-sfvc784-2LV-c -data info -quiet 
Execute       source E:/CENTOS7/shared/tiled_matmul_accelerator/mmult_accel_hls/solution1/.autopilot/db/mmult_accel.compgen.tcl 
Execute         source ./control.slave.tcl 
INFO: [HLS 200-111] Finished Generating all RTL models: CPU user time: 30 seconds. CPU system time: 3 seconds. Elapsed time: 36.188 seconds; current allocated memory: 1.804 GB.
INFO-FLOW: DBG:PROC: ::HLSREPORTS::create_csynth_xml bind_info_var='bind_info' RtlSubPrefix='mmult_accel_' outfile=''
INFO-FLOW: Running: create_csynth_xml read xml data
INFO-FLOW: Done: create_csynth_xml read xml data time: 0.1 seconds per iteration
INFO-FLOW: Running: create_csynth_xml bind info
INFO-FLOW: Done: create_csynth_xml bind info time: 0.6 seconds per iteration
INFO-FLOW: Running: create_csynth_xml config info
INFO-FLOW: Done: create_csynth_xml config info time: 0.2 seconds per iteration
INFO-FLOW: Running: create_csynth_xml write xml
INFO-FLOW: Done: create_csynth_xml write xml time: 0 seconds per iteration
INFO-FLOW: DBG:PUTS:      create_csynth_xml wrote csynth_xml=E:/CENTOS7/shared/tiled_matmul_accelerator/mmult_accel_hls/solution1/syn/report/csynth.xml
INFO-FLOW: DBG:PROC: ::AP::DESIGN_DATA::generate_json generate_bd_files='0' generate_xo_files='0' modelList='mmult_accel_flow_control_loop_pipe_sequential_init
mmult_accel_mul_31ns_32ns_63_1_1
mmult_accel_flow_control_loop_pipe_sequential_init
mmult_accel_flow_control_loop_pipe_sequential_init
mmult_accel_flow_control_loop_pipe_sequential_init
mmult_accel_mux_325_8_1_1
mmult_accel_mac_muladd_8s_8s_32s_32_4_1
mmult_accel_flow_control_loop_pipe_sequential_init
mmult_accel_mul_62s_32s_62_1_1
mmult_accel_mux_325_32_1_1
mmult_accel_flow_control_loop_pipe_sequential_init
mmult_accel_mul_32s_32s_32_1_1
mmult_accel_mul_32ns_32ns_64_1_1
mmult_accel_mul_28ns_28ns_118_1_1
mmult_accel_A_bram_RAM_2P_BRAM_1R1W
mmult_accel_B_bram_RAM_2P_BRAM_1R1W
mmult_accel_gmemA_m_axi
mmult_accel_gmemB_m_axi
mmult_accel_gmemC_m_axi
mmult_accel_control_s_axi
mmult_accel_Pipeline_copy_A_VITIS_LOOP_97_1
mmult_accel_Pipeline_VITIS_LOOP_120_2
mmult_accel_Pipeline_loadA_VITIS_LOOP_171_4
mmult_accel_Pipeline_loadB_VITIS_LOOP_186_5
mmult_accel_Pipeline_compute
mmult_accel_Pipeline_writeC_VITIS_LOOP_220_8
mmult_accel
' rtl_lang='both' bootstrap_tcl='false' outdir='' outfilename=''
Execute       source E:/CENTOS7/shared/tiled_matmul_accelerator/mmult_accel_hls/solution1/.autopilot/db/global.setting.tcl 
Execute       source E:/CENTOS7/shared/tiled_matmul_accelerator/mmult_accel_hls/solution1/.autopilot/db/global.setting.tcl 
Execute       source E:/CENTOS7/shared/tiled_matmul_accelerator/mmult_accel_hls/solution1/.autopilot/db/top-io-be.tcl 
Execute       source E:/CENTOS7/shared/tiled_matmul_accelerator/mmult_accel_hls/solution1/.autopilot/db/mmult_accel.tbgen.tcl 
Execute       source E:/CENTOS7/shared/tiled_matmul_accelerator/mmult_accel_hls/solution1/.autopilot/db/mmult_accel.compgen.dataonly.tcl 
Execute       source E:/CENTOS7/shared/tiled_matmul_accelerator/mmult_accel_hls/solution1/.autopilot/db/mmult_accel.compgen.dataonly.tcl 
Execute       source E:/CENTOS7/shared/tiled_matmul_accelerator/mmult_accel_hls/solution1/.autopilot/db/mmult_accel.rtl_wrap.cfg.tcl 
Execute       source E:/CENTOS7/shared/tiled_matmul_accelerator/mmult_accel_hls/solution1/.autopilot/db/mmult_accel.compgen.dataonly.tcl 
Execute       source E:/CENTOS7/shared/tiled_matmul_accelerator/mmult_accel_hls/solution1/.autopilot/db/mmult_accel_Pipeline_copy_A_VITIS_LOOP_97_1.tbgen.tcl 
Execute       source E:/CENTOS7/shared/tiled_matmul_accelerator/mmult_accel_hls/solution1/.autopilot/db/mmult_accel_Pipeline_VITIS_LOOP_120_2.tbgen.tcl 
Execute       source E:/CENTOS7/shared/tiled_matmul_accelerator/mmult_accel_hls/solution1/.autopilot/db/mmult_accel_Pipeline_loadA_VITIS_LOOP_171_4.tbgen.tcl 
Execute       source E:/CENTOS7/shared/tiled_matmul_accelerator/mmult_accel_hls/solution1/.autopilot/db/mmult_accel_Pipeline_loadB_VITIS_LOOP_186_5.tbgen.tcl 
Execute       source E:/CENTOS7/shared/tiled_matmul_accelerator/mmult_accel_hls/solution1/.autopilot/db/mmult_accel_Pipeline_compute.tbgen.tcl 
Execute       source E:/CENTOS7/shared/tiled_matmul_accelerator/mmult_accel_hls/solution1/.autopilot/db/mmult_accel_Pipeline_writeC_VITIS_LOOP_220_8.tbgen.tcl 
Execute       source E:/CENTOS7/shared/tiled_matmul_accelerator/mmult_accel_hls/solution1/.autopilot/db/mmult_accel.tbgen.tcl 
Execute       source E:/CENTOS7/shared/tiled_matmul_accelerator/mmult_accel_hls/solution1/.autopilot/db/global.setting.tcl 
Execute       ap_part_info -name xck26-sfvc784-2LV-c -data names -quiet 
Execute       ap_part_info -name xck26-sfvc784-2LV-c -data info -quiet 
Execute       source E:/CENTOS7/shared/tiled_matmul_accelerator/mmult_accel_hls/solution1/.autopilot/db/mmult_accel.constraint.tcl 
Execute       sc_get_clocks mmult_accel 
Execute       source E:/CENTOS7/shared/tiled_matmul_accelerator/mmult_accel_hls/solution1/.autopilot/db/global.setting.tcl 
INFO-FLOW: DBG:PROC: ::HLSREPORTS::add_csynth_report_sections bind_info_dict='adapter_nodes {{BINDTYPE adapter DISPLAY {bind_adapter axilite} ID {} IMPL {} LATENCY {} OPTYPE {} PRAGMA yes RTLNAME control_s_axi_U SOURCE {} VARIABLE {} MODULE mmult_accel LOOP {} BUNDLEDNAME control DSP 0 BRAM 0 URAM 0} {BINDTYPE adapter DISPLAY {bind_adapter axi_master} ID {} IMPL {} LATENCY {} OPTYPE {} PRAGMA yes RTLNAME gmemA_m_axi_U SOURCE {} VARIABLE {} MODULE mmult_accel LOOP {} BUNDLEDNAME gmemA DSP 0 BRAM 0 URAM 0} {BINDTYPE adapter DISPLAY {bind_adapter axi_master} ID {} IMPL {} LATENCY {} OPTYPE {} PRAGMA yes RTLNAME gmemB_m_axi_U SOURCE {} VARIABLE {} MODULE mmult_accel LOOP {} BUNDLEDNAME gmemB DSP 0 BRAM 0 URAM 0} {BINDTYPE adapter DISPLAY {bind_adapter axi_master} ID {} IMPL {} LATENCY {} OPTYPE {} PRAGMA yes RTLNAME gmemC_m_axi_U SOURCE {} VARIABLE {} MODULE mmult_accel LOOP {} BUNDLEDNAME gmemC DSP 0 BRAM 0 URAM 0}} report_dict {TOPINST mmult_accel MODULE2INSTS {mmult_accel mmult_accel mmult_accel_Pipeline_copy_A_VITIS_LOOP_97_1 grp_mmult_accel_Pipeline_copy_A_VITIS_LOOP_97_1_fu_33037 mmult_accel_Pipeline_VITIS_LOOP_120_2 grp_mmult_accel_Pipeline_VITIS_LOOP_120_2_fu_33048 mmult_accel_Pipeline_loadA_VITIS_LOOP_171_4 grp_mmult_accel_Pipeline_loadA_VITIS_LOOP_171_4_fu_33061 mmult_accel_Pipeline_loadB_VITIS_LOOP_186_5 grp_mmult_accel_Pipeline_loadB_VITIS_LOOP_186_5_fu_35120 mmult_accel_Pipeline_writeC_VITIS_LOOP_220_8 grp_mmult_accel_Pipeline_writeC_VITIS_LOOP_220_8_fu_37178 mmult_accel_Pipeline_compute grp_mmult_accel_Pipeline_compute_fu_39241} INST2MODULE {mmult_accel mmult_accel grp_mmult_accel_Pipeline_copy_A_VITIS_LOOP_97_1_fu_33037 mmult_accel_Pipeline_copy_A_VITIS_LOOP_97_1 grp_mmult_accel_Pipeline_VITIS_LOOP_120_2_fu_33048 mmult_accel_Pipeline_VITIS_LOOP_120_2 grp_mmult_accel_Pipeline_loadA_VITIS_LOOP_171_4_fu_33061 mmult_accel_Pipeline_loadA_VITIS_LOOP_171_4 grp_mmult_accel_Pipeline_loadB_VITIS_LOOP_186_5_fu_35120 mmult_accel_Pipeline_loadB_VITIS_LOOP_186_5 grp_mmult_accel_Pipeline_writeC_VITIS_LOOP_220_8_fu_37178 mmult_accel_Pipeline_writeC_VITIS_LOOP_220_8 grp_mmult_accel_Pipeline_compute_fu_39241 mmult_accel_Pipeline_compute} INSTDATA {mmult_accel {DEPTH 1 CHILDREN {grp_mmult_accel_Pipeline_copy_A_VITIS_LOOP_97_1_fu_33037 grp_mmult_accel_Pipeline_VITIS_LOOP_120_2_fu_33048 grp_mmult_accel_Pipeline_loadA_VITIS_LOOP_171_4_fu_33061 grp_mmult_accel_Pipeline_loadB_VITIS_LOOP_186_5_fu_35120 grp_mmult_accel_Pipeline_writeC_VITIS_LOOP_220_8_fu_37178 grp_mmult_accel_Pipeline_compute_fu_39241}} grp_mmult_accel_Pipeline_copy_A_VITIS_LOOP_97_1_fu_33037 {DEPTH 2 CHILDREN {}} grp_mmult_accel_Pipeline_VITIS_LOOP_120_2_fu_33048 {DEPTH 2 CHILDREN {}} grp_mmult_accel_Pipeline_loadA_VITIS_LOOP_171_4_fu_33061 {DEPTH 2 CHILDREN {}} grp_mmult_accel_Pipeline_loadB_VITIS_LOOP_186_5_fu_35120 {DEPTH 2 CHILDREN {}} grp_mmult_accel_Pipeline_writeC_VITIS_LOOP_220_8_fu_37178 {DEPTH 2 CHILDREN {}} grp_mmult_accel_Pipeline_compute_fu_39241 {DEPTH 2 CHILDREN {}}} MODULEDATA {mmult_accel_Pipeline_copy_A_VITIS_LOOP_97_1 {BINDINFO {{BINDTYPE op ID {} IMPL fabric LATENCY 0 OPTYPE add PRAGMA {} RTLNAME add_ln96_1_fu_154_p2 SOURCE mmult_accel.cpp:96 VARIABLE add_ln96_1 LOOP copy_A_VITIS_LOOP_97_1 BUNDLEDNAME {} DSP 0 BRAM 0 URAM 0 DISPNAME {bind_op add}} {BINDTYPE op ID {} IMPL fabric LATENCY 0 OPTYPE add PRAGMA {} RTLNAME add_ln96_fu_180_p2 SOURCE mmult_accel.cpp:96 VARIABLE add_ln96 LOOP copy_A_VITIS_LOOP_97_1 BUNDLEDNAME {} DSP 0 BRAM 0 URAM 0 DISPNAME {bind_op add}} {BINDTYPE op ID {} IMPL fabric LATENCY 0 OPTYPE add PRAGMA {} RTLNAME add_ln97_fu_238_p2 SOURCE mmult_accel.cpp:97 VARIABLE add_ln97 LOOP copy_A_VITIS_LOOP_97_1 BUNDLEDNAME {} DSP 0 BRAM 0 URAM 0 DISPNAME {bind_op add}}} AREA {DSP 0 BRAM 0 URAM 0}} mmult_accel_Pipeline_VITIS_LOOP_120_2 {BINDINFO {{BINDTYPE op ID {} IMPL fabric LATENCY 0 OPTYPE add PRAGMA {} RTLNAME add_ln119_3_fu_214_p2 SOURCE mmult_accel.cpp:119 VARIABLE add_ln119_3 LOOP copy_B_block_VITIS_LOOP_120_2 BUNDLEDNAME {} DSP 0 BRAM 0 URAM 0 DISPNAME {bind_op add}} {BINDTYPE op ID {} IMPL fabric LATENCY 0 OPTYPE add PRAGMA {} RTLNAME add_ln119_fu_223_p2 SOURCE mmult_accel.cpp:119 VARIABLE add_ln119 LOOP copy_B_block_VITIS_LOOP_120_2 BUNDLEDNAME {} DSP 0 BRAM 0 URAM 0 DISPNAME {bind_op add}} {BINDTYPE op ID {} IMPL auto LATENCY 0 OPTYPE mul PRAGMA {} RTLNAME mul_31ns_32ns_63_1_1_U6 SOURCE mmult_accel.cpp:119 VARIABLE mul_ln119 LOOP copy_B_block_VITIS_LOOP_120_2 BUNDLEDNAME {} DSP 3 BRAM 0 URAM 0 DISPNAME {bind_op mul}} {BINDTYPE op ID {} IMPL fabric LATENCY 0 OPTYPE add PRAGMA {} RTLNAME add_ln122_fu_292_p2 SOURCE mmult_accel.cpp:122 VARIABLE add_ln122 LOOP copy_B_block_VITIS_LOOP_120_2 BUNDLEDNAME {} DSP 0 BRAM 0 URAM 0 DISPNAME {bind_op add}} {BINDTYPE op ID {} IMPL fabric LATENCY 0 OPTYPE add PRAGMA {} RTLNAME add_ln120_fu_315_p2 SOURCE mmult_accel.cpp:120 VARIABLE add_ln120 LOOP copy_B_block_VITIS_LOOP_120_2 BUNDLEDNAME {} DSP 0 BRAM 0 URAM 0 DISPNAME {bind_op add}}} AREA {DSP 3 BRAM 0 URAM 0}} mmult_accel_Pipeline_loadA_VITIS_LOOP_171_4 {BINDINFO {{BINDTYPE op ID {} IMPL fabric LATENCY 0 OPTYPE add PRAGMA {} RTLNAME empty_fu_26834_p2 SOURCE mmult_accel.cpp:170 VARIABLE empty LOOP loadA_VITIS_LOOP_171_4 BUNDLEDNAME {} DSP 0 BRAM 0 URAM 0 DISPNAME {bind_op add}} {BINDTYPE op ID {} IMPL fabric LATENCY 0 OPTYPE add PRAGMA {} RTLNAME add_ln170_1_fu_26852_p2 SOURCE mmult_accel.cpp:170 VARIABLE add_ln170_1 LOOP loadA_VITIS_LOOP_171_4 BUNDLEDNAME {} DSP 0 BRAM 0 URAM 0 DISPNAME {bind_op add}} {BINDTYPE op ID {} IMPL fabric LATENCY 0 OPTYPE add PRAGMA {} RTLNAME add_ln170_fu_26861_p2 SOURCE mmult_accel.cpp:170 VARIABLE add_ln170 LOOP loadA_VITIS_LOOP_171_4 BUNDLEDNAME {} DSP 0 BRAM 0 URAM 0 DISPNAME {bind_op add}} {BINDTYPE op ID {} IMPL fabric LATENCY 0 OPTYPE add PRAGMA {} RTLNAME p_mid125_fu_26885_p2 SOURCE mmult_accel.cpp:170 VARIABLE p_mid125 LOOP loadA_VITIS_LOOP_171_4 BUNDLEDNAME {} DSP 0 BRAM 0 URAM 0 DISPNAME {bind_op add}} {BINDTYPE op ID {} IMPL fabric LATENCY 0 OPTYPE add PRAGMA {} RTLNAME add_ln174_fu_26959_p2 SOURCE mmult_accel.cpp:174 VARIABLE add_ln174 LOOP loadA_VITIS_LOOP_171_4 BUNDLEDNAME {} DSP 0 BRAM 0 URAM 0 DISPNAME {bind_op add}} {BINDTYPE op ID {} IMPL fabric LATENCY 0 OPTYPE add PRAGMA {} RTLNAME add_ln171_fu_32116_p2 SOURCE mmult_accel.cpp:171 VARIABLE add_ln171 LOOP loadA_VITIS_LOOP_171_4 BUNDLEDNAME {} DSP 0 BRAM 0 URAM 0 DISPNAME {bind_op add}}} AREA {DSP 0 BRAM 0 URAM 0}} mmult_accel_Pipeline_loadB_VITIS_LOOP_186_5 {BINDINFO {{BINDTYPE op ID {} IMPL fabric LATENCY 0 OPTYPE add PRAGMA {} RTLNAME empty_fu_26830_p2 SOURCE mmult_accel.cpp:185 VARIABLE empty LOOP loadB_VITIS_LOOP_186_5 BUNDLEDNAME {} DSP 0 BRAM 0 URAM 0 DISPNAME {bind_op add}} {BINDTYPE op ID {} IMPL fabric LATENCY 0 OPTYPE add PRAGMA {} RTLNAME add_ln185_1_fu_26848_p2 SOURCE mmult_accel.cpp:185 VARIABLE add_ln185_1 LOOP loadB_VITIS_LOOP_186_5 BUNDLEDNAME {} DSP 0 BRAM 0 URAM 0 DISPNAME {bind_op add}} {BINDTYPE op ID {} IMPL fabric LATENCY 0 OPTYPE add PRAGMA {} RTLNAME add_ln185_fu_26857_p2 SOURCE mmult_accel.cpp:185 VARIABLE add_ln185 LOOP loadB_VITIS_LOOP_186_5 BUNDLEDNAME {} DSP 0 BRAM 0 URAM 0 DISPNAME {bind_op add}} {BINDTYPE op ID {} IMPL fabric LATENCY 0 OPTYPE add PRAGMA {} RTLNAME p_mid135_fu_26881_p2 SOURCE mmult_accel.cpp:185 VARIABLE p_mid135 LOOP loadB_VITIS_LOOP_186_5 BUNDLEDNAME {} DSP 0 BRAM 0 URAM 0 DISPNAME {bind_op add}} {BINDTYPE op ID {} IMPL fabric LATENCY 0 OPTYPE add PRAGMA {} RTLNAME add_ln189_fu_26941_p2 SOURCE mmult_accel.cpp:189 VARIABLE add_ln189 LOOP loadB_VITIS_LOOP_186_5 BUNDLEDNAME {} DSP 0 BRAM 0 URAM 0 DISPNAME {bind_op add}} {BINDTYPE op ID {} IMPL fabric LATENCY 0 OPTYPE add PRAGMA {} RTLNAME add_ln191_fu_26951_p2 SOURCE mmult_accel.cpp:191 VARIABLE add_ln191 LOOP loadB_VITIS_LOOP_186_5 BUNDLEDNAME {} DSP 0 BRAM 0 URAM 0 DISPNAME {bind_op add}} {BINDTYPE op ID {} IMPL fabric LATENCY 0 OPTYPE add PRAGMA {} RTLNAME add_ln186_fu_32098_p2 SOURCE mmult_accel.cpp:186 VARIABLE add_ln186 LOOP loadB_VITIS_LOOP_186_5 BUNDLEDNAME {} DSP 0 BRAM 0 URAM 0 DISPNAME {bind_op add}}} AREA {DSP 0 BRAM 0 URAM 0}} mmult_accel_Pipeline_compute {BINDINFO {{BINDTYPE op ID {} IMPL fabric LATENCY 0 OPTYPE add PRAGMA {} RTLNAME add_ln200_fu_43056_p2 SOURCE mmult_accel.cpp:200 VARIABLE add_ln200 LOOP compute BUNDLEDNAME {} DSP 0 BRAM 0 URAM 0 DISPNAME {bind_op add}} {BINDTYPE op ID {} IMPL dsp48 LATENCY 3 OPTYPE mul PRAGMA {} RTLNAME mac_muladd_8s_8s_32s_32_4_1_U4186 SOURCE mmult_accel.cpp:210 VARIABLE mul_ln210 LOOP compute BUNDLEDNAME {} DSP 1 BRAM 0 URAM 0 DISPNAME {bind_op mul}} {BINDTYPE op ID {} IMPL dsp48 LATENCY 3 OPTYPE add PRAGMA {} RTLNAME mac_muladd_8s_8s_32s_32_4_1_U4186 SOURCE mmult_accel.cpp:210 VARIABLE add_ln210 LOOP compute BUNDLEDNAME {} DSP 1 BRAM 0 URAM 0 DISPNAME {bind_op add}} {BINDTYPE op ID {} IMPL dsp48 LATENCY 3 OPTYPE mul PRAGMA {} RTLNAME mac_muladd_8s_8s_32s_32_4_1_U4187 SOURCE mmult_accel.cpp:210 VARIABLE mul_ln210_1 LOOP compute BUNDLEDNAME {} DSP 1 BRAM 0 URAM 0 DISPNAME {bind_op mul}} {BINDTYPE op ID {} IMPL dsp48 LATENCY 3 OPTYPE add PRAGMA {} RTLNAME mac_muladd_8s_8s_32s_32_4_1_U4187 SOURCE mmult_accel.cpp:210 VARIABLE add_ln210_1 LOOP compute BUNDLEDNAME {} DSP 1 BRAM 0 URAM 0 DISPNAME {bind_op add}} {BINDTYPE op ID {} IMPL dsp48 LATENCY 3 OPTYPE mul PRAGMA {} RTLNAME mac_muladd_8s_8s_32s_32_4_1_U4188 SOURCE mmult_accel.cpp:210 VARIABLE mul_ln210_2 LOOP compute BUNDLEDNAME {} DSP 1 BRAM 0 URAM 0 DISPNAME {bind_op mul}} {BINDTYPE op ID {} IMPL dsp48 LATENCY 3 OPTYPE add PRAGMA {} RTLNAME mac_muladd_8s_8s_32s_32_4_1_U4188 SOURCE mmult_accel.cpp:210 VARIABLE add_ln210_2 LOOP compute BUNDLEDNAME {} DSP 1 BRAM 0 URAM 0 DISPNAME {bind_op add}} {BINDTYPE op ID {} IMPL dsp48 LATENCY 3 OPTYPE mul PRAGMA {} RTLNAME mac_muladd_8s_8s_32s_32_4_1_U4189 SOURCE mmult_accel.cpp:210 VARIABLE mul_ln210_3 LOOP compute BUNDLEDNAME {} DSP 1 BRAM 0 URAM 0 DISPNAME {bind_op mul}} {BINDTYPE op ID {} IMPL dsp48 LATENCY 3 OPTYPE add PRAGMA {} RTLNAME mac_muladd_8s_8s_32s_32_4_1_U4189 SOURCE mmult_accel.cpp:210 VARIABLE add_ln210_3 LOOP compute BUNDLEDNAME {} DSP 1 BRAM 0 URAM 0 DISPNAME {bind_op add}} {BINDTYPE op ID {} IMPL dsp48 LATENCY 3 OPTYPE mul PRAGMA {} RTLNAME mac_muladd_8s_8s_32s_32_4_1_U4190 SOURCE mmult_accel.cpp:210 VARIABLE mul_ln210_4 LOOP compute BUNDLEDNAME {} DSP 1 BRAM 0 URAM 0 DISPNAME {bind_op mul}} {BINDTYPE op ID {} IMPL dsp48 LATENCY 3 OPTYPE add PRAGMA {} RTLNAME mac_muladd_8s_8s_32s_32_4_1_U4190 SOURCE mmult_accel.cpp:210 VARIABLE add_ln210_4 LOOP compute BUNDLEDNAME {} DSP 1 BRAM 0 URAM 0 DISPNAME {bind_op add}} {BINDTYPE op ID {} IMPL dsp48 LATENCY 3 OPTYPE mul PRAGMA {} RTLNAME mac_muladd_8s_8s_32s_32_4_1_U4191 SOURCE mmult_accel.cpp:210 VARIABLE mul_ln210_5 LOOP compute BUNDLEDNAME {} DSP 1 BRAM 0 URAM 0 DISPNAME {bind_op mul}} {BINDTYPE op ID {} IMPL dsp48 LATENCY 3 OPTYPE add PRAGMA {} RTLNAME mac_muladd_8s_8s_32s_32_4_1_U4191 SOURCE mmult_accel.cpp:210 VARIABLE add_ln210_5 LOOP compute BUNDLEDNAME {} DSP 1 BRAM 0 URAM 0 DISPNAME {bind_op add}} {BINDTYPE op ID {} IMPL dsp48 LATENCY 3 OPTYPE mul PRAGMA {} RTLNAME mac_muladd_8s_8s_32s_32_4_1_U4192 SOURCE mmult_accel.cpp:210 VARIABLE mul_ln210_6 LOOP compute BUNDLEDNAME {} DSP 1 BRAM 0 URAM 0 DISPNAME {bind_op mul}} {BINDTYPE op ID {} IMPL dsp48 LATENCY 3 OPTYPE add PRAGMA {} RTLNAME mac_muladd_8s_8s_32s_32_4_1_U4192 SOURCE mmult_accel.cpp:210 VARIABLE add_ln210_6 LOOP compute BUNDLEDNAME {} DSP 1 BRAM 0 URAM 0 DISPNAME {bind_op add}} {BINDTYPE op ID {} IMPL dsp48 LATENCY 3 OPTYPE mul PRAGMA {} RTLNAME mac_muladd_8s_8s_32s_32_4_1_U4193 SOURCE mmult_accel.cpp:210 VARIABLE mul_ln210_7 LOOP compute BUNDLEDNAME {} DSP 1 BRAM 0 URAM 0 DISPNAME {bind_op mul}} {BINDTYPE op ID {} IMPL dsp48 LATENCY 3 OPTYPE add PRAGMA {} RTLNAME mac_muladd_8s_8s_32s_32_4_1_U4193 SOURCE mmult_accel.cpp:210 VARIABLE add_ln210_7 LOOP compute BUNDLEDNAME {} DSP 1 BRAM 0 URAM 0 DISPNAME {bind_op add}} {BINDTYPE op ID {} IMPL dsp48 LATENCY 3 OPTYPE mul PRAGMA {} RTLNAME mac_muladd_8s_8s_32s_32_4_1_U4194 SOURCE mmult_accel.cpp:210 VARIABLE mul_ln210_8 LOOP compute BUNDLEDNAME {} DSP 1 BRAM 0 URAM 0 DISPNAME {bind_op mul}} {BINDTYPE op ID {} IMPL dsp48 LATENCY 3 OPTYPE add PRAGMA {} RTLNAME mac_muladd_8s_8s_32s_32_4_1_U4194 SOURCE mmult_accel.cpp:210 VARIABLE add_ln210_8 LOOP compute BUNDLEDNAME {} DSP 1 BRAM 0 URAM 0 DISPNAME {bind_op add}} {BINDTYPE op ID {} IMPL dsp48 LATENCY 3 OPTYPE mul PRAGMA {} RTLNAME mac_muladd_8s_8s_32s_32_4_1_U4195 SOURCE mmult_accel.cpp:210 VARIABLE mul_ln210_9 LOOP compute BUNDLEDNAME {} DSP 1 BRAM 0 URAM 0 DISPNAME {bind_op mul}} {BINDTYPE op ID {} IMPL dsp48 LATENCY 3 OPTYPE add PRAGMA {} RTLNAME mac_muladd_8s_8s_32s_32_4_1_U4195 SOURCE mmult_accel.cpp:210 VARIABLE add_ln210_9 LOOP compute BUNDLEDNAME {} DSP 1 BRAM 0 URAM 0 DISPNAME {bind_op add}} {BINDTYPE op ID {} IMPL dsp48 LATENCY 3 OPTYPE mul PRAGMA {} RTLNAME mac_muladd_8s_8s_32s_32_4_1_U4196 SOURCE mmult_accel.cpp:210 VARIABLE mul_ln210_10 LOOP compute BUNDLEDNAME {} DSP 1 BRAM 0 URAM 0 DISPNAME {bind_op mul}} {BINDTYPE op ID {} IMPL dsp48 LATENCY 3 OPTYPE add PRAGMA {} RTLNAME mac_muladd_8s_8s_32s_32_4_1_U4196 SOURCE mmult_accel.cpp:210 VARIABLE add_ln210_10 LOOP compute BUNDLEDNAME {} DSP 1 BRAM 0 URAM 0 DISPNAME {bind_op add}} {BINDTYPE op ID {} IMPL dsp48 LATENCY 3 OPTYPE mul PRAGMA {} RTLNAME mac_muladd_8s_8s_32s_32_4_1_U4197 SOURCE mmult_accel.cpp:210 VARIABLE mul_ln210_11 LOOP compute BUNDLEDNAME {} DSP 1 BRAM 0 URAM 0 DISPNAME {bind_op mul}} {BINDTYPE op ID {} IMPL dsp48 LATENCY 3 OPTYPE add PRAGMA {} RTLNAME mac_muladd_8s_8s_32s_32_4_1_U4197 SOURCE mmult_accel.cpp:210 VARIABLE add_ln210_11 LOOP compute BUNDLEDNAME {} DSP 1 BRAM 0 URAM 0 DISPNAME {bind_op add}} {BINDTYPE op ID {} IMPL dsp48 LATENCY 3 OPTYPE mul PRAGMA {} RTLNAME mac_muladd_8s_8s_32s_32_4_1_U4198 SOURCE mmult_accel.cpp:210 VARIABLE mul_ln210_12 LOOP compute BUNDLEDNAME {} DSP 1 BRAM 0 URAM 0 DISPNAME {bind_op mul}} {BINDTYPE op ID {} IMPL dsp48 LATENCY 3 OPTYPE add PRAGMA {} RTLNAME mac_muladd_8s_8s_32s_32_4_1_U4198 SOURCE mmult_accel.cpp:210 VARIABLE add_ln210_12 LOOP compute BUNDLEDNAME {} DSP 1 BRAM 0 URAM 0 DISPNAME {bind_op add}} {BINDTYPE op ID {} IMPL dsp48 LATENCY 3 OPTYPE mul PRAGMA {} RTLNAME mac_muladd_8s_8s_32s_32_4_1_U4199 SOURCE mmult_accel.cpp:210 VARIABLE mul_ln210_13 LOOP compute BUNDLEDNAME {} DSP 1 BRAM 0 URAM 0 DISPNAME {bind_op mul}} {BINDTYPE op ID {} IMPL dsp48 LATENCY 3 OPTYPE add PRAGMA {} RTLNAME mac_muladd_8s_8s_32s_32_4_1_U4199 SOURCE mmult_accel.cpp:210 VARIABLE add_ln210_13 LOOP compute BUNDLEDNAME {} DSP 1 BRAM 0 URAM 0 DISPNAME {bind_op add}} {BINDTYPE op ID {} IMPL dsp48 LATENCY 3 OPTYPE mul PRAGMA {} RTLNAME mac_muladd_8s_8s_32s_32_4_1_U4200 SOURCE mmult_accel.cpp:210 VARIABLE mul_ln210_14 LOOP compute BUNDLEDNAME {} DSP 1 BRAM 0 URAM 0 DISPNAME {bind_op mul}} {BINDTYPE op ID {} IMPL dsp48 LATENCY 3 OPTYPE add PRAGMA {} RTLNAME mac_muladd_8s_8s_32s_32_4_1_U4200 SOURCE mmult_accel.cpp:210 VARIABLE add_ln210_14 LOOP compute BUNDLEDNAME {} DSP 1 BRAM 0 URAM 0 DISPNAME {bind_op add}} {BINDTYPE op ID {} IMPL dsp48 LATENCY 3 OPTYPE mul PRAGMA {} RTLNAME mac_muladd_8s_8s_32s_32_4_1_U4201 SOURCE mmult_accel.cpp:210 VARIABLE mul_ln210_15 LOOP compute BUNDLEDNAME {} DSP 1 BRAM 0 URAM 0 DISPNAME {bind_op mul}} {BINDTYPE op ID {} IMPL dsp48 LATENCY 3 OPTYPE add PRAGMA {} RTLNAME mac_muladd_8s_8s_32s_32_4_1_U4201 SOURCE mmult_accel.cpp:210 VARIABLE add_ln210_15 LOOP compute BUNDLEDNAME {} DSP 1 BRAM 0 URAM 0 DISPNAME {bind_op add}} {BINDTYPE op ID {} IMPL dsp48 LATENCY 3 OPTYPE mul PRAGMA {} RTLNAME mac_muladd_8s_8s_32s_32_4_1_U4202 SOURCE mmult_accel.cpp:210 VARIABLE mul_ln210_16 LOOP compute BUNDLEDNAME {} DSP 1 BRAM 0 URAM 0 DISPNAME {bind_op mul}} {BINDTYPE op ID {} IMPL dsp48 LATENCY 3 OPTYPE add PRAGMA {} RTLNAME mac_muladd_8s_8s_32s_32_4_1_U4202 SOURCE mmult_accel.cpp:210 VARIABLE add_ln210_16 LOOP compute BUNDLEDNAME {} DSP 1 BRAM 0 URAM 0 DISPNAME {bind_op add}} {BINDTYPE op ID {} IMPL dsp48 LATENCY 3 OPTYPE mul PRAGMA {} RTLNAME mac_muladd_8s_8s_32s_32_4_1_U4203 SOURCE mmult_accel.cpp:210 VARIABLE mul_ln210_17 LOOP compute BUNDLEDNAME {} DSP 1 BRAM 0 URAM 0 DISPNAME {bind_op mul}} {BINDTYPE op ID {} IMPL dsp48 LATENCY 3 OPTYPE add PRAGMA {} RTLNAME mac_muladd_8s_8s_32s_32_4_1_U4203 SOURCE mmult_accel.cpp:210 VARIABLE add_ln210_17 LOOP compute BUNDLEDNAME {} DSP 1 BRAM 0 URAM 0 DISPNAME {bind_op add}} {BINDTYPE op ID {} IMPL dsp48 LATENCY 3 OPTYPE mul PRAGMA {} RTLNAME mac_muladd_8s_8s_32s_32_4_1_U4204 SOURCE mmult_accel.cpp:210 VARIABLE mul_ln210_18 LOOP compute BUNDLEDNAME {} DSP 1 BRAM 0 URAM 0 DISPNAME {bind_op mul}} {BINDTYPE op ID {} IMPL dsp48 LATENCY 3 OPTYPE add PRAGMA {} RTLNAME mac_muladd_8s_8s_32s_32_4_1_U4204 SOURCE mmult_accel.cpp:210 VARIABLE add_ln210_18 LOOP compute BUNDLEDNAME {} DSP 1 BRAM 0 URAM 0 DISPNAME {bind_op add}} {BINDTYPE op ID {} IMPL dsp48 LATENCY 3 OPTYPE mul PRAGMA {} RTLNAME mac_muladd_8s_8s_32s_32_4_1_U4205 SOURCE mmult_accel.cpp:210 VARIABLE mul_ln210_19 LOOP compute BUNDLEDNAME {} DSP 1 BRAM 0 URAM 0 DISPNAME {bind_op mul}} {BINDTYPE op ID {} IMPL dsp48 LATENCY 3 OPTYPE add PRAGMA {} RTLNAME mac_muladd_8s_8s_32s_32_4_1_U4205 SOURCE mmult_accel.cpp:210 VARIABLE add_ln210_19 LOOP compute BUNDLEDNAME {} DSP 1 BRAM 0 URAM 0 DISPNAME {bind_op add}} {BINDTYPE op ID {} IMPL dsp48 LATENCY 3 OPTYPE mul PRAGMA {} RTLNAME mac_muladd_8s_8s_32s_32_4_1_U4206 SOURCE mmult_accel.cpp:210 VARIABLE mul_ln210_20 LOOP compute BUNDLEDNAME {} DSP 1 BRAM 0 URAM 0 DISPNAME {bind_op mul}} {BINDTYPE op ID {} IMPL dsp48 LATENCY 3 OPTYPE add PRAGMA {} RTLNAME mac_muladd_8s_8s_32s_32_4_1_U4206 SOURCE mmult_accel.cpp:210 VARIABLE add_ln210_20 LOOP compute BUNDLEDNAME {} DSP 1 BRAM 0 URAM 0 DISPNAME {bind_op add}} {BINDTYPE op ID {} IMPL dsp48 LATENCY 3 OPTYPE mul PRAGMA {} RTLNAME mac_muladd_8s_8s_32s_32_4_1_U4207 SOURCE mmult_accel.cpp:210 VARIABLE mul_ln210_21 LOOP compute BUNDLEDNAME {} DSP 1 BRAM 0 URAM 0 DISPNAME {bind_op mul}} {BINDTYPE op ID {} IMPL dsp48 LATENCY 3 OPTYPE add PRAGMA {} RTLNAME mac_muladd_8s_8s_32s_32_4_1_U4207 SOURCE mmult_accel.cpp:210 VARIABLE add_ln210_21 LOOP compute BUNDLEDNAME {} DSP 1 BRAM 0 URAM 0 DISPNAME {bind_op add}} {BINDTYPE op ID {} IMPL dsp48 LATENCY 3 OPTYPE mul PRAGMA {} RTLNAME mac_muladd_8s_8s_32s_32_4_1_U4208 SOURCE mmult_accel.cpp:210 VARIABLE mul_ln210_22 LOOP compute BUNDLEDNAME {} DSP 1 BRAM 0 URAM 0 DISPNAME {bind_op mul}} {BINDTYPE op ID {} IMPL dsp48 LATENCY 3 OPTYPE add PRAGMA {} RTLNAME mac_muladd_8s_8s_32s_32_4_1_U4208 SOURCE mmult_accel.cpp:210 VARIABLE add_ln210_22 LOOP compute BUNDLEDNAME {} DSP 1 BRAM 0 URAM 0 DISPNAME {bind_op add}} {BINDTYPE op ID {} IMPL dsp48 LATENCY 3 OPTYPE mul PRAGMA {} RTLNAME mac_muladd_8s_8s_32s_32_4_1_U4209 SOURCE mmult_accel.cpp:210 VARIABLE mul_ln210_23 LOOP compute BUNDLEDNAME {} DSP 1 BRAM 0 URAM 0 DISPNAME {bind_op mul}} {BINDTYPE op ID {} IMPL dsp48 LATENCY 3 OPTYPE add PRAGMA {} RTLNAME mac_muladd_8s_8s_32s_32_4_1_U4209 SOURCE mmult_accel.cpp:210 VARIABLE add_ln210_23 LOOP compute BUNDLEDNAME {} DSP 1 BRAM 0 URAM 0 DISPNAME {bind_op add}} {BINDTYPE op ID {} IMPL dsp48 LATENCY 3 OPTYPE mul PRAGMA {} RTLNAME mac_muladd_8s_8s_32s_32_4_1_U4210 SOURCE mmult_accel.cpp:210 VARIABLE mul_ln210_24 LOOP compute BUNDLEDNAME {} DSP 1 BRAM 0 URAM 0 DISPNAME {bind_op mul}} {BINDTYPE op ID {} IMPL dsp48 LATENCY 3 OPTYPE add PRAGMA {} RTLNAME mac_muladd_8s_8s_32s_32_4_1_U4210 SOURCE mmult_accel.cpp:210 VARIABLE add_ln210_24 LOOP compute BUNDLEDNAME {} DSP 1 BRAM 0 URAM 0 DISPNAME {bind_op add}} {BINDTYPE op ID {} IMPL dsp48 LATENCY 3 OPTYPE mul PRAGMA {} RTLNAME mac_muladd_8s_8s_32s_32_4_1_U4211 SOURCE mmult_accel.cpp:210 VARIABLE mul_ln210_25 LOOP compute BUNDLEDNAME {} DSP 1 BRAM 0 URAM 0 DISPNAME {bind_op mul}} {BINDTYPE op ID {} IMPL dsp48 LATENCY 3 OPTYPE add PRAGMA {} RTLNAME mac_muladd_8s_8s_32s_32_4_1_U4211 SOURCE mmult_accel.cpp:210 VARIABLE add_ln210_25 LOOP compute BUNDLEDNAME {} DSP 1 BRAM 0 URAM 0 DISPNAME {bind_op add}} {BINDTYPE op ID {} IMPL dsp48 LATENCY 3 OPTYPE mul PRAGMA {} RTLNAME mac_muladd_8s_8s_32s_32_4_1_U4212 SOURCE mmult_accel.cpp:210 VARIABLE mul_ln210_26 LOOP compute BUNDLEDNAME {} DSP 1 BRAM 0 URAM 0 DISPNAME {bind_op mul}} {BINDTYPE op ID {} IMPL dsp48 LATENCY 3 OPTYPE add PRAGMA {} RTLNAME mac_muladd_8s_8s_32s_32_4_1_U4212 SOURCE mmult_accel.cpp:210 VARIABLE add_ln210_26 LOOP compute BUNDLEDNAME {} DSP 1 BRAM 0 URAM 0 DISPNAME {bind_op add}} {BINDTYPE op ID {} IMPL dsp48 LATENCY 3 OPTYPE mul PRAGMA {} RTLNAME mac_muladd_8s_8s_32s_32_4_1_U4213 SOURCE mmult_accel.cpp:210 VARIABLE mul_ln210_27 LOOP compute BUNDLEDNAME {} DSP 1 BRAM 0 URAM 0 DISPNAME {bind_op mul}} {BINDTYPE op ID {} IMPL dsp48 LATENCY 3 OPTYPE add PRAGMA {} RTLNAME mac_muladd_8s_8s_32s_32_4_1_U4213 SOURCE mmult_accel.cpp:210 VARIABLE add_ln210_27 LOOP compute BUNDLEDNAME {} DSP 1 BRAM 0 URAM 0 DISPNAME {bind_op add}} {BINDTYPE op ID {} IMPL dsp48 LATENCY 3 OPTYPE mul PRAGMA {} RTLNAME mac_muladd_8s_8s_32s_32_4_1_U4214 SOURCE mmult_accel.cpp:210 VARIABLE mul_ln210_28 LOOP compute BUNDLEDNAME {} DSP 1 BRAM 0 URAM 0 DISPNAME {bind_op mul}} {BINDTYPE op ID {} IMPL dsp48 LATENCY 3 OPTYPE add PRAGMA {} RTLNAME mac_muladd_8s_8s_32s_32_4_1_U4214 SOURCE mmult_accel.cpp:210 VARIABLE add_ln210_28 LOOP compute BUNDLEDNAME {} DSP 1 BRAM 0 URAM 0 DISPNAME {bind_op add}} {BINDTYPE op ID {} IMPL dsp48 LATENCY 3 OPTYPE mul PRAGMA {} RTLNAME mac_muladd_8s_8s_32s_32_4_1_U4215 SOURCE mmult_accel.cpp:210 VARIABLE mul_ln210_29 LOOP compute BUNDLEDNAME {} DSP 1 BRAM 0 URAM 0 DISPNAME {bind_op mul}} {BINDTYPE op ID {} IMPL dsp48 LATENCY 3 OPTYPE add PRAGMA {} RTLNAME mac_muladd_8s_8s_32s_32_4_1_U4215 SOURCE mmult_accel.cpp:210 VARIABLE add_ln210_29 LOOP compute BUNDLEDNAME {} DSP 1 BRAM 0 URAM 0 DISPNAME {bind_op add}} {BINDTYPE op ID {} IMPL dsp48 LATENCY 3 OPTYPE mul PRAGMA {} RTLNAME mac_muladd_8s_8s_32s_32_4_1_U4216 SOURCE mmult_accel.cpp:210 VARIABLE mul_ln210_30 LOOP compute BUNDLEDNAME {} DSP 1 BRAM 0 URAM 0 DISPNAME {bind_op mul}} {BINDTYPE op ID {} IMPL dsp48 LATENCY 3 OPTYPE add PRAGMA {} RTLNAME mac_muladd_8s_8s_32s_32_4_1_U4216 SOURCE mmult_accel.cpp:210 VARIABLE add_ln210_30 LOOP compute BUNDLEDNAME {} DSP 1 BRAM 0 URAM 0 DISPNAME {bind_op add}} {BINDTYPE op ID {} IMPL dsp48 LATENCY 3 OPTYPE mul PRAGMA {} RTLNAME mac_muladd_8s_8s_32s_32_4_1_U4217 SOURCE mmult_accel.cpp:210 VARIABLE mul_ln210_31 LOOP compute BUNDLEDNAME {} DSP 1 BRAM 0 URAM 0 DISPNAME {bind_op mul}} {BINDTYPE op ID {} IMPL dsp48 LATENCY 3 OPTYPE add PRAGMA {} RTLNAME mac_muladd_8s_8s_32s_32_4_1_U4217 SOURCE mmult_accel.cpp:210 VARIABLE add_ln210_31 LOOP compute BUNDLEDNAME {} DSP 1 BRAM 0 URAM 0 DISPNAME {bind_op add}} {BINDTYPE op ID {} IMPL dsp48 LATENCY 3 OPTYPE mul PRAGMA {} RTLNAME mac_muladd_8s_8s_32s_32_4_1_U4218 SOURCE mmult_accel.cpp:210 VARIABLE mul_ln210_32 LOOP compute BUNDLEDNAME {} DSP 1 BRAM 0 URAM 0 DISPNAME {bind_op mul}} {BINDTYPE op ID {} IMPL dsp48 LATENCY 3 OPTYPE add PRAGMA {} RTLNAME mac_muladd_8s_8s_32s_32_4_1_U4218 SOURCE mmult_accel.cpp:210 VARIABLE add_ln210_32 LOOP compute BUNDLEDNAME {} DSP 1 BRAM 0 URAM 0 DISPNAME {bind_op add}} {BINDTYPE op ID {} IMPL dsp48 LATENCY 3 OPTYPE mul PRAGMA {} RTLNAME mac_muladd_8s_8s_32s_32_4_1_U4219 SOURCE mmult_accel.cpp:210 VARIABLE mul_ln210_33 LOOP compute BUNDLEDNAME {} DSP 1 BRAM 0 URAM 0 DISPNAME {bind_op mul}} {BINDTYPE op ID {} IMPL dsp48 LATENCY 3 OPTYPE add PRAGMA {} RTLNAME mac_muladd_8s_8s_32s_32_4_1_U4219 SOURCE mmult_accel.cpp:210 VARIABLE add_ln210_33 LOOP compute BUNDLEDNAME {} DSP 1 BRAM 0 URAM 0 DISPNAME {bind_op add}} {BINDTYPE op ID {} IMPL dsp48 LATENCY 3 OPTYPE mul PRAGMA {} RTLNAME mac_muladd_8s_8s_32s_32_4_1_U4220 SOURCE mmult_accel.cpp:210 VARIABLE mul_ln210_34 LOOP compute BUNDLEDNAME {} DSP 1 BRAM 0 URAM 0 DISPNAME {bind_op mul}} {BINDTYPE op ID {} IMPL dsp48 LATENCY 3 OPTYPE add PRAGMA {} RTLNAME mac_muladd_8s_8s_32s_32_4_1_U4220 SOURCE mmult_accel.cpp:210 VARIABLE add_ln210_34 LOOP compute BUNDLEDNAME {} DSP 1 BRAM 0 URAM 0 DISPNAME {bind_op add}} {BINDTYPE op ID {} IMPL dsp48 LATENCY 3 OPTYPE mul PRAGMA {} RTLNAME mac_muladd_8s_8s_32s_32_4_1_U4221 SOURCE mmult_accel.cpp:210 VARIABLE mul_ln210_35 LOOP compute BUNDLEDNAME {} DSP 1 BRAM 0 URAM 0 DISPNAME {bind_op mul}} {BINDTYPE op ID {} IMPL dsp48 LATENCY 3 OPTYPE add PRAGMA {} RTLNAME mac_muladd_8s_8s_32s_32_4_1_U4221 SOURCE mmult_accel.cpp:210 VARIABLE add_ln210_35 LOOP compute BUNDLEDNAME {} DSP 1 BRAM 0 URAM 0 DISPNAME {bind_op add}} {BINDTYPE op ID {} IMPL dsp48 LATENCY 3 OPTYPE mul PRAGMA {} RTLNAME mac_muladd_8s_8s_32s_32_4_1_U4222 SOURCE mmult_accel.cpp:210 VARIABLE mul_ln210_36 LOOP compute BUNDLEDNAME {} DSP 1 BRAM 0 URAM 0 DISPNAME {bind_op mul}} {BINDTYPE op ID {} IMPL dsp48 LATENCY 3 OPTYPE add PRAGMA {} RTLNAME mac_muladd_8s_8s_32s_32_4_1_U4222 SOURCE mmult_accel.cpp:210 VARIABLE add_ln210_36 LOOP compute BUNDLEDNAME {} DSP 1 BRAM 0 URAM 0 DISPNAME {bind_op add}} {BINDTYPE op ID {} IMPL dsp48 LATENCY 3 OPTYPE mul PRAGMA {} RTLNAME mac_muladd_8s_8s_32s_32_4_1_U4223 SOURCE mmult_accel.cpp:210 VARIABLE mul_ln210_37 LOOP compute BUNDLEDNAME {} DSP 1 BRAM 0 URAM 0 DISPNAME {bind_op mul}} {BINDTYPE op ID {} IMPL dsp48 LATENCY 3 OPTYPE add PRAGMA {} RTLNAME mac_muladd_8s_8s_32s_32_4_1_U4223 SOURCE mmult_accel.cpp:210 VARIABLE add_ln210_37 LOOP compute BUNDLEDNAME {} DSP 1 BRAM 0 URAM 0 DISPNAME {bind_op add}} {BINDTYPE op ID {} IMPL dsp48 LATENCY 3 OPTYPE mul PRAGMA {} RTLNAME mac_muladd_8s_8s_32s_32_4_1_U4224 SOURCE mmult_accel.cpp:210 VARIABLE mul_ln210_38 LOOP compute BUNDLEDNAME {} DSP 1 BRAM 0 URAM 0 DISPNAME {bind_op mul}} {BINDTYPE op ID {} IMPL dsp48 LATENCY 3 OPTYPE add PRAGMA {} RTLNAME mac_muladd_8s_8s_32s_32_4_1_U4224 SOURCE mmult_accel.cpp:210 VARIABLE add_ln210_38 LOOP compute BUNDLEDNAME {} DSP 1 BRAM 0 URAM 0 DISPNAME {bind_op add}} {BINDTYPE op ID {} IMPL dsp48 LATENCY 3 OPTYPE mul PRAGMA {} RTLNAME mac_muladd_8s_8s_32s_32_4_1_U4225 SOURCE mmult_accel.cpp:210 VARIABLE mul_ln210_39 LOOP compute BUNDLEDNAME {} DSP 1 BRAM 0 URAM 0 DISPNAME {bind_op mul}} {BINDTYPE op ID {} IMPL dsp48 LATENCY 3 OPTYPE add PRAGMA {} RTLNAME mac_muladd_8s_8s_32s_32_4_1_U4225 SOURCE mmult_accel.cpp:210 VARIABLE add_ln210_39 LOOP compute BUNDLEDNAME {} DSP 1 BRAM 0 URAM 0 DISPNAME {bind_op add}} {BINDTYPE op ID {} IMPL dsp48 LATENCY 3 OPTYPE mul PRAGMA {} RTLNAME mac_muladd_8s_8s_32s_32_4_1_U4226 SOURCE mmult_accel.cpp:210 VARIABLE mul_ln210_40 LOOP compute BUNDLEDNAME {} DSP 1 BRAM 0 URAM 0 DISPNAME {bind_op mul}} {BINDTYPE op ID {} IMPL dsp48 LATENCY 3 OPTYPE add PRAGMA {} RTLNAME mac_muladd_8s_8s_32s_32_4_1_U4226 SOURCE mmult_accel.cpp:210 VARIABLE add_ln210_40 LOOP compute BUNDLEDNAME {} DSP 1 BRAM 0 URAM 0 DISPNAME {bind_op add}} {BINDTYPE op ID {} IMPL dsp48 LATENCY 3 OPTYPE mul PRAGMA {} RTLNAME mac_muladd_8s_8s_32s_32_4_1_U4227 SOURCE mmult_accel.cpp:210 VARIABLE mul_ln210_41 LOOP compute BUNDLEDNAME {} DSP 1 BRAM 0 URAM 0 DISPNAME {bind_op mul}} {BINDTYPE op ID {} IMPL dsp48 LATENCY 3 OPTYPE add PRAGMA {} RTLNAME mac_muladd_8s_8s_32s_32_4_1_U4227 SOURCE mmult_accel.cpp:210 VARIABLE add_ln210_41 LOOP compute BUNDLEDNAME {} DSP 1 BRAM 0 URAM 0 DISPNAME {bind_op add}} {BINDTYPE op ID {} IMPL dsp48 LATENCY 3 OPTYPE mul PRAGMA {} RTLNAME mac_muladd_8s_8s_32s_32_4_1_U4228 SOURCE mmult_accel.cpp:210 VARIABLE mul_ln210_42 LOOP compute BUNDLEDNAME {} DSP 1 BRAM 0 URAM 0 DISPNAME {bind_op mul}} {BINDTYPE op ID {} IMPL dsp48 LATENCY 3 OPTYPE add PRAGMA {} RTLNAME mac_muladd_8s_8s_32s_32_4_1_U4228 SOURCE mmult_accel.cpp:210 VARIABLE add_ln210_42 LOOP compute BUNDLEDNAME {} DSP 1 BRAM 0 URAM 0 DISPNAME {bind_op add}} {BINDTYPE op ID {} IMPL dsp48 LATENCY 3 OPTYPE mul PRAGMA {} RTLNAME mac_muladd_8s_8s_32s_32_4_1_U4229 SOURCE mmult_accel.cpp:210 VARIABLE mul_ln210_43 LOOP compute BUNDLEDNAME {} DSP 1 BRAM 0 URAM 0 DISPNAME {bind_op mul}} {BINDTYPE op ID {} IMPL dsp48 LATENCY 3 OPTYPE add PRAGMA {} RTLNAME mac_muladd_8s_8s_32s_32_4_1_U4229 SOURCE mmult_accel.cpp:210 VARIABLE add_ln210_43 LOOP compute BUNDLEDNAME {} DSP 1 BRAM 0 URAM 0 DISPNAME {bind_op add}} {BINDTYPE op ID {} IMPL dsp48 LATENCY 3 OPTYPE mul PRAGMA {} RTLNAME mac_muladd_8s_8s_32s_32_4_1_U4230 SOURCE mmult_accel.cpp:210 VARIABLE mul_ln210_44 LOOP compute BUNDLEDNAME {} DSP 1 BRAM 0 URAM 0 DISPNAME {bind_op mul}} {BINDTYPE op ID {} IMPL dsp48 LATENCY 3 OPTYPE add PRAGMA {} RTLNAME mac_muladd_8s_8s_32s_32_4_1_U4230 SOURCE mmult_accel.cpp:210 VARIABLE add_ln210_44 LOOP compute BUNDLEDNAME {} DSP 1 BRAM 0 URAM 0 DISPNAME {bind_op add}} {BINDTYPE op ID {} IMPL dsp48 LATENCY 3 OPTYPE mul PRAGMA {} RTLNAME mac_muladd_8s_8s_32s_32_4_1_U4231 SOURCE mmult_accel.cpp:210 VARIABLE mul_ln210_45 LOOP compute BUNDLEDNAME {} DSP 1 BRAM 0 URAM 0 DISPNAME {bind_op mul}} {BINDTYPE op ID {} IMPL dsp48 LATENCY 3 OPTYPE add PRAGMA {} RTLNAME mac_muladd_8s_8s_32s_32_4_1_U4231 SOURCE mmult_accel.cpp:210 VARIABLE add_ln210_45 LOOP compute BUNDLEDNAME {} DSP 1 BRAM 0 URAM 0 DISPNAME {bind_op add}} {BINDTYPE op ID {} IMPL dsp48 LATENCY 3 OPTYPE mul PRAGMA {} RTLNAME mac_muladd_8s_8s_32s_32_4_1_U4232 SOURCE mmult_accel.cpp:210 VARIABLE mul_ln210_46 LOOP compute BUNDLEDNAME {} DSP 1 BRAM 0 URAM 0 DISPNAME {bind_op mul}} {BINDTYPE op ID {} IMPL dsp48 LATENCY 3 OPTYPE add PRAGMA {} RTLNAME mac_muladd_8s_8s_32s_32_4_1_U4232 SOURCE mmult_accel.cpp:210 VARIABLE add_ln210_46 LOOP compute BUNDLEDNAME {} DSP 1 BRAM 0 URAM 0 DISPNAME {bind_op add}} {BINDTYPE op ID {} IMPL dsp48 LATENCY 3 OPTYPE mul PRAGMA {} RTLNAME mac_muladd_8s_8s_32s_32_4_1_U4233 SOURCE mmult_accel.cpp:210 VARIABLE mul_ln210_47 LOOP compute BUNDLEDNAME {} DSP 1 BRAM 0 URAM 0 DISPNAME {bind_op mul}} {BINDTYPE op ID {} IMPL dsp48 LATENCY 3 OPTYPE add PRAGMA {} RTLNAME mac_muladd_8s_8s_32s_32_4_1_U4233 SOURCE mmult_accel.cpp:210 VARIABLE add_ln210_47 LOOP compute BUNDLEDNAME {} DSP 1 BRAM 0 URAM 0 DISPNAME {bind_op add}} {BINDTYPE op ID {} IMPL dsp48 LATENCY 3 OPTYPE mul PRAGMA {} RTLNAME mac_muladd_8s_8s_32s_32_4_1_U4234 SOURCE mmult_accel.cpp:210 VARIABLE mul_ln210_48 LOOP compute BUNDLEDNAME {} DSP 1 BRAM 0 URAM 0 DISPNAME {bind_op mul}} {BINDTYPE op ID {} IMPL dsp48 LATENCY 3 OPTYPE add PRAGMA {} RTLNAME mac_muladd_8s_8s_32s_32_4_1_U4234 SOURCE mmult_accel.cpp:210 VARIABLE add_ln210_48 LOOP compute BUNDLEDNAME {} DSP 1 BRAM 0 URAM 0 DISPNAME {bind_op add}} {BINDTYPE op ID {} IMPL dsp48 LATENCY 3 OPTYPE mul PRAGMA {} RTLNAME mac_muladd_8s_8s_32s_32_4_1_U4235 SOURCE mmult_accel.cpp:210 VARIABLE mul_ln210_49 LOOP compute BUNDLEDNAME {} DSP 1 BRAM 0 URAM 0 DISPNAME {bind_op mul}} {BINDTYPE op ID {} IMPL dsp48 LATENCY 3 OPTYPE add PRAGMA {} RTLNAME mac_muladd_8s_8s_32s_32_4_1_U4235 SOURCE mmult_accel.cpp:210 VARIABLE add_ln210_49 LOOP compute BUNDLEDNAME {} DSP 1 BRAM 0 URAM 0 DISPNAME {bind_op add}} {BINDTYPE op ID {} IMPL dsp48 LATENCY 3 OPTYPE mul PRAGMA {} RTLNAME mac_muladd_8s_8s_32s_32_4_1_U4236 SOURCE mmult_accel.cpp:210 VARIABLE mul_ln210_50 LOOP compute BUNDLEDNAME {} DSP 1 BRAM 0 URAM 0 DISPNAME {bind_op mul}} {BINDTYPE op ID {} IMPL dsp48 LATENCY 3 OPTYPE add PRAGMA {} RTLNAME mac_muladd_8s_8s_32s_32_4_1_U4236 SOURCE mmult_accel.cpp:210 VARIABLE add_ln210_50 LOOP compute BUNDLEDNAME {} DSP 1 BRAM 0 URAM 0 DISPNAME {bind_op add}} {BINDTYPE op ID {} IMPL dsp48 LATENCY 3 OPTYPE mul PRAGMA {} RTLNAME mac_muladd_8s_8s_32s_32_4_1_U4237 SOURCE mmult_accel.cpp:210 VARIABLE mul_ln210_51 LOOP compute BUNDLEDNAME {} DSP 1 BRAM 0 URAM 0 DISPNAME {bind_op mul}} {BINDTYPE op ID {} IMPL dsp48 LATENCY 3 OPTYPE add PRAGMA {} RTLNAME mac_muladd_8s_8s_32s_32_4_1_U4237 SOURCE mmult_accel.cpp:210 VARIABLE add_ln210_51 LOOP compute BUNDLEDNAME {} DSP 1 BRAM 0 URAM 0 DISPNAME {bind_op add}} {BINDTYPE op ID {} IMPL dsp48 LATENCY 3 OPTYPE mul PRAGMA {} RTLNAME mac_muladd_8s_8s_32s_32_4_1_U4238 SOURCE mmult_accel.cpp:210 VARIABLE mul_ln210_52 LOOP compute BUNDLEDNAME {} DSP 1 BRAM 0 URAM 0 DISPNAME {bind_op mul}} {BINDTYPE op ID {} IMPL dsp48 LATENCY 3 OPTYPE add PRAGMA {} RTLNAME mac_muladd_8s_8s_32s_32_4_1_U4238 SOURCE mmult_accel.cpp:210 VARIABLE add_ln210_52 LOOP compute BUNDLEDNAME {} DSP 1 BRAM 0 URAM 0 DISPNAME {bind_op add}} {BINDTYPE op ID {} IMPL dsp48 LATENCY 3 OPTYPE mul PRAGMA {} RTLNAME mac_muladd_8s_8s_32s_32_4_1_U4239 SOURCE mmult_accel.cpp:210 VARIABLE mul_ln210_53 LOOP compute BUNDLEDNAME {} DSP 1 BRAM 0 URAM 0 DISPNAME {bind_op mul}} {BINDTYPE op ID {} IMPL dsp48 LATENCY 3 OPTYPE add PRAGMA {} RTLNAME mac_muladd_8s_8s_32s_32_4_1_U4239 SOURCE mmult_accel.cpp:210 VARIABLE add_ln210_53 LOOP compute BUNDLEDNAME {} DSP 1 BRAM 0 URAM 0 DISPNAME {bind_op add}} {BINDTYPE op ID {} IMPL dsp48 LATENCY 3 OPTYPE mul PRAGMA {} RTLNAME mac_muladd_8s_8s_32s_32_4_1_U4240 SOURCE mmult_accel.cpp:210 VARIABLE mul_ln210_54 LOOP compute BUNDLEDNAME {} DSP 1 BRAM 0 URAM 0 DISPNAME {bind_op mul}} {BINDTYPE op ID {} IMPL dsp48 LATENCY 3 OPTYPE add PRAGMA {} RTLNAME mac_muladd_8s_8s_32s_32_4_1_U4240 SOURCE mmult_accel.cpp:210 VARIABLE add_ln210_54 LOOP compute BUNDLEDNAME {} DSP 1 BRAM 0 URAM 0 DISPNAME {bind_op add}} {BINDTYPE op ID {} IMPL dsp48 LATENCY 3 OPTYPE mul PRAGMA {} RTLNAME mac_muladd_8s_8s_32s_32_4_1_U4241 SOURCE mmult_accel.cpp:210 VARIABLE mul_ln210_55 LOOP compute BUNDLEDNAME {} DSP 1 BRAM 0 URAM 0 DISPNAME {bind_op mul}} {BINDTYPE op ID {} IMPL dsp48 LATENCY 3 OPTYPE add PRAGMA {} RTLNAME mac_muladd_8s_8s_32s_32_4_1_U4241 SOURCE mmult_accel.cpp:210 VARIABLE add_ln210_55 LOOP compute BUNDLEDNAME {} DSP 1 BRAM 0 URAM 0 DISPNAME {bind_op add}} {BINDTYPE op ID {} IMPL dsp48 LATENCY 3 OPTYPE mul PRAGMA {} RTLNAME mac_muladd_8s_8s_32s_32_4_1_U4242 SOURCE mmult_accel.cpp:210 VARIABLE mul_ln210_56 LOOP compute BUNDLEDNAME {} DSP 1 BRAM 0 URAM 0 DISPNAME {bind_op mul}} {BINDTYPE op ID {} IMPL dsp48 LATENCY 3 OPTYPE add PRAGMA {} RTLNAME mac_muladd_8s_8s_32s_32_4_1_U4242 SOURCE mmult_accel.cpp:210 VARIABLE add_ln210_56 LOOP compute BUNDLEDNAME {} DSP 1 BRAM 0 URAM 0 DISPNAME {bind_op add}} {BINDTYPE op ID {} IMPL dsp48 LATENCY 3 OPTYPE mul PRAGMA {} RTLNAME mac_muladd_8s_8s_32s_32_4_1_U4243 SOURCE mmult_accel.cpp:210 VARIABLE mul_ln210_57 LOOP compute BUNDLEDNAME {} DSP 1 BRAM 0 URAM 0 DISPNAME {bind_op mul}} {BINDTYPE op ID {} IMPL dsp48 LATENCY 3 OPTYPE add PRAGMA {} RTLNAME mac_muladd_8s_8s_32s_32_4_1_U4243 SOURCE mmult_accel.cpp:210 VARIABLE add_ln210_57 LOOP compute BUNDLEDNAME {} DSP 1 BRAM 0 URAM 0 DISPNAME {bind_op add}} {BINDTYPE op ID {} IMPL dsp48 LATENCY 3 OPTYPE mul PRAGMA {} RTLNAME mac_muladd_8s_8s_32s_32_4_1_U4244 SOURCE mmult_accel.cpp:210 VARIABLE mul_ln210_58 LOOP compute BUNDLEDNAME {} DSP 1 BRAM 0 URAM 0 DISPNAME {bind_op mul}} {BINDTYPE op ID {} IMPL dsp48 LATENCY 3 OPTYPE add PRAGMA {} RTLNAME mac_muladd_8s_8s_32s_32_4_1_U4244 SOURCE mmult_accel.cpp:210 VARIABLE add_ln210_58 LOOP compute BUNDLEDNAME {} DSP 1 BRAM 0 URAM 0 DISPNAME {bind_op add}} {BINDTYPE op ID {} IMPL dsp48 LATENCY 3 OPTYPE mul PRAGMA {} RTLNAME mac_muladd_8s_8s_32s_32_4_1_U4245 SOURCE mmult_accel.cpp:210 VARIABLE mul_ln210_59 LOOP compute BUNDLEDNAME {} DSP 1 BRAM 0 URAM 0 DISPNAME {bind_op mul}} {BINDTYPE op ID {} IMPL dsp48 LATENCY 3 OPTYPE add PRAGMA {} RTLNAME mac_muladd_8s_8s_32s_32_4_1_U4245 SOURCE mmult_accel.cpp:210 VARIABLE add_ln210_59 LOOP compute BUNDLEDNAME {} DSP 1 BRAM 0 URAM 0 DISPNAME {bind_op add}} {BINDTYPE op ID {} IMPL dsp48 LATENCY 3 OPTYPE mul PRAGMA {} RTLNAME mac_muladd_8s_8s_32s_32_4_1_U4246 SOURCE mmult_accel.cpp:210 VARIABLE mul_ln210_60 LOOP compute BUNDLEDNAME {} DSP 1 BRAM 0 URAM 0 DISPNAME {bind_op mul}} {BINDTYPE op ID {} IMPL dsp48 LATENCY 3 OPTYPE add PRAGMA {} RTLNAME mac_muladd_8s_8s_32s_32_4_1_U4246 SOURCE mmult_accel.cpp:210 VARIABLE add_ln210_60 LOOP compute BUNDLEDNAME {} DSP 1 BRAM 0 URAM 0 DISPNAME {bind_op add}} {BINDTYPE op ID {} IMPL dsp48 LATENCY 3 OPTYPE mul PRAGMA {} RTLNAME mac_muladd_8s_8s_32s_32_4_1_U4247 SOURCE mmult_accel.cpp:210 VARIABLE mul_ln210_61 LOOP compute BUNDLEDNAME {} DSP 1 BRAM 0 URAM 0 DISPNAME {bind_op mul}} {BINDTYPE op ID {} IMPL dsp48 LATENCY 3 OPTYPE add PRAGMA {} RTLNAME mac_muladd_8s_8s_32s_32_4_1_U4247 SOURCE mmult_accel.cpp:210 VARIABLE add_ln210_61 LOOP compute BUNDLEDNAME {} DSP 1 BRAM 0 URAM 0 DISPNAME {bind_op add}} {BINDTYPE op ID {} IMPL dsp48 LATENCY 3 OPTYPE mul PRAGMA {} RTLNAME mac_muladd_8s_8s_32s_32_4_1_U4248 SOURCE mmult_accel.cpp:210 VARIABLE mul_ln210_62 LOOP compute BUNDLEDNAME {} DSP 1 BRAM 0 URAM 0 DISPNAME {bind_op mul}} {BINDTYPE op ID {} IMPL dsp48 LATENCY 3 OPTYPE add PRAGMA {} RTLNAME mac_muladd_8s_8s_32s_32_4_1_U4248 SOURCE mmult_accel.cpp:210 VARIABLE add_ln210_62 LOOP compute BUNDLEDNAME {} DSP 1 BRAM 0 URAM 0 DISPNAME {bind_op add}} {BINDTYPE op ID {} IMPL dsp48 LATENCY 3 OPTYPE mul PRAGMA {} RTLNAME mac_muladd_8s_8s_32s_32_4_1_U4249 SOURCE mmult_accel.cpp:210 VARIABLE mul_ln210_63 LOOP compute BUNDLEDNAME {} DSP 1 BRAM 0 URAM 0 DISPNAME {bind_op mul}} {BINDTYPE op ID {} IMPL dsp48 LATENCY 3 OPTYPE add PRAGMA {} RTLNAME mac_muladd_8s_8s_32s_32_4_1_U4249 SOURCE mmult_accel.cpp:210 VARIABLE add_ln210_63 LOOP compute BUNDLEDNAME {} DSP 1 BRAM 0 URAM 0 DISPNAME {bind_op add}} {BINDTYPE op ID {} IMPL dsp48 LATENCY 3 OPTYPE mul PRAGMA {} RTLNAME mac_muladd_8s_8s_32s_32_4_1_U4250 SOURCE mmult_accel.cpp:210 VARIABLE mul_ln210_64 LOOP compute BUNDLEDNAME {} DSP 1 BRAM 0 URAM 0 DISPNAME {bind_op mul}} {BINDTYPE op ID {} IMPL dsp48 LATENCY 3 OPTYPE add PRAGMA {} RTLNAME mac_muladd_8s_8s_32s_32_4_1_U4250 SOURCE mmult_accel.cpp:210 VARIABLE add_ln210_64 LOOP compute BUNDLEDNAME {} DSP 1 BRAM 0 URAM 0 DISPNAME {bind_op add}} {BINDTYPE op ID {} IMPL dsp48 LATENCY 3 OPTYPE mul PRAGMA {} RTLNAME mac_muladd_8s_8s_32s_32_4_1_U4251 SOURCE mmult_accel.cpp:210 VARIABLE mul_ln210_65 LOOP compute BUNDLEDNAME {} DSP 1 BRAM 0 URAM 0 DISPNAME {bind_op mul}} {BINDTYPE op ID {} IMPL dsp48 LATENCY 3 OPTYPE add PRAGMA {} RTLNAME mac_muladd_8s_8s_32s_32_4_1_U4251 SOURCE mmult_accel.cpp:210 VARIABLE add_ln210_65 LOOP compute BUNDLEDNAME {} DSP 1 BRAM 0 URAM 0 DISPNAME {bind_op add}} {BINDTYPE op ID {} IMPL dsp48 LATENCY 3 OPTYPE mul PRAGMA {} RTLNAME mac_muladd_8s_8s_32s_32_4_1_U4252 SOURCE mmult_accel.cpp:210 VARIABLE mul_ln210_66 LOOP compute BUNDLEDNAME {} DSP 1 BRAM 0 URAM 0 DISPNAME {bind_op mul}} {BINDTYPE op ID {} IMPL dsp48 LATENCY 3 OPTYPE add PRAGMA {} RTLNAME mac_muladd_8s_8s_32s_32_4_1_U4252 SOURCE mmult_accel.cpp:210 VARIABLE add_ln210_66 LOOP compute BUNDLEDNAME {} DSP 1 BRAM 0 URAM 0 DISPNAME {bind_op add}} {BINDTYPE op ID {} IMPL dsp48 LATENCY 3 OPTYPE mul PRAGMA {} RTLNAME mac_muladd_8s_8s_32s_32_4_1_U4253 SOURCE mmult_accel.cpp:210 VARIABLE mul_ln210_67 LOOP compute BUNDLEDNAME {} DSP 1 BRAM 0 URAM 0 DISPNAME {bind_op mul}} {BINDTYPE op ID {} IMPL dsp48 LATENCY 3 OPTYPE add PRAGMA {} RTLNAME mac_muladd_8s_8s_32s_32_4_1_U4253 SOURCE mmult_accel.cpp:210 VARIABLE add_ln210_67 LOOP compute BUNDLEDNAME {} DSP 1 BRAM 0 URAM 0 DISPNAME {bind_op add}} {BINDTYPE op ID {} IMPL dsp48 LATENCY 3 OPTYPE mul PRAGMA {} RTLNAME mac_muladd_8s_8s_32s_32_4_1_U4254 SOURCE mmult_accel.cpp:210 VARIABLE mul_ln210_68 LOOP compute BUNDLEDNAME {} DSP 1 BRAM 0 URAM 0 DISPNAME {bind_op mul}} {BINDTYPE op ID {} IMPL dsp48 LATENCY 3 OPTYPE add PRAGMA {} RTLNAME mac_muladd_8s_8s_32s_32_4_1_U4254 SOURCE mmult_accel.cpp:210 VARIABLE add_ln210_68 LOOP compute BUNDLEDNAME {} DSP 1 BRAM 0 URAM 0 DISPNAME {bind_op add}} {BINDTYPE op ID {} IMPL dsp48 LATENCY 3 OPTYPE mul PRAGMA {} RTLNAME mac_muladd_8s_8s_32s_32_4_1_U4255 SOURCE mmult_accel.cpp:210 VARIABLE mul_ln210_69 LOOP compute BUNDLEDNAME {} DSP 1 BRAM 0 URAM 0 DISPNAME {bind_op mul}} {BINDTYPE op ID {} IMPL dsp48 LATENCY 3 OPTYPE add PRAGMA {} RTLNAME mac_muladd_8s_8s_32s_32_4_1_U4255 SOURCE mmult_accel.cpp:210 VARIABLE add_ln210_69 LOOP compute BUNDLEDNAME {} DSP 1 BRAM 0 URAM 0 DISPNAME {bind_op add}} {BINDTYPE op ID {} IMPL dsp48 LATENCY 3 OPTYPE mul PRAGMA {} RTLNAME mac_muladd_8s_8s_32s_32_4_1_U4256 SOURCE mmult_accel.cpp:210 VARIABLE mul_ln210_70 LOOP compute BUNDLEDNAME {} DSP 1 BRAM 0 URAM 0 DISPNAME {bind_op mul}} {BINDTYPE op ID {} IMPL dsp48 LATENCY 3 OPTYPE add PRAGMA {} RTLNAME mac_muladd_8s_8s_32s_32_4_1_U4256 SOURCE mmult_accel.cpp:210 VARIABLE add_ln210_70 LOOP compute BUNDLEDNAME {} DSP 1 BRAM 0 URAM 0 DISPNAME {bind_op add}} {BINDTYPE op ID {} IMPL dsp48 LATENCY 3 OPTYPE mul PRAGMA {} RTLNAME mac_muladd_8s_8s_32s_32_4_1_U4257 SOURCE mmult_accel.cpp:210 VARIABLE mul_ln210_71 LOOP compute BUNDLEDNAME {} DSP 1 BRAM 0 URAM 0 DISPNAME {bind_op mul}} {BINDTYPE op ID {} IMPL dsp48 LATENCY 3 OPTYPE add PRAGMA {} RTLNAME mac_muladd_8s_8s_32s_32_4_1_U4257 SOURCE mmult_accel.cpp:210 VARIABLE add_ln210_71 LOOP compute BUNDLEDNAME {} DSP 1 BRAM 0 URAM 0 DISPNAME {bind_op add}} {BINDTYPE op ID {} IMPL dsp48 LATENCY 3 OPTYPE mul PRAGMA {} RTLNAME mac_muladd_8s_8s_32s_32_4_1_U4258 SOURCE mmult_accel.cpp:210 VARIABLE mul_ln210_72 LOOP compute BUNDLEDNAME {} DSP 1 BRAM 0 URAM 0 DISPNAME {bind_op mul}} {BINDTYPE op ID {} IMPL dsp48 LATENCY 3 OPTYPE add PRAGMA {} RTLNAME mac_muladd_8s_8s_32s_32_4_1_U4258 SOURCE mmult_accel.cpp:210 VARIABLE add_ln210_72 LOOP compute BUNDLEDNAME {} DSP 1 BRAM 0 URAM 0 DISPNAME {bind_op add}} {BINDTYPE op ID {} IMPL dsp48 LATENCY 3 OPTYPE mul PRAGMA {} RTLNAME mac_muladd_8s_8s_32s_32_4_1_U4259 SOURCE mmult_accel.cpp:210 VARIABLE mul_ln210_73 LOOP compute BUNDLEDNAME {} DSP 1 BRAM 0 URAM 0 DISPNAME {bind_op mul}} {BINDTYPE op ID {} IMPL dsp48 LATENCY 3 OPTYPE add PRAGMA {} RTLNAME mac_muladd_8s_8s_32s_32_4_1_U4259 SOURCE mmult_accel.cpp:210 VARIABLE add_ln210_73 LOOP compute BUNDLEDNAME {} DSP 1 BRAM 0 URAM 0 DISPNAME {bind_op add}} {BINDTYPE op ID {} IMPL dsp48 LATENCY 3 OPTYPE mul PRAGMA {} RTLNAME mac_muladd_8s_8s_32s_32_4_1_U4260 SOURCE mmult_accel.cpp:210 VARIABLE mul_ln210_74 LOOP compute BUNDLEDNAME {} DSP 1 BRAM 0 URAM 0 DISPNAME {bind_op mul}} {BINDTYPE op ID {} IMPL dsp48 LATENCY 3 OPTYPE add PRAGMA {} RTLNAME mac_muladd_8s_8s_32s_32_4_1_U4260 SOURCE mmult_accel.cpp:210 VARIABLE add_ln210_74 LOOP compute BUNDLEDNAME {} DSP 1 BRAM 0 URAM 0 DISPNAME {bind_op add}} {BINDTYPE op ID {} IMPL dsp48 LATENCY 3 OPTYPE mul PRAGMA {} RTLNAME mac_muladd_8s_8s_32s_32_4_1_U4261 SOURCE mmult_accel.cpp:210 VARIABLE mul_ln210_75 LOOP compute BUNDLEDNAME {} DSP 1 BRAM 0 URAM 0 DISPNAME {bind_op mul}} {BINDTYPE op ID {} IMPL dsp48 LATENCY 3 OPTYPE add PRAGMA {} RTLNAME mac_muladd_8s_8s_32s_32_4_1_U4261 SOURCE mmult_accel.cpp:210 VARIABLE add_ln210_75 LOOP compute BUNDLEDNAME {} DSP 1 BRAM 0 URAM 0 DISPNAME {bind_op add}} {BINDTYPE op ID {} IMPL dsp48 LATENCY 3 OPTYPE mul PRAGMA {} RTLNAME mac_muladd_8s_8s_32s_32_4_1_U4262 SOURCE mmult_accel.cpp:210 VARIABLE mul_ln210_76 LOOP compute BUNDLEDNAME {} DSP 1 BRAM 0 URAM 0 DISPNAME {bind_op mul}} {BINDTYPE op ID {} IMPL dsp48 LATENCY 3 OPTYPE add PRAGMA {} RTLNAME mac_muladd_8s_8s_32s_32_4_1_U4262 SOURCE mmult_accel.cpp:210 VARIABLE add_ln210_76 LOOP compute BUNDLEDNAME {} DSP 1 BRAM 0 URAM 0 DISPNAME {bind_op add}} {BINDTYPE op ID {} IMPL dsp48 LATENCY 3 OPTYPE mul PRAGMA {} RTLNAME mac_muladd_8s_8s_32s_32_4_1_U4263 SOURCE mmult_accel.cpp:210 VARIABLE mul_ln210_77 LOOP compute BUNDLEDNAME {} DSP 1 BRAM 0 URAM 0 DISPNAME {bind_op mul}} {BINDTYPE op ID {} IMPL dsp48 LATENCY 3 OPTYPE add PRAGMA {} RTLNAME mac_muladd_8s_8s_32s_32_4_1_U4263 SOURCE mmult_accel.cpp:210 VARIABLE add_ln210_77 LOOP compute BUNDLEDNAME {} DSP 1 BRAM 0 URAM 0 DISPNAME {bind_op add}} {BINDTYPE op ID {} IMPL dsp48 LATENCY 3 OPTYPE mul PRAGMA {} RTLNAME mac_muladd_8s_8s_32s_32_4_1_U4264 SOURCE mmult_accel.cpp:210 VARIABLE mul_ln210_78 LOOP compute BUNDLEDNAME {} DSP 1 BRAM 0 URAM 0 DISPNAME {bind_op mul}} {BINDTYPE op ID {} IMPL dsp48 LATENCY 3 OPTYPE add PRAGMA {} RTLNAME mac_muladd_8s_8s_32s_32_4_1_U4264 SOURCE mmult_accel.cpp:210 VARIABLE add_ln210_78 LOOP compute BUNDLEDNAME {} DSP 1 BRAM 0 URAM 0 DISPNAME {bind_op add}} {BINDTYPE op ID {} IMPL dsp48 LATENCY 3 OPTYPE mul PRAGMA {} RTLNAME mac_muladd_8s_8s_32s_32_4_1_U4265 SOURCE mmult_accel.cpp:210 VARIABLE mul_ln210_79 LOOP compute BUNDLEDNAME {} DSP 1 BRAM 0 URAM 0 DISPNAME {bind_op mul}} {BINDTYPE op ID {} IMPL dsp48 LATENCY 3 OPTYPE add PRAGMA {} RTLNAME mac_muladd_8s_8s_32s_32_4_1_U4265 SOURCE mmult_accel.cpp:210 VARIABLE add_ln210_79 LOOP compute BUNDLEDNAME {} DSP 1 BRAM 0 URAM 0 DISPNAME {bind_op add}} {BINDTYPE op ID {} IMPL dsp48 LATENCY 3 OPTYPE mul PRAGMA {} RTLNAME mac_muladd_8s_8s_32s_32_4_1_U4266 SOURCE mmult_accel.cpp:210 VARIABLE mul_ln210_80 LOOP compute BUNDLEDNAME {} DSP 1 BRAM 0 URAM 0 DISPNAME {bind_op mul}} {BINDTYPE op ID {} IMPL dsp48 LATENCY 3 OPTYPE add PRAGMA {} RTLNAME mac_muladd_8s_8s_32s_32_4_1_U4266 SOURCE mmult_accel.cpp:210 VARIABLE add_ln210_80 LOOP compute BUNDLEDNAME {} DSP 1 BRAM 0 URAM 0 DISPNAME {bind_op add}} {BINDTYPE op ID {} IMPL dsp48 LATENCY 3 OPTYPE mul PRAGMA {} RTLNAME mac_muladd_8s_8s_32s_32_4_1_U4267 SOURCE mmult_accel.cpp:210 VARIABLE mul_ln210_81 LOOP compute BUNDLEDNAME {} DSP 1 BRAM 0 URAM 0 DISPNAME {bind_op mul}} {BINDTYPE op ID {} IMPL dsp48 LATENCY 3 OPTYPE add PRAGMA {} RTLNAME mac_muladd_8s_8s_32s_32_4_1_U4267 SOURCE mmult_accel.cpp:210 VARIABLE add_ln210_81 LOOP compute BUNDLEDNAME {} DSP 1 BRAM 0 URAM 0 DISPNAME {bind_op add}} {BINDTYPE op ID {} IMPL dsp48 LATENCY 3 OPTYPE mul PRAGMA {} RTLNAME mac_muladd_8s_8s_32s_32_4_1_U4268 SOURCE mmult_accel.cpp:210 VARIABLE mul_ln210_82 LOOP compute BUNDLEDNAME {} DSP 1 BRAM 0 URAM 0 DISPNAME {bind_op mul}} {BINDTYPE op ID {} IMPL dsp48 LATENCY 3 OPTYPE add PRAGMA {} RTLNAME mac_muladd_8s_8s_32s_32_4_1_U4268 SOURCE mmult_accel.cpp:210 VARIABLE add_ln210_82 LOOP compute BUNDLEDNAME {} DSP 1 BRAM 0 URAM 0 DISPNAME {bind_op add}} {BINDTYPE op ID {} IMPL dsp48 LATENCY 3 OPTYPE mul PRAGMA {} RTLNAME mac_muladd_8s_8s_32s_32_4_1_U4269 SOURCE mmult_accel.cpp:210 VARIABLE mul_ln210_83 LOOP compute BUNDLEDNAME {} DSP 1 BRAM 0 URAM 0 DISPNAME {bind_op mul}} {BINDTYPE op ID {} IMPL dsp48 LATENCY 3 OPTYPE add PRAGMA {} RTLNAME mac_muladd_8s_8s_32s_32_4_1_U4269 SOURCE mmult_accel.cpp:210 VARIABLE add_ln210_83 LOOP compute BUNDLEDNAME {} DSP 1 BRAM 0 URAM 0 DISPNAME {bind_op add}} {BINDTYPE op ID {} IMPL dsp48 LATENCY 3 OPTYPE mul PRAGMA {} RTLNAME mac_muladd_8s_8s_32s_32_4_1_U4270 SOURCE mmult_accel.cpp:210 VARIABLE mul_ln210_84 LOOP compute BUNDLEDNAME {} DSP 1 BRAM 0 URAM 0 DISPNAME {bind_op mul}} {BINDTYPE op ID {} IMPL dsp48 LATENCY 3 OPTYPE add PRAGMA {} RTLNAME mac_muladd_8s_8s_32s_32_4_1_U4270 SOURCE mmult_accel.cpp:210 VARIABLE add_ln210_84 LOOP compute BUNDLEDNAME {} DSP 1 BRAM 0 URAM 0 DISPNAME {bind_op add}} {BINDTYPE op ID {} IMPL dsp48 LATENCY 3 OPTYPE mul PRAGMA {} RTLNAME mac_muladd_8s_8s_32s_32_4_1_U4271 SOURCE mmult_accel.cpp:210 VARIABLE mul_ln210_85 LOOP compute BUNDLEDNAME {} DSP 1 BRAM 0 URAM 0 DISPNAME {bind_op mul}} {BINDTYPE op ID {} IMPL dsp48 LATENCY 3 OPTYPE add PRAGMA {} RTLNAME mac_muladd_8s_8s_32s_32_4_1_U4271 SOURCE mmult_accel.cpp:210 VARIABLE add_ln210_85 LOOP compute BUNDLEDNAME {} DSP 1 BRAM 0 URAM 0 DISPNAME {bind_op add}} {BINDTYPE op ID {} IMPL dsp48 LATENCY 3 OPTYPE mul PRAGMA {} RTLNAME mac_muladd_8s_8s_32s_32_4_1_U4272 SOURCE mmult_accel.cpp:210 VARIABLE mul_ln210_86 LOOP compute BUNDLEDNAME {} DSP 1 BRAM 0 URAM 0 DISPNAME {bind_op mul}} {BINDTYPE op ID {} IMPL dsp48 LATENCY 3 OPTYPE add PRAGMA {} RTLNAME mac_muladd_8s_8s_32s_32_4_1_U4272 SOURCE mmult_accel.cpp:210 VARIABLE add_ln210_86 LOOP compute BUNDLEDNAME {} DSP 1 BRAM 0 URAM 0 DISPNAME {bind_op add}} {BINDTYPE op ID {} IMPL dsp48 LATENCY 3 OPTYPE mul PRAGMA {} RTLNAME mac_muladd_8s_8s_32s_32_4_1_U4273 SOURCE mmult_accel.cpp:210 VARIABLE mul_ln210_87 LOOP compute BUNDLEDNAME {} DSP 1 BRAM 0 URAM 0 DISPNAME {bind_op mul}} {BINDTYPE op ID {} IMPL dsp48 LATENCY 3 OPTYPE add PRAGMA {} RTLNAME mac_muladd_8s_8s_32s_32_4_1_U4273 SOURCE mmult_accel.cpp:210 VARIABLE add_ln210_87 LOOP compute BUNDLEDNAME {} DSP 1 BRAM 0 URAM 0 DISPNAME {bind_op add}} {BINDTYPE op ID {} IMPL dsp48 LATENCY 3 OPTYPE mul PRAGMA {} RTLNAME mac_muladd_8s_8s_32s_32_4_1_U4274 SOURCE mmult_accel.cpp:210 VARIABLE mul_ln210_88 LOOP compute BUNDLEDNAME {} DSP 1 BRAM 0 URAM 0 DISPNAME {bind_op mul}} {BINDTYPE op ID {} IMPL dsp48 LATENCY 3 OPTYPE add PRAGMA {} RTLNAME mac_muladd_8s_8s_32s_32_4_1_U4274 SOURCE mmult_accel.cpp:210 VARIABLE add_ln210_88 LOOP compute BUNDLEDNAME {} DSP 1 BRAM 0 URAM 0 DISPNAME {bind_op add}} {BINDTYPE op ID {} IMPL dsp48 LATENCY 3 OPTYPE mul PRAGMA {} RTLNAME mac_muladd_8s_8s_32s_32_4_1_U4275 SOURCE mmult_accel.cpp:210 VARIABLE mul_ln210_89 LOOP compute BUNDLEDNAME {} DSP 1 BRAM 0 URAM 0 DISPNAME {bind_op mul}} {BINDTYPE op ID {} IMPL dsp48 LATENCY 3 OPTYPE add PRAGMA {} RTLNAME mac_muladd_8s_8s_32s_32_4_1_U4275 SOURCE mmult_accel.cpp:210 VARIABLE add_ln210_89 LOOP compute BUNDLEDNAME {} DSP 1 BRAM 0 URAM 0 DISPNAME {bind_op add}} {BINDTYPE op ID {} IMPL dsp48 LATENCY 3 OPTYPE mul PRAGMA {} RTLNAME mac_muladd_8s_8s_32s_32_4_1_U4276 SOURCE mmult_accel.cpp:210 VARIABLE mul_ln210_90 LOOP compute BUNDLEDNAME {} DSP 1 BRAM 0 URAM 0 DISPNAME {bind_op mul}} {BINDTYPE op ID {} IMPL dsp48 LATENCY 3 OPTYPE add PRAGMA {} RTLNAME mac_muladd_8s_8s_32s_32_4_1_U4276 SOURCE mmult_accel.cpp:210 VARIABLE add_ln210_90 LOOP compute BUNDLEDNAME {} DSP 1 BRAM 0 URAM 0 DISPNAME {bind_op add}} {BINDTYPE op ID {} IMPL dsp48 LATENCY 3 OPTYPE mul PRAGMA {} RTLNAME mac_muladd_8s_8s_32s_32_4_1_U4277 SOURCE mmult_accel.cpp:210 VARIABLE mul_ln210_91 LOOP compute BUNDLEDNAME {} DSP 1 BRAM 0 URAM 0 DISPNAME {bind_op mul}} {BINDTYPE op ID {} IMPL dsp48 LATENCY 3 OPTYPE add PRAGMA {} RTLNAME mac_muladd_8s_8s_32s_32_4_1_U4277 SOURCE mmult_accel.cpp:210 VARIABLE add_ln210_91 LOOP compute BUNDLEDNAME {} DSP 1 BRAM 0 URAM 0 DISPNAME {bind_op add}} {BINDTYPE op ID {} IMPL dsp48 LATENCY 3 OPTYPE mul PRAGMA {} RTLNAME mac_muladd_8s_8s_32s_32_4_1_U4278 SOURCE mmult_accel.cpp:210 VARIABLE mul_ln210_92 LOOP compute BUNDLEDNAME {} DSP 1 BRAM 0 URAM 0 DISPNAME {bind_op mul}} {BINDTYPE op ID {} IMPL dsp48 LATENCY 3 OPTYPE add PRAGMA {} RTLNAME mac_muladd_8s_8s_32s_32_4_1_U4278 SOURCE mmult_accel.cpp:210 VARIABLE add_ln210_92 LOOP compute BUNDLEDNAME {} DSP 1 BRAM 0 URAM 0 DISPNAME {bind_op add}} {BINDTYPE op ID {} IMPL dsp48 LATENCY 3 OPTYPE mul PRAGMA {} RTLNAME mac_muladd_8s_8s_32s_32_4_1_U4279 SOURCE mmult_accel.cpp:210 VARIABLE mul_ln210_93 LOOP compute BUNDLEDNAME {} DSP 1 BRAM 0 URAM 0 DISPNAME {bind_op mul}} {BINDTYPE op ID {} IMPL dsp48 LATENCY 3 OPTYPE add PRAGMA {} RTLNAME mac_muladd_8s_8s_32s_32_4_1_U4279 SOURCE mmult_accel.cpp:210 VARIABLE add_ln210_93 LOOP compute BUNDLEDNAME {} DSP 1 BRAM 0 URAM 0 DISPNAME {bind_op add}} {BINDTYPE op ID {} IMPL dsp48 LATENCY 3 OPTYPE mul PRAGMA {} RTLNAME mac_muladd_8s_8s_32s_32_4_1_U4280 SOURCE mmult_accel.cpp:210 VARIABLE mul_ln210_94 LOOP compute BUNDLEDNAME {} DSP 1 BRAM 0 URAM 0 DISPNAME {bind_op mul}} {BINDTYPE op ID {} IMPL dsp48 LATENCY 3 OPTYPE add PRAGMA {} RTLNAME mac_muladd_8s_8s_32s_32_4_1_U4280 SOURCE mmult_accel.cpp:210 VARIABLE add_ln210_94 LOOP compute BUNDLEDNAME {} DSP 1 BRAM 0 URAM 0 DISPNAME {bind_op add}} {BINDTYPE op ID {} IMPL dsp48 LATENCY 3 OPTYPE mul PRAGMA {} RTLNAME mac_muladd_8s_8s_32s_32_4_1_U4281 SOURCE mmult_accel.cpp:210 VARIABLE mul_ln210_95 LOOP compute BUNDLEDNAME {} DSP 1 BRAM 0 URAM 0 DISPNAME {bind_op mul}} {BINDTYPE op ID {} IMPL dsp48 LATENCY 3 OPTYPE add PRAGMA {} RTLNAME mac_muladd_8s_8s_32s_32_4_1_U4281 SOURCE mmult_accel.cpp:210 VARIABLE add_ln210_95 LOOP compute BUNDLEDNAME {} DSP 1 BRAM 0 URAM 0 DISPNAME {bind_op add}} {BINDTYPE op ID {} IMPL dsp48 LATENCY 3 OPTYPE mul PRAGMA {} RTLNAME mac_muladd_8s_8s_32s_32_4_1_U4282 SOURCE mmult_accel.cpp:210 VARIABLE mul_ln210_96 LOOP compute BUNDLEDNAME {} DSP 1 BRAM 0 URAM 0 DISPNAME {bind_op mul}} {BINDTYPE op ID {} IMPL dsp48 LATENCY 3 OPTYPE add PRAGMA {} RTLNAME mac_muladd_8s_8s_32s_32_4_1_U4282 SOURCE mmult_accel.cpp:210 VARIABLE add_ln210_96 LOOP compute BUNDLEDNAME {} DSP 1 BRAM 0 URAM 0 DISPNAME {bind_op add}} {BINDTYPE op ID {} IMPL dsp48 LATENCY 3 OPTYPE mul PRAGMA {} RTLNAME mac_muladd_8s_8s_32s_32_4_1_U4283 SOURCE mmult_accel.cpp:210 VARIABLE mul_ln210_97 LOOP compute BUNDLEDNAME {} DSP 1 BRAM 0 URAM 0 DISPNAME {bind_op mul}} {BINDTYPE op ID {} IMPL dsp48 LATENCY 3 OPTYPE add PRAGMA {} RTLNAME mac_muladd_8s_8s_32s_32_4_1_U4283 SOURCE mmult_accel.cpp:210 VARIABLE add_ln210_97 LOOP compute BUNDLEDNAME {} DSP 1 BRAM 0 URAM 0 DISPNAME {bind_op add}} {BINDTYPE op ID {} IMPL dsp48 LATENCY 3 OPTYPE mul PRAGMA {} RTLNAME mac_muladd_8s_8s_32s_32_4_1_U4284 SOURCE mmult_accel.cpp:210 VARIABLE mul_ln210_98 LOOP compute BUNDLEDNAME {} DSP 1 BRAM 0 URAM 0 DISPNAME {bind_op mul}} {BINDTYPE op ID {} IMPL dsp48 LATENCY 3 OPTYPE add PRAGMA {} RTLNAME mac_muladd_8s_8s_32s_32_4_1_U4284 SOURCE mmult_accel.cpp:210 VARIABLE add_ln210_98 LOOP compute BUNDLEDNAME {} DSP 1 BRAM 0 URAM 0 DISPNAME {bind_op add}} {BINDTYPE op ID {} IMPL dsp48 LATENCY 3 OPTYPE mul PRAGMA {} RTLNAME mac_muladd_8s_8s_32s_32_4_1_U4285 SOURCE mmult_accel.cpp:210 VARIABLE mul_ln210_99 LOOP compute BUNDLEDNAME {} DSP 1 BRAM 0 URAM 0 DISPNAME {bind_op mul}} {BINDTYPE op ID {} IMPL dsp48 LATENCY 3 OPTYPE add PRAGMA {} RTLNAME mac_muladd_8s_8s_32s_32_4_1_U4285 SOURCE mmult_accel.cpp:210 VARIABLE add_ln210_99 LOOP compute BUNDLEDNAME {} DSP 1 BRAM 0 URAM 0 DISPNAME {bind_op add}} {BINDTYPE op ID {} IMPL dsp48 LATENCY 3 OPTYPE mul PRAGMA {} RTLNAME mac_muladd_8s_8s_32s_32_4_1_U4286 SOURCE mmult_accel.cpp:210 VARIABLE mul_ln210_100 LOOP compute BUNDLEDNAME {} DSP 1 BRAM 0 URAM 0 DISPNAME {bind_op mul}} {BINDTYPE op ID {} IMPL dsp48 LATENCY 3 OPTYPE add PRAGMA {} RTLNAME mac_muladd_8s_8s_32s_32_4_1_U4286 SOURCE mmult_accel.cpp:210 VARIABLE add_ln210_100 LOOP compute BUNDLEDNAME {} DSP 1 BRAM 0 URAM 0 DISPNAME {bind_op add}} {BINDTYPE op ID {} IMPL dsp48 LATENCY 3 OPTYPE mul PRAGMA {} RTLNAME mac_muladd_8s_8s_32s_32_4_1_U4287 SOURCE mmult_accel.cpp:210 VARIABLE mul_ln210_101 LOOP compute BUNDLEDNAME {} DSP 1 BRAM 0 URAM 0 DISPNAME {bind_op mul}} {BINDTYPE op ID {} IMPL dsp48 LATENCY 3 OPTYPE add PRAGMA {} RTLNAME mac_muladd_8s_8s_32s_32_4_1_U4287 SOURCE mmult_accel.cpp:210 VARIABLE add_ln210_101 LOOP compute BUNDLEDNAME {} DSP 1 BRAM 0 URAM 0 DISPNAME {bind_op add}} {BINDTYPE op ID {} IMPL dsp48 LATENCY 3 OPTYPE mul PRAGMA {} RTLNAME mac_muladd_8s_8s_32s_32_4_1_U4288 SOURCE mmult_accel.cpp:210 VARIABLE mul_ln210_102 LOOP compute BUNDLEDNAME {} DSP 1 BRAM 0 URAM 0 DISPNAME {bind_op mul}} {BINDTYPE op ID {} IMPL dsp48 LATENCY 3 OPTYPE add PRAGMA {} RTLNAME mac_muladd_8s_8s_32s_32_4_1_U4288 SOURCE mmult_accel.cpp:210 VARIABLE add_ln210_102 LOOP compute BUNDLEDNAME {} DSP 1 BRAM 0 URAM 0 DISPNAME {bind_op add}} {BINDTYPE op ID {} IMPL dsp48 LATENCY 3 OPTYPE mul PRAGMA {} RTLNAME mac_muladd_8s_8s_32s_32_4_1_U4289 SOURCE mmult_accel.cpp:210 VARIABLE mul_ln210_103 LOOP compute BUNDLEDNAME {} DSP 1 BRAM 0 URAM 0 DISPNAME {bind_op mul}} {BINDTYPE op ID {} IMPL dsp48 LATENCY 3 OPTYPE add PRAGMA {} RTLNAME mac_muladd_8s_8s_32s_32_4_1_U4289 SOURCE mmult_accel.cpp:210 VARIABLE add_ln210_103 LOOP compute BUNDLEDNAME {} DSP 1 BRAM 0 URAM 0 DISPNAME {bind_op add}} {BINDTYPE op ID {} IMPL dsp48 LATENCY 3 OPTYPE mul PRAGMA {} RTLNAME mac_muladd_8s_8s_32s_32_4_1_U4290 SOURCE mmult_accel.cpp:210 VARIABLE mul_ln210_104 LOOP compute BUNDLEDNAME {} DSP 1 BRAM 0 URAM 0 DISPNAME {bind_op mul}} {BINDTYPE op ID {} IMPL dsp48 LATENCY 3 OPTYPE add PRAGMA {} RTLNAME mac_muladd_8s_8s_32s_32_4_1_U4290 SOURCE mmult_accel.cpp:210 VARIABLE add_ln210_104 LOOP compute BUNDLEDNAME {} DSP 1 BRAM 0 URAM 0 DISPNAME {bind_op add}} {BINDTYPE op ID {} IMPL dsp48 LATENCY 3 OPTYPE mul PRAGMA {} RTLNAME mac_muladd_8s_8s_32s_32_4_1_U4291 SOURCE mmult_accel.cpp:210 VARIABLE mul_ln210_105 LOOP compute BUNDLEDNAME {} DSP 1 BRAM 0 URAM 0 DISPNAME {bind_op mul}} {BINDTYPE op ID {} IMPL dsp48 LATENCY 3 OPTYPE add PRAGMA {} RTLNAME mac_muladd_8s_8s_32s_32_4_1_U4291 SOURCE mmult_accel.cpp:210 VARIABLE add_ln210_105 LOOP compute BUNDLEDNAME {} DSP 1 BRAM 0 URAM 0 DISPNAME {bind_op add}} {BINDTYPE op ID {} IMPL dsp48 LATENCY 3 OPTYPE mul PRAGMA {} RTLNAME mac_muladd_8s_8s_32s_32_4_1_U4292 SOURCE mmult_accel.cpp:210 VARIABLE mul_ln210_106 LOOP compute BUNDLEDNAME {} DSP 1 BRAM 0 URAM 0 DISPNAME {bind_op mul}} {BINDTYPE op ID {} IMPL dsp48 LATENCY 3 OPTYPE add PRAGMA {} RTLNAME mac_muladd_8s_8s_32s_32_4_1_U4292 SOURCE mmult_accel.cpp:210 VARIABLE add_ln210_106 LOOP compute BUNDLEDNAME {} DSP 1 BRAM 0 URAM 0 DISPNAME {bind_op add}} {BINDTYPE op ID {} IMPL dsp48 LATENCY 3 OPTYPE mul PRAGMA {} RTLNAME mac_muladd_8s_8s_32s_32_4_1_U4293 SOURCE mmult_accel.cpp:210 VARIABLE mul_ln210_107 LOOP compute BUNDLEDNAME {} DSP 1 BRAM 0 URAM 0 DISPNAME {bind_op mul}} {BINDTYPE op ID {} IMPL dsp48 LATENCY 3 OPTYPE add PRAGMA {} RTLNAME mac_muladd_8s_8s_32s_32_4_1_U4293 SOURCE mmult_accel.cpp:210 VARIABLE add_ln210_107 LOOP compute BUNDLEDNAME {} DSP 1 BRAM 0 URAM 0 DISPNAME {bind_op add}} {BINDTYPE op ID {} IMPL dsp48 LATENCY 3 OPTYPE mul PRAGMA {} RTLNAME mac_muladd_8s_8s_32s_32_4_1_U4294 SOURCE mmult_accel.cpp:210 VARIABLE mul_ln210_108 LOOP compute BUNDLEDNAME {} DSP 1 BRAM 0 URAM 0 DISPNAME {bind_op mul}} {BINDTYPE op ID {} IMPL dsp48 LATENCY 3 OPTYPE add PRAGMA {} RTLNAME mac_muladd_8s_8s_32s_32_4_1_U4294 SOURCE mmult_accel.cpp:210 VARIABLE add_ln210_108 LOOP compute BUNDLEDNAME {} DSP 1 BRAM 0 URAM 0 DISPNAME {bind_op add}} {BINDTYPE op ID {} IMPL dsp48 LATENCY 3 OPTYPE mul PRAGMA {} RTLNAME mac_muladd_8s_8s_32s_32_4_1_U4295 SOURCE mmult_accel.cpp:210 VARIABLE mul_ln210_109 LOOP compute BUNDLEDNAME {} DSP 1 BRAM 0 URAM 0 DISPNAME {bind_op mul}} {BINDTYPE op ID {} IMPL dsp48 LATENCY 3 OPTYPE add PRAGMA {} RTLNAME mac_muladd_8s_8s_32s_32_4_1_U4295 SOURCE mmult_accel.cpp:210 VARIABLE add_ln210_109 LOOP compute BUNDLEDNAME {} DSP 1 BRAM 0 URAM 0 DISPNAME {bind_op add}} {BINDTYPE op ID {} IMPL dsp48 LATENCY 3 OPTYPE mul PRAGMA {} RTLNAME mac_muladd_8s_8s_32s_32_4_1_U4296 SOURCE mmult_accel.cpp:210 VARIABLE mul_ln210_110 LOOP compute BUNDLEDNAME {} DSP 1 BRAM 0 URAM 0 DISPNAME {bind_op mul}} {BINDTYPE op ID {} IMPL dsp48 LATENCY 3 OPTYPE add PRAGMA {} RTLNAME mac_muladd_8s_8s_32s_32_4_1_U4296 SOURCE mmult_accel.cpp:210 VARIABLE add_ln210_110 LOOP compute BUNDLEDNAME {} DSP 1 BRAM 0 URAM 0 DISPNAME {bind_op add}} {BINDTYPE op ID {} IMPL dsp48 LATENCY 3 OPTYPE mul PRAGMA {} RTLNAME mac_muladd_8s_8s_32s_32_4_1_U4297 SOURCE mmult_accel.cpp:210 VARIABLE mul_ln210_111 LOOP compute BUNDLEDNAME {} DSP 1 BRAM 0 URAM 0 DISPNAME {bind_op mul}} {BINDTYPE op ID {} IMPL dsp48 LATENCY 3 OPTYPE add PRAGMA {} RTLNAME mac_muladd_8s_8s_32s_32_4_1_U4297 SOURCE mmult_accel.cpp:210 VARIABLE add_ln210_111 LOOP compute BUNDLEDNAME {} DSP 1 BRAM 0 URAM 0 DISPNAME {bind_op add}} {BINDTYPE op ID {} IMPL dsp48 LATENCY 3 OPTYPE mul PRAGMA {} RTLNAME mac_muladd_8s_8s_32s_32_4_1_U4298 SOURCE mmult_accel.cpp:210 VARIABLE mul_ln210_112 LOOP compute BUNDLEDNAME {} DSP 1 BRAM 0 URAM 0 DISPNAME {bind_op mul}} {BINDTYPE op ID {} IMPL dsp48 LATENCY 3 OPTYPE add PRAGMA {} RTLNAME mac_muladd_8s_8s_32s_32_4_1_U4298 SOURCE mmult_accel.cpp:210 VARIABLE add_ln210_112 LOOP compute BUNDLEDNAME {} DSP 1 BRAM 0 URAM 0 DISPNAME {bind_op add}} {BINDTYPE op ID {} IMPL dsp48 LATENCY 3 OPTYPE mul PRAGMA {} RTLNAME mac_muladd_8s_8s_32s_32_4_1_U4299 SOURCE mmult_accel.cpp:210 VARIABLE mul_ln210_113 LOOP compute BUNDLEDNAME {} DSP 1 BRAM 0 URAM 0 DISPNAME {bind_op mul}} {BINDTYPE op ID {} IMPL dsp48 LATENCY 3 OPTYPE add PRAGMA {} RTLNAME mac_muladd_8s_8s_32s_32_4_1_U4299 SOURCE mmult_accel.cpp:210 VARIABLE add_ln210_113 LOOP compute BUNDLEDNAME {} DSP 1 BRAM 0 URAM 0 DISPNAME {bind_op add}} {BINDTYPE op ID {} IMPL dsp48 LATENCY 3 OPTYPE mul PRAGMA {} RTLNAME mac_muladd_8s_8s_32s_32_4_1_U4300 SOURCE mmult_accel.cpp:210 VARIABLE mul_ln210_114 LOOP compute BUNDLEDNAME {} DSP 1 BRAM 0 URAM 0 DISPNAME {bind_op mul}} {BINDTYPE op ID {} IMPL dsp48 LATENCY 3 OPTYPE add PRAGMA {} RTLNAME mac_muladd_8s_8s_32s_32_4_1_U4300 SOURCE mmult_accel.cpp:210 VARIABLE add_ln210_114 LOOP compute BUNDLEDNAME {} DSP 1 BRAM 0 URAM 0 DISPNAME {bind_op add}} {BINDTYPE op ID {} IMPL dsp48 LATENCY 3 OPTYPE mul PRAGMA {} RTLNAME mac_muladd_8s_8s_32s_32_4_1_U4301 SOURCE mmult_accel.cpp:210 VARIABLE mul_ln210_115 LOOP compute BUNDLEDNAME {} DSP 1 BRAM 0 URAM 0 DISPNAME {bind_op mul}} {BINDTYPE op ID {} IMPL dsp48 LATENCY 3 OPTYPE add PRAGMA {} RTLNAME mac_muladd_8s_8s_32s_32_4_1_U4301 SOURCE mmult_accel.cpp:210 VARIABLE add_ln210_115 LOOP compute BUNDLEDNAME {} DSP 1 BRAM 0 URAM 0 DISPNAME {bind_op add}} {BINDTYPE op ID {} IMPL dsp48 LATENCY 3 OPTYPE mul PRAGMA {} RTLNAME mac_muladd_8s_8s_32s_32_4_1_U4302 SOURCE mmult_accel.cpp:210 VARIABLE mul_ln210_116 LOOP compute BUNDLEDNAME {} DSP 1 BRAM 0 URAM 0 DISPNAME {bind_op mul}} {BINDTYPE op ID {} IMPL dsp48 LATENCY 3 OPTYPE add PRAGMA {} RTLNAME mac_muladd_8s_8s_32s_32_4_1_U4302 SOURCE mmult_accel.cpp:210 VARIABLE add_ln210_116 LOOP compute BUNDLEDNAME {} DSP 1 BRAM 0 URAM 0 DISPNAME {bind_op add}} {BINDTYPE op ID {} IMPL dsp48 LATENCY 3 OPTYPE mul PRAGMA {} RTLNAME mac_muladd_8s_8s_32s_32_4_1_U4303 SOURCE mmult_accel.cpp:210 VARIABLE mul_ln210_117 LOOP compute BUNDLEDNAME {} DSP 1 BRAM 0 URAM 0 DISPNAME {bind_op mul}} {BINDTYPE op ID {} IMPL dsp48 LATENCY 3 OPTYPE add PRAGMA {} RTLNAME mac_muladd_8s_8s_32s_32_4_1_U4303 SOURCE mmult_accel.cpp:210 VARIABLE add_ln210_117 LOOP compute BUNDLEDNAME {} DSP 1 BRAM 0 URAM 0 DISPNAME {bind_op add}} {BINDTYPE op ID {} IMPL dsp48 LATENCY 3 OPTYPE mul PRAGMA {} RTLNAME mac_muladd_8s_8s_32s_32_4_1_U4304 SOURCE mmult_accel.cpp:210 VARIABLE mul_ln210_118 LOOP compute BUNDLEDNAME {} DSP 1 BRAM 0 URAM 0 DISPNAME {bind_op mul}} {BINDTYPE op ID {} IMPL dsp48 LATENCY 3 OPTYPE add PRAGMA {} RTLNAME mac_muladd_8s_8s_32s_32_4_1_U4304 SOURCE mmult_accel.cpp:210 VARIABLE add_ln210_118 LOOP compute BUNDLEDNAME {} DSP 1 BRAM 0 URAM 0 DISPNAME {bind_op add}} {BINDTYPE op ID {} IMPL dsp48 LATENCY 3 OPTYPE mul PRAGMA {} RTLNAME mac_muladd_8s_8s_32s_32_4_1_U4305 SOURCE mmult_accel.cpp:210 VARIABLE mul_ln210_119 LOOP compute BUNDLEDNAME {} DSP 1 BRAM 0 URAM 0 DISPNAME {bind_op mul}} {BINDTYPE op ID {} IMPL dsp48 LATENCY 3 OPTYPE add PRAGMA {} RTLNAME mac_muladd_8s_8s_32s_32_4_1_U4305 SOURCE mmult_accel.cpp:210 VARIABLE add_ln210_119 LOOP compute BUNDLEDNAME {} DSP 1 BRAM 0 URAM 0 DISPNAME {bind_op add}} {BINDTYPE op ID {} IMPL dsp48 LATENCY 3 OPTYPE mul PRAGMA {} RTLNAME mac_muladd_8s_8s_32s_32_4_1_U4306 SOURCE mmult_accel.cpp:210 VARIABLE mul_ln210_120 LOOP compute BUNDLEDNAME {} DSP 1 BRAM 0 URAM 0 DISPNAME {bind_op mul}} {BINDTYPE op ID {} IMPL dsp48 LATENCY 3 OPTYPE add PRAGMA {} RTLNAME mac_muladd_8s_8s_32s_32_4_1_U4306 SOURCE mmult_accel.cpp:210 VARIABLE add_ln210_120 LOOP compute BUNDLEDNAME {} DSP 1 BRAM 0 URAM 0 DISPNAME {bind_op add}} {BINDTYPE op ID {} IMPL dsp48 LATENCY 3 OPTYPE mul PRAGMA {} RTLNAME mac_muladd_8s_8s_32s_32_4_1_U4307 SOURCE mmult_accel.cpp:210 VARIABLE mul_ln210_121 LOOP compute BUNDLEDNAME {} DSP 1 BRAM 0 URAM 0 DISPNAME {bind_op mul}} {BINDTYPE op ID {} IMPL dsp48 LATENCY 3 OPTYPE add PRAGMA {} RTLNAME mac_muladd_8s_8s_32s_32_4_1_U4307 SOURCE mmult_accel.cpp:210 VARIABLE add_ln210_121 LOOP compute BUNDLEDNAME {} DSP 1 BRAM 0 URAM 0 DISPNAME {bind_op add}} {BINDTYPE op ID {} IMPL dsp48 LATENCY 3 OPTYPE mul PRAGMA {} RTLNAME mac_muladd_8s_8s_32s_32_4_1_U4308 SOURCE mmult_accel.cpp:210 VARIABLE mul_ln210_122 LOOP compute BUNDLEDNAME {} DSP 1 BRAM 0 URAM 0 DISPNAME {bind_op mul}} {BINDTYPE op ID {} IMPL dsp48 LATENCY 3 OPTYPE add PRAGMA {} RTLNAME mac_muladd_8s_8s_32s_32_4_1_U4308 SOURCE mmult_accel.cpp:210 VARIABLE add_ln210_122 LOOP compute BUNDLEDNAME {} DSP 1 BRAM 0 URAM 0 DISPNAME {bind_op add}} {BINDTYPE op ID {} IMPL dsp48 LATENCY 3 OPTYPE mul PRAGMA {} RTLNAME mac_muladd_8s_8s_32s_32_4_1_U4309 SOURCE mmult_accel.cpp:210 VARIABLE mul_ln210_123 LOOP compute BUNDLEDNAME {} DSP 1 BRAM 0 URAM 0 DISPNAME {bind_op mul}} {BINDTYPE op ID {} IMPL dsp48 LATENCY 3 OPTYPE add PRAGMA {} RTLNAME mac_muladd_8s_8s_32s_32_4_1_U4309 SOURCE mmult_accel.cpp:210 VARIABLE add_ln210_123 LOOP compute BUNDLEDNAME {} DSP 1 BRAM 0 URAM 0 DISPNAME {bind_op add}} {BINDTYPE op ID {} IMPL dsp48 LATENCY 3 OPTYPE mul PRAGMA {} RTLNAME mac_muladd_8s_8s_32s_32_4_1_U4310 SOURCE mmult_accel.cpp:210 VARIABLE mul_ln210_124 LOOP compute BUNDLEDNAME {} DSP 1 BRAM 0 URAM 0 DISPNAME {bind_op mul}} {BINDTYPE op ID {} IMPL dsp48 LATENCY 3 OPTYPE add PRAGMA {} RTLNAME mac_muladd_8s_8s_32s_32_4_1_U4310 SOURCE mmult_accel.cpp:210 VARIABLE add_ln210_124 LOOP compute BUNDLEDNAME {} DSP 1 BRAM 0 URAM 0 DISPNAME {bind_op add}} {BINDTYPE op ID {} IMPL dsp48 LATENCY 3 OPTYPE mul PRAGMA {} RTLNAME mac_muladd_8s_8s_32s_32_4_1_U4311 SOURCE mmult_accel.cpp:210 VARIABLE mul_ln210_125 LOOP compute BUNDLEDNAME {} DSP 1 BRAM 0 URAM 0 DISPNAME {bind_op mul}} {BINDTYPE op ID {} IMPL dsp48 LATENCY 3 OPTYPE add PRAGMA {} RTLNAME mac_muladd_8s_8s_32s_32_4_1_U4311 SOURCE mmult_accel.cpp:210 VARIABLE add_ln210_125 LOOP compute BUNDLEDNAME {} DSP 1 BRAM 0 URAM 0 DISPNAME {bind_op add}} {BINDTYPE op ID {} IMPL dsp48 LATENCY 3 OPTYPE mul PRAGMA {} RTLNAME mac_muladd_8s_8s_32s_32_4_1_U4312 SOURCE mmult_accel.cpp:210 VARIABLE mul_ln210_126 LOOP compute BUNDLEDNAME {} DSP 1 BRAM 0 URAM 0 DISPNAME {bind_op mul}} {BINDTYPE op ID {} IMPL dsp48 LATENCY 3 OPTYPE add PRAGMA {} RTLNAME mac_muladd_8s_8s_32s_32_4_1_U4312 SOURCE mmult_accel.cpp:210 VARIABLE add_ln210_126 LOOP compute BUNDLEDNAME {} DSP 1 BRAM 0 URAM 0 DISPNAME {bind_op add}} {BINDTYPE op ID {} IMPL dsp48 LATENCY 3 OPTYPE mul PRAGMA {} RTLNAME mac_muladd_8s_8s_32s_32_4_1_U4313 SOURCE mmult_accel.cpp:210 VARIABLE mul_ln210_127 LOOP compute BUNDLEDNAME {} DSP 1 BRAM 0 URAM 0 DISPNAME {bind_op mul}} {BINDTYPE op ID {} IMPL dsp48 LATENCY 3 OPTYPE add PRAGMA {} RTLNAME mac_muladd_8s_8s_32s_32_4_1_U4313 SOURCE mmult_accel.cpp:210 VARIABLE add_ln210_127 LOOP compute BUNDLEDNAME {} DSP 1 BRAM 0 URAM 0 DISPNAME {bind_op add}} {BINDTYPE op ID {} IMPL dsp48 LATENCY 3 OPTYPE mul PRAGMA {} RTLNAME mac_muladd_8s_8s_32s_32_4_1_U4314 SOURCE mmult_accel.cpp:210 VARIABLE mul_ln210_128 LOOP compute BUNDLEDNAME {} DSP 1 BRAM 0 URAM 0 DISPNAME {bind_op mul}} {BINDTYPE op ID {} IMPL dsp48 LATENCY 3 OPTYPE add PRAGMA {} RTLNAME mac_muladd_8s_8s_32s_32_4_1_U4314 SOURCE mmult_accel.cpp:210 VARIABLE add_ln210_128 LOOP compute BUNDLEDNAME {} DSP 1 BRAM 0 URAM 0 DISPNAME {bind_op add}} {BINDTYPE op ID {} IMPL dsp48 LATENCY 3 OPTYPE mul PRAGMA {} RTLNAME mac_muladd_8s_8s_32s_32_4_1_U4315 SOURCE mmult_accel.cpp:210 VARIABLE mul_ln210_129 LOOP compute BUNDLEDNAME {} DSP 1 BRAM 0 URAM 0 DISPNAME {bind_op mul}} {BINDTYPE op ID {} IMPL dsp48 LATENCY 3 OPTYPE add PRAGMA {} RTLNAME mac_muladd_8s_8s_32s_32_4_1_U4315 SOURCE mmult_accel.cpp:210 VARIABLE add_ln210_129 LOOP compute BUNDLEDNAME {} DSP 1 BRAM 0 URAM 0 DISPNAME {bind_op add}} {BINDTYPE op ID {} IMPL dsp48 LATENCY 3 OPTYPE mul PRAGMA {} RTLNAME mac_muladd_8s_8s_32s_32_4_1_U4316 SOURCE mmult_accel.cpp:210 VARIABLE mul_ln210_130 LOOP compute BUNDLEDNAME {} DSP 1 BRAM 0 URAM 0 DISPNAME {bind_op mul}} {BINDTYPE op ID {} IMPL dsp48 LATENCY 3 OPTYPE add PRAGMA {} RTLNAME mac_muladd_8s_8s_32s_32_4_1_U4316 SOURCE mmult_accel.cpp:210 VARIABLE add_ln210_130 LOOP compute BUNDLEDNAME {} DSP 1 BRAM 0 URAM 0 DISPNAME {bind_op add}} {BINDTYPE op ID {} IMPL dsp48 LATENCY 3 OPTYPE mul PRAGMA {} RTLNAME mac_muladd_8s_8s_32s_32_4_1_U4317 SOURCE mmult_accel.cpp:210 VARIABLE mul_ln210_131 LOOP compute BUNDLEDNAME {} DSP 1 BRAM 0 URAM 0 DISPNAME {bind_op mul}} {BINDTYPE op ID {} IMPL dsp48 LATENCY 3 OPTYPE add PRAGMA {} RTLNAME mac_muladd_8s_8s_32s_32_4_1_U4317 SOURCE mmult_accel.cpp:210 VARIABLE add_ln210_131 LOOP compute BUNDLEDNAME {} DSP 1 BRAM 0 URAM 0 DISPNAME {bind_op add}} {BINDTYPE op ID {} IMPL dsp48 LATENCY 3 OPTYPE mul PRAGMA {} RTLNAME mac_muladd_8s_8s_32s_32_4_1_U4318 SOURCE mmult_accel.cpp:210 VARIABLE mul_ln210_132 LOOP compute BUNDLEDNAME {} DSP 1 BRAM 0 URAM 0 DISPNAME {bind_op mul}} {BINDTYPE op ID {} IMPL dsp48 LATENCY 3 OPTYPE add PRAGMA {} RTLNAME mac_muladd_8s_8s_32s_32_4_1_U4318 SOURCE mmult_accel.cpp:210 VARIABLE add_ln210_132 LOOP compute BUNDLEDNAME {} DSP 1 BRAM 0 URAM 0 DISPNAME {bind_op add}} {BINDTYPE op ID {} IMPL dsp48 LATENCY 3 OPTYPE mul PRAGMA {} RTLNAME mac_muladd_8s_8s_32s_32_4_1_U4319 SOURCE mmult_accel.cpp:210 VARIABLE mul_ln210_133 LOOP compute BUNDLEDNAME {} DSP 1 BRAM 0 URAM 0 DISPNAME {bind_op mul}} {BINDTYPE op ID {} IMPL dsp48 LATENCY 3 OPTYPE add PRAGMA {} RTLNAME mac_muladd_8s_8s_32s_32_4_1_U4319 SOURCE mmult_accel.cpp:210 VARIABLE add_ln210_133 LOOP compute BUNDLEDNAME {} DSP 1 BRAM 0 URAM 0 DISPNAME {bind_op add}} {BINDTYPE op ID {} IMPL dsp48 LATENCY 3 OPTYPE mul PRAGMA {} RTLNAME mac_muladd_8s_8s_32s_32_4_1_U4320 SOURCE mmult_accel.cpp:210 VARIABLE mul_ln210_134 LOOP compute BUNDLEDNAME {} DSP 1 BRAM 0 URAM 0 DISPNAME {bind_op mul}} {BINDTYPE op ID {} IMPL dsp48 LATENCY 3 OPTYPE add PRAGMA {} RTLNAME mac_muladd_8s_8s_32s_32_4_1_U4320 SOURCE mmult_accel.cpp:210 VARIABLE add_ln210_134 LOOP compute BUNDLEDNAME {} DSP 1 BRAM 0 URAM 0 DISPNAME {bind_op add}} {BINDTYPE op ID {} IMPL dsp48 LATENCY 3 OPTYPE mul PRAGMA {} RTLNAME mac_muladd_8s_8s_32s_32_4_1_U4321 SOURCE mmult_accel.cpp:210 VARIABLE mul_ln210_135 LOOP compute BUNDLEDNAME {} DSP 1 BRAM 0 URAM 0 DISPNAME {bind_op mul}} {BINDTYPE op ID {} IMPL dsp48 LATENCY 3 OPTYPE add PRAGMA {} RTLNAME mac_muladd_8s_8s_32s_32_4_1_U4321 SOURCE mmult_accel.cpp:210 VARIABLE add_ln210_135 LOOP compute BUNDLEDNAME {} DSP 1 BRAM 0 URAM 0 DISPNAME {bind_op add}} {BINDTYPE op ID {} IMPL dsp48 LATENCY 3 OPTYPE mul PRAGMA {} RTLNAME mac_muladd_8s_8s_32s_32_4_1_U4322 SOURCE mmult_accel.cpp:210 VARIABLE mul_ln210_136 LOOP compute BUNDLEDNAME {} DSP 1 BRAM 0 URAM 0 DISPNAME {bind_op mul}} {BINDTYPE op ID {} IMPL dsp48 LATENCY 3 OPTYPE add PRAGMA {} RTLNAME mac_muladd_8s_8s_32s_32_4_1_U4322 SOURCE mmult_accel.cpp:210 VARIABLE add_ln210_136 LOOP compute BUNDLEDNAME {} DSP 1 BRAM 0 URAM 0 DISPNAME {bind_op add}} {BINDTYPE op ID {} IMPL dsp48 LATENCY 3 OPTYPE mul PRAGMA {} RTLNAME mac_muladd_8s_8s_32s_32_4_1_U4323 SOURCE mmult_accel.cpp:210 VARIABLE mul_ln210_137 LOOP compute BUNDLEDNAME {} DSP 1 BRAM 0 URAM 0 DISPNAME {bind_op mul}} {BINDTYPE op ID {} IMPL dsp48 LATENCY 3 OPTYPE add PRAGMA {} RTLNAME mac_muladd_8s_8s_32s_32_4_1_U4323 SOURCE mmult_accel.cpp:210 VARIABLE add_ln210_137 LOOP compute BUNDLEDNAME {} DSP 1 BRAM 0 URAM 0 DISPNAME {bind_op add}} {BINDTYPE op ID {} IMPL dsp48 LATENCY 3 OPTYPE mul PRAGMA {} RTLNAME mac_muladd_8s_8s_32s_32_4_1_U4324 SOURCE mmult_accel.cpp:210 VARIABLE mul_ln210_138 LOOP compute BUNDLEDNAME {} DSP 1 BRAM 0 URAM 0 DISPNAME {bind_op mul}} {BINDTYPE op ID {} IMPL dsp48 LATENCY 3 OPTYPE add PRAGMA {} RTLNAME mac_muladd_8s_8s_32s_32_4_1_U4324 SOURCE mmult_accel.cpp:210 VARIABLE add_ln210_138 LOOP compute BUNDLEDNAME {} DSP 1 BRAM 0 URAM 0 DISPNAME {bind_op add}} {BINDTYPE op ID {} IMPL dsp48 LATENCY 3 OPTYPE mul PRAGMA {} RTLNAME mac_muladd_8s_8s_32s_32_4_1_U4325 SOURCE mmult_accel.cpp:210 VARIABLE mul_ln210_139 LOOP compute BUNDLEDNAME {} DSP 1 BRAM 0 URAM 0 DISPNAME {bind_op mul}} {BINDTYPE op ID {} IMPL dsp48 LATENCY 3 OPTYPE add PRAGMA {} RTLNAME mac_muladd_8s_8s_32s_32_4_1_U4325 SOURCE mmult_accel.cpp:210 VARIABLE add_ln210_139 LOOP compute BUNDLEDNAME {} DSP 1 BRAM 0 URAM 0 DISPNAME {bind_op add}} {BINDTYPE op ID {} IMPL dsp48 LATENCY 3 OPTYPE mul PRAGMA {} RTLNAME mac_muladd_8s_8s_32s_32_4_1_U4326 SOURCE mmult_accel.cpp:210 VARIABLE mul_ln210_140 LOOP compute BUNDLEDNAME {} DSP 1 BRAM 0 URAM 0 DISPNAME {bind_op mul}} {BINDTYPE op ID {} IMPL dsp48 LATENCY 3 OPTYPE add PRAGMA {} RTLNAME mac_muladd_8s_8s_32s_32_4_1_U4326 SOURCE mmult_accel.cpp:210 VARIABLE add_ln210_140 LOOP compute BUNDLEDNAME {} DSP 1 BRAM 0 URAM 0 DISPNAME {bind_op add}} {BINDTYPE op ID {} IMPL dsp48 LATENCY 3 OPTYPE mul PRAGMA {} RTLNAME mac_muladd_8s_8s_32s_32_4_1_U4327 SOURCE mmult_accel.cpp:210 VARIABLE mul_ln210_141 LOOP compute BUNDLEDNAME {} DSP 1 BRAM 0 URAM 0 DISPNAME {bind_op mul}} {BINDTYPE op ID {} IMPL dsp48 LATENCY 3 OPTYPE add PRAGMA {} RTLNAME mac_muladd_8s_8s_32s_32_4_1_U4327 SOURCE mmult_accel.cpp:210 VARIABLE add_ln210_141 LOOP compute BUNDLEDNAME {} DSP 1 BRAM 0 URAM 0 DISPNAME {bind_op add}} {BINDTYPE op ID {} IMPL dsp48 LATENCY 3 OPTYPE mul PRAGMA {} RTLNAME mac_muladd_8s_8s_32s_32_4_1_U4328 SOURCE mmult_accel.cpp:210 VARIABLE mul_ln210_142 LOOP compute BUNDLEDNAME {} DSP 1 BRAM 0 URAM 0 DISPNAME {bind_op mul}} {BINDTYPE op ID {} IMPL dsp48 LATENCY 3 OPTYPE add PRAGMA {} RTLNAME mac_muladd_8s_8s_32s_32_4_1_U4328 SOURCE mmult_accel.cpp:210 VARIABLE add_ln210_142 LOOP compute BUNDLEDNAME {} DSP 1 BRAM 0 URAM 0 DISPNAME {bind_op add}} {BINDTYPE op ID {} IMPL dsp48 LATENCY 3 OPTYPE mul PRAGMA {} RTLNAME mac_muladd_8s_8s_32s_32_4_1_U4329 SOURCE mmult_accel.cpp:210 VARIABLE mul_ln210_143 LOOP compute BUNDLEDNAME {} DSP 1 BRAM 0 URAM 0 DISPNAME {bind_op mul}} {BINDTYPE op ID {} IMPL dsp48 LATENCY 3 OPTYPE add PRAGMA {} RTLNAME mac_muladd_8s_8s_32s_32_4_1_U4329 SOURCE mmult_accel.cpp:210 VARIABLE add_ln210_143 LOOP compute BUNDLEDNAME {} DSP 1 BRAM 0 URAM 0 DISPNAME {bind_op add}} {BINDTYPE op ID {} IMPL dsp48 LATENCY 3 OPTYPE mul PRAGMA {} RTLNAME mac_muladd_8s_8s_32s_32_4_1_U4330 SOURCE mmult_accel.cpp:210 VARIABLE mul_ln210_144 LOOP compute BUNDLEDNAME {} DSP 1 BRAM 0 URAM 0 DISPNAME {bind_op mul}} {BINDTYPE op ID {} IMPL dsp48 LATENCY 3 OPTYPE add PRAGMA {} RTLNAME mac_muladd_8s_8s_32s_32_4_1_U4330 SOURCE mmult_accel.cpp:210 VARIABLE add_ln210_144 LOOP compute BUNDLEDNAME {} DSP 1 BRAM 0 URAM 0 DISPNAME {bind_op add}} {BINDTYPE op ID {} IMPL dsp48 LATENCY 3 OPTYPE mul PRAGMA {} RTLNAME mac_muladd_8s_8s_32s_32_4_1_U4331 SOURCE mmult_accel.cpp:210 VARIABLE mul_ln210_145 LOOP compute BUNDLEDNAME {} DSP 1 BRAM 0 URAM 0 DISPNAME {bind_op mul}} {BINDTYPE op ID {} IMPL dsp48 LATENCY 3 OPTYPE add PRAGMA {} RTLNAME mac_muladd_8s_8s_32s_32_4_1_U4331 SOURCE mmult_accel.cpp:210 VARIABLE add_ln210_145 LOOP compute BUNDLEDNAME {} DSP 1 BRAM 0 URAM 0 DISPNAME {bind_op add}} {BINDTYPE op ID {} IMPL dsp48 LATENCY 3 OPTYPE mul PRAGMA {} RTLNAME mac_muladd_8s_8s_32s_32_4_1_U4332 SOURCE mmult_accel.cpp:210 VARIABLE mul_ln210_146 LOOP compute BUNDLEDNAME {} DSP 1 BRAM 0 URAM 0 DISPNAME {bind_op mul}} {BINDTYPE op ID {} IMPL dsp48 LATENCY 3 OPTYPE add PRAGMA {} RTLNAME mac_muladd_8s_8s_32s_32_4_1_U4332 SOURCE mmult_accel.cpp:210 VARIABLE add_ln210_146 LOOP compute BUNDLEDNAME {} DSP 1 BRAM 0 URAM 0 DISPNAME {bind_op add}} {BINDTYPE op ID {} IMPL dsp48 LATENCY 3 OPTYPE mul PRAGMA {} RTLNAME mac_muladd_8s_8s_32s_32_4_1_U4333 SOURCE mmult_accel.cpp:210 VARIABLE mul_ln210_147 LOOP compute BUNDLEDNAME {} DSP 1 BRAM 0 URAM 0 DISPNAME {bind_op mul}} {BINDTYPE op ID {} IMPL dsp48 LATENCY 3 OPTYPE add PRAGMA {} RTLNAME mac_muladd_8s_8s_32s_32_4_1_U4333 SOURCE mmult_accel.cpp:210 VARIABLE add_ln210_147 LOOP compute BUNDLEDNAME {} DSP 1 BRAM 0 URAM 0 DISPNAME {bind_op add}} {BINDTYPE op ID {} IMPL dsp48 LATENCY 3 OPTYPE mul PRAGMA {} RTLNAME mac_muladd_8s_8s_32s_32_4_1_U4334 SOURCE mmult_accel.cpp:210 VARIABLE mul_ln210_148 LOOP compute BUNDLEDNAME {} DSP 1 BRAM 0 URAM 0 DISPNAME {bind_op mul}} {BINDTYPE op ID {} IMPL dsp48 LATENCY 3 OPTYPE add PRAGMA {} RTLNAME mac_muladd_8s_8s_32s_32_4_1_U4334 SOURCE mmult_accel.cpp:210 VARIABLE add_ln210_148 LOOP compute BUNDLEDNAME {} DSP 1 BRAM 0 URAM 0 DISPNAME {bind_op add}} {BINDTYPE op ID {} IMPL dsp48 LATENCY 3 OPTYPE mul PRAGMA {} RTLNAME mac_muladd_8s_8s_32s_32_4_1_U4335 SOURCE mmult_accel.cpp:210 VARIABLE mul_ln210_149 LOOP compute BUNDLEDNAME {} DSP 1 BRAM 0 URAM 0 DISPNAME {bind_op mul}} {BINDTYPE op ID {} IMPL dsp48 LATENCY 3 OPTYPE add PRAGMA {} RTLNAME mac_muladd_8s_8s_32s_32_4_1_U4335 SOURCE mmult_accel.cpp:210 VARIABLE add_ln210_149 LOOP compute BUNDLEDNAME {} DSP 1 BRAM 0 URAM 0 DISPNAME {bind_op add}} {BINDTYPE op ID {} IMPL dsp48 LATENCY 3 OPTYPE mul PRAGMA {} RTLNAME mac_muladd_8s_8s_32s_32_4_1_U4336 SOURCE mmult_accel.cpp:210 VARIABLE mul_ln210_150 LOOP compute BUNDLEDNAME {} DSP 1 BRAM 0 URAM 0 DISPNAME {bind_op mul}} {BINDTYPE op ID {} IMPL dsp48 LATENCY 3 OPTYPE add PRAGMA {} RTLNAME mac_muladd_8s_8s_32s_32_4_1_U4336 SOURCE mmult_accel.cpp:210 VARIABLE add_ln210_150 LOOP compute BUNDLEDNAME {} DSP 1 BRAM 0 URAM 0 DISPNAME {bind_op add}} {BINDTYPE op ID {} IMPL dsp48 LATENCY 3 OPTYPE mul PRAGMA {} RTLNAME mac_muladd_8s_8s_32s_32_4_1_U4337 SOURCE mmult_accel.cpp:210 VARIABLE mul_ln210_151 LOOP compute BUNDLEDNAME {} DSP 1 BRAM 0 URAM 0 DISPNAME {bind_op mul}} {BINDTYPE op ID {} IMPL dsp48 LATENCY 3 OPTYPE add PRAGMA {} RTLNAME mac_muladd_8s_8s_32s_32_4_1_U4337 SOURCE mmult_accel.cpp:210 VARIABLE add_ln210_151 LOOP compute BUNDLEDNAME {} DSP 1 BRAM 0 URAM 0 DISPNAME {bind_op add}} {BINDTYPE op ID {} IMPL dsp48 LATENCY 3 OPTYPE mul PRAGMA {} RTLNAME mac_muladd_8s_8s_32s_32_4_1_U4338 SOURCE mmult_accel.cpp:210 VARIABLE mul_ln210_152 LOOP compute BUNDLEDNAME {} DSP 1 BRAM 0 URAM 0 DISPNAME {bind_op mul}} {BINDTYPE op ID {} IMPL dsp48 LATENCY 3 OPTYPE add PRAGMA {} RTLNAME mac_muladd_8s_8s_32s_32_4_1_U4338 SOURCE mmult_accel.cpp:210 VARIABLE add_ln210_152 LOOP compute BUNDLEDNAME {} DSP 1 BRAM 0 URAM 0 DISPNAME {bind_op add}} {BINDTYPE op ID {} IMPL dsp48 LATENCY 3 OPTYPE mul PRAGMA {} RTLNAME mac_muladd_8s_8s_32s_32_4_1_U4339 SOURCE mmult_accel.cpp:210 VARIABLE mul_ln210_153 LOOP compute BUNDLEDNAME {} DSP 1 BRAM 0 URAM 0 DISPNAME {bind_op mul}} {BINDTYPE op ID {} IMPL dsp48 LATENCY 3 OPTYPE add PRAGMA {} RTLNAME mac_muladd_8s_8s_32s_32_4_1_U4339 SOURCE mmult_accel.cpp:210 VARIABLE add_ln210_153 LOOP compute BUNDLEDNAME {} DSP 1 BRAM 0 URAM 0 DISPNAME {bind_op add}} {BINDTYPE op ID {} IMPL dsp48 LATENCY 3 OPTYPE mul PRAGMA {} RTLNAME mac_muladd_8s_8s_32s_32_4_1_U4340 SOURCE mmult_accel.cpp:210 VARIABLE mul_ln210_154 LOOP compute BUNDLEDNAME {} DSP 1 BRAM 0 URAM 0 DISPNAME {bind_op mul}} {BINDTYPE op ID {} IMPL dsp48 LATENCY 3 OPTYPE add PRAGMA {} RTLNAME mac_muladd_8s_8s_32s_32_4_1_U4340 SOURCE mmult_accel.cpp:210 VARIABLE add_ln210_154 LOOP compute BUNDLEDNAME {} DSP 1 BRAM 0 URAM 0 DISPNAME {bind_op add}} {BINDTYPE op ID {} IMPL dsp48 LATENCY 3 OPTYPE mul PRAGMA {} RTLNAME mac_muladd_8s_8s_32s_32_4_1_U4341 SOURCE mmult_accel.cpp:210 VARIABLE mul_ln210_155 LOOP compute BUNDLEDNAME {} DSP 1 BRAM 0 URAM 0 DISPNAME {bind_op mul}} {BINDTYPE op ID {} IMPL dsp48 LATENCY 3 OPTYPE add PRAGMA {} RTLNAME mac_muladd_8s_8s_32s_32_4_1_U4341 SOURCE mmult_accel.cpp:210 VARIABLE add_ln210_155 LOOP compute BUNDLEDNAME {} DSP 1 BRAM 0 URAM 0 DISPNAME {bind_op add}} {BINDTYPE op ID {} IMPL dsp48 LATENCY 3 OPTYPE mul PRAGMA {} RTLNAME mac_muladd_8s_8s_32s_32_4_1_U4342 SOURCE mmult_accel.cpp:210 VARIABLE mul_ln210_156 LOOP compute BUNDLEDNAME {} DSP 1 BRAM 0 URAM 0 DISPNAME {bind_op mul}} {BINDTYPE op ID {} IMPL dsp48 LATENCY 3 OPTYPE add PRAGMA {} RTLNAME mac_muladd_8s_8s_32s_32_4_1_U4342 SOURCE mmult_accel.cpp:210 VARIABLE add_ln210_156 LOOP compute BUNDLEDNAME {} DSP 1 BRAM 0 URAM 0 DISPNAME {bind_op add}} {BINDTYPE op ID {} IMPL dsp48 LATENCY 3 OPTYPE mul PRAGMA {} RTLNAME mac_muladd_8s_8s_32s_32_4_1_U4343 SOURCE mmult_accel.cpp:210 VARIABLE mul_ln210_157 LOOP compute BUNDLEDNAME {} DSP 1 BRAM 0 URAM 0 DISPNAME {bind_op mul}} {BINDTYPE op ID {} IMPL dsp48 LATENCY 3 OPTYPE add PRAGMA {} RTLNAME mac_muladd_8s_8s_32s_32_4_1_U4343 SOURCE mmult_accel.cpp:210 VARIABLE add_ln210_157 LOOP compute BUNDLEDNAME {} DSP 1 BRAM 0 URAM 0 DISPNAME {bind_op add}} {BINDTYPE op ID {} IMPL dsp48 LATENCY 3 OPTYPE mul PRAGMA {} RTLNAME mac_muladd_8s_8s_32s_32_4_1_U4344 SOURCE mmult_accel.cpp:210 VARIABLE mul_ln210_158 LOOP compute BUNDLEDNAME {} DSP 1 BRAM 0 URAM 0 DISPNAME {bind_op mul}} {BINDTYPE op ID {} IMPL dsp48 LATENCY 3 OPTYPE add PRAGMA {} RTLNAME mac_muladd_8s_8s_32s_32_4_1_U4344 SOURCE mmult_accel.cpp:210 VARIABLE add_ln210_158 LOOP compute BUNDLEDNAME {} DSP 1 BRAM 0 URAM 0 DISPNAME {bind_op add}} {BINDTYPE op ID {} IMPL dsp48 LATENCY 3 OPTYPE mul PRAGMA {} RTLNAME mac_muladd_8s_8s_32s_32_4_1_U4345 SOURCE mmult_accel.cpp:210 VARIABLE mul_ln210_159 LOOP compute BUNDLEDNAME {} DSP 1 BRAM 0 URAM 0 DISPNAME {bind_op mul}} {BINDTYPE op ID {} IMPL dsp48 LATENCY 3 OPTYPE add PRAGMA {} RTLNAME mac_muladd_8s_8s_32s_32_4_1_U4345 SOURCE mmult_accel.cpp:210 VARIABLE add_ln210_159 LOOP compute BUNDLEDNAME {} DSP 1 BRAM 0 URAM 0 DISPNAME {bind_op add}} {BINDTYPE op ID {} IMPL dsp48 LATENCY 3 OPTYPE mul PRAGMA {} RTLNAME mac_muladd_8s_8s_32s_32_4_1_U4346 SOURCE mmult_accel.cpp:210 VARIABLE mul_ln210_160 LOOP compute BUNDLEDNAME {} DSP 1 BRAM 0 URAM 0 DISPNAME {bind_op mul}} {BINDTYPE op ID {} IMPL dsp48 LATENCY 3 OPTYPE add PRAGMA {} RTLNAME mac_muladd_8s_8s_32s_32_4_1_U4346 SOURCE mmult_accel.cpp:210 VARIABLE add_ln210_160 LOOP compute BUNDLEDNAME {} DSP 1 BRAM 0 URAM 0 DISPNAME {bind_op add}} {BINDTYPE op ID {} IMPL dsp48 LATENCY 3 OPTYPE mul PRAGMA {} RTLNAME mac_muladd_8s_8s_32s_32_4_1_U4347 SOURCE mmult_accel.cpp:210 VARIABLE mul_ln210_161 LOOP compute BUNDLEDNAME {} DSP 1 BRAM 0 URAM 0 DISPNAME {bind_op mul}} {BINDTYPE op ID {} IMPL dsp48 LATENCY 3 OPTYPE add PRAGMA {} RTLNAME mac_muladd_8s_8s_32s_32_4_1_U4347 SOURCE mmult_accel.cpp:210 VARIABLE add_ln210_161 LOOP compute BUNDLEDNAME {} DSP 1 BRAM 0 URAM 0 DISPNAME {bind_op add}} {BINDTYPE op ID {} IMPL dsp48 LATENCY 3 OPTYPE mul PRAGMA {} RTLNAME mac_muladd_8s_8s_32s_32_4_1_U4348 SOURCE mmult_accel.cpp:210 VARIABLE mul_ln210_162 LOOP compute BUNDLEDNAME {} DSP 1 BRAM 0 URAM 0 DISPNAME {bind_op mul}} {BINDTYPE op ID {} IMPL dsp48 LATENCY 3 OPTYPE add PRAGMA {} RTLNAME mac_muladd_8s_8s_32s_32_4_1_U4348 SOURCE mmult_accel.cpp:210 VARIABLE add_ln210_162 LOOP compute BUNDLEDNAME {} DSP 1 BRAM 0 URAM 0 DISPNAME {bind_op add}} {BINDTYPE op ID {} IMPL dsp48 LATENCY 3 OPTYPE mul PRAGMA {} RTLNAME mac_muladd_8s_8s_32s_32_4_1_U4349 SOURCE mmult_accel.cpp:210 VARIABLE mul_ln210_163 LOOP compute BUNDLEDNAME {} DSP 1 BRAM 0 URAM 0 DISPNAME {bind_op mul}} {BINDTYPE op ID {} IMPL dsp48 LATENCY 3 OPTYPE add PRAGMA {} RTLNAME mac_muladd_8s_8s_32s_32_4_1_U4349 SOURCE mmult_accel.cpp:210 VARIABLE add_ln210_163 LOOP compute BUNDLEDNAME {} DSP 1 BRAM 0 URAM 0 DISPNAME {bind_op add}} {BINDTYPE op ID {} IMPL dsp48 LATENCY 3 OPTYPE mul PRAGMA {} RTLNAME mac_muladd_8s_8s_32s_32_4_1_U4350 SOURCE mmult_accel.cpp:210 VARIABLE mul_ln210_164 LOOP compute BUNDLEDNAME {} DSP 1 BRAM 0 URAM 0 DISPNAME {bind_op mul}} {BINDTYPE op ID {} IMPL dsp48 LATENCY 3 OPTYPE add PRAGMA {} RTLNAME mac_muladd_8s_8s_32s_32_4_1_U4350 SOURCE mmult_accel.cpp:210 VARIABLE add_ln210_164 LOOP compute BUNDLEDNAME {} DSP 1 BRAM 0 URAM 0 DISPNAME {bind_op add}} {BINDTYPE op ID {} IMPL dsp48 LATENCY 3 OPTYPE mul PRAGMA {} RTLNAME mac_muladd_8s_8s_32s_32_4_1_U4351 SOURCE mmult_accel.cpp:210 VARIABLE mul_ln210_165 LOOP compute BUNDLEDNAME {} DSP 1 BRAM 0 URAM 0 DISPNAME {bind_op mul}} {BINDTYPE op ID {} IMPL dsp48 LATENCY 3 OPTYPE add PRAGMA {} RTLNAME mac_muladd_8s_8s_32s_32_4_1_U4351 SOURCE mmult_accel.cpp:210 VARIABLE add_ln210_165 LOOP compute BUNDLEDNAME {} DSP 1 BRAM 0 URAM 0 DISPNAME {bind_op add}} {BINDTYPE op ID {} IMPL dsp48 LATENCY 3 OPTYPE mul PRAGMA {} RTLNAME mac_muladd_8s_8s_32s_32_4_1_U4352 SOURCE mmult_accel.cpp:210 VARIABLE mul_ln210_166 LOOP compute BUNDLEDNAME {} DSP 1 BRAM 0 URAM 0 DISPNAME {bind_op mul}} {BINDTYPE op ID {} IMPL dsp48 LATENCY 3 OPTYPE add PRAGMA {} RTLNAME mac_muladd_8s_8s_32s_32_4_1_U4352 SOURCE mmult_accel.cpp:210 VARIABLE add_ln210_166 LOOP compute BUNDLEDNAME {} DSP 1 BRAM 0 URAM 0 DISPNAME {bind_op add}} {BINDTYPE op ID {} IMPL dsp48 LATENCY 3 OPTYPE mul PRAGMA {} RTLNAME mac_muladd_8s_8s_32s_32_4_1_U4353 SOURCE mmult_accel.cpp:210 VARIABLE mul_ln210_167 LOOP compute BUNDLEDNAME {} DSP 1 BRAM 0 URAM 0 DISPNAME {bind_op mul}} {BINDTYPE op ID {} IMPL dsp48 LATENCY 3 OPTYPE add PRAGMA {} RTLNAME mac_muladd_8s_8s_32s_32_4_1_U4353 SOURCE mmult_accel.cpp:210 VARIABLE add_ln210_167 LOOP compute BUNDLEDNAME {} DSP 1 BRAM 0 URAM 0 DISPNAME {bind_op add}} {BINDTYPE op ID {} IMPL dsp48 LATENCY 3 OPTYPE mul PRAGMA {} RTLNAME mac_muladd_8s_8s_32s_32_4_1_U4354 SOURCE mmult_accel.cpp:210 VARIABLE mul_ln210_168 LOOP compute BUNDLEDNAME {} DSP 1 BRAM 0 URAM 0 DISPNAME {bind_op mul}} {BINDTYPE op ID {} IMPL dsp48 LATENCY 3 OPTYPE add PRAGMA {} RTLNAME mac_muladd_8s_8s_32s_32_4_1_U4354 SOURCE mmult_accel.cpp:210 VARIABLE add_ln210_168 LOOP compute BUNDLEDNAME {} DSP 1 BRAM 0 URAM 0 DISPNAME {bind_op add}} {BINDTYPE op ID {} IMPL dsp48 LATENCY 3 OPTYPE mul PRAGMA {} RTLNAME mac_muladd_8s_8s_32s_32_4_1_U4355 SOURCE mmult_accel.cpp:210 VARIABLE mul_ln210_169 LOOP compute BUNDLEDNAME {} DSP 1 BRAM 0 URAM 0 DISPNAME {bind_op mul}} {BINDTYPE op ID {} IMPL dsp48 LATENCY 3 OPTYPE add PRAGMA {} RTLNAME mac_muladd_8s_8s_32s_32_4_1_U4355 SOURCE mmult_accel.cpp:210 VARIABLE add_ln210_169 LOOP compute BUNDLEDNAME {} DSP 1 BRAM 0 URAM 0 DISPNAME {bind_op add}} {BINDTYPE op ID {} IMPL dsp48 LATENCY 3 OPTYPE mul PRAGMA {} RTLNAME mac_muladd_8s_8s_32s_32_4_1_U4356 SOURCE mmult_accel.cpp:210 VARIABLE mul_ln210_170 LOOP compute BUNDLEDNAME {} DSP 1 BRAM 0 URAM 0 DISPNAME {bind_op mul}} {BINDTYPE op ID {} IMPL dsp48 LATENCY 3 OPTYPE add PRAGMA {} RTLNAME mac_muladd_8s_8s_32s_32_4_1_U4356 SOURCE mmult_accel.cpp:210 VARIABLE add_ln210_170 LOOP compute BUNDLEDNAME {} DSP 1 BRAM 0 URAM 0 DISPNAME {bind_op add}} {BINDTYPE op ID {} IMPL dsp48 LATENCY 3 OPTYPE mul PRAGMA {} RTLNAME mac_muladd_8s_8s_32s_32_4_1_U4357 SOURCE mmult_accel.cpp:210 VARIABLE mul_ln210_171 LOOP compute BUNDLEDNAME {} DSP 1 BRAM 0 URAM 0 DISPNAME {bind_op mul}} {BINDTYPE op ID {} IMPL dsp48 LATENCY 3 OPTYPE add PRAGMA {} RTLNAME mac_muladd_8s_8s_32s_32_4_1_U4357 SOURCE mmult_accel.cpp:210 VARIABLE add_ln210_171 LOOP compute BUNDLEDNAME {} DSP 1 BRAM 0 URAM 0 DISPNAME {bind_op add}} {BINDTYPE op ID {} IMPL dsp48 LATENCY 3 OPTYPE mul PRAGMA {} RTLNAME mac_muladd_8s_8s_32s_32_4_1_U4358 SOURCE mmult_accel.cpp:210 VARIABLE mul_ln210_172 LOOP compute BUNDLEDNAME {} DSP 1 BRAM 0 URAM 0 DISPNAME {bind_op mul}} {BINDTYPE op ID {} IMPL dsp48 LATENCY 3 OPTYPE add PRAGMA {} RTLNAME mac_muladd_8s_8s_32s_32_4_1_U4358 SOURCE mmult_accel.cpp:210 VARIABLE add_ln210_172 LOOP compute BUNDLEDNAME {} DSP 1 BRAM 0 URAM 0 DISPNAME {bind_op add}} {BINDTYPE op ID {} IMPL dsp48 LATENCY 3 OPTYPE mul PRAGMA {} RTLNAME mac_muladd_8s_8s_32s_32_4_1_U4359 SOURCE mmult_accel.cpp:210 VARIABLE mul_ln210_173 LOOP compute BUNDLEDNAME {} DSP 1 BRAM 0 URAM 0 DISPNAME {bind_op mul}} {BINDTYPE op ID {} IMPL dsp48 LATENCY 3 OPTYPE add PRAGMA {} RTLNAME mac_muladd_8s_8s_32s_32_4_1_U4359 SOURCE mmult_accel.cpp:210 VARIABLE add_ln210_173 LOOP compute BUNDLEDNAME {} DSP 1 BRAM 0 URAM 0 DISPNAME {bind_op add}} {BINDTYPE op ID {} IMPL dsp48 LATENCY 3 OPTYPE mul PRAGMA {} RTLNAME mac_muladd_8s_8s_32s_32_4_1_U4360 SOURCE mmult_accel.cpp:210 VARIABLE mul_ln210_174 LOOP compute BUNDLEDNAME {} DSP 1 BRAM 0 URAM 0 DISPNAME {bind_op mul}} {BINDTYPE op ID {} IMPL dsp48 LATENCY 3 OPTYPE add PRAGMA {} RTLNAME mac_muladd_8s_8s_32s_32_4_1_U4360 SOURCE mmult_accel.cpp:210 VARIABLE add_ln210_174 LOOP compute BUNDLEDNAME {} DSP 1 BRAM 0 URAM 0 DISPNAME {bind_op add}} {BINDTYPE op ID {} IMPL dsp48 LATENCY 3 OPTYPE mul PRAGMA {} RTLNAME mac_muladd_8s_8s_32s_32_4_1_U4361 SOURCE mmult_accel.cpp:210 VARIABLE mul_ln210_175 LOOP compute BUNDLEDNAME {} DSP 1 BRAM 0 URAM 0 DISPNAME {bind_op mul}} {BINDTYPE op ID {} IMPL dsp48 LATENCY 3 OPTYPE add PRAGMA {} RTLNAME mac_muladd_8s_8s_32s_32_4_1_U4361 SOURCE mmult_accel.cpp:210 VARIABLE add_ln210_175 LOOP compute BUNDLEDNAME {} DSP 1 BRAM 0 URAM 0 DISPNAME {bind_op add}} {BINDTYPE op ID {} IMPL dsp48 LATENCY 3 OPTYPE mul PRAGMA {} RTLNAME mac_muladd_8s_8s_32s_32_4_1_U4362 SOURCE mmult_accel.cpp:210 VARIABLE mul_ln210_176 LOOP compute BUNDLEDNAME {} DSP 1 BRAM 0 URAM 0 DISPNAME {bind_op mul}} {BINDTYPE op ID {} IMPL dsp48 LATENCY 3 OPTYPE add PRAGMA {} RTLNAME mac_muladd_8s_8s_32s_32_4_1_U4362 SOURCE mmult_accel.cpp:210 VARIABLE add_ln210_176 LOOP compute BUNDLEDNAME {} DSP 1 BRAM 0 URAM 0 DISPNAME {bind_op add}} {BINDTYPE op ID {} IMPL dsp48 LATENCY 3 OPTYPE mul PRAGMA {} RTLNAME mac_muladd_8s_8s_32s_32_4_1_U4363 SOURCE mmult_accel.cpp:210 VARIABLE mul_ln210_177 LOOP compute BUNDLEDNAME {} DSP 1 BRAM 0 URAM 0 DISPNAME {bind_op mul}} {BINDTYPE op ID {} IMPL dsp48 LATENCY 3 OPTYPE add PRAGMA {} RTLNAME mac_muladd_8s_8s_32s_32_4_1_U4363 SOURCE mmult_accel.cpp:210 VARIABLE add_ln210_177 LOOP compute BUNDLEDNAME {} DSP 1 BRAM 0 URAM 0 DISPNAME {bind_op add}} {BINDTYPE op ID {} IMPL dsp48 LATENCY 3 OPTYPE mul PRAGMA {} RTLNAME mac_muladd_8s_8s_32s_32_4_1_U4364 SOURCE mmult_accel.cpp:210 VARIABLE mul_ln210_178 LOOP compute BUNDLEDNAME {} DSP 1 BRAM 0 URAM 0 DISPNAME {bind_op mul}} {BINDTYPE op ID {} IMPL dsp48 LATENCY 3 OPTYPE add PRAGMA {} RTLNAME mac_muladd_8s_8s_32s_32_4_1_U4364 SOURCE mmult_accel.cpp:210 VARIABLE add_ln210_178 LOOP compute BUNDLEDNAME {} DSP 1 BRAM 0 URAM 0 DISPNAME {bind_op add}} {BINDTYPE op ID {} IMPL dsp48 LATENCY 3 OPTYPE mul PRAGMA {} RTLNAME mac_muladd_8s_8s_32s_32_4_1_U4365 SOURCE mmult_accel.cpp:210 VARIABLE mul_ln210_179 LOOP compute BUNDLEDNAME {} DSP 1 BRAM 0 URAM 0 DISPNAME {bind_op mul}} {BINDTYPE op ID {} IMPL dsp48 LATENCY 3 OPTYPE add PRAGMA {} RTLNAME mac_muladd_8s_8s_32s_32_4_1_U4365 SOURCE mmult_accel.cpp:210 VARIABLE add_ln210_179 LOOP compute BUNDLEDNAME {} DSP 1 BRAM 0 URAM 0 DISPNAME {bind_op add}} {BINDTYPE op ID {} IMPL dsp48 LATENCY 3 OPTYPE mul PRAGMA {} RTLNAME mac_muladd_8s_8s_32s_32_4_1_U4366 SOURCE mmult_accel.cpp:210 VARIABLE mul_ln210_180 LOOP compute BUNDLEDNAME {} DSP 1 BRAM 0 URAM 0 DISPNAME {bind_op mul}} {BINDTYPE op ID {} IMPL dsp48 LATENCY 3 OPTYPE add PRAGMA {} RTLNAME mac_muladd_8s_8s_32s_32_4_1_U4366 SOURCE mmult_accel.cpp:210 VARIABLE add_ln210_180 LOOP compute BUNDLEDNAME {} DSP 1 BRAM 0 URAM 0 DISPNAME {bind_op add}} {BINDTYPE op ID {} IMPL dsp48 LATENCY 3 OPTYPE mul PRAGMA {} RTLNAME mac_muladd_8s_8s_32s_32_4_1_U4367 SOURCE mmult_accel.cpp:210 VARIABLE mul_ln210_181 LOOP compute BUNDLEDNAME {} DSP 1 BRAM 0 URAM 0 DISPNAME {bind_op mul}} {BINDTYPE op ID {} IMPL dsp48 LATENCY 3 OPTYPE add PRAGMA {} RTLNAME mac_muladd_8s_8s_32s_32_4_1_U4367 SOURCE mmult_accel.cpp:210 VARIABLE add_ln210_181 LOOP compute BUNDLEDNAME {} DSP 1 BRAM 0 URAM 0 DISPNAME {bind_op add}} {BINDTYPE op ID {} IMPL dsp48 LATENCY 3 OPTYPE mul PRAGMA {} RTLNAME mac_muladd_8s_8s_32s_32_4_1_U4368 SOURCE mmult_accel.cpp:210 VARIABLE mul_ln210_182 LOOP compute BUNDLEDNAME {} DSP 1 BRAM 0 URAM 0 DISPNAME {bind_op mul}} {BINDTYPE op ID {} IMPL dsp48 LATENCY 3 OPTYPE add PRAGMA {} RTLNAME mac_muladd_8s_8s_32s_32_4_1_U4368 SOURCE mmult_accel.cpp:210 VARIABLE add_ln210_182 LOOP compute BUNDLEDNAME {} DSP 1 BRAM 0 URAM 0 DISPNAME {bind_op add}} {BINDTYPE op ID {} IMPL dsp48 LATENCY 3 OPTYPE mul PRAGMA {} RTLNAME mac_muladd_8s_8s_32s_32_4_1_U4369 SOURCE mmult_accel.cpp:210 VARIABLE mul_ln210_183 LOOP compute BUNDLEDNAME {} DSP 1 BRAM 0 URAM 0 DISPNAME {bind_op mul}} {BINDTYPE op ID {} IMPL dsp48 LATENCY 3 OPTYPE add PRAGMA {} RTLNAME mac_muladd_8s_8s_32s_32_4_1_U4369 SOURCE mmult_accel.cpp:210 VARIABLE add_ln210_183 LOOP compute BUNDLEDNAME {} DSP 1 BRAM 0 URAM 0 DISPNAME {bind_op add}} {BINDTYPE op ID {} IMPL dsp48 LATENCY 3 OPTYPE mul PRAGMA {} RTLNAME mac_muladd_8s_8s_32s_32_4_1_U4370 SOURCE mmult_accel.cpp:210 VARIABLE mul_ln210_184 LOOP compute BUNDLEDNAME {} DSP 1 BRAM 0 URAM 0 DISPNAME {bind_op mul}} {BINDTYPE op ID {} IMPL dsp48 LATENCY 3 OPTYPE add PRAGMA {} RTLNAME mac_muladd_8s_8s_32s_32_4_1_U4370 SOURCE mmult_accel.cpp:210 VARIABLE add_ln210_184 LOOP compute BUNDLEDNAME {} DSP 1 BRAM 0 URAM 0 DISPNAME {bind_op add}} {BINDTYPE op ID {} IMPL dsp48 LATENCY 3 OPTYPE mul PRAGMA {} RTLNAME mac_muladd_8s_8s_32s_32_4_1_U4371 SOURCE mmult_accel.cpp:210 VARIABLE mul_ln210_185 LOOP compute BUNDLEDNAME {} DSP 1 BRAM 0 URAM 0 DISPNAME {bind_op mul}} {BINDTYPE op ID {} IMPL dsp48 LATENCY 3 OPTYPE add PRAGMA {} RTLNAME mac_muladd_8s_8s_32s_32_4_1_U4371 SOURCE mmult_accel.cpp:210 VARIABLE add_ln210_185 LOOP compute BUNDLEDNAME {} DSP 1 BRAM 0 URAM 0 DISPNAME {bind_op add}} {BINDTYPE op ID {} IMPL dsp48 LATENCY 3 OPTYPE mul PRAGMA {} RTLNAME mac_muladd_8s_8s_32s_32_4_1_U4372 SOURCE mmult_accel.cpp:210 VARIABLE mul_ln210_186 LOOP compute BUNDLEDNAME {} DSP 1 BRAM 0 URAM 0 DISPNAME {bind_op mul}} {BINDTYPE op ID {} IMPL dsp48 LATENCY 3 OPTYPE add PRAGMA {} RTLNAME mac_muladd_8s_8s_32s_32_4_1_U4372 SOURCE mmult_accel.cpp:210 VARIABLE add_ln210_186 LOOP compute BUNDLEDNAME {} DSP 1 BRAM 0 URAM 0 DISPNAME {bind_op add}} {BINDTYPE op ID {} IMPL dsp48 LATENCY 3 OPTYPE mul PRAGMA {} RTLNAME mac_muladd_8s_8s_32s_32_4_1_U4373 SOURCE mmult_accel.cpp:210 VARIABLE mul_ln210_187 LOOP compute BUNDLEDNAME {} DSP 1 BRAM 0 URAM 0 DISPNAME {bind_op mul}} {BINDTYPE op ID {} IMPL dsp48 LATENCY 3 OPTYPE add PRAGMA {} RTLNAME mac_muladd_8s_8s_32s_32_4_1_U4373 SOURCE mmult_accel.cpp:210 VARIABLE add_ln210_187 LOOP compute BUNDLEDNAME {} DSP 1 BRAM 0 URAM 0 DISPNAME {bind_op add}} {BINDTYPE op ID {} IMPL dsp48 LATENCY 3 OPTYPE mul PRAGMA {} RTLNAME mac_muladd_8s_8s_32s_32_4_1_U4374 SOURCE mmult_accel.cpp:210 VARIABLE mul_ln210_188 LOOP compute BUNDLEDNAME {} DSP 1 BRAM 0 URAM 0 DISPNAME {bind_op mul}} {BINDTYPE op ID {} IMPL dsp48 LATENCY 3 OPTYPE add PRAGMA {} RTLNAME mac_muladd_8s_8s_32s_32_4_1_U4374 SOURCE mmult_accel.cpp:210 VARIABLE add_ln210_188 LOOP compute BUNDLEDNAME {} DSP 1 BRAM 0 URAM 0 DISPNAME {bind_op add}} {BINDTYPE op ID {} IMPL dsp48 LATENCY 3 OPTYPE mul PRAGMA {} RTLNAME mac_muladd_8s_8s_32s_32_4_1_U4375 SOURCE mmult_accel.cpp:210 VARIABLE mul_ln210_189 LOOP compute BUNDLEDNAME {} DSP 1 BRAM 0 URAM 0 DISPNAME {bind_op mul}} {BINDTYPE op ID {} IMPL dsp48 LATENCY 3 OPTYPE add PRAGMA {} RTLNAME mac_muladd_8s_8s_32s_32_4_1_U4375 SOURCE mmult_accel.cpp:210 VARIABLE add_ln210_189 LOOP compute BUNDLEDNAME {} DSP 1 BRAM 0 URAM 0 DISPNAME {bind_op add}} {BINDTYPE op ID {} IMPL dsp48 LATENCY 3 OPTYPE mul PRAGMA {} RTLNAME mac_muladd_8s_8s_32s_32_4_1_U4376 SOURCE mmult_accel.cpp:210 VARIABLE mul_ln210_190 LOOP compute BUNDLEDNAME {} DSP 1 BRAM 0 URAM 0 DISPNAME {bind_op mul}} {BINDTYPE op ID {} IMPL dsp48 LATENCY 3 OPTYPE add PRAGMA {} RTLNAME mac_muladd_8s_8s_32s_32_4_1_U4376 SOURCE mmult_accel.cpp:210 VARIABLE add_ln210_190 LOOP compute BUNDLEDNAME {} DSP 1 BRAM 0 URAM 0 DISPNAME {bind_op add}} {BINDTYPE op ID {} IMPL dsp48 LATENCY 3 OPTYPE mul PRAGMA {} RTLNAME mac_muladd_8s_8s_32s_32_4_1_U4377 SOURCE mmult_accel.cpp:210 VARIABLE mul_ln210_191 LOOP compute BUNDLEDNAME {} DSP 1 BRAM 0 URAM 0 DISPNAME {bind_op mul}} {BINDTYPE op ID {} IMPL dsp48 LATENCY 3 OPTYPE add PRAGMA {} RTLNAME mac_muladd_8s_8s_32s_32_4_1_U4377 SOURCE mmult_accel.cpp:210 VARIABLE add_ln210_191 LOOP compute BUNDLEDNAME {} DSP 1 BRAM 0 URAM 0 DISPNAME {bind_op add}} {BINDTYPE op ID {} IMPL dsp48 LATENCY 3 OPTYPE mul PRAGMA {} RTLNAME mac_muladd_8s_8s_32s_32_4_1_U4378 SOURCE mmult_accel.cpp:210 VARIABLE mul_ln210_192 LOOP compute BUNDLEDNAME {} DSP 1 BRAM 0 URAM 0 DISPNAME {bind_op mul}} {BINDTYPE op ID {} IMPL dsp48 LATENCY 3 OPTYPE add PRAGMA {} RTLNAME mac_muladd_8s_8s_32s_32_4_1_U4378 SOURCE mmult_accel.cpp:210 VARIABLE add_ln210_192 LOOP compute BUNDLEDNAME {} DSP 1 BRAM 0 URAM 0 DISPNAME {bind_op add}} {BINDTYPE op ID {} IMPL dsp48 LATENCY 3 OPTYPE mul PRAGMA {} RTLNAME mac_muladd_8s_8s_32s_32_4_1_U4379 SOURCE mmult_accel.cpp:210 VARIABLE mul_ln210_193 LOOP compute BUNDLEDNAME {} DSP 1 BRAM 0 URAM 0 DISPNAME {bind_op mul}} {BINDTYPE op ID {} IMPL dsp48 LATENCY 3 OPTYPE add PRAGMA {} RTLNAME mac_muladd_8s_8s_32s_32_4_1_U4379 SOURCE mmult_accel.cpp:210 VARIABLE add_ln210_193 LOOP compute BUNDLEDNAME {} DSP 1 BRAM 0 URAM 0 DISPNAME {bind_op add}} {BINDTYPE op ID {} IMPL dsp48 LATENCY 3 OPTYPE mul PRAGMA {} RTLNAME mac_muladd_8s_8s_32s_32_4_1_U4380 SOURCE mmult_accel.cpp:210 VARIABLE mul_ln210_194 LOOP compute BUNDLEDNAME {} DSP 1 BRAM 0 URAM 0 DISPNAME {bind_op mul}} {BINDTYPE op ID {} IMPL dsp48 LATENCY 3 OPTYPE add PRAGMA {} RTLNAME mac_muladd_8s_8s_32s_32_4_1_U4380 SOURCE mmult_accel.cpp:210 VARIABLE add_ln210_194 LOOP compute BUNDLEDNAME {} DSP 1 BRAM 0 URAM 0 DISPNAME {bind_op add}} {BINDTYPE op ID {} IMPL dsp48 LATENCY 3 OPTYPE mul PRAGMA {} RTLNAME mac_muladd_8s_8s_32s_32_4_1_U4381 SOURCE mmult_accel.cpp:210 VARIABLE mul_ln210_195 LOOP compute BUNDLEDNAME {} DSP 1 BRAM 0 URAM 0 DISPNAME {bind_op mul}} {BINDTYPE op ID {} IMPL dsp48 LATENCY 3 OPTYPE add PRAGMA {} RTLNAME mac_muladd_8s_8s_32s_32_4_1_U4381 SOURCE mmult_accel.cpp:210 VARIABLE add_ln210_195 LOOP compute BUNDLEDNAME {} DSP 1 BRAM 0 URAM 0 DISPNAME {bind_op add}} {BINDTYPE op ID {} IMPL dsp48 LATENCY 3 OPTYPE mul PRAGMA {} RTLNAME mac_muladd_8s_8s_32s_32_4_1_U4382 SOURCE mmult_accel.cpp:210 VARIABLE mul_ln210_196 LOOP compute BUNDLEDNAME {} DSP 1 BRAM 0 URAM 0 DISPNAME {bind_op mul}} {BINDTYPE op ID {} IMPL dsp48 LATENCY 3 OPTYPE add PRAGMA {} RTLNAME mac_muladd_8s_8s_32s_32_4_1_U4382 SOURCE mmult_accel.cpp:210 VARIABLE add_ln210_196 LOOP compute BUNDLEDNAME {} DSP 1 BRAM 0 URAM 0 DISPNAME {bind_op add}} {BINDTYPE op ID {} IMPL dsp48 LATENCY 3 OPTYPE mul PRAGMA {} RTLNAME mac_muladd_8s_8s_32s_32_4_1_U4383 SOURCE mmult_accel.cpp:210 VARIABLE mul_ln210_197 LOOP compute BUNDLEDNAME {} DSP 1 BRAM 0 URAM 0 DISPNAME {bind_op mul}} {BINDTYPE op ID {} IMPL dsp48 LATENCY 3 OPTYPE add PRAGMA {} RTLNAME mac_muladd_8s_8s_32s_32_4_1_U4383 SOURCE mmult_accel.cpp:210 VARIABLE add_ln210_197 LOOP compute BUNDLEDNAME {} DSP 1 BRAM 0 URAM 0 DISPNAME {bind_op add}} {BINDTYPE op ID {} IMPL dsp48 LATENCY 3 OPTYPE mul PRAGMA {} RTLNAME mac_muladd_8s_8s_32s_32_4_1_U4384 SOURCE mmult_accel.cpp:210 VARIABLE mul_ln210_198 LOOP compute BUNDLEDNAME {} DSP 1 BRAM 0 URAM 0 DISPNAME {bind_op mul}} {BINDTYPE op ID {} IMPL dsp48 LATENCY 3 OPTYPE add PRAGMA {} RTLNAME mac_muladd_8s_8s_32s_32_4_1_U4384 SOURCE mmult_accel.cpp:210 VARIABLE add_ln210_198 LOOP compute BUNDLEDNAME {} DSP 1 BRAM 0 URAM 0 DISPNAME {bind_op add}} {BINDTYPE op ID {} IMPL dsp48 LATENCY 3 OPTYPE mul PRAGMA {} RTLNAME mac_muladd_8s_8s_32s_32_4_1_U4385 SOURCE mmult_accel.cpp:210 VARIABLE mul_ln210_199 LOOP compute BUNDLEDNAME {} DSP 1 BRAM 0 URAM 0 DISPNAME {bind_op mul}} {BINDTYPE op ID {} IMPL dsp48 LATENCY 3 OPTYPE add PRAGMA {} RTLNAME mac_muladd_8s_8s_32s_32_4_1_U4385 SOURCE mmult_accel.cpp:210 VARIABLE add_ln210_199 LOOP compute BUNDLEDNAME {} DSP 1 BRAM 0 URAM 0 DISPNAME {bind_op add}} {BINDTYPE op ID {} IMPL dsp48 LATENCY 3 OPTYPE mul PRAGMA {} RTLNAME mac_muladd_8s_8s_32s_32_4_1_U4386 SOURCE mmult_accel.cpp:210 VARIABLE mul_ln210_200 LOOP compute BUNDLEDNAME {} DSP 1 BRAM 0 URAM 0 DISPNAME {bind_op mul}} {BINDTYPE op ID {} IMPL dsp48 LATENCY 3 OPTYPE add PRAGMA {} RTLNAME mac_muladd_8s_8s_32s_32_4_1_U4386 SOURCE mmult_accel.cpp:210 VARIABLE add_ln210_200 LOOP compute BUNDLEDNAME {} DSP 1 BRAM 0 URAM 0 DISPNAME {bind_op add}} {BINDTYPE op ID {} IMPL dsp48 LATENCY 3 OPTYPE mul PRAGMA {} RTLNAME mac_muladd_8s_8s_32s_32_4_1_U4387 SOURCE mmult_accel.cpp:210 VARIABLE mul_ln210_201 LOOP compute BUNDLEDNAME {} DSP 1 BRAM 0 URAM 0 DISPNAME {bind_op mul}} {BINDTYPE op ID {} IMPL dsp48 LATENCY 3 OPTYPE add PRAGMA {} RTLNAME mac_muladd_8s_8s_32s_32_4_1_U4387 SOURCE mmult_accel.cpp:210 VARIABLE add_ln210_201 LOOP compute BUNDLEDNAME {} DSP 1 BRAM 0 URAM 0 DISPNAME {bind_op add}} {BINDTYPE op ID {} IMPL dsp48 LATENCY 3 OPTYPE mul PRAGMA {} RTLNAME mac_muladd_8s_8s_32s_32_4_1_U4388 SOURCE mmult_accel.cpp:210 VARIABLE mul_ln210_202 LOOP compute BUNDLEDNAME {} DSP 1 BRAM 0 URAM 0 DISPNAME {bind_op mul}} {BINDTYPE op ID {} IMPL dsp48 LATENCY 3 OPTYPE add PRAGMA {} RTLNAME mac_muladd_8s_8s_32s_32_4_1_U4388 SOURCE mmult_accel.cpp:210 VARIABLE add_ln210_202 LOOP compute BUNDLEDNAME {} DSP 1 BRAM 0 URAM 0 DISPNAME {bind_op add}} {BINDTYPE op ID {} IMPL dsp48 LATENCY 3 OPTYPE mul PRAGMA {} RTLNAME mac_muladd_8s_8s_32s_32_4_1_U4389 SOURCE mmult_accel.cpp:210 VARIABLE mul_ln210_203 LOOP compute BUNDLEDNAME {} DSP 1 BRAM 0 URAM 0 DISPNAME {bind_op mul}} {BINDTYPE op ID {} IMPL dsp48 LATENCY 3 OPTYPE add PRAGMA {} RTLNAME mac_muladd_8s_8s_32s_32_4_1_U4389 SOURCE mmult_accel.cpp:210 VARIABLE add_ln210_203 LOOP compute BUNDLEDNAME {} DSP 1 BRAM 0 URAM 0 DISPNAME {bind_op add}} {BINDTYPE op ID {} IMPL dsp48 LATENCY 3 OPTYPE mul PRAGMA {} RTLNAME mac_muladd_8s_8s_32s_32_4_1_U4390 SOURCE mmult_accel.cpp:210 VARIABLE mul_ln210_204 LOOP compute BUNDLEDNAME {} DSP 1 BRAM 0 URAM 0 DISPNAME {bind_op mul}} {BINDTYPE op ID {} IMPL dsp48 LATENCY 3 OPTYPE add PRAGMA {} RTLNAME mac_muladd_8s_8s_32s_32_4_1_U4390 SOURCE mmult_accel.cpp:210 VARIABLE add_ln210_204 LOOP compute BUNDLEDNAME {} DSP 1 BRAM 0 URAM 0 DISPNAME {bind_op add}} {BINDTYPE op ID {} IMPL dsp48 LATENCY 3 OPTYPE mul PRAGMA {} RTLNAME mac_muladd_8s_8s_32s_32_4_1_U4391 SOURCE mmult_accel.cpp:210 VARIABLE mul_ln210_205 LOOP compute BUNDLEDNAME {} DSP 1 BRAM 0 URAM 0 DISPNAME {bind_op mul}} {BINDTYPE op ID {} IMPL dsp48 LATENCY 3 OPTYPE add PRAGMA {} RTLNAME mac_muladd_8s_8s_32s_32_4_1_U4391 SOURCE mmult_accel.cpp:210 VARIABLE add_ln210_205 LOOP compute BUNDLEDNAME {} DSP 1 BRAM 0 URAM 0 DISPNAME {bind_op add}} {BINDTYPE op ID {} IMPL dsp48 LATENCY 3 OPTYPE mul PRAGMA {} RTLNAME mac_muladd_8s_8s_32s_32_4_1_U4392 SOURCE mmult_accel.cpp:210 VARIABLE mul_ln210_206 LOOP compute BUNDLEDNAME {} DSP 1 BRAM 0 URAM 0 DISPNAME {bind_op mul}} {BINDTYPE op ID {} IMPL dsp48 LATENCY 3 OPTYPE add PRAGMA {} RTLNAME mac_muladd_8s_8s_32s_32_4_1_U4392 SOURCE mmult_accel.cpp:210 VARIABLE add_ln210_206 LOOP compute BUNDLEDNAME {} DSP 1 BRAM 0 URAM 0 DISPNAME {bind_op add}} {BINDTYPE op ID {} IMPL dsp48 LATENCY 3 OPTYPE mul PRAGMA {} RTLNAME mac_muladd_8s_8s_32s_32_4_1_U4393 SOURCE mmult_accel.cpp:210 VARIABLE mul_ln210_207 LOOP compute BUNDLEDNAME {} DSP 1 BRAM 0 URAM 0 DISPNAME {bind_op mul}} {BINDTYPE op ID {} IMPL dsp48 LATENCY 3 OPTYPE add PRAGMA {} RTLNAME mac_muladd_8s_8s_32s_32_4_1_U4393 SOURCE mmult_accel.cpp:210 VARIABLE add_ln210_207 LOOP compute BUNDLEDNAME {} DSP 1 BRAM 0 URAM 0 DISPNAME {bind_op add}} {BINDTYPE op ID {} IMPL dsp48 LATENCY 3 OPTYPE mul PRAGMA {} RTLNAME mac_muladd_8s_8s_32s_32_4_1_U4394 SOURCE mmult_accel.cpp:210 VARIABLE mul_ln210_208 LOOP compute BUNDLEDNAME {} DSP 1 BRAM 0 URAM 0 DISPNAME {bind_op mul}} {BINDTYPE op ID {} IMPL dsp48 LATENCY 3 OPTYPE add PRAGMA {} RTLNAME mac_muladd_8s_8s_32s_32_4_1_U4394 SOURCE mmult_accel.cpp:210 VARIABLE add_ln210_208 LOOP compute BUNDLEDNAME {} DSP 1 BRAM 0 URAM 0 DISPNAME {bind_op add}} {BINDTYPE op ID {} IMPL dsp48 LATENCY 3 OPTYPE mul PRAGMA {} RTLNAME mac_muladd_8s_8s_32s_32_4_1_U4395 SOURCE mmult_accel.cpp:210 VARIABLE mul_ln210_209 LOOP compute BUNDLEDNAME {} DSP 1 BRAM 0 URAM 0 DISPNAME {bind_op mul}} {BINDTYPE op ID {} IMPL dsp48 LATENCY 3 OPTYPE add PRAGMA {} RTLNAME mac_muladd_8s_8s_32s_32_4_1_U4395 SOURCE mmult_accel.cpp:210 VARIABLE add_ln210_209 LOOP compute BUNDLEDNAME {} DSP 1 BRAM 0 URAM 0 DISPNAME {bind_op add}} {BINDTYPE op ID {} IMPL dsp48 LATENCY 3 OPTYPE mul PRAGMA {} RTLNAME mac_muladd_8s_8s_32s_32_4_1_U4396 SOURCE mmult_accel.cpp:210 VARIABLE mul_ln210_210 LOOP compute BUNDLEDNAME {} DSP 1 BRAM 0 URAM 0 DISPNAME {bind_op mul}} {BINDTYPE op ID {} IMPL dsp48 LATENCY 3 OPTYPE add PRAGMA {} RTLNAME mac_muladd_8s_8s_32s_32_4_1_U4396 SOURCE mmult_accel.cpp:210 VARIABLE add_ln210_210 LOOP compute BUNDLEDNAME {} DSP 1 BRAM 0 URAM 0 DISPNAME {bind_op add}} {BINDTYPE op ID {} IMPL dsp48 LATENCY 3 OPTYPE mul PRAGMA {} RTLNAME mac_muladd_8s_8s_32s_32_4_1_U4397 SOURCE mmult_accel.cpp:210 VARIABLE mul_ln210_211 LOOP compute BUNDLEDNAME {} DSP 1 BRAM 0 URAM 0 DISPNAME {bind_op mul}} {BINDTYPE op ID {} IMPL dsp48 LATENCY 3 OPTYPE add PRAGMA {} RTLNAME mac_muladd_8s_8s_32s_32_4_1_U4397 SOURCE mmult_accel.cpp:210 VARIABLE add_ln210_211 LOOP compute BUNDLEDNAME {} DSP 1 BRAM 0 URAM 0 DISPNAME {bind_op add}} {BINDTYPE op ID {} IMPL dsp48 LATENCY 3 OPTYPE mul PRAGMA {} RTLNAME mac_muladd_8s_8s_32s_32_4_1_U4398 SOURCE mmult_accel.cpp:210 VARIABLE mul_ln210_212 LOOP compute BUNDLEDNAME {} DSP 1 BRAM 0 URAM 0 DISPNAME {bind_op mul}} {BINDTYPE op ID {} IMPL dsp48 LATENCY 3 OPTYPE add PRAGMA {} RTLNAME mac_muladd_8s_8s_32s_32_4_1_U4398 SOURCE mmult_accel.cpp:210 VARIABLE add_ln210_212 LOOP compute BUNDLEDNAME {} DSP 1 BRAM 0 URAM 0 DISPNAME {bind_op add}} {BINDTYPE op ID {} IMPL dsp48 LATENCY 3 OPTYPE mul PRAGMA {} RTLNAME mac_muladd_8s_8s_32s_32_4_1_U4399 SOURCE mmult_accel.cpp:210 VARIABLE mul_ln210_213 LOOP compute BUNDLEDNAME {} DSP 1 BRAM 0 URAM 0 DISPNAME {bind_op mul}} {BINDTYPE op ID {} IMPL dsp48 LATENCY 3 OPTYPE add PRAGMA {} RTLNAME mac_muladd_8s_8s_32s_32_4_1_U4399 SOURCE mmult_accel.cpp:210 VARIABLE add_ln210_213 LOOP compute BUNDLEDNAME {} DSP 1 BRAM 0 URAM 0 DISPNAME {bind_op add}} {BINDTYPE op ID {} IMPL dsp48 LATENCY 3 OPTYPE mul PRAGMA {} RTLNAME mac_muladd_8s_8s_32s_32_4_1_U4400 SOURCE mmult_accel.cpp:210 VARIABLE mul_ln210_214 LOOP compute BUNDLEDNAME {} DSP 1 BRAM 0 URAM 0 DISPNAME {bind_op mul}} {BINDTYPE op ID {} IMPL dsp48 LATENCY 3 OPTYPE add PRAGMA {} RTLNAME mac_muladd_8s_8s_32s_32_4_1_U4400 SOURCE mmult_accel.cpp:210 VARIABLE add_ln210_214 LOOP compute BUNDLEDNAME {} DSP 1 BRAM 0 URAM 0 DISPNAME {bind_op add}} {BINDTYPE op ID {} IMPL dsp48 LATENCY 3 OPTYPE mul PRAGMA {} RTLNAME mac_muladd_8s_8s_32s_32_4_1_U4401 SOURCE mmult_accel.cpp:210 VARIABLE mul_ln210_215 LOOP compute BUNDLEDNAME {} DSP 1 BRAM 0 URAM 0 DISPNAME {bind_op mul}} {BINDTYPE op ID {} IMPL dsp48 LATENCY 3 OPTYPE add PRAGMA {} RTLNAME mac_muladd_8s_8s_32s_32_4_1_U4401 SOURCE mmult_accel.cpp:210 VARIABLE add_ln210_215 LOOP compute BUNDLEDNAME {} DSP 1 BRAM 0 URAM 0 DISPNAME {bind_op add}} {BINDTYPE op ID {} IMPL dsp48 LATENCY 3 OPTYPE mul PRAGMA {} RTLNAME mac_muladd_8s_8s_32s_32_4_1_U4402 SOURCE mmult_accel.cpp:210 VARIABLE mul_ln210_216 LOOP compute BUNDLEDNAME {} DSP 1 BRAM 0 URAM 0 DISPNAME {bind_op mul}} {BINDTYPE op ID {} IMPL dsp48 LATENCY 3 OPTYPE add PRAGMA {} RTLNAME mac_muladd_8s_8s_32s_32_4_1_U4402 SOURCE mmult_accel.cpp:210 VARIABLE add_ln210_216 LOOP compute BUNDLEDNAME {} DSP 1 BRAM 0 URAM 0 DISPNAME {bind_op add}} {BINDTYPE op ID {} IMPL dsp48 LATENCY 3 OPTYPE mul PRAGMA {} RTLNAME mac_muladd_8s_8s_32s_32_4_1_U4403 SOURCE mmult_accel.cpp:210 VARIABLE mul_ln210_217 LOOP compute BUNDLEDNAME {} DSP 1 BRAM 0 URAM 0 DISPNAME {bind_op mul}} {BINDTYPE op ID {} IMPL dsp48 LATENCY 3 OPTYPE add PRAGMA {} RTLNAME mac_muladd_8s_8s_32s_32_4_1_U4403 SOURCE mmult_accel.cpp:210 VARIABLE add_ln210_217 LOOP compute BUNDLEDNAME {} DSP 1 BRAM 0 URAM 0 DISPNAME {bind_op add}} {BINDTYPE op ID {} IMPL dsp48 LATENCY 3 OPTYPE mul PRAGMA {} RTLNAME mac_muladd_8s_8s_32s_32_4_1_U4404 SOURCE mmult_accel.cpp:210 VARIABLE mul_ln210_218 LOOP compute BUNDLEDNAME {} DSP 1 BRAM 0 URAM 0 DISPNAME {bind_op mul}} {BINDTYPE op ID {} IMPL dsp48 LATENCY 3 OPTYPE add PRAGMA {} RTLNAME mac_muladd_8s_8s_32s_32_4_1_U4404 SOURCE mmult_accel.cpp:210 VARIABLE add_ln210_218 LOOP compute BUNDLEDNAME {} DSP 1 BRAM 0 URAM 0 DISPNAME {bind_op add}} {BINDTYPE op ID {} IMPL dsp48 LATENCY 3 OPTYPE mul PRAGMA {} RTLNAME mac_muladd_8s_8s_32s_32_4_1_U4405 SOURCE mmult_accel.cpp:210 VARIABLE mul_ln210_219 LOOP compute BUNDLEDNAME {} DSP 1 BRAM 0 URAM 0 DISPNAME {bind_op mul}} {BINDTYPE op ID {} IMPL dsp48 LATENCY 3 OPTYPE add PRAGMA {} RTLNAME mac_muladd_8s_8s_32s_32_4_1_U4405 SOURCE mmult_accel.cpp:210 VARIABLE add_ln210_219 LOOP compute BUNDLEDNAME {} DSP 1 BRAM 0 URAM 0 DISPNAME {bind_op add}} {BINDTYPE op ID {} IMPL dsp48 LATENCY 3 OPTYPE mul PRAGMA {} RTLNAME mac_muladd_8s_8s_32s_32_4_1_U4406 SOURCE mmult_accel.cpp:210 VARIABLE mul_ln210_220 LOOP compute BUNDLEDNAME {} DSP 1 BRAM 0 URAM 0 DISPNAME {bind_op mul}} {BINDTYPE op ID {} IMPL dsp48 LATENCY 3 OPTYPE add PRAGMA {} RTLNAME mac_muladd_8s_8s_32s_32_4_1_U4406 SOURCE mmult_accel.cpp:210 VARIABLE add_ln210_220 LOOP compute BUNDLEDNAME {} DSP 1 BRAM 0 URAM 0 DISPNAME {bind_op add}} {BINDTYPE op ID {} IMPL dsp48 LATENCY 3 OPTYPE mul PRAGMA {} RTLNAME mac_muladd_8s_8s_32s_32_4_1_U4407 SOURCE mmult_accel.cpp:210 VARIABLE mul_ln210_221 LOOP compute BUNDLEDNAME {} DSP 1 BRAM 0 URAM 0 DISPNAME {bind_op mul}} {BINDTYPE op ID {} IMPL dsp48 LATENCY 3 OPTYPE add PRAGMA {} RTLNAME mac_muladd_8s_8s_32s_32_4_1_U4407 SOURCE mmult_accel.cpp:210 VARIABLE add_ln210_221 LOOP compute BUNDLEDNAME {} DSP 1 BRAM 0 URAM 0 DISPNAME {bind_op add}} {BINDTYPE op ID {} IMPL dsp48 LATENCY 3 OPTYPE mul PRAGMA {} RTLNAME mac_muladd_8s_8s_32s_32_4_1_U4408 SOURCE mmult_accel.cpp:210 VARIABLE mul_ln210_222 LOOP compute BUNDLEDNAME {} DSP 1 BRAM 0 URAM 0 DISPNAME {bind_op mul}} {BINDTYPE op ID {} IMPL dsp48 LATENCY 3 OPTYPE add PRAGMA {} RTLNAME mac_muladd_8s_8s_32s_32_4_1_U4408 SOURCE mmult_accel.cpp:210 VARIABLE add_ln210_222 LOOP compute BUNDLEDNAME {} DSP 1 BRAM 0 URAM 0 DISPNAME {bind_op add}} {BINDTYPE op ID {} IMPL dsp48 LATENCY 3 OPTYPE mul PRAGMA {} RTLNAME mac_muladd_8s_8s_32s_32_4_1_U4409 SOURCE mmult_accel.cpp:210 VARIABLE mul_ln210_223 LOOP compute BUNDLEDNAME {} DSP 1 BRAM 0 URAM 0 DISPNAME {bind_op mul}} {BINDTYPE op ID {} IMPL dsp48 LATENCY 3 OPTYPE add PRAGMA {} RTLNAME mac_muladd_8s_8s_32s_32_4_1_U4409 SOURCE mmult_accel.cpp:210 VARIABLE add_ln210_223 LOOP compute BUNDLEDNAME {} DSP 1 BRAM 0 URAM 0 DISPNAME {bind_op add}} {BINDTYPE op ID {} IMPL dsp48 LATENCY 3 OPTYPE mul PRAGMA {} RTLNAME mac_muladd_8s_8s_32s_32_4_1_U4410 SOURCE mmult_accel.cpp:210 VARIABLE mul_ln210_224 LOOP compute BUNDLEDNAME {} DSP 1 BRAM 0 URAM 0 DISPNAME {bind_op mul}} {BINDTYPE op ID {} IMPL dsp48 LATENCY 3 OPTYPE add PRAGMA {} RTLNAME mac_muladd_8s_8s_32s_32_4_1_U4410 SOURCE mmult_accel.cpp:210 VARIABLE add_ln210_224 LOOP compute BUNDLEDNAME {} DSP 1 BRAM 0 URAM 0 DISPNAME {bind_op add}} {BINDTYPE op ID {} IMPL dsp48 LATENCY 3 OPTYPE mul PRAGMA {} RTLNAME mac_muladd_8s_8s_32s_32_4_1_U4411 SOURCE mmult_accel.cpp:210 VARIABLE mul_ln210_225 LOOP compute BUNDLEDNAME {} DSP 1 BRAM 0 URAM 0 DISPNAME {bind_op mul}} {BINDTYPE op ID {} IMPL dsp48 LATENCY 3 OPTYPE add PRAGMA {} RTLNAME mac_muladd_8s_8s_32s_32_4_1_U4411 SOURCE mmult_accel.cpp:210 VARIABLE add_ln210_225 LOOP compute BUNDLEDNAME {} DSP 1 BRAM 0 URAM 0 DISPNAME {bind_op add}} {BINDTYPE op ID {} IMPL dsp48 LATENCY 3 OPTYPE mul PRAGMA {} RTLNAME mac_muladd_8s_8s_32s_32_4_1_U4412 SOURCE mmult_accel.cpp:210 VARIABLE mul_ln210_226 LOOP compute BUNDLEDNAME {} DSP 1 BRAM 0 URAM 0 DISPNAME {bind_op mul}} {BINDTYPE op ID {} IMPL dsp48 LATENCY 3 OPTYPE add PRAGMA {} RTLNAME mac_muladd_8s_8s_32s_32_4_1_U4412 SOURCE mmult_accel.cpp:210 VARIABLE add_ln210_226 LOOP compute BUNDLEDNAME {} DSP 1 BRAM 0 URAM 0 DISPNAME {bind_op add}} {BINDTYPE op ID {} IMPL dsp48 LATENCY 3 OPTYPE mul PRAGMA {} RTLNAME mac_muladd_8s_8s_32s_32_4_1_U4413 SOURCE mmult_accel.cpp:210 VARIABLE mul_ln210_227 LOOP compute BUNDLEDNAME {} DSP 1 BRAM 0 URAM 0 DISPNAME {bind_op mul}} {BINDTYPE op ID {} IMPL dsp48 LATENCY 3 OPTYPE add PRAGMA {} RTLNAME mac_muladd_8s_8s_32s_32_4_1_U4413 SOURCE mmult_accel.cpp:210 VARIABLE add_ln210_227 LOOP compute BUNDLEDNAME {} DSP 1 BRAM 0 URAM 0 DISPNAME {bind_op add}} {BINDTYPE op ID {} IMPL dsp48 LATENCY 3 OPTYPE mul PRAGMA {} RTLNAME mac_muladd_8s_8s_32s_32_4_1_U4414 SOURCE mmult_accel.cpp:210 VARIABLE mul_ln210_228 LOOP compute BUNDLEDNAME {} DSP 1 BRAM 0 URAM 0 DISPNAME {bind_op mul}} {BINDTYPE op ID {} IMPL dsp48 LATENCY 3 OPTYPE add PRAGMA {} RTLNAME mac_muladd_8s_8s_32s_32_4_1_U4414 SOURCE mmult_accel.cpp:210 VARIABLE add_ln210_228 LOOP compute BUNDLEDNAME {} DSP 1 BRAM 0 URAM 0 DISPNAME {bind_op add}} {BINDTYPE op ID {} IMPL dsp48 LATENCY 3 OPTYPE mul PRAGMA {} RTLNAME mac_muladd_8s_8s_32s_32_4_1_U4415 SOURCE mmult_accel.cpp:210 VARIABLE mul_ln210_229 LOOP compute BUNDLEDNAME {} DSP 1 BRAM 0 URAM 0 DISPNAME {bind_op mul}} {BINDTYPE op ID {} IMPL dsp48 LATENCY 3 OPTYPE add PRAGMA {} RTLNAME mac_muladd_8s_8s_32s_32_4_1_U4415 SOURCE mmult_accel.cpp:210 VARIABLE add_ln210_229 LOOP compute BUNDLEDNAME {} DSP 1 BRAM 0 URAM 0 DISPNAME {bind_op add}} {BINDTYPE op ID {} IMPL dsp48 LATENCY 3 OPTYPE mul PRAGMA {} RTLNAME mac_muladd_8s_8s_32s_32_4_1_U4416 SOURCE mmult_accel.cpp:210 VARIABLE mul_ln210_230 LOOP compute BUNDLEDNAME {} DSP 1 BRAM 0 URAM 0 DISPNAME {bind_op mul}} {BINDTYPE op ID {} IMPL dsp48 LATENCY 3 OPTYPE add PRAGMA {} RTLNAME mac_muladd_8s_8s_32s_32_4_1_U4416 SOURCE mmult_accel.cpp:210 VARIABLE add_ln210_230 LOOP compute BUNDLEDNAME {} DSP 1 BRAM 0 URAM 0 DISPNAME {bind_op add}} {BINDTYPE op ID {} IMPL dsp48 LATENCY 3 OPTYPE mul PRAGMA {} RTLNAME mac_muladd_8s_8s_32s_32_4_1_U4417 SOURCE mmult_accel.cpp:210 VARIABLE mul_ln210_231 LOOP compute BUNDLEDNAME {} DSP 1 BRAM 0 URAM 0 DISPNAME {bind_op mul}} {BINDTYPE op ID {} IMPL dsp48 LATENCY 3 OPTYPE add PRAGMA {} RTLNAME mac_muladd_8s_8s_32s_32_4_1_U4417 SOURCE mmult_accel.cpp:210 VARIABLE add_ln210_231 LOOP compute BUNDLEDNAME {} DSP 1 BRAM 0 URAM 0 DISPNAME {bind_op add}} {BINDTYPE op ID {} IMPL dsp48 LATENCY 3 OPTYPE mul PRAGMA {} RTLNAME mac_muladd_8s_8s_32s_32_4_1_U4418 SOURCE mmult_accel.cpp:210 VARIABLE mul_ln210_232 LOOP compute BUNDLEDNAME {} DSP 1 BRAM 0 URAM 0 DISPNAME {bind_op mul}} {BINDTYPE op ID {} IMPL dsp48 LATENCY 3 OPTYPE add PRAGMA {} RTLNAME mac_muladd_8s_8s_32s_32_4_1_U4418 SOURCE mmult_accel.cpp:210 VARIABLE add_ln210_232 LOOP compute BUNDLEDNAME {} DSP 1 BRAM 0 URAM 0 DISPNAME {bind_op add}} {BINDTYPE op ID {} IMPL dsp48 LATENCY 3 OPTYPE mul PRAGMA {} RTLNAME mac_muladd_8s_8s_32s_32_4_1_U4419 SOURCE mmult_accel.cpp:210 VARIABLE mul_ln210_233 LOOP compute BUNDLEDNAME {} DSP 1 BRAM 0 URAM 0 DISPNAME {bind_op mul}} {BINDTYPE op ID {} IMPL dsp48 LATENCY 3 OPTYPE add PRAGMA {} RTLNAME mac_muladd_8s_8s_32s_32_4_1_U4419 SOURCE mmult_accel.cpp:210 VARIABLE add_ln210_233 LOOP compute BUNDLEDNAME {} DSP 1 BRAM 0 URAM 0 DISPNAME {bind_op add}} {BINDTYPE op ID {} IMPL dsp48 LATENCY 3 OPTYPE mul PRAGMA {} RTLNAME mac_muladd_8s_8s_32s_32_4_1_U4420 SOURCE mmult_accel.cpp:210 VARIABLE mul_ln210_234 LOOP compute BUNDLEDNAME {} DSP 1 BRAM 0 URAM 0 DISPNAME {bind_op mul}} {BINDTYPE op ID {} IMPL dsp48 LATENCY 3 OPTYPE add PRAGMA {} RTLNAME mac_muladd_8s_8s_32s_32_4_1_U4420 SOURCE mmult_accel.cpp:210 VARIABLE add_ln210_234 LOOP compute BUNDLEDNAME {} DSP 1 BRAM 0 URAM 0 DISPNAME {bind_op add}} {BINDTYPE op ID {} IMPL dsp48 LATENCY 3 OPTYPE mul PRAGMA {} RTLNAME mac_muladd_8s_8s_32s_32_4_1_U4421 SOURCE mmult_accel.cpp:210 VARIABLE mul_ln210_235 LOOP compute BUNDLEDNAME {} DSP 1 BRAM 0 URAM 0 DISPNAME {bind_op mul}} {BINDTYPE op ID {} IMPL dsp48 LATENCY 3 OPTYPE add PRAGMA {} RTLNAME mac_muladd_8s_8s_32s_32_4_1_U4421 SOURCE mmult_accel.cpp:210 VARIABLE add_ln210_235 LOOP compute BUNDLEDNAME {} DSP 1 BRAM 0 URAM 0 DISPNAME {bind_op add}} {BINDTYPE op ID {} IMPL dsp48 LATENCY 3 OPTYPE mul PRAGMA {} RTLNAME mac_muladd_8s_8s_32s_32_4_1_U4422 SOURCE mmult_accel.cpp:210 VARIABLE mul_ln210_236 LOOP compute BUNDLEDNAME {} DSP 1 BRAM 0 URAM 0 DISPNAME {bind_op mul}} {BINDTYPE op ID {} IMPL dsp48 LATENCY 3 OPTYPE add PRAGMA {} RTLNAME mac_muladd_8s_8s_32s_32_4_1_U4422 SOURCE mmult_accel.cpp:210 VARIABLE add_ln210_236 LOOP compute BUNDLEDNAME {} DSP 1 BRAM 0 URAM 0 DISPNAME {bind_op add}} {BINDTYPE op ID {} IMPL dsp48 LATENCY 3 OPTYPE mul PRAGMA {} RTLNAME mac_muladd_8s_8s_32s_32_4_1_U4423 SOURCE mmult_accel.cpp:210 VARIABLE mul_ln210_237 LOOP compute BUNDLEDNAME {} DSP 1 BRAM 0 URAM 0 DISPNAME {bind_op mul}} {BINDTYPE op ID {} IMPL dsp48 LATENCY 3 OPTYPE add PRAGMA {} RTLNAME mac_muladd_8s_8s_32s_32_4_1_U4423 SOURCE mmult_accel.cpp:210 VARIABLE add_ln210_237 LOOP compute BUNDLEDNAME {} DSP 1 BRAM 0 URAM 0 DISPNAME {bind_op add}} {BINDTYPE op ID {} IMPL dsp48 LATENCY 3 OPTYPE mul PRAGMA {} RTLNAME mac_muladd_8s_8s_32s_32_4_1_U4424 SOURCE mmult_accel.cpp:210 VARIABLE mul_ln210_238 LOOP compute BUNDLEDNAME {} DSP 1 BRAM 0 URAM 0 DISPNAME {bind_op mul}} {BINDTYPE op ID {} IMPL dsp48 LATENCY 3 OPTYPE add PRAGMA {} RTLNAME mac_muladd_8s_8s_32s_32_4_1_U4424 SOURCE mmult_accel.cpp:210 VARIABLE add_ln210_238 LOOP compute BUNDLEDNAME {} DSP 1 BRAM 0 URAM 0 DISPNAME {bind_op add}} {BINDTYPE op ID {} IMPL dsp48 LATENCY 3 OPTYPE mul PRAGMA {} RTLNAME mac_muladd_8s_8s_32s_32_4_1_U4425 SOURCE mmult_accel.cpp:210 VARIABLE mul_ln210_239 LOOP compute BUNDLEDNAME {} DSP 1 BRAM 0 URAM 0 DISPNAME {bind_op mul}} {BINDTYPE op ID {} IMPL dsp48 LATENCY 3 OPTYPE add PRAGMA {} RTLNAME mac_muladd_8s_8s_32s_32_4_1_U4425 SOURCE mmult_accel.cpp:210 VARIABLE add_ln210_239 LOOP compute BUNDLEDNAME {} DSP 1 BRAM 0 URAM 0 DISPNAME {bind_op add}} {BINDTYPE op ID {} IMPL dsp48 LATENCY 3 OPTYPE mul PRAGMA {} RTLNAME mac_muladd_8s_8s_32s_32_4_1_U4426 SOURCE mmult_accel.cpp:210 VARIABLE mul_ln210_240 LOOP compute BUNDLEDNAME {} DSP 1 BRAM 0 URAM 0 DISPNAME {bind_op mul}} {BINDTYPE op ID {} IMPL dsp48 LATENCY 3 OPTYPE add PRAGMA {} RTLNAME mac_muladd_8s_8s_32s_32_4_1_U4426 SOURCE mmult_accel.cpp:210 VARIABLE add_ln210_240 LOOP compute BUNDLEDNAME {} DSP 1 BRAM 0 URAM 0 DISPNAME {bind_op add}} {BINDTYPE op ID {} IMPL dsp48 LATENCY 3 OPTYPE mul PRAGMA {} RTLNAME mac_muladd_8s_8s_32s_32_4_1_U4427 SOURCE mmult_accel.cpp:210 VARIABLE mul_ln210_241 LOOP compute BUNDLEDNAME {} DSP 1 BRAM 0 URAM 0 DISPNAME {bind_op mul}} {BINDTYPE op ID {} IMPL dsp48 LATENCY 3 OPTYPE add PRAGMA {} RTLNAME mac_muladd_8s_8s_32s_32_4_1_U4427 SOURCE mmult_accel.cpp:210 VARIABLE add_ln210_241 LOOP compute BUNDLEDNAME {} DSP 1 BRAM 0 URAM 0 DISPNAME {bind_op add}} {BINDTYPE op ID {} IMPL dsp48 LATENCY 3 OPTYPE mul PRAGMA {} RTLNAME mac_muladd_8s_8s_32s_32_4_1_U4428 SOURCE mmult_accel.cpp:210 VARIABLE mul_ln210_242 LOOP compute BUNDLEDNAME {} DSP 1 BRAM 0 URAM 0 DISPNAME {bind_op mul}} {BINDTYPE op ID {} IMPL dsp48 LATENCY 3 OPTYPE add PRAGMA {} RTLNAME mac_muladd_8s_8s_32s_32_4_1_U4428 SOURCE mmult_accel.cpp:210 VARIABLE add_ln210_242 LOOP compute BUNDLEDNAME {} DSP 1 BRAM 0 URAM 0 DISPNAME {bind_op add}} {BINDTYPE op ID {} IMPL dsp48 LATENCY 3 OPTYPE mul PRAGMA {} RTLNAME mac_muladd_8s_8s_32s_32_4_1_U4429 SOURCE mmult_accel.cpp:210 VARIABLE mul_ln210_243 LOOP compute BUNDLEDNAME {} DSP 1 BRAM 0 URAM 0 DISPNAME {bind_op mul}} {BINDTYPE op ID {} IMPL dsp48 LATENCY 3 OPTYPE add PRAGMA {} RTLNAME mac_muladd_8s_8s_32s_32_4_1_U4429 SOURCE mmult_accel.cpp:210 VARIABLE add_ln210_243 LOOP compute BUNDLEDNAME {} DSP 1 BRAM 0 URAM 0 DISPNAME {bind_op add}} {BINDTYPE op ID {} IMPL dsp48 LATENCY 3 OPTYPE mul PRAGMA {} RTLNAME mac_muladd_8s_8s_32s_32_4_1_U4430 SOURCE mmult_accel.cpp:210 VARIABLE mul_ln210_244 LOOP compute BUNDLEDNAME {} DSP 1 BRAM 0 URAM 0 DISPNAME {bind_op mul}} {BINDTYPE op ID {} IMPL dsp48 LATENCY 3 OPTYPE add PRAGMA {} RTLNAME mac_muladd_8s_8s_32s_32_4_1_U4430 SOURCE mmult_accel.cpp:210 VARIABLE add_ln210_244 LOOP compute BUNDLEDNAME {} DSP 1 BRAM 0 URAM 0 DISPNAME {bind_op add}} {BINDTYPE op ID {} IMPL dsp48 LATENCY 3 OPTYPE mul PRAGMA {} RTLNAME mac_muladd_8s_8s_32s_32_4_1_U4431 SOURCE mmult_accel.cpp:210 VARIABLE mul_ln210_245 LOOP compute BUNDLEDNAME {} DSP 1 BRAM 0 URAM 0 DISPNAME {bind_op mul}} {BINDTYPE op ID {} IMPL dsp48 LATENCY 3 OPTYPE add PRAGMA {} RTLNAME mac_muladd_8s_8s_32s_32_4_1_U4431 SOURCE mmult_accel.cpp:210 VARIABLE add_ln210_245 LOOP compute BUNDLEDNAME {} DSP 1 BRAM 0 URAM 0 DISPNAME {bind_op add}} {BINDTYPE op ID {} IMPL dsp48 LATENCY 3 OPTYPE mul PRAGMA {} RTLNAME mac_muladd_8s_8s_32s_32_4_1_U4432 SOURCE mmult_accel.cpp:210 VARIABLE mul_ln210_246 LOOP compute BUNDLEDNAME {} DSP 1 BRAM 0 URAM 0 DISPNAME {bind_op mul}} {BINDTYPE op ID {} IMPL dsp48 LATENCY 3 OPTYPE add PRAGMA {} RTLNAME mac_muladd_8s_8s_32s_32_4_1_U4432 SOURCE mmult_accel.cpp:210 VARIABLE add_ln210_246 LOOP compute BUNDLEDNAME {} DSP 1 BRAM 0 URAM 0 DISPNAME {bind_op add}} {BINDTYPE op ID {} IMPL dsp48 LATENCY 3 OPTYPE mul PRAGMA {} RTLNAME mac_muladd_8s_8s_32s_32_4_1_U4433 SOURCE mmult_accel.cpp:210 VARIABLE mul_ln210_247 LOOP compute BUNDLEDNAME {} DSP 1 BRAM 0 URAM 0 DISPNAME {bind_op mul}} {BINDTYPE op ID {} IMPL dsp48 LATENCY 3 OPTYPE add PRAGMA {} RTLNAME mac_muladd_8s_8s_32s_32_4_1_U4433 SOURCE mmult_accel.cpp:210 VARIABLE add_ln210_247 LOOP compute BUNDLEDNAME {} DSP 1 BRAM 0 URAM 0 DISPNAME {bind_op add}} {BINDTYPE op ID {} IMPL dsp48 LATENCY 3 OPTYPE mul PRAGMA {} RTLNAME mac_muladd_8s_8s_32s_32_4_1_U4434 SOURCE mmult_accel.cpp:210 VARIABLE mul_ln210_248 LOOP compute BUNDLEDNAME {} DSP 1 BRAM 0 URAM 0 DISPNAME {bind_op mul}} {BINDTYPE op ID {} IMPL dsp48 LATENCY 3 OPTYPE add PRAGMA {} RTLNAME mac_muladd_8s_8s_32s_32_4_1_U4434 SOURCE mmult_accel.cpp:210 VARIABLE add_ln210_248 LOOP compute BUNDLEDNAME {} DSP 1 BRAM 0 URAM 0 DISPNAME {bind_op add}} {BINDTYPE op ID {} IMPL dsp48 LATENCY 3 OPTYPE mul PRAGMA {} RTLNAME mac_muladd_8s_8s_32s_32_4_1_U4435 SOURCE mmult_accel.cpp:210 VARIABLE mul_ln210_249 LOOP compute BUNDLEDNAME {} DSP 1 BRAM 0 URAM 0 DISPNAME {bind_op mul}} {BINDTYPE op ID {} IMPL dsp48 LATENCY 3 OPTYPE add PRAGMA {} RTLNAME mac_muladd_8s_8s_32s_32_4_1_U4435 SOURCE mmult_accel.cpp:210 VARIABLE add_ln210_249 LOOP compute BUNDLEDNAME {} DSP 1 BRAM 0 URAM 0 DISPNAME {bind_op add}} {BINDTYPE op ID {} IMPL dsp48 LATENCY 3 OPTYPE mul PRAGMA {} RTLNAME mac_muladd_8s_8s_32s_32_4_1_U4436 SOURCE mmult_accel.cpp:210 VARIABLE mul_ln210_250 LOOP compute BUNDLEDNAME {} DSP 1 BRAM 0 URAM 0 DISPNAME {bind_op mul}} {BINDTYPE op ID {} IMPL dsp48 LATENCY 3 OPTYPE add PRAGMA {} RTLNAME mac_muladd_8s_8s_32s_32_4_1_U4436 SOURCE mmult_accel.cpp:210 VARIABLE add_ln210_250 LOOP compute BUNDLEDNAME {} DSP 1 BRAM 0 URAM 0 DISPNAME {bind_op add}} {BINDTYPE op ID {} IMPL dsp48 LATENCY 3 OPTYPE mul PRAGMA {} RTLNAME mac_muladd_8s_8s_32s_32_4_1_U4437 SOURCE mmult_accel.cpp:210 VARIABLE mul_ln210_251 LOOP compute BUNDLEDNAME {} DSP 1 BRAM 0 URAM 0 DISPNAME {bind_op mul}} {BINDTYPE op ID {} IMPL dsp48 LATENCY 3 OPTYPE add PRAGMA {} RTLNAME mac_muladd_8s_8s_32s_32_4_1_U4437 SOURCE mmult_accel.cpp:210 VARIABLE add_ln210_251 LOOP compute BUNDLEDNAME {} DSP 1 BRAM 0 URAM 0 DISPNAME {bind_op add}} {BINDTYPE op ID {} IMPL dsp48 LATENCY 3 OPTYPE mul PRAGMA {} RTLNAME mac_muladd_8s_8s_32s_32_4_1_U4438 SOURCE mmult_accel.cpp:210 VARIABLE mul_ln210_252 LOOP compute BUNDLEDNAME {} DSP 1 BRAM 0 URAM 0 DISPNAME {bind_op mul}} {BINDTYPE op ID {} IMPL dsp48 LATENCY 3 OPTYPE add PRAGMA {} RTLNAME mac_muladd_8s_8s_32s_32_4_1_U4438 SOURCE mmult_accel.cpp:210 VARIABLE add_ln210_252 LOOP compute BUNDLEDNAME {} DSP 1 BRAM 0 URAM 0 DISPNAME {bind_op add}} {BINDTYPE op ID {} IMPL dsp48 LATENCY 3 OPTYPE mul PRAGMA {} RTLNAME mac_muladd_8s_8s_32s_32_4_1_U4439 SOURCE mmult_accel.cpp:210 VARIABLE mul_ln210_253 LOOP compute BUNDLEDNAME {} DSP 1 BRAM 0 URAM 0 DISPNAME {bind_op mul}} {BINDTYPE op ID {} IMPL dsp48 LATENCY 3 OPTYPE add PRAGMA {} RTLNAME mac_muladd_8s_8s_32s_32_4_1_U4439 SOURCE mmult_accel.cpp:210 VARIABLE add_ln210_253 LOOP compute BUNDLEDNAME {} DSP 1 BRAM 0 URAM 0 DISPNAME {bind_op add}} {BINDTYPE op ID {} IMPL dsp48 LATENCY 3 OPTYPE mul PRAGMA {} RTLNAME mac_muladd_8s_8s_32s_32_4_1_U4440 SOURCE mmult_accel.cpp:210 VARIABLE mul_ln210_254 LOOP compute BUNDLEDNAME {} DSP 1 BRAM 0 URAM 0 DISPNAME {bind_op mul}} {BINDTYPE op ID {} IMPL dsp48 LATENCY 3 OPTYPE add PRAGMA {} RTLNAME mac_muladd_8s_8s_32s_32_4_1_U4440 SOURCE mmult_accel.cpp:210 VARIABLE add_ln210_254 LOOP compute BUNDLEDNAME {} DSP 1 BRAM 0 URAM 0 DISPNAME {bind_op add}} {BINDTYPE op ID {} IMPL dsp48 LATENCY 3 OPTYPE mul PRAGMA {} RTLNAME mac_muladd_8s_8s_32s_32_4_1_U4441 SOURCE mmult_accel.cpp:210 VARIABLE mul_ln210_255 LOOP compute BUNDLEDNAME {} DSP 1 BRAM 0 URAM 0 DISPNAME {bind_op mul}} {BINDTYPE op ID {} IMPL dsp48 LATENCY 3 OPTYPE add PRAGMA {} RTLNAME mac_muladd_8s_8s_32s_32_4_1_U4441 SOURCE mmult_accel.cpp:210 VARIABLE add_ln210_255 LOOP compute BUNDLEDNAME {} DSP 1 BRAM 0 URAM 0 DISPNAME {bind_op add}} {BINDTYPE op ID {} IMPL dsp48 LATENCY 3 OPTYPE mul PRAGMA {} RTLNAME mac_muladd_8s_8s_32s_32_4_1_U4442 SOURCE mmult_accel.cpp:210 VARIABLE mul_ln210_256 LOOP compute BUNDLEDNAME {} DSP 1 BRAM 0 URAM 0 DISPNAME {bind_op mul}} {BINDTYPE op ID {} IMPL dsp48 LATENCY 3 OPTYPE add PRAGMA {} RTLNAME mac_muladd_8s_8s_32s_32_4_1_U4442 SOURCE mmult_accel.cpp:210 VARIABLE add_ln210_256 LOOP compute BUNDLEDNAME {} DSP 1 BRAM 0 URAM 0 DISPNAME {bind_op add}} {BINDTYPE op ID {} IMPL dsp48 LATENCY 3 OPTYPE mul PRAGMA {} RTLNAME mac_muladd_8s_8s_32s_32_4_1_U4443 SOURCE mmult_accel.cpp:210 VARIABLE mul_ln210_257 LOOP compute BUNDLEDNAME {} DSP 1 BRAM 0 URAM 0 DISPNAME {bind_op mul}} {BINDTYPE op ID {} IMPL dsp48 LATENCY 3 OPTYPE add PRAGMA {} RTLNAME mac_muladd_8s_8s_32s_32_4_1_U4443 SOURCE mmult_accel.cpp:210 VARIABLE add_ln210_257 LOOP compute BUNDLEDNAME {} DSP 1 BRAM 0 URAM 0 DISPNAME {bind_op add}} {BINDTYPE op ID {} IMPL dsp48 LATENCY 3 OPTYPE mul PRAGMA {} RTLNAME mac_muladd_8s_8s_32s_32_4_1_U4444 SOURCE mmult_accel.cpp:210 VARIABLE mul_ln210_258 LOOP compute BUNDLEDNAME {} DSP 1 BRAM 0 URAM 0 DISPNAME {bind_op mul}} {BINDTYPE op ID {} IMPL dsp48 LATENCY 3 OPTYPE add PRAGMA {} RTLNAME mac_muladd_8s_8s_32s_32_4_1_U4444 SOURCE mmult_accel.cpp:210 VARIABLE add_ln210_258 LOOP compute BUNDLEDNAME {} DSP 1 BRAM 0 URAM 0 DISPNAME {bind_op add}} {BINDTYPE op ID {} IMPL dsp48 LATENCY 3 OPTYPE mul PRAGMA {} RTLNAME mac_muladd_8s_8s_32s_32_4_1_U4445 SOURCE mmult_accel.cpp:210 VARIABLE mul_ln210_259 LOOP compute BUNDLEDNAME {} DSP 1 BRAM 0 URAM 0 DISPNAME {bind_op mul}} {BINDTYPE op ID {} IMPL dsp48 LATENCY 3 OPTYPE add PRAGMA {} RTLNAME mac_muladd_8s_8s_32s_32_4_1_U4445 SOURCE mmult_accel.cpp:210 VARIABLE add_ln210_259 LOOP compute BUNDLEDNAME {} DSP 1 BRAM 0 URAM 0 DISPNAME {bind_op add}} {BINDTYPE op ID {} IMPL dsp48 LATENCY 3 OPTYPE mul PRAGMA {} RTLNAME mac_muladd_8s_8s_32s_32_4_1_U4446 SOURCE mmult_accel.cpp:210 VARIABLE mul_ln210_260 LOOP compute BUNDLEDNAME {} DSP 1 BRAM 0 URAM 0 DISPNAME {bind_op mul}} {BINDTYPE op ID {} IMPL dsp48 LATENCY 3 OPTYPE add PRAGMA {} RTLNAME mac_muladd_8s_8s_32s_32_4_1_U4446 SOURCE mmult_accel.cpp:210 VARIABLE add_ln210_260 LOOP compute BUNDLEDNAME {} DSP 1 BRAM 0 URAM 0 DISPNAME {bind_op add}} {BINDTYPE op ID {} IMPL dsp48 LATENCY 3 OPTYPE mul PRAGMA {} RTLNAME mac_muladd_8s_8s_32s_32_4_1_U4447 SOURCE mmult_accel.cpp:210 VARIABLE mul_ln210_261 LOOP compute BUNDLEDNAME {} DSP 1 BRAM 0 URAM 0 DISPNAME {bind_op mul}} {BINDTYPE op ID {} IMPL dsp48 LATENCY 3 OPTYPE add PRAGMA {} RTLNAME mac_muladd_8s_8s_32s_32_4_1_U4447 SOURCE mmult_accel.cpp:210 VARIABLE add_ln210_261 LOOP compute BUNDLEDNAME {} DSP 1 BRAM 0 URAM 0 DISPNAME {bind_op add}} {BINDTYPE op ID {} IMPL dsp48 LATENCY 3 OPTYPE mul PRAGMA {} RTLNAME mac_muladd_8s_8s_32s_32_4_1_U4448 SOURCE mmult_accel.cpp:210 VARIABLE mul_ln210_262 LOOP compute BUNDLEDNAME {} DSP 1 BRAM 0 URAM 0 DISPNAME {bind_op mul}} {BINDTYPE op ID {} IMPL dsp48 LATENCY 3 OPTYPE add PRAGMA {} RTLNAME mac_muladd_8s_8s_32s_32_4_1_U4448 SOURCE mmult_accel.cpp:210 VARIABLE add_ln210_262 LOOP compute BUNDLEDNAME {} DSP 1 BRAM 0 URAM 0 DISPNAME {bind_op add}} {BINDTYPE op ID {} IMPL dsp48 LATENCY 3 OPTYPE mul PRAGMA {} RTLNAME mac_muladd_8s_8s_32s_32_4_1_U4449 SOURCE mmult_accel.cpp:210 VARIABLE mul_ln210_263 LOOP compute BUNDLEDNAME {} DSP 1 BRAM 0 URAM 0 DISPNAME {bind_op mul}} {BINDTYPE op ID {} IMPL dsp48 LATENCY 3 OPTYPE add PRAGMA {} RTLNAME mac_muladd_8s_8s_32s_32_4_1_U4449 SOURCE mmult_accel.cpp:210 VARIABLE add_ln210_263 LOOP compute BUNDLEDNAME {} DSP 1 BRAM 0 URAM 0 DISPNAME {bind_op add}} {BINDTYPE op ID {} IMPL dsp48 LATENCY 3 OPTYPE mul PRAGMA {} RTLNAME mac_muladd_8s_8s_32s_32_4_1_U4450 SOURCE mmult_accel.cpp:210 VARIABLE mul_ln210_264 LOOP compute BUNDLEDNAME {} DSP 1 BRAM 0 URAM 0 DISPNAME {bind_op mul}} {BINDTYPE op ID {} IMPL dsp48 LATENCY 3 OPTYPE add PRAGMA {} RTLNAME mac_muladd_8s_8s_32s_32_4_1_U4450 SOURCE mmult_accel.cpp:210 VARIABLE add_ln210_264 LOOP compute BUNDLEDNAME {} DSP 1 BRAM 0 URAM 0 DISPNAME {bind_op add}} {BINDTYPE op ID {} IMPL dsp48 LATENCY 3 OPTYPE mul PRAGMA {} RTLNAME mac_muladd_8s_8s_32s_32_4_1_U4451 SOURCE mmult_accel.cpp:210 VARIABLE mul_ln210_265 LOOP compute BUNDLEDNAME {} DSP 1 BRAM 0 URAM 0 DISPNAME {bind_op mul}} {BINDTYPE op ID {} IMPL dsp48 LATENCY 3 OPTYPE add PRAGMA {} RTLNAME mac_muladd_8s_8s_32s_32_4_1_U4451 SOURCE mmult_accel.cpp:210 VARIABLE add_ln210_265 LOOP compute BUNDLEDNAME {} DSP 1 BRAM 0 URAM 0 DISPNAME {bind_op add}} {BINDTYPE op ID {} IMPL dsp48 LATENCY 3 OPTYPE mul PRAGMA {} RTLNAME mac_muladd_8s_8s_32s_32_4_1_U4452 SOURCE mmult_accel.cpp:210 VARIABLE mul_ln210_266 LOOP compute BUNDLEDNAME {} DSP 1 BRAM 0 URAM 0 DISPNAME {bind_op mul}} {BINDTYPE op ID {} IMPL dsp48 LATENCY 3 OPTYPE add PRAGMA {} RTLNAME mac_muladd_8s_8s_32s_32_4_1_U4452 SOURCE mmult_accel.cpp:210 VARIABLE add_ln210_266 LOOP compute BUNDLEDNAME {} DSP 1 BRAM 0 URAM 0 DISPNAME {bind_op add}} {BINDTYPE op ID {} IMPL dsp48 LATENCY 3 OPTYPE mul PRAGMA {} RTLNAME mac_muladd_8s_8s_32s_32_4_1_U4453 SOURCE mmult_accel.cpp:210 VARIABLE mul_ln210_267 LOOP compute BUNDLEDNAME {} DSP 1 BRAM 0 URAM 0 DISPNAME {bind_op mul}} {BINDTYPE op ID {} IMPL dsp48 LATENCY 3 OPTYPE add PRAGMA {} RTLNAME mac_muladd_8s_8s_32s_32_4_1_U4453 SOURCE mmult_accel.cpp:210 VARIABLE add_ln210_267 LOOP compute BUNDLEDNAME {} DSP 1 BRAM 0 URAM 0 DISPNAME {bind_op add}} {BINDTYPE op ID {} IMPL dsp48 LATENCY 3 OPTYPE mul PRAGMA {} RTLNAME mac_muladd_8s_8s_32s_32_4_1_U4454 SOURCE mmult_accel.cpp:210 VARIABLE mul_ln210_268 LOOP compute BUNDLEDNAME {} DSP 1 BRAM 0 URAM 0 DISPNAME {bind_op mul}} {BINDTYPE op ID {} IMPL dsp48 LATENCY 3 OPTYPE add PRAGMA {} RTLNAME mac_muladd_8s_8s_32s_32_4_1_U4454 SOURCE mmult_accel.cpp:210 VARIABLE add_ln210_268 LOOP compute BUNDLEDNAME {} DSP 1 BRAM 0 URAM 0 DISPNAME {bind_op add}} {BINDTYPE op ID {} IMPL dsp48 LATENCY 3 OPTYPE mul PRAGMA {} RTLNAME mac_muladd_8s_8s_32s_32_4_1_U4455 SOURCE mmult_accel.cpp:210 VARIABLE mul_ln210_269 LOOP compute BUNDLEDNAME {} DSP 1 BRAM 0 URAM 0 DISPNAME {bind_op mul}} {BINDTYPE op ID {} IMPL dsp48 LATENCY 3 OPTYPE add PRAGMA {} RTLNAME mac_muladd_8s_8s_32s_32_4_1_U4455 SOURCE mmult_accel.cpp:210 VARIABLE add_ln210_269 LOOP compute BUNDLEDNAME {} DSP 1 BRAM 0 URAM 0 DISPNAME {bind_op add}} {BINDTYPE op ID {} IMPL dsp48 LATENCY 3 OPTYPE mul PRAGMA {} RTLNAME mac_muladd_8s_8s_32s_32_4_1_U4456 SOURCE mmult_accel.cpp:210 VARIABLE mul_ln210_270 LOOP compute BUNDLEDNAME {} DSP 1 BRAM 0 URAM 0 DISPNAME {bind_op mul}} {BINDTYPE op ID {} IMPL dsp48 LATENCY 3 OPTYPE add PRAGMA {} RTLNAME mac_muladd_8s_8s_32s_32_4_1_U4456 SOURCE mmult_accel.cpp:210 VARIABLE add_ln210_270 LOOP compute BUNDLEDNAME {} DSP 1 BRAM 0 URAM 0 DISPNAME {bind_op add}} {BINDTYPE op ID {} IMPL dsp48 LATENCY 3 OPTYPE mul PRAGMA {} RTLNAME mac_muladd_8s_8s_32s_32_4_1_U4457 SOURCE mmult_accel.cpp:210 VARIABLE mul_ln210_271 LOOP compute BUNDLEDNAME {} DSP 1 BRAM 0 URAM 0 DISPNAME {bind_op mul}} {BINDTYPE op ID {} IMPL dsp48 LATENCY 3 OPTYPE add PRAGMA {} RTLNAME mac_muladd_8s_8s_32s_32_4_1_U4457 SOURCE mmult_accel.cpp:210 VARIABLE add_ln210_271 LOOP compute BUNDLEDNAME {} DSP 1 BRAM 0 URAM 0 DISPNAME {bind_op add}} {BINDTYPE op ID {} IMPL dsp48 LATENCY 3 OPTYPE mul PRAGMA {} RTLNAME mac_muladd_8s_8s_32s_32_4_1_U4458 SOURCE mmult_accel.cpp:210 VARIABLE mul_ln210_272 LOOP compute BUNDLEDNAME {} DSP 1 BRAM 0 URAM 0 DISPNAME {bind_op mul}} {BINDTYPE op ID {} IMPL dsp48 LATENCY 3 OPTYPE add PRAGMA {} RTLNAME mac_muladd_8s_8s_32s_32_4_1_U4458 SOURCE mmult_accel.cpp:210 VARIABLE add_ln210_272 LOOP compute BUNDLEDNAME {} DSP 1 BRAM 0 URAM 0 DISPNAME {bind_op add}} {BINDTYPE op ID {} IMPL dsp48 LATENCY 3 OPTYPE mul PRAGMA {} RTLNAME mac_muladd_8s_8s_32s_32_4_1_U4459 SOURCE mmult_accel.cpp:210 VARIABLE mul_ln210_273 LOOP compute BUNDLEDNAME {} DSP 1 BRAM 0 URAM 0 DISPNAME {bind_op mul}} {BINDTYPE op ID {} IMPL dsp48 LATENCY 3 OPTYPE add PRAGMA {} RTLNAME mac_muladd_8s_8s_32s_32_4_1_U4459 SOURCE mmult_accel.cpp:210 VARIABLE add_ln210_273 LOOP compute BUNDLEDNAME {} DSP 1 BRAM 0 URAM 0 DISPNAME {bind_op add}} {BINDTYPE op ID {} IMPL dsp48 LATENCY 3 OPTYPE mul PRAGMA {} RTLNAME mac_muladd_8s_8s_32s_32_4_1_U4460 SOURCE mmult_accel.cpp:210 VARIABLE mul_ln210_274 LOOP compute BUNDLEDNAME {} DSP 1 BRAM 0 URAM 0 DISPNAME {bind_op mul}} {BINDTYPE op ID {} IMPL dsp48 LATENCY 3 OPTYPE add PRAGMA {} RTLNAME mac_muladd_8s_8s_32s_32_4_1_U4460 SOURCE mmult_accel.cpp:210 VARIABLE add_ln210_274 LOOP compute BUNDLEDNAME {} DSP 1 BRAM 0 URAM 0 DISPNAME {bind_op add}} {BINDTYPE op ID {} IMPL dsp48 LATENCY 3 OPTYPE mul PRAGMA {} RTLNAME mac_muladd_8s_8s_32s_32_4_1_U4461 SOURCE mmult_accel.cpp:210 VARIABLE mul_ln210_275 LOOP compute BUNDLEDNAME {} DSP 1 BRAM 0 URAM 0 DISPNAME {bind_op mul}} {BINDTYPE op ID {} IMPL dsp48 LATENCY 3 OPTYPE add PRAGMA {} RTLNAME mac_muladd_8s_8s_32s_32_4_1_U4461 SOURCE mmult_accel.cpp:210 VARIABLE add_ln210_275 LOOP compute BUNDLEDNAME {} DSP 1 BRAM 0 URAM 0 DISPNAME {bind_op add}} {BINDTYPE op ID {} IMPL dsp48 LATENCY 3 OPTYPE mul PRAGMA {} RTLNAME mac_muladd_8s_8s_32s_32_4_1_U4462 SOURCE mmult_accel.cpp:210 VARIABLE mul_ln210_276 LOOP compute BUNDLEDNAME {} DSP 1 BRAM 0 URAM 0 DISPNAME {bind_op mul}} {BINDTYPE op ID {} IMPL dsp48 LATENCY 3 OPTYPE add PRAGMA {} RTLNAME mac_muladd_8s_8s_32s_32_4_1_U4462 SOURCE mmult_accel.cpp:210 VARIABLE add_ln210_276 LOOP compute BUNDLEDNAME {} DSP 1 BRAM 0 URAM 0 DISPNAME {bind_op add}} {BINDTYPE op ID {} IMPL dsp48 LATENCY 3 OPTYPE mul PRAGMA {} RTLNAME mac_muladd_8s_8s_32s_32_4_1_U4463 SOURCE mmult_accel.cpp:210 VARIABLE mul_ln210_277 LOOP compute BUNDLEDNAME {} DSP 1 BRAM 0 URAM 0 DISPNAME {bind_op mul}} {BINDTYPE op ID {} IMPL dsp48 LATENCY 3 OPTYPE add PRAGMA {} RTLNAME mac_muladd_8s_8s_32s_32_4_1_U4463 SOURCE mmult_accel.cpp:210 VARIABLE add_ln210_277 LOOP compute BUNDLEDNAME {} DSP 1 BRAM 0 URAM 0 DISPNAME {bind_op add}} {BINDTYPE op ID {} IMPL dsp48 LATENCY 3 OPTYPE mul PRAGMA {} RTLNAME mac_muladd_8s_8s_32s_32_4_1_U4464 SOURCE mmult_accel.cpp:210 VARIABLE mul_ln210_278 LOOP compute BUNDLEDNAME {} DSP 1 BRAM 0 URAM 0 DISPNAME {bind_op mul}} {BINDTYPE op ID {} IMPL dsp48 LATENCY 3 OPTYPE add PRAGMA {} RTLNAME mac_muladd_8s_8s_32s_32_4_1_U4464 SOURCE mmult_accel.cpp:210 VARIABLE add_ln210_278 LOOP compute BUNDLEDNAME {} DSP 1 BRAM 0 URAM 0 DISPNAME {bind_op add}} {BINDTYPE op ID {} IMPL dsp48 LATENCY 3 OPTYPE mul PRAGMA {} RTLNAME mac_muladd_8s_8s_32s_32_4_1_U4465 SOURCE mmult_accel.cpp:210 VARIABLE mul_ln210_279 LOOP compute BUNDLEDNAME {} DSP 1 BRAM 0 URAM 0 DISPNAME {bind_op mul}} {BINDTYPE op ID {} IMPL dsp48 LATENCY 3 OPTYPE add PRAGMA {} RTLNAME mac_muladd_8s_8s_32s_32_4_1_U4465 SOURCE mmult_accel.cpp:210 VARIABLE add_ln210_279 LOOP compute BUNDLEDNAME {} DSP 1 BRAM 0 URAM 0 DISPNAME {bind_op add}} {BINDTYPE op ID {} IMPL dsp48 LATENCY 3 OPTYPE mul PRAGMA {} RTLNAME mac_muladd_8s_8s_32s_32_4_1_U4466 SOURCE mmult_accel.cpp:210 VARIABLE mul_ln210_280 LOOP compute BUNDLEDNAME {} DSP 1 BRAM 0 URAM 0 DISPNAME {bind_op mul}} {BINDTYPE op ID {} IMPL dsp48 LATENCY 3 OPTYPE add PRAGMA {} RTLNAME mac_muladd_8s_8s_32s_32_4_1_U4466 SOURCE mmult_accel.cpp:210 VARIABLE add_ln210_280 LOOP compute BUNDLEDNAME {} DSP 1 BRAM 0 URAM 0 DISPNAME {bind_op add}} {BINDTYPE op ID {} IMPL dsp48 LATENCY 3 OPTYPE mul PRAGMA {} RTLNAME mac_muladd_8s_8s_32s_32_4_1_U4467 SOURCE mmult_accel.cpp:210 VARIABLE mul_ln210_281 LOOP compute BUNDLEDNAME {} DSP 1 BRAM 0 URAM 0 DISPNAME {bind_op mul}} {BINDTYPE op ID {} IMPL dsp48 LATENCY 3 OPTYPE add PRAGMA {} RTLNAME mac_muladd_8s_8s_32s_32_4_1_U4467 SOURCE mmult_accel.cpp:210 VARIABLE add_ln210_281 LOOP compute BUNDLEDNAME {} DSP 1 BRAM 0 URAM 0 DISPNAME {bind_op add}} {BINDTYPE op ID {} IMPL dsp48 LATENCY 3 OPTYPE mul PRAGMA {} RTLNAME mac_muladd_8s_8s_32s_32_4_1_U4468 SOURCE mmult_accel.cpp:210 VARIABLE mul_ln210_282 LOOP compute BUNDLEDNAME {} DSP 1 BRAM 0 URAM 0 DISPNAME {bind_op mul}} {BINDTYPE op ID {} IMPL dsp48 LATENCY 3 OPTYPE add PRAGMA {} RTLNAME mac_muladd_8s_8s_32s_32_4_1_U4468 SOURCE mmult_accel.cpp:210 VARIABLE add_ln210_282 LOOP compute BUNDLEDNAME {} DSP 1 BRAM 0 URAM 0 DISPNAME {bind_op add}} {BINDTYPE op ID {} IMPL dsp48 LATENCY 3 OPTYPE mul PRAGMA {} RTLNAME mac_muladd_8s_8s_32s_32_4_1_U4469 SOURCE mmult_accel.cpp:210 VARIABLE mul_ln210_283 LOOP compute BUNDLEDNAME {} DSP 1 BRAM 0 URAM 0 DISPNAME {bind_op mul}} {BINDTYPE op ID {} IMPL dsp48 LATENCY 3 OPTYPE add PRAGMA {} RTLNAME mac_muladd_8s_8s_32s_32_4_1_U4469 SOURCE mmult_accel.cpp:210 VARIABLE add_ln210_283 LOOP compute BUNDLEDNAME {} DSP 1 BRAM 0 URAM 0 DISPNAME {bind_op add}} {BINDTYPE op ID {} IMPL dsp48 LATENCY 3 OPTYPE mul PRAGMA {} RTLNAME mac_muladd_8s_8s_32s_32_4_1_U4470 SOURCE mmult_accel.cpp:210 VARIABLE mul_ln210_284 LOOP compute BUNDLEDNAME {} DSP 1 BRAM 0 URAM 0 DISPNAME {bind_op mul}} {BINDTYPE op ID {} IMPL dsp48 LATENCY 3 OPTYPE add PRAGMA {} RTLNAME mac_muladd_8s_8s_32s_32_4_1_U4470 SOURCE mmult_accel.cpp:210 VARIABLE add_ln210_284 LOOP compute BUNDLEDNAME {} DSP 1 BRAM 0 URAM 0 DISPNAME {bind_op add}} {BINDTYPE op ID {} IMPL dsp48 LATENCY 3 OPTYPE mul PRAGMA {} RTLNAME mac_muladd_8s_8s_32s_32_4_1_U4471 SOURCE mmult_accel.cpp:210 VARIABLE mul_ln210_285 LOOP compute BUNDLEDNAME {} DSP 1 BRAM 0 URAM 0 DISPNAME {bind_op mul}} {BINDTYPE op ID {} IMPL dsp48 LATENCY 3 OPTYPE add PRAGMA {} RTLNAME mac_muladd_8s_8s_32s_32_4_1_U4471 SOURCE mmult_accel.cpp:210 VARIABLE add_ln210_285 LOOP compute BUNDLEDNAME {} DSP 1 BRAM 0 URAM 0 DISPNAME {bind_op add}} {BINDTYPE op ID {} IMPL dsp48 LATENCY 3 OPTYPE mul PRAGMA {} RTLNAME mac_muladd_8s_8s_32s_32_4_1_U4472 SOURCE mmult_accel.cpp:210 VARIABLE mul_ln210_286 LOOP compute BUNDLEDNAME {} DSP 1 BRAM 0 URAM 0 DISPNAME {bind_op mul}} {BINDTYPE op ID {} IMPL dsp48 LATENCY 3 OPTYPE add PRAGMA {} RTLNAME mac_muladd_8s_8s_32s_32_4_1_U4472 SOURCE mmult_accel.cpp:210 VARIABLE add_ln210_286 LOOP compute BUNDLEDNAME {} DSP 1 BRAM 0 URAM 0 DISPNAME {bind_op add}} {BINDTYPE op ID {} IMPL dsp48 LATENCY 3 OPTYPE mul PRAGMA {} RTLNAME mac_muladd_8s_8s_32s_32_4_1_U4473 SOURCE mmult_accel.cpp:210 VARIABLE mul_ln210_287 LOOP compute BUNDLEDNAME {} DSP 1 BRAM 0 URAM 0 DISPNAME {bind_op mul}} {BINDTYPE op ID {} IMPL dsp48 LATENCY 3 OPTYPE add PRAGMA {} RTLNAME mac_muladd_8s_8s_32s_32_4_1_U4473 SOURCE mmult_accel.cpp:210 VARIABLE add_ln210_287 LOOP compute BUNDLEDNAME {} DSP 1 BRAM 0 URAM 0 DISPNAME {bind_op add}} {BINDTYPE op ID {} IMPL dsp48 LATENCY 3 OPTYPE mul PRAGMA {} RTLNAME mac_muladd_8s_8s_32s_32_4_1_U4474 SOURCE mmult_accel.cpp:210 VARIABLE mul_ln210_288 LOOP compute BUNDLEDNAME {} DSP 1 BRAM 0 URAM 0 DISPNAME {bind_op mul}} {BINDTYPE op ID {} IMPL dsp48 LATENCY 3 OPTYPE add PRAGMA {} RTLNAME mac_muladd_8s_8s_32s_32_4_1_U4474 SOURCE mmult_accel.cpp:210 VARIABLE add_ln210_288 LOOP compute BUNDLEDNAME {} DSP 1 BRAM 0 URAM 0 DISPNAME {bind_op add}} {BINDTYPE op ID {} IMPL dsp48 LATENCY 3 OPTYPE mul PRAGMA {} RTLNAME mac_muladd_8s_8s_32s_32_4_1_U4475 SOURCE mmult_accel.cpp:210 VARIABLE mul_ln210_289 LOOP compute BUNDLEDNAME {} DSP 1 BRAM 0 URAM 0 DISPNAME {bind_op mul}} {BINDTYPE op ID {} IMPL dsp48 LATENCY 3 OPTYPE add PRAGMA {} RTLNAME mac_muladd_8s_8s_32s_32_4_1_U4475 SOURCE mmult_accel.cpp:210 VARIABLE add_ln210_289 LOOP compute BUNDLEDNAME {} DSP 1 BRAM 0 URAM 0 DISPNAME {bind_op add}} {BINDTYPE op ID {} IMPL dsp48 LATENCY 3 OPTYPE mul PRAGMA {} RTLNAME mac_muladd_8s_8s_32s_32_4_1_U4476 SOURCE mmult_accel.cpp:210 VARIABLE mul_ln210_290 LOOP compute BUNDLEDNAME {} DSP 1 BRAM 0 URAM 0 DISPNAME {bind_op mul}} {BINDTYPE op ID {} IMPL dsp48 LATENCY 3 OPTYPE add PRAGMA {} RTLNAME mac_muladd_8s_8s_32s_32_4_1_U4476 SOURCE mmult_accel.cpp:210 VARIABLE add_ln210_290 LOOP compute BUNDLEDNAME {} DSP 1 BRAM 0 URAM 0 DISPNAME {bind_op add}} {BINDTYPE op ID {} IMPL dsp48 LATENCY 3 OPTYPE mul PRAGMA {} RTLNAME mac_muladd_8s_8s_32s_32_4_1_U4477 SOURCE mmult_accel.cpp:210 VARIABLE mul_ln210_291 LOOP compute BUNDLEDNAME {} DSP 1 BRAM 0 URAM 0 DISPNAME {bind_op mul}} {BINDTYPE op ID {} IMPL dsp48 LATENCY 3 OPTYPE add PRAGMA {} RTLNAME mac_muladd_8s_8s_32s_32_4_1_U4477 SOURCE mmult_accel.cpp:210 VARIABLE add_ln210_291 LOOP compute BUNDLEDNAME {} DSP 1 BRAM 0 URAM 0 DISPNAME {bind_op add}} {BINDTYPE op ID {} IMPL dsp48 LATENCY 3 OPTYPE mul PRAGMA {} RTLNAME mac_muladd_8s_8s_32s_32_4_1_U4478 SOURCE mmult_accel.cpp:210 VARIABLE mul_ln210_292 LOOP compute BUNDLEDNAME {} DSP 1 BRAM 0 URAM 0 DISPNAME {bind_op mul}} {BINDTYPE op ID {} IMPL dsp48 LATENCY 3 OPTYPE add PRAGMA {} RTLNAME mac_muladd_8s_8s_32s_32_4_1_U4478 SOURCE mmult_accel.cpp:210 VARIABLE add_ln210_292 LOOP compute BUNDLEDNAME {} DSP 1 BRAM 0 URAM 0 DISPNAME {bind_op add}} {BINDTYPE op ID {} IMPL dsp48 LATENCY 3 OPTYPE mul PRAGMA {} RTLNAME mac_muladd_8s_8s_32s_32_4_1_U4479 SOURCE mmult_accel.cpp:210 VARIABLE mul_ln210_293 LOOP compute BUNDLEDNAME {} DSP 1 BRAM 0 URAM 0 DISPNAME {bind_op mul}} {BINDTYPE op ID {} IMPL dsp48 LATENCY 3 OPTYPE add PRAGMA {} RTLNAME mac_muladd_8s_8s_32s_32_4_1_U4479 SOURCE mmult_accel.cpp:210 VARIABLE add_ln210_293 LOOP compute BUNDLEDNAME {} DSP 1 BRAM 0 URAM 0 DISPNAME {bind_op add}} {BINDTYPE op ID {} IMPL dsp48 LATENCY 3 OPTYPE mul PRAGMA {} RTLNAME mac_muladd_8s_8s_32s_32_4_1_U4480 SOURCE mmult_accel.cpp:210 VARIABLE mul_ln210_294 LOOP compute BUNDLEDNAME {} DSP 1 BRAM 0 URAM 0 DISPNAME {bind_op mul}} {BINDTYPE op ID {} IMPL dsp48 LATENCY 3 OPTYPE add PRAGMA {} RTLNAME mac_muladd_8s_8s_32s_32_4_1_U4480 SOURCE mmult_accel.cpp:210 VARIABLE add_ln210_294 LOOP compute BUNDLEDNAME {} DSP 1 BRAM 0 URAM 0 DISPNAME {bind_op add}} {BINDTYPE op ID {} IMPL dsp48 LATENCY 3 OPTYPE mul PRAGMA {} RTLNAME mac_muladd_8s_8s_32s_32_4_1_U4481 SOURCE mmult_accel.cpp:210 VARIABLE mul_ln210_295 LOOP compute BUNDLEDNAME {} DSP 1 BRAM 0 URAM 0 DISPNAME {bind_op mul}} {BINDTYPE op ID {} IMPL dsp48 LATENCY 3 OPTYPE add PRAGMA {} RTLNAME mac_muladd_8s_8s_32s_32_4_1_U4481 SOURCE mmult_accel.cpp:210 VARIABLE add_ln210_295 LOOP compute BUNDLEDNAME {} DSP 1 BRAM 0 URAM 0 DISPNAME {bind_op add}} {BINDTYPE op ID {} IMPL dsp48 LATENCY 3 OPTYPE mul PRAGMA {} RTLNAME mac_muladd_8s_8s_32s_32_4_1_U4482 SOURCE mmult_accel.cpp:210 VARIABLE mul_ln210_296 LOOP compute BUNDLEDNAME {} DSP 1 BRAM 0 URAM 0 DISPNAME {bind_op mul}} {BINDTYPE op ID {} IMPL dsp48 LATENCY 3 OPTYPE add PRAGMA {} RTLNAME mac_muladd_8s_8s_32s_32_4_1_U4482 SOURCE mmult_accel.cpp:210 VARIABLE add_ln210_296 LOOP compute BUNDLEDNAME {} DSP 1 BRAM 0 URAM 0 DISPNAME {bind_op add}} {BINDTYPE op ID {} IMPL dsp48 LATENCY 3 OPTYPE mul PRAGMA {} RTLNAME mac_muladd_8s_8s_32s_32_4_1_U4483 SOURCE mmult_accel.cpp:210 VARIABLE mul_ln210_297 LOOP compute BUNDLEDNAME {} DSP 1 BRAM 0 URAM 0 DISPNAME {bind_op mul}} {BINDTYPE op ID {} IMPL dsp48 LATENCY 3 OPTYPE add PRAGMA {} RTLNAME mac_muladd_8s_8s_32s_32_4_1_U4483 SOURCE mmult_accel.cpp:210 VARIABLE add_ln210_297 LOOP compute BUNDLEDNAME {} DSP 1 BRAM 0 URAM 0 DISPNAME {bind_op add}} {BINDTYPE op ID {} IMPL dsp48 LATENCY 3 OPTYPE mul PRAGMA {} RTLNAME mac_muladd_8s_8s_32s_32_4_1_U4484 SOURCE mmult_accel.cpp:210 VARIABLE mul_ln210_298 LOOP compute BUNDLEDNAME {} DSP 1 BRAM 0 URAM 0 DISPNAME {bind_op mul}} {BINDTYPE op ID {} IMPL dsp48 LATENCY 3 OPTYPE add PRAGMA {} RTLNAME mac_muladd_8s_8s_32s_32_4_1_U4484 SOURCE mmult_accel.cpp:210 VARIABLE add_ln210_298 LOOP compute BUNDLEDNAME {} DSP 1 BRAM 0 URAM 0 DISPNAME {bind_op add}} {BINDTYPE op ID {} IMPL dsp48 LATENCY 3 OPTYPE mul PRAGMA {} RTLNAME mac_muladd_8s_8s_32s_32_4_1_U4485 SOURCE mmult_accel.cpp:210 VARIABLE mul_ln210_299 LOOP compute BUNDLEDNAME {} DSP 1 BRAM 0 URAM 0 DISPNAME {bind_op mul}} {BINDTYPE op ID {} IMPL dsp48 LATENCY 3 OPTYPE add PRAGMA {} RTLNAME mac_muladd_8s_8s_32s_32_4_1_U4485 SOURCE mmult_accel.cpp:210 VARIABLE add_ln210_299 LOOP compute BUNDLEDNAME {} DSP 1 BRAM 0 URAM 0 DISPNAME {bind_op add}} {BINDTYPE op ID {} IMPL dsp48 LATENCY 3 OPTYPE mul PRAGMA {} RTLNAME mac_muladd_8s_8s_32s_32_4_1_U4486 SOURCE mmult_accel.cpp:210 VARIABLE mul_ln210_300 LOOP compute BUNDLEDNAME {} DSP 1 BRAM 0 URAM 0 DISPNAME {bind_op mul}} {BINDTYPE op ID {} IMPL dsp48 LATENCY 3 OPTYPE add PRAGMA {} RTLNAME mac_muladd_8s_8s_32s_32_4_1_U4486 SOURCE mmult_accel.cpp:210 VARIABLE add_ln210_300 LOOP compute BUNDLEDNAME {} DSP 1 BRAM 0 URAM 0 DISPNAME {bind_op add}} {BINDTYPE op ID {} IMPL dsp48 LATENCY 3 OPTYPE mul PRAGMA {} RTLNAME mac_muladd_8s_8s_32s_32_4_1_U4487 SOURCE mmult_accel.cpp:210 VARIABLE mul_ln210_301 LOOP compute BUNDLEDNAME {} DSP 1 BRAM 0 URAM 0 DISPNAME {bind_op mul}} {BINDTYPE op ID {} IMPL dsp48 LATENCY 3 OPTYPE add PRAGMA {} RTLNAME mac_muladd_8s_8s_32s_32_4_1_U4487 SOURCE mmult_accel.cpp:210 VARIABLE add_ln210_301 LOOP compute BUNDLEDNAME {} DSP 1 BRAM 0 URAM 0 DISPNAME {bind_op add}} {BINDTYPE op ID {} IMPL dsp48 LATENCY 3 OPTYPE mul PRAGMA {} RTLNAME mac_muladd_8s_8s_32s_32_4_1_U4488 SOURCE mmult_accel.cpp:210 VARIABLE mul_ln210_302 LOOP compute BUNDLEDNAME {} DSP 1 BRAM 0 URAM 0 DISPNAME {bind_op mul}} {BINDTYPE op ID {} IMPL dsp48 LATENCY 3 OPTYPE add PRAGMA {} RTLNAME mac_muladd_8s_8s_32s_32_4_1_U4488 SOURCE mmult_accel.cpp:210 VARIABLE add_ln210_302 LOOP compute BUNDLEDNAME {} DSP 1 BRAM 0 URAM 0 DISPNAME {bind_op add}} {BINDTYPE op ID {} IMPL dsp48 LATENCY 3 OPTYPE mul PRAGMA {} RTLNAME mac_muladd_8s_8s_32s_32_4_1_U4489 SOURCE mmult_accel.cpp:210 VARIABLE mul_ln210_303 LOOP compute BUNDLEDNAME {} DSP 1 BRAM 0 URAM 0 DISPNAME {bind_op mul}} {BINDTYPE op ID {} IMPL dsp48 LATENCY 3 OPTYPE add PRAGMA {} RTLNAME mac_muladd_8s_8s_32s_32_4_1_U4489 SOURCE mmult_accel.cpp:210 VARIABLE add_ln210_303 LOOP compute BUNDLEDNAME {} DSP 1 BRAM 0 URAM 0 DISPNAME {bind_op add}} {BINDTYPE op ID {} IMPL dsp48 LATENCY 3 OPTYPE mul PRAGMA {} RTLNAME mac_muladd_8s_8s_32s_32_4_1_U4490 SOURCE mmult_accel.cpp:210 VARIABLE mul_ln210_304 LOOP compute BUNDLEDNAME {} DSP 1 BRAM 0 URAM 0 DISPNAME {bind_op mul}} {BINDTYPE op ID {} IMPL dsp48 LATENCY 3 OPTYPE add PRAGMA {} RTLNAME mac_muladd_8s_8s_32s_32_4_1_U4490 SOURCE mmult_accel.cpp:210 VARIABLE add_ln210_304 LOOP compute BUNDLEDNAME {} DSP 1 BRAM 0 URAM 0 DISPNAME {bind_op add}} {BINDTYPE op ID {} IMPL dsp48 LATENCY 3 OPTYPE mul PRAGMA {} RTLNAME mac_muladd_8s_8s_32s_32_4_1_U4491 SOURCE mmult_accel.cpp:210 VARIABLE mul_ln210_305 LOOP compute BUNDLEDNAME {} DSP 1 BRAM 0 URAM 0 DISPNAME {bind_op mul}} {BINDTYPE op ID {} IMPL dsp48 LATENCY 3 OPTYPE add PRAGMA {} RTLNAME mac_muladd_8s_8s_32s_32_4_1_U4491 SOURCE mmult_accel.cpp:210 VARIABLE add_ln210_305 LOOP compute BUNDLEDNAME {} DSP 1 BRAM 0 URAM 0 DISPNAME {bind_op add}} {BINDTYPE op ID {} IMPL dsp48 LATENCY 3 OPTYPE mul PRAGMA {} RTLNAME mac_muladd_8s_8s_32s_32_4_1_U4492 SOURCE mmult_accel.cpp:210 VARIABLE mul_ln210_306 LOOP compute BUNDLEDNAME {} DSP 1 BRAM 0 URAM 0 DISPNAME {bind_op mul}} {BINDTYPE op ID {} IMPL dsp48 LATENCY 3 OPTYPE add PRAGMA {} RTLNAME mac_muladd_8s_8s_32s_32_4_1_U4492 SOURCE mmult_accel.cpp:210 VARIABLE add_ln210_306 LOOP compute BUNDLEDNAME {} DSP 1 BRAM 0 URAM 0 DISPNAME {bind_op add}} {BINDTYPE op ID {} IMPL dsp48 LATENCY 3 OPTYPE mul PRAGMA {} RTLNAME mac_muladd_8s_8s_32s_32_4_1_U4493 SOURCE mmult_accel.cpp:210 VARIABLE mul_ln210_307 LOOP compute BUNDLEDNAME {} DSP 1 BRAM 0 URAM 0 DISPNAME {bind_op mul}} {BINDTYPE op ID {} IMPL dsp48 LATENCY 3 OPTYPE add PRAGMA {} RTLNAME mac_muladd_8s_8s_32s_32_4_1_U4493 SOURCE mmult_accel.cpp:210 VARIABLE add_ln210_307 LOOP compute BUNDLEDNAME {} DSP 1 BRAM 0 URAM 0 DISPNAME {bind_op add}} {BINDTYPE op ID {} IMPL dsp48 LATENCY 3 OPTYPE mul PRAGMA {} RTLNAME mac_muladd_8s_8s_32s_32_4_1_U4494 SOURCE mmult_accel.cpp:210 VARIABLE mul_ln210_308 LOOP compute BUNDLEDNAME {} DSP 1 BRAM 0 URAM 0 DISPNAME {bind_op mul}} {BINDTYPE op ID {} IMPL dsp48 LATENCY 3 OPTYPE add PRAGMA {} RTLNAME mac_muladd_8s_8s_32s_32_4_1_U4494 SOURCE mmult_accel.cpp:210 VARIABLE add_ln210_308 LOOP compute BUNDLEDNAME {} DSP 1 BRAM 0 URAM 0 DISPNAME {bind_op add}} {BINDTYPE op ID {} IMPL dsp48 LATENCY 3 OPTYPE mul PRAGMA {} RTLNAME mac_muladd_8s_8s_32s_32_4_1_U4495 SOURCE mmult_accel.cpp:210 VARIABLE mul_ln210_309 LOOP compute BUNDLEDNAME {} DSP 1 BRAM 0 URAM 0 DISPNAME {bind_op mul}} {BINDTYPE op ID {} IMPL dsp48 LATENCY 3 OPTYPE add PRAGMA {} RTLNAME mac_muladd_8s_8s_32s_32_4_1_U4495 SOURCE mmult_accel.cpp:210 VARIABLE add_ln210_309 LOOP compute BUNDLEDNAME {} DSP 1 BRAM 0 URAM 0 DISPNAME {bind_op add}} {BINDTYPE op ID {} IMPL dsp48 LATENCY 3 OPTYPE mul PRAGMA {} RTLNAME mac_muladd_8s_8s_32s_32_4_1_U4496 SOURCE mmult_accel.cpp:210 VARIABLE mul_ln210_310 LOOP compute BUNDLEDNAME {} DSP 1 BRAM 0 URAM 0 DISPNAME {bind_op mul}} {BINDTYPE op ID {} IMPL dsp48 LATENCY 3 OPTYPE add PRAGMA {} RTLNAME mac_muladd_8s_8s_32s_32_4_1_U4496 SOURCE mmult_accel.cpp:210 VARIABLE add_ln210_310 LOOP compute BUNDLEDNAME {} DSP 1 BRAM 0 URAM 0 DISPNAME {bind_op add}} {BINDTYPE op ID {} IMPL dsp48 LATENCY 3 OPTYPE mul PRAGMA {} RTLNAME mac_muladd_8s_8s_32s_32_4_1_U4497 SOURCE mmult_accel.cpp:210 VARIABLE mul_ln210_311 LOOP compute BUNDLEDNAME {} DSP 1 BRAM 0 URAM 0 DISPNAME {bind_op mul}} {BINDTYPE op ID {} IMPL dsp48 LATENCY 3 OPTYPE add PRAGMA {} RTLNAME mac_muladd_8s_8s_32s_32_4_1_U4497 SOURCE mmult_accel.cpp:210 VARIABLE add_ln210_311 LOOP compute BUNDLEDNAME {} DSP 1 BRAM 0 URAM 0 DISPNAME {bind_op add}} {BINDTYPE op ID {} IMPL dsp48 LATENCY 3 OPTYPE mul PRAGMA {} RTLNAME mac_muladd_8s_8s_32s_32_4_1_U4498 SOURCE mmult_accel.cpp:210 VARIABLE mul_ln210_312 LOOP compute BUNDLEDNAME {} DSP 1 BRAM 0 URAM 0 DISPNAME {bind_op mul}} {BINDTYPE op ID {} IMPL dsp48 LATENCY 3 OPTYPE add PRAGMA {} RTLNAME mac_muladd_8s_8s_32s_32_4_1_U4498 SOURCE mmult_accel.cpp:210 VARIABLE add_ln210_312 LOOP compute BUNDLEDNAME {} DSP 1 BRAM 0 URAM 0 DISPNAME {bind_op add}} {BINDTYPE op ID {} IMPL dsp48 LATENCY 3 OPTYPE mul PRAGMA {} RTLNAME mac_muladd_8s_8s_32s_32_4_1_U4499 SOURCE mmult_accel.cpp:210 VARIABLE mul_ln210_313 LOOP compute BUNDLEDNAME {} DSP 1 BRAM 0 URAM 0 DISPNAME {bind_op mul}} {BINDTYPE op ID {} IMPL dsp48 LATENCY 3 OPTYPE add PRAGMA {} RTLNAME mac_muladd_8s_8s_32s_32_4_1_U4499 SOURCE mmult_accel.cpp:210 VARIABLE add_ln210_313 LOOP compute BUNDLEDNAME {} DSP 1 BRAM 0 URAM 0 DISPNAME {bind_op add}} {BINDTYPE op ID {} IMPL dsp48 LATENCY 3 OPTYPE mul PRAGMA {} RTLNAME mac_muladd_8s_8s_32s_32_4_1_U4500 SOURCE mmult_accel.cpp:210 VARIABLE mul_ln210_314 LOOP compute BUNDLEDNAME {} DSP 1 BRAM 0 URAM 0 DISPNAME {bind_op mul}} {BINDTYPE op ID {} IMPL dsp48 LATENCY 3 OPTYPE add PRAGMA {} RTLNAME mac_muladd_8s_8s_32s_32_4_1_U4500 SOURCE mmult_accel.cpp:210 VARIABLE add_ln210_314 LOOP compute BUNDLEDNAME {} DSP 1 BRAM 0 URAM 0 DISPNAME {bind_op add}} {BINDTYPE op ID {} IMPL dsp48 LATENCY 3 OPTYPE mul PRAGMA {} RTLNAME mac_muladd_8s_8s_32s_32_4_1_U4501 SOURCE mmult_accel.cpp:210 VARIABLE mul_ln210_315 LOOP compute BUNDLEDNAME {} DSP 1 BRAM 0 URAM 0 DISPNAME {bind_op mul}} {BINDTYPE op ID {} IMPL dsp48 LATENCY 3 OPTYPE add PRAGMA {} RTLNAME mac_muladd_8s_8s_32s_32_4_1_U4501 SOURCE mmult_accel.cpp:210 VARIABLE add_ln210_315 LOOP compute BUNDLEDNAME {} DSP 1 BRAM 0 URAM 0 DISPNAME {bind_op add}} {BINDTYPE op ID {} IMPL dsp48 LATENCY 3 OPTYPE mul PRAGMA {} RTLNAME mac_muladd_8s_8s_32s_32_4_1_U4502 SOURCE mmult_accel.cpp:210 VARIABLE mul_ln210_316 LOOP compute BUNDLEDNAME {} DSP 1 BRAM 0 URAM 0 DISPNAME {bind_op mul}} {BINDTYPE op ID {} IMPL dsp48 LATENCY 3 OPTYPE add PRAGMA {} RTLNAME mac_muladd_8s_8s_32s_32_4_1_U4502 SOURCE mmult_accel.cpp:210 VARIABLE add_ln210_316 LOOP compute BUNDLEDNAME {} DSP 1 BRAM 0 URAM 0 DISPNAME {bind_op add}} {BINDTYPE op ID {} IMPL dsp48 LATENCY 3 OPTYPE mul PRAGMA {} RTLNAME mac_muladd_8s_8s_32s_32_4_1_U4503 SOURCE mmult_accel.cpp:210 VARIABLE mul_ln210_317 LOOP compute BUNDLEDNAME {} DSP 1 BRAM 0 URAM 0 DISPNAME {bind_op mul}} {BINDTYPE op ID {} IMPL dsp48 LATENCY 3 OPTYPE add PRAGMA {} RTLNAME mac_muladd_8s_8s_32s_32_4_1_U4503 SOURCE mmult_accel.cpp:210 VARIABLE add_ln210_317 LOOP compute BUNDLEDNAME {} DSP 1 BRAM 0 URAM 0 DISPNAME {bind_op add}} {BINDTYPE op ID {} IMPL dsp48 LATENCY 3 OPTYPE mul PRAGMA {} RTLNAME mac_muladd_8s_8s_32s_32_4_1_U4504 SOURCE mmult_accel.cpp:210 VARIABLE mul_ln210_318 LOOP compute BUNDLEDNAME {} DSP 1 BRAM 0 URAM 0 DISPNAME {bind_op mul}} {BINDTYPE op ID {} IMPL dsp48 LATENCY 3 OPTYPE add PRAGMA {} RTLNAME mac_muladd_8s_8s_32s_32_4_1_U4504 SOURCE mmult_accel.cpp:210 VARIABLE add_ln210_318 LOOP compute BUNDLEDNAME {} DSP 1 BRAM 0 URAM 0 DISPNAME {bind_op add}} {BINDTYPE op ID {} IMPL dsp48 LATENCY 3 OPTYPE mul PRAGMA {} RTLNAME mac_muladd_8s_8s_32s_32_4_1_U4505 SOURCE mmult_accel.cpp:210 VARIABLE mul_ln210_319 LOOP compute BUNDLEDNAME {} DSP 1 BRAM 0 URAM 0 DISPNAME {bind_op mul}} {BINDTYPE op ID {} IMPL dsp48 LATENCY 3 OPTYPE add PRAGMA {} RTLNAME mac_muladd_8s_8s_32s_32_4_1_U4505 SOURCE mmult_accel.cpp:210 VARIABLE add_ln210_319 LOOP compute BUNDLEDNAME {} DSP 1 BRAM 0 URAM 0 DISPNAME {bind_op add}} {BINDTYPE op ID {} IMPL dsp48 LATENCY 3 OPTYPE mul PRAGMA {} RTLNAME mac_muladd_8s_8s_32s_32_4_1_U4506 SOURCE mmult_accel.cpp:210 VARIABLE mul_ln210_320 LOOP compute BUNDLEDNAME {} DSP 1 BRAM 0 URAM 0 DISPNAME {bind_op mul}} {BINDTYPE op ID {} IMPL dsp48 LATENCY 3 OPTYPE add PRAGMA {} RTLNAME mac_muladd_8s_8s_32s_32_4_1_U4506 SOURCE mmult_accel.cpp:210 VARIABLE add_ln210_320 LOOP compute BUNDLEDNAME {} DSP 1 BRAM 0 URAM 0 DISPNAME {bind_op add}} {BINDTYPE op ID {} IMPL dsp48 LATENCY 3 OPTYPE mul PRAGMA {} RTLNAME mac_muladd_8s_8s_32s_32_4_1_U4507 SOURCE mmult_accel.cpp:210 VARIABLE mul_ln210_321 LOOP compute BUNDLEDNAME {} DSP 1 BRAM 0 URAM 0 DISPNAME {bind_op mul}} {BINDTYPE op ID {} IMPL dsp48 LATENCY 3 OPTYPE add PRAGMA {} RTLNAME mac_muladd_8s_8s_32s_32_4_1_U4507 SOURCE mmult_accel.cpp:210 VARIABLE add_ln210_321 LOOP compute BUNDLEDNAME {} DSP 1 BRAM 0 URAM 0 DISPNAME {bind_op add}} {BINDTYPE op ID {} IMPL dsp48 LATENCY 3 OPTYPE mul PRAGMA {} RTLNAME mac_muladd_8s_8s_32s_32_4_1_U4508 SOURCE mmult_accel.cpp:210 VARIABLE mul_ln210_322 LOOP compute BUNDLEDNAME {} DSP 1 BRAM 0 URAM 0 DISPNAME {bind_op mul}} {BINDTYPE op ID {} IMPL dsp48 LATENCY 3 OPTYPE add PRAGMA {} RTLNAME mac_muladd_8s_8s_32s_32_4_1_U4508 SOURCE mmult_accel.cpp:210 VARIABLE add_ln210_322 LOOP compute BUNDLEDNAME {} DSP 1 BRAM 0 URAM 0 DISPNAME {bind_op add}} {BINDTYPE op ID {} IMPL dsp48 LATENCY 3 OPTYPE mul PRAGMA {} RTLNAME mac_muladd_8s_8s_32s_32_4_1_U4509 SOURCE mmult_accel.cpp:210 VARIABLE mul_ln210_323 LOOP compute BUNDLEDNAME {} DSP 1 BRAM 0 URAM 0 DISPNAME {bind_op mul}} {BINDTYPE op ID {} IMPL dsp48 LATENCY 3 OPTYPE add PRAGMA {} RTLNAME mac_muladd_8s_8s_32s_32_4_1_U4509 SOURCE mmult_accel.cpp:210 VARIABLE add_ln210_323 LOOP compute BUNDLEDNAME {} DSP 1 BRAM 0 URAM 0 DISPNAME {bind_op add}} {BINDTYPE op ID {} IMPL dsp48 LATENCY 3 OPTYPE mul PRAGMA {} RTLNAME mac_muladd_8s_8s_32s_32_4_1_U4510 SOURCE mmult_accel.cpp:210 VARIABLE mul_ln210_324 LOOP compute BUNDLEDNAME {} DSP 1 BRAM 0 URAM 0 DISPNAME {bind_op mul}} {BINDTYPE op ID {} IMPL dsp48 LATENCY 3 OPTYPE add PRAGMA {} RTLNAME mac_muladd_8s_8s_32s_32_4_1_U4510 SOURCE mmult_accel.cpp:210 VARIABLE add_ln210_324 LOOP compute BUNDLEDNAME {} DSP 1 BRAM 0 URAM 0 DISPNAME {bind_op add}} {BINDTYPE op ID {} IMPL dsp48 LATENCY 3 OPTYPE mul PRAGMA {} RTLNAME mac_muladd_8s_8s_32s_32_4_1_U4511 SOURCE mmult_accel.cpp:210 VARIABLE mul_ln210_325 LOOP compute BUNDLEDNAME {} DSP 1 BRAM 0 URAM 0 DISPNAME {bind_op mul}} {BINDTYPE op ID {} IMPL dsp48 LATENCY 3 OPTYPE add PRAGMA {} RTLNAME mac_muladd_8s_8s_32s_32_4_1_U4511 SOURCE mmult_accel.cpp:210 VARIABLE add_ln210_325 LOOP compute BUNDLEDNAME {} DSP 1 BRAM 0 URAM 0 DISPNAME {bind_op add}} {BINDTYPE op ID {} IMPL dsp48 LATENCY 3 OPTYPE mul PRAGMA {} RTLNAME mac_muladd_8s_8s_32s_32_4_1_U4512 SOURCE mmult_accel.cpp:210 VARIABLE mul_ln210_326 LOOP compute BUNDLEDNAME {} DSP 1 BRAM 0 URAM 0 DISPNAME {bind_op mul}} {BINDTYPE op ID {} IMPL dsp48 LATENCY 3 OPTYPE add PRAGMA {} RTLNAME mac_muladd_8s_8s_32s_32_4_1_U4512 SOURCE mmult_accel.cpp:210 VARIABLE add_ln210_326 LOOP compute BUNDLEDNAME {} DSP 1 BRAM 0 URAM 0 DISPNAME {bind_op add}} {BINDTYPE op ID {} IMPL dsp48 LATENCY 3 OPTYPE mul PRAGMA {} RTLNAME mac_muladd_8s_8s_32s_32_4_1_U4513 SOURCE mmult_accel.cpp:210 VARIABLE mul_ln210_327 LOOP compute BUNDLEDNAME {} DSP 1 BRAM 0 URAM 0 DISPNAME {bind_op mul}} {BINDTYPE op ID {} IMPL dsp48 LATENCY 3 OPTYPE add PRAGMA {} RTLNAME mac_muladd_8s_8s_32s_32_4_1_U4513 SOURCE mmult_accel.cpp:210 VARIABLE add_ln210_327 LOOP compute BUNDLEDNAME {} DSP 1 BRAM 0 URAM 0 DISPNAME {bind_op add}} {BINDTYPE op ID {} IMPL dsp48 LATENCY 3 OPTYPE mul PRAGMA {} RTLNAME mac_muladd_8s_8s_32s_32_4_1_U4514 SOURCE mmult_accel.cpp:210 VARIABLE mul_ln210_328 LOOP compute BUNDLEDNAME {} DSP 1 BRAM 0 URAM 0 DISPNAME {bind_op mul}} {BINDTYPE op ID {} IMPL dsp48 LATENCY 3 OPTYPE add PRAGMA {} RTLNAME mac_muladd_8s_8s_32s_32_4_1_U4514 SOURCE mmult_accel.cpp:210 VARIABLE add_ln210_328 LOOP compute BUNDLEDNAME {} DSP 1 BRAM 0 URAM 0 DISPNAME {bind_op add}} {BINDTYPE op ID {} IMPL dsp48 LATENCY 3 OPTYPE mul PRAGMA {} RTLNAME mac_muladd_8s_8s_32s_32_4_1_U4515 SOURCE mmult_accel.cpp:210 VARIABLE mul_ln210_329 LOOP compute BUNDLEDNAME {} DSP 1 BRAM 0 URAM 0 DISPNAME {bind_op mul}} {BINDTYPE op ID {} IMPL dsp48 LATENCY 3 OPTYPE add PRAGMA {} RTLNAME mac_muladd_8s_8s_32s_32_4_1_U4515 SOURCE mmult_accel.cpp:210 VARIABLE add_ln210_329 LOOP compute BUNDLEDNAME {} DSP 1 BRAM 0 URAM 0 DISPNAME {bind_op add}} {BINDTYPE op ID {} IMPL dsp48 LATENCY 3 OPTYPE mul PRAGMA {} RTLNAME mac_muladd_8s_8s_32s_32_4_1_U4516 SOURCE mmult_accel.cpp:210 VARIABLE mul_ln210_330 LOOP compute BUNDLEDNAME {} DSP 1 BRAM 0 URAM 0 DISPNAME {bind_op mul}} {BINDTYPE op ID {} IMPL dsp48 LATENCY 3 OPTYPE add PRAGMA {} RTLNAME mac_muladd_8s_8s_32s_32_4_1_U4516 SOURCE mmult_accel.cpp:210 VARIABLE add_ln210_330 LOOP compute BUNDLEDNAME {} DSP 1 BRAM 0 URAM 0 DISPNAME {bind_op add}} {BINDTYPE op ID {} IMPL dsp48 LATENCY 3 OPTYPE mul PRAGMA {} RTLNAME mac_muladd_8s_8s_32s_32_4_1_U4517 SOURCE mmult_accel.cpp:210 VARIABLE mul_ln210_331 LOOP compute BUNDLEDNAME {} DSP 1 BRAM 0 URAM 0 DISPNAME {bind_op mul}} {BINDTYPE op ID {} IMPL dsp48 LATENCY 3 OPTYPE add PRAGMA {} RTLNAME mac_muladd_8s_8s_32s_32_4_1_U4517 SOURCE mmult_accel.cpp:210 VARIABLE add_ln210_331 LOOP compute BUNDLEDNAME {} DSP 1 BRAM 0 URAM 0 DISPNAME {bind_op add}} {BINDTYPE op ID {} IMPL dsp48 LATENCY 3 OPTYPE mul PRAGMA {} RTLNAME mac_muladd_8s_8s_32s_32_4_1_U4518 SOURCE mmult_accel.cpp:210 VARIABLE mul_ln210_332 LOOP compute BUNDLEDNAME {} DSP 1 BRAM 0 URAM 0 DISPNAME {bind_op mul}} {BINDTYPE op ID {} IMPL dsp48 LATENCY 3 OPTYPE add PRAGMA {} RTLNAME mac_muladd_8s_8s_32s_32_4_1_U4518 SOURCE mmult_accel.cpp:210 VARIABLE add_ln210_332 LOOP compute BUNDLEDNAME {} DSP 1 BRAM 0 URAM 0 DISPNAME {bind_op add}} {BINDTYPE op ID {} IMPL dsp48 LATENCY 3 OPTYPE mul PRAGMA {} RTLNAME mac_muladd_8s_8s_32s_32_4_1_U4519 SOURCE mmult_accel.cpp:210 VARIABLE mul_ln210_333 LOOP compute BUNDLEDNAME {} DSP 1 BRAM 0 URAM 0 DISPNAME {bind_op mul}} {BINDTYPE op ID {} IMPL dsp48 LATENCY 3 OPTYPE add PRAGMA {} RTLNAME mac_muladd_8s_8s_32s_32_4_1_U4519 SOURCE mmult_accel.cpp:210 VARIABLE add_ln210_333 LOOP compute BUNDLEDNAME {} DSP 1 BRAM 0 URAM 0 DISPNAME {bind_op add}} {BINDTYPE op ID {} IMPL dsp48 LATENCY 3 OPTYPE mul PRAGMA {} RTLNAME mac_muladd_8s_8s_32s_32_4_1_U4520 SOURCE mmult_accel.cpp:210 VARIABLE mul_ln210_334 LOOP compute BUNDLEDNAME {} DSP 1 BRAM 0 URAM 0 DISPNAME {bind_op mul}} {BINDTYPE op ID {} IMPL dsp48 LATENCY 3 OPTYPE add PRAGMA {} RTLNAME mac_muladd_8s_8s_32s_32_4_1_U4520 SOURCE mmult_accel.cpp:210 VARIABLE add_ln210_334 LOOP compute BUNDLEDNAME {} DSP 1 BRAM 0 URAM 0 DISPNAME {bind_op add}} {BINDTYPE op ID {} IMPL dsp48 LATENCY 3 OPTYPE mul PRAGMA {} RTLNAME mac_muladd_8s_8s_32s_32_4_1_U4521 SOURCE mmult_accel.cpp:210 VARIABLE mul_ln210_335 LOOP compute BUNDLEDNAME {} DSP 1 BRAM 0 URAM 0 DISPNAME {bind_op mul}} {BINDTYPE op ID {} IMPL dsp48 LATENCY 3 OPTYPE add PRAGMA {} RTLNAME mac_muladd_8s_8s_32s_32_4_1_U4521 SOURCE mmult_accel.cpp:210 VARIABLE add_ln210_335 LOOP compute BUNDLEDNAME {} DSP 1 BRAM 0 URAM 0 DISPNAME {bind_op add}} {BINDTYPE op ID {} IMPL dsp48 LATENCY 3 OPTYPE mul PRAGMA {} RTLNAME mac_muladd_8s_8s_32s_32_4_1_U4522 SOURCE mmult_accel.cpp:210 VARIABLE mul_ln210_336 LOOP compute BUNDLEDNAME {} DSP 1 BRAM 0 URAM 0 DISPNAME {bind_op mul}} {BINDTYPE op ID {} IMPL dsp48 LATENCY 3 OPTYPE add PRAGMA {} RTLNAME mac_muladd_8s_8s_32s_32_4_1_U4522 SOURCE mmult_accel.cpp:210 VARIABLE add_ln210_336 LOOP compute BUNDLEDNAME {} DSP 1 BRAM 0 URAM 0 DISPNAME {bind_op add}} {BINDTYPE op ID {} IMPL dsp48 LATENCY 3 OPTYPE mul PRAGMA {} RTLNAME mac_muladd_8s_8s_32s_32_4_1_U4523 SOURCE mmult_accel.cpp:210 VARIABLE mul_ln210_337 LOOP compute BUNDLEDNAME {} DSP 1 BRAM 0 URAM 0 DISPNAME {bind_op mul}} {BINDTYPE op ID {} IMPL dsp48 LATENCY 3 OPTYPE add PRAGMA {} RTLNAME mac_muladd_8s_8s_32s_32_4_1_U4523 SOURCE mmult_accel.cpp:210 VARIABLE add_ln210_337 LOOP compute BUNDLEDNAME {} DSP 1 BRAM 0 URAM 0 DISPNAME {bind_op add}} {BINDTYPE op ID {} IMPL dsp48 LATENCY 3 OPTYPE mul PRAGMA {} RTLNAME mac_muladd_8s_8s_32s_32_4_1_U4524 SOURCE mmult_accel.cpp:210 VARIABLE mul_ln210_338 LOOP compute BUNDLEDNAME {} DSP 1 BRAM 0 URAM 0 DISPNAME {bind_op mul}} {BINDTYPE op ID {} IMPL dsp48 LATENCY 3 OPTYPE add PRAGMA {} RTLNAME mac_muladd_8s_8s_32s_32_4_1_U4524 SOURCE mmult_accel.cpp:210 VARIABLE add_ln210_338 LOOP compute BUNDLEDNAME {} DSP 1 BRAM 0 URAM 0 DISPNAME {bind_op add}} {BINDTYPE op ID {} IMPL dsp48 LATENCY 3 OPTYPE mul PRAGMA {} RTLNAME mac_muladd_8s_8s_32s_32_4_1_U4525 SOURCE mmult_accel.cpp:210 VARIABLE mul_ln210_339 LOOP compute BUNDLEDNAME {} DSP 1 BRAM 0 URAM 0 DISPNAME {bind_op mul}} {BINDTYPE op ID {} IMPL dsp48 LATENCY 3 OPTYPE add PRAGMA {} RTLNAME mac_muladd_8s_8s_32s_32_4_1_U4525 SOURCE mmult_accel.cpp:210 VARIABLE add_ln210_339 LOOP compute BUNDLEDNAME {} DSP 1 BRAM 0 URAM 0 DISPNAME {bind_op add}} {BINDTYPE op ID {} IMPL dsp48 LATENCY 3 OPTYPE mul PRAGMA {} RTLNAME mac_muladd_8s_8s_32s_32_4_1_U4526 SOURCE mmult_accel.cpp:210 VARIABLE mul_ln210_340 LOOP compute BUNDLEDNAME {} DSP 1 BRAM 0 URAM 0 DISPNAME {bind_op mul}} {BINDTYPE op ID {} IMPL dsp48 LATENCY 3 OPTYPE add PRAGMA {} RTLNAME mac_muladd_8s_8s_32s_32_4_1_U4526 SOURCE mmult_accel.cpp:210 VARIABLE add_ln210_340 LOOP compute BUNDLEDNAME {} DSP 1 BRAM 0 URAM 0 DISPNAME {bind_op add}} {BINDTYPE op ID {} IMPL dsp48 LATENCY 3 OPTYPE mul PRAGMA {} RTLNAME mac_muladd_8s_8s_32s_32_4_1_U4527 SOURCE mmult_accel.cpp:210 VARIABLE mul_ln210_341 LOOP compute BUNDLEDNAME {} DSP 1 BRAM 0 URAM 0 DISPNAME {bind_op mul}} {BINDTYPE op ID {} IMPL dsp48 LATENCY 3 OPTYPE add PRAGMA {} RTLNAME mac_muladd_8s_8s_32s_32_4_1_U4527 SOURCE mmult_accel.cpp:210 VARIABLE add_ln210_341 LOOP compute BUNDLEDNAME {} DSP 1 BRAM 0 URAM 0 DISPNAME {bind_op add}} {BINDTYPE op ID {} IMPL dsp48 LATENCY 3 OPTYPE mul PRAGMA {} RTLNAME mac_muladd_8s_8s_32s_32_4_1_U4528 SOURCE mmult_accel.cpp:210 VARIABLE mul_ln210_342 LOOP compute BUNDLEDNAME {} DSP 1 BRAM 0 URAM 0 DISPNAME {bind_op mul}} {BINDTYPE op ID {} IMPL dsp48 LATENCY 3 OPTYPE add PRAGMA {} RTLNAME mac_muladd_8s_8s_32s_32_4_1_U4528 SOURCE mmult_accel.cpp:210 VARIABLE add_ln210_342 LOOP compute BUNDLEDNAME {} DSP 1 BRAM 0 URAM 0 DISPNAME {bind_op add}} {BINDTYPE op ID {} IMPL dsp48 LATENCY 3 OPTYPE mul PRAGMA {} RTLNAME mac_muladd_8s_8s_32s_32_4_1_U4529 SOURCE mmult_accel.cpp:210 VARIABLE mul_ln210_343 LOOP compute BUNDLEDNAME {} DSP 1 BRAM 0 URAM 0 DISPNAME {bind_op mul}} {BINDTYPE op ID {} IMPL dsp48 LATENCY 3 OPTYPE add PRAGMA {} RTLNAME mac_muladd_8s_8s_32s_32_4_1_U4529 SOURCE mmult_accel.cpp:210 VARIABLE add_ln210_343 LOOP compute BUNDLEDNAME {} DSP 1 BRAM 0 URAM 0 DISPNAME {bind_op add}} {BINDTYPE op ID {} IMPL dsp48 LATENCY 3 OPTYPE mul PRAGMA {} RTLNAME mac_muladd_8s_8s_32s_32_4_1_U4530 SOURCE mmult_accel.cpp:210 VARIABLE mul_ln210_344 LOOP compute BUNDLEDNAME {} DSP 1 BRAM 0 URAM 0 DISPNAME {bind_op mul}} {BINDTYPE op ID {} IMPL dsp48 LATENCY 3 OPTYPE add PRAGMA {} RTLNAME mac_muladd_8s_8s_32s_32_4_1_U4530 SOURCE mmult_accel.cpp:210 VARIABLE add_ln210_344 LOOP compute BUNDLEDNAME {} DSP 1 BRAM 0 URAM 0 DISPNAME {bind_op add}} {BINDTYPE op ID {} IMPL dsp48 LATENCY 3 OPTYPE mul PRAGMA {} RTLNAME mac_muladd_8s_8s_32s_32_4_1_U4531 SOURCE mmult_accel.cpp:210 VARIABLE mul_ln210_345 LOOP compute BUNDLEDNAME {} DSP 1 BRAM 0 URAM 0 DISPNAME {bind_op mul}} {BINDTYPE op ID {} IMPL dsp48 LATENCY 3 OPTYPE add PRAGMA {} RTLNAME mac_muladd_8s_8s_32s_32_4_1_U4531 SOURCE mmult_accel.cpp:210 VARIABLE add_ln210_345 LOOP compute BUNDLEDNAME {} DSP 1 BRAM 0 URAM 0 DISPNAME {bind_op add}} {BINDTYPE op ID {} IMPL dsp48 LATENCY 3 OPTYPE mul PRAGMA {} RTLNAME mac_muladd_8s_8s_32s_32_4_1_U4532 SOURCE mmult_accel.cpp:210 VARIABLE mul_ln210_346 LOOP compute BUNDLEDNAME {} DSP 1 BRAM 0 URAM 0 DISPNAME {bind_op mul}} {BINDTYPE op ID {} IMPL dsp48 LATENCY 3 OPTYPE add PRAGMA {} RTLNAME mac_muladd_8s_8s_32s_32_4_1_U4532 SOURCE mmult_accel.cpp:210 VARIABLE add_ln210_346 LOOP compute BUNDLEDNAME {} DSP 1 BRAM 0 URAM 0 DISPNAME {bind_op add}} {BINDTYPE op ID {} IMPL dsp48 LATENCY 3 OPTYPE mul PRAGMA {} RTLNAME mac_muladd_8s_8s_32s_32_4_1_U4533 SOURCE mmult_accel.cpp:210 VARIABLE mul_ln210_347 LOOP compute BUNDLEDNAME {} DSP 1 BRAM 0 URAM 0 DISPNAME {bind_op mul}} {BINDTYPE op ID {} IMPL dsp48 LATENCY 3 OPTYPE add PRAGMA {} RTLNAME mac_muladd_8s_8s_32s_32_4_1_U4533 SOURCE mmult_accel.cpp:210 VARIABLE add_ln210_347 LOOP compute BUNDLEDNAME {} DSP 1 BRAM 0 URAM 0 DISPNAME {bind_op add}} {BINDTYPE op ID {} IMPL dsp48 LATENCY 3 OPTYPE mul PRAGMA {} RTLNAME mac_muladd_8s_8s_32s_32_4_1_U4534 SOURCE mmult_accel.cpp:210 VARIABLE mul_ln210_348 LOOP compute BUNDLEDNAME {} DSP 1 BRAM 0 URAM 0 DISPNAME {bind_op mul}} {BINDTYPE op ID {} IMPL dsp48 LATENCY 3 OPTYPE add PRAGMA {} RTLNAME mac_muladd_8s_8s_32s_32_4_1_U4534 SOURCE mmult_accel.cpp:210 VARIABLE add_ln210_348 LOOP compute BUNDLEDNAME {} DSP 1 BRAM 0 URAM 0 DISPNAME {bind_op add}} {BINDTYPE op ID {} IMPL dsp48 LATENCY 3 OPTYPE mul PRAGMA {} RTLNAME mac_muladd_8s_8s_32s_32_4_1_U4535 SOURCE mmult_accel.cpp:210 VARIABLE mul_ln210_349 LOOP compute BUNDLEDNAME {} DSP 1 BRAM 0 URAM 0 DISPNAME {bind_op mul}} {BINDTYPE op ID {} IMPL dsp48 LATENCY 3 OPTYPE add PRAGMA {} RTLNAME mac_muladd_8s_8s_32s_32_4_1_U4535 SOURCE mmult_accel.cpp:210 VARIABLE add_ln210_349 LOOP compute BUNDLEDNAME {} DSP 1 BRAM 0 URAM 0 DISPNAME {bind_op add}} {BINDTYPE op ID {} IMPL dsp48 LATENCY 3 OPTYPE mul PRAGMA {} RTLNAME mac_muladd_8s_8s_32s_32_4_1_U4536 SOURCE mmult_accel.cpp:210 VARIABLE mul_ln210_350 LOOP compute BUNDLEDNAME {} DSP 1 BRAM 0 URAM 0 DISPNAME {bind_op mul}} {BINDTYPE op ID {} IMPL dsp48 LATENCY 3 OPTYPE add PRAGMA {} RTLNAME mac_muladd_8s_8s_32s_32_4_1_U4536 SOURCE mmult_accel.cpp:210 VARIABLE add_ln210_350 LOOP compute BUNDLEDNAME {} DSP 1 BRAM 0 URAM 0 DISPNAME {bind_op add}} {BINDTYPE op ID {} IMPL dsp48 LATENCY 3 OPTYPE mul PRAGMA {} RTLNAME mac_muladd_8s_8s_32s_32_4_1_U4537 SOURCE mmult_accel.cpp:210 VARIABLE mul_ln210_351 LOOP compute BUNDLEDNAME {} DSP 1 BRAM 0 URAM 0 DISPNAME {bind_op mul}} {BINDTYPE op ID {} IMPL dsp48 LATENCY 3 OPTYPE add PRAGMA {} RTLNAME mac_muladd_8s_8s_32s_32_4_1_U4537 SOURCE mmult_accel.cpp:210 VARIABLE add_ln210_351 LOOP compute BUNDLEDNAME {} DSP 1 BRAM 0 URAM 0 DISPNAME {bind_op add}} {BINDTYPE op ID {} IMPL dsp48 LATENCY 3 OPTYPE mul PRAGMA {} RTLNAME mac_muladd_8s_8s_32s_32_4_1_U4538 SOURCE mmult_accel.cpp:210 VARIABLE mul_ln210_352 LOOP compute BUNDLEDNAME {} DSP 1 BRAM 0 URAM 0 DISPNAME {bind_op mul}} {BINDTYPE op ID {} IMPL dsp48 LATENCY 3 OPTYPE add PRAGMA {} RTLNAME mac_muladd_8s_8s_32s_32_4_1_U4538 SOURCE mmult_accel.cpp:210 VARIABLE add_ln210_352 LOOP compute BUNDLEDNAME {} DSP 1 BRAM 0 URAM 0 DISPNAME {bind_op add}} {BINDTYPE op ID {} IMPL dsp48 LATENCY 3 OPTYPE mul PRAGMA {} RTLNAME mac_muladd_8s_8s_32s_32_4_1_U4539 SOURCE mmult_accel.cpp:210 VARIABLE mul_ln210_353 LOOP compute BUNDLEDNAME {} DSP 1 BRAM 0 URAM 0 DISPNAME {bind_op mul}} {BINDTYPE op ID {} IMPL dsp48 LATENCY 3 OPTYPE add PRAGMA {} RTLNAME mac_muladd_8s_8s_32s_32_4_1_U4539 SOURCE mmult_accel.cpp:210 VARIABLE add_ln210_353 LOOP compute BUNDLEDNAME {} DSP 1 BRAM 0 URAM 0 DISPNAME {bind_op add}} {BINDTYPE op ID {} IMPL dsp48 LATENCY 3 OPTYPE mul PRAGMA {} RTLNAME mac_muladd_8s_8s_32s_32_4_1_U4540 SOURCE mmult_accel.cpp:210 VARIABLE mul_ln210_354 LOOP compute BUNDLEDNAME {} DSP 1 BRAM 0 URAM 0 DISPNAME {bind_op mul}} {BINDTYPE op ID {} IMPL dsp48 LATENCY 3 OPTYPE add PRAGMA {} RTLNAME mac_muladd_8s_8s_32s_32_4_1_U4540 SOURCE mmult_accel.cpp:210 VARIABLE add_ln210_354 LOOP compute BUNDLEDNAME {} DSP 1 BRAM 0 URAM 0 DISPNAME {bind_op add}} {BINDTYPE op ID {} IMPL dsp48 LATENCY 3 OPTYPE mul PRAGMA {} RTLNAME mac_muladd_8s_8s_32s_32_4_1_U4541 SOURCE mmult_accel.cpp:210 VARIABLE mul_ln210_355 LOOP compute BUNDLEDNAME {} DSP 1 BRAM 0 URAM 0 DISPNAME {bind_op mul}} {BINDTYPE op ID {} IMPL dsp48 LATENCY 3 OPTYPE add PRAGMA {} RTLNAME mac_muladd_8s_8s_32s_32_4_1_U4541 SOURCE mmult_accel.cpp:210 VARIABLE add_ln210_355 LOOP compute BUNDLEDNAME {} DSP 1 BRAM 0 URAM 0 DISPNAME {bind_op add}} {BINDTYPE op ID {} IMPL dsp48 LATENCY 3 OPTYPE mul PRAGMA {} RTLNAME mac_muladd_8s_8s_32s_32_4_1_U4542 SOURCE mmult_accel.cpp:210 VARIABLE mul_ln210_356 LOOP compute BUNDLEDNAME {} DSP 1 BRAM 0 URAM 0 DISPNAME {bind_op mul}} {BINDTYPE op ID {} IMPL dsp48 LATENCY 3 OPTYPE add PRAGMA {} RTLNAME mac_muladd_8s_8s_32s_32_4_1_U4542 SOURCE mmult_accel.cpp:210 VARIABLE add_ln210_356 LOOP compute BUNDLEDNAME {} DSP 1 BRAM 0 URAM 0 DISPNAME {bind_op add}} {BINDTYPE op ID {} IMPL dsp48 LATENCY 3 OPTYPE mul PRAGMA {} RTLNAME mac_muladd_8s_8s_32s_32_4_1_U4543 SOURCE mmult_accel.cpp:210 VARIABLE mul_ln210_357 LOOP compute BUNDLEDNAME {} DSP 1 BRAM 0 URAM 0 DISPNAME {bind_op mul}} {BINDTYPE op ID {} IMPL dsp48 LATENCY 3 OPTYPE add PRAGMA {} RTLNAME mac_muladd_8s_8s_32s_32_4_1_U4543 SOURCE mmult_accel.cpp:210 VARIABLE add_ln210_357 LOOP compute BUNDLEDNAME {} DSP 1 BRAM 0 URAM 0 DISPNAME {bind_op add}} {BINDTYPE op ID {} IMPL dsp48 LATENCY 3 OPTYPE mul PRAGMA {} RTLNAME mac_muladd_8s_8s_32s_32_4_1_U4544 SOURCE mmult_accel.cpp:210 VARIABLE mul_ln210_358 LOOP compute BUNDLEDNAME {} DSP 1 BRAM 0 URAM 0 DISPNAME {bind_op mul}} {BINDTYPE op ID {} IMPL dsp48 LATENCY 3 OPTYPE add PRAGMA {} RTLNAME mac_muladd_8s_8s_32s_32_4_1_U4544 SOURCE mmult_accel.cpp:210 VARIABLE add_ln210_358 LOOP compute BUNDLEDNAME {} DSP 1 BRAM 0 URAM 0 DISPNAME {bind_op add}} {BINDTYPE op ID {} IMPL dsp48 LATENCY 3 OPTYPE mul PRAGMA {} RTLNAME mac_muladd_8s_8s_32s_32_4_1_U4545 SOURCE mmult_accel.cpp:210 VARIABLE mul_ln210_359 LOOP compute BUNDLEDNAME {} DSP 1 BRAM 0 URAM 0 DISPNAME {bind_op mul}} {BINDTYPE op ID {} IMPL dsp48 LATENCY 3 OPTYPE add PRAGMA {} RTLNAME mac_muladd_8s_8s_32s_32_4_1_U4545 SOURCE mmult_accel.cpp:210 VARIABLE add_ln210_359 LOOP compute BUNDLEDNAME {} DSP 1 BRAM 0 URAM 0 DISPNAME {bind_op add}} {BINDTYPE op ID {} IMPL dsp48 LATENCY 3 OPTYPE mul PRAGMA {} RTLNAME mac_muladd_8s_8s_32s_32_4_1_U4546 SOURCE mmult_accel.cpp:210 VARIABLE mul_ln210_360 LOOP compute BUNDLEDNAME {} DSP 1 BRAM 0 URAM 0 DISPNAME {bind_op mul}} {BINDTYPE op ID {} IMPL dsp48 LATENCY 3 OPTYPE add PRAGMA {} RTLNAME mac_muladd_8s_8s_32s_32_4_1_U4546 SOURCE mmult_accel.cpp:210 VARIABLE add_ln210_360 LOOP compute BUNDLEDNAME {} DSP 1 BRAM 0 URAM 0 DISPNAME {bind_op add}} {BINDTYPE op ID {} IMPL dsp48 LATENCY 3 OPTYPE mul PRAGMA {} RTLNAME mac_muladd_8s_8s_32s_32_4_1_U4547 SOURCE mmult_accel.cpp:210 VARIABLE mul_ln210_361 LOOP compute BUNDLEDNAME {} DSP 1 BRAM 0 URAM 0 DISPNAME {bind_op mul}} {BINDTYPE op ID {} IMPL dsp48 LATENCY 3 OPTYPE add PRAGMA {} RTLNAME mac_muladd_8s_8s_32s_32_4_1_U4547 SOURCE mmult_accel.cpp:210 VARIABLE add_ln210_361 LOOP compute BUNDLEDNAME {} DSP 1 BRAM 0 URAM 0 DISPNAME {bind_op add}} {BINDTYPE op ID {} IMPL dsp48 LATENCY 3 OPTYPE mul PRAGMA {} RTLNAME mac_muladd_8s_8s_32s_32_4_1_U4548 SOURCE mmult_accel.cpp:210 VARIABLE mul_ln210_362 LOOP compute BUNDLEDNAME {} DSP 1 BRAM 0 URAM 0 DISPNAME {bind_op mul}} {BINDTYPE op ID {} IMPL dsp48 LATENCY 3 OPTYPE add PRAGMA {} RTLNAME mac_muladd_8s_8s_32s_32_4_1_U4548 SOURCE mmult_accel.cpp:210 VARIABLE add_ln210_362 LOOP compute BUNDLEDNAME {} DSP 1 BRAM 0 URAM 0 DISPNAME {bind_op add}} {BINDTYPE op ID {} IMPL dsp48 LATENCY 3 OPTYPE mul PRAGMA {} RTLNAME mac_muladd_8s_8s_32s_32_4_1_U4549 SOURCE mmult_accel.cpp:210 VARIABLE mul_ln210_363 LOOP compute BUNDLEDNAME {} DSP 1 BRAM 0 URAM 0 DISPNAME {bind_op mul}} {BINDTYPE op ID {} IMPL dsp48 LATENCY 3 OPTYPE add PRAGMA {} RTLNAME mac_muladd_8s_8s_32s_32_4_1_U4549 SOURCE mmult_accel.cpp:210 VARIABLE add_ln210_363 LOOP compute BUNDLEDNAME {} DSP 1 BRAM 0 URAM 0 DISPNAME {bind_op add}} {BINDTYPE op ID {} IMPL dsp48 LATENCY 3 OPTYPE mul PRAGMA {} RTLNAME mac_muladd_8s_8s_32s_32_4_1_U4550 SOURCE mmult_accel.cpp:210 VARIABLE mul_ln210_364 LOOP compute BUNDLEDNAME {} DSP 1 BRAM 0 URAM 0 DISPNAME {bind_op mul}} {BINDTYPE op ID {} IMPL dsp48 LATENCY 3 OPTYPE add PRAGMA {} RTLNAME mac_muladd_8s_8s_32s_32_4_1_U4550 SOURCE mmult_accel.cpp:210 VARIABLE add_ln210_364 LOOP compute BUNDLEDNAME {} DSP 1 BRAM 0 URAM 0 DISPNAME {bind_op add}} {BINDTYPE op ID {} IMPL dsp48 LATENCY 3 OPTYPE mul PRAGMA {} RTLNAME mac_muladd_8s_8s_32s_32_4_1_U4551 SOURCE mmult_accel.cpp:210 VARIABLE mul_ln210_365 LOOP compute BUNDLEDNAME {} DSP 1 BRAM 0 URAM 0 DISPNAME {bind_op mul}} {BINDTYPE op ID {} IMPL dsp48 LATENCY 3 OPTYPE add PRAGMA {} RTLNAME mac_muladd_8s_8s_32s_32_4_1_U4551 SOURCE mmult_accel.cpp:210 VARIABLE add_ln210_365 LOOP compute BUNDLEDNAME {} DSP 1 BRAM 0 URAM 0 DISPNAME {bind_op add}} {BINDTYPE op ID {} IMPL dsp48 LATENCY 3 OPTYPE mul PRAGMA {} RTLNAME mac_muladd_8s_8s_32s_32_4_1_U4552 SOURCE mmult_accel.cpp:210 VARIABLE mul_ln210_366 LOOP compute BUNDLEDNAME {} DSP 1 BRAM 0 URAM 0 DISPNAME {bind_op mul}} {BINDTYPE op ID {} IMPL dsp48 LATENCY 3 OPTYPE add PRAGMA {} RTLNAME mac_muladd_8s_8s_32s_32_4_1_U4552 SOURCE mmult_accel.cpp:210 VARIABLE add_ln210_366 LOOP compute BUNDLEDNAME {} DSP 1 BRAM 0 URAM 0 DISPNAME {bind_op add}} {BINDTYPE op ID {} IMPL dsp48 LATENCY 3 OPTYPE mul PRAGMA {} RTLNAME mac_muladd_8s_8s_32s_32_4_1_U4553 SOURCE mmult_accel.cpp:210 VARIABLE mul_ln210_367 LOOP compute BUNDLEDNAME {} DSP 1 BRAM 0 URAM 0 DISPNAME {bind_op mul}} {BINDTYPE op ID {} IMPL dsp48 LATENCY 3 OPTYPE add PRAGMA {} RTLNAME mac_muladd_8s_8s_32s_32_4_1_U4553 SOURCE mmult_accel.cpp:210 VARIABLE add_ln210_367 LOOP compute BUNDLEDNAME {} DSP 1 BRAM 0 URAM 0 DISPNAME {bind_op add}} {BINDTYPE op ID {} IMPL dsp48 LATENCY 3 OPTYPE mul PRAGMA {} RTLNAME mac_muladd_8s_8s_32s_32_4_1_U4554 SOURCE mmult_accel.cpp:210 VARIABLE mul_ln210_368 LOOP compute BUNDLEDNAME {} DSP 1 BRAM 0 URAM 0 DISPNAME {bind_op mul}} {BINDTYPE op ID {} IMPL dsp48 LATENCY 3 OPTYPE add PRAGMA {} RTLNAME mac_muladd_8s_8s_32s_32_4_1_U4554 SOURCE mmult_accel.cpp:210 VARIABLE add_ln210_368 LOOP compute BUNDLEDNAME {} DSP 1 BRAM 0 URAM 0 DISPNAME {bind_op add}} {BINDTYPE op ID {} IMPL dsp48 LATENCY 3 OPTYPE mul PRAGMA {} RTLNAME mac_muladd_8s_8s_32s_32_4_1_U4555 SOURCE mmult_accel.cpp:210 VARIABLE mul_ln210_369 LOOP compute BUNDLEDNAME {} DSP 1 BRAM 0 URAM 0 DISPNAME {bind_op mul}} {BINDTYPE op ID {} IMPL dsp48 LATENCY 3 OPTYPE add PRAGMA {} RTLNAME mac_muladd_8s_8s_32s_32_4_1_U4555 SOURCE mmult_accel.cpp:210 VARIABLE add_ln210_369 LOOP compute BUNDLEDNAME {} DSP 1 BRAM 0 URAM 0 DISPNAME {bind_op add}} {BINDTYPE op ID {} IMPL dsp48 LATENCY 3 OPTYPE mul PRAGMA {} RTLNAME mac_muladd_8s_8s_32s_32_4_1_U4556 SOURCE mmult_accel.cpp:210 VARIABLE mul_ln210_370 LOOP compute BUNDLEDNAME {} DSP 1 BRAM 0 URAM 0 DISPNAME {bind_op mul}} {BINDTYPE op ID {} IMPL dsp48 LATENCY 3 OPTYPE add PRAGMA {} RTLNAME mac_muladd_8s_8s_32s_32_4_1_U4556 SOURCE mmult_accel.cpp:210 VARIABLE add_ln210_370 LOOP compute BUNDLEDNAME {} DSP 1 BRAM 0 URAM 0 DISPNAME {bind_op add}} {BINDTYPE op ID {} IMPL dsp48 LATENCY 3 OPTYPE mul PRAGMA {} RTLNAME mac_muladd_8s_8s_32s_32_4_1_U4557 SOURCE mmult_accel.cpp:210 VARIABLE mul_ln210_371 LOOP compute BUNDLEDNAME {} DSP 1 BRAM 0 URAM 0 DISPNAME {bind_op mul}} {BINDTYPE op ID {} IMPL dsp48 LATENCY 3 OPTYPE add PRAGMA {} RTLNAME mac_muladd_8s_8s_32s_32_4_1_U4557 SOURCE mmult_accel.cpp:210 VARIABLE add_ln210_371 LOOP compute BUNDLEDNAME {} DSP 1 BRAM 0 URAM 0 DISPNAME {bind_op add}} {BINDTYPE op ID {} IMPL dsp48 LATENCY 3 OPTYPE mul PRAGMA {} RTLNAME mac_muladd_8s_8s_32s_32_4_1_U4558 SOURCE mmult_accel.cpp:210 VARIABLE mul_ln210_372 LOOP compute BUNDLEDNAME {} DSP 1 BRAM 0 URAM 0 DISPNAME {bind_op mul}} {BINDTYPE op ID {} IMPL dsp48 LATENCY 3 OPTYPE add PRAGMA {} RTLNAME mac_muladd_8s_8s_32s_32_4_1_U4558 SOURCE mmult_accel.cpp:210 VARIABLE add_ln210_372 LOOP compute BUNDLEDNAME {} DSP 1 BRAM 0 URAM 0 DISPNAME {bind_op add}} {BINDTYPE op ID {} IMPL dsp48 LATENCY 3 OPTYPE mul PRAGMA {} RTLNAME mac_muladd_8s_8s_32s_32_4_1_U4559 SOURCE mmult_accel.cpp:210 VARIABLE mul_ln210_373 LOOP compute BUNDLEDNAME {} DSP 1 BRAM 0 URAM 0 DISPNAME {bind_op mul}} {BINDTYPE op ID {} IMPL dsp48 LATENCY 3 OPTYPE add PRAGMA {} RTLNAME mac_muladd_8s_8s_32s_32_4_1_U4559 SOURCE mmult_accel.cpp:210 VARIABLE add_ln210_373 LOOP compute BUNDLEDNAME {} DSP 1 BRAM 0 URAM 0 DISPNAME {bind_op add}} {BINDTYPE op ID {} IMPL dsp48 LATENCY 3 OPTYPE mul PRAGMA {} RTLNAME mac_muladd_8s_8s_32s_32_4_1_U4560 SOURCE mmult_accel.cpp:210 VARIABLE mul_ln210_374 LOOP compute BUNDLEDNAME {} DSP 1 BRAM 0 URAM 0 DISPNAME {bind_op mul}} {BINDTYPE op ID {} IMPL dsp48 LATENCY 3 OPTYPE add PRAGMA {} RTLNAME mac_muladd_8s_8s_32s_32_4_1_U4560 SOURCE mmult_accel.cpp:210 VARIABLE add_ln210_374 LOOP compute BUNDLEDNAME {} DSP 1 BRAM 0 URAM 0 DISPNAME {bind_op add}} {BINDTYPE op ID {} IMPL dsp48 LATENCY 3 OPTYPE mul PRAGMA {} RTLNAME mac_muladd_8s_8s_32s_32_4_1_U4561 SOURCE mmult_accel.cpp:210 VARIABLE mul_ln210_375 LOOP compute BUNDLEDNAME {} DSP 1 BRAM 0 URAM 0 DISPNAME {bind_op mul}} {BINDTYPE op ID {} IMPL dsp48 LATENCY 3 OPTYPE add PRAGMA {} RTLNAME mac_muladd_8s_8s_32s_32_4_1_U4561 SOURCE mmult_accel.cpp:210 VARIABLE add_ln210_375 LOOP compute BUNDLEDNAME {} DSP 1 BRAM 0 URAM 0 DISPNAME {bind_op add}} {BINDTYPE op ID {} IMPL dsp48 LATENCY 3 OPTYPE mul PRAGMA {} RTLNAME mac_muladd_8s_8s_32s_32_4_1_U4562 SOURCE mmult_accel.cpp:210 VARIABLE mul_ln210_376 LOOP compute BUNDLEDNAME {} DSP 1 BRAM 0 URAM 0 DISPNAME {bind_op mul}} {BINDTYPE op ID {} IMPL dsp48 LATENCY 3 OPTYPE add PRAGMA {} RTLNAME mac_muladd_8s_8s_32s_32_4_1_U4562 SOURCE mmult_accel.cpp:210 VARIABLE add_ln210_376 LOOP compute BUNDLEDNAME {} DSP 1 BRAM 0 URAM 0 DISPNAME {bind_op add}} {BINDTYPE op ID {} IMPL dsp48 LATENCY 3 OPTYPE mul PRAGMA {} RTLNAME mac_muladd_8s_8s_32s_32_4_1_U4563 SOURCE mmult_accel.cpp:210 VARIABLE mul_ln210_377 LOOP compute BUNDLEDNAME {} DSP 1 BRAM 0 URAM 0 DISPNAME {bind_op mul}} {BINDTYPE op ID {} IMPL dsp48 LATENCY 3 OPTYPE add PRAGMA {} RTLNAME mac_muladd_8s_8s_32s_32_4_1_U4563 SOURCE mmult_accel.cpp:210 VARIABLE add_ln210_377 LOOP compute BUNDLEDNAME {} DSP 1 BRAM 0 URAM 0 DISPNAME {bind_op add}} {BINDTYPE op ID {} IMPL dsp48 LATENCY 3 OPTYPE mul PRAGMA {} RTLNAME mac_muladd_8s_8s_32s_32_4_1_U4564 SOURCE mmult_accel.cpp:210 VARIABLE mul_ln210_378 LOOP compute BUNDLEDNAME {} DSP 1 BRAM 0 URAM 0 DISPNAME {bind_op mul}} {BINDTYPE op ID {} IMPL dsp48 LATENCY 3 OPTYPE add PRAGMA {} RTLNAME mac_muladd_8s_8s_32s_32_4_1_U4564 SOURCE mmult_accel.cpp:210 VARIABLE add_ln210_378 LOOP compute BUNDLEDNAME {} DSP 1 BRAM 0 URAM 0 DISPNAME {bind_op add}} {BINDTYPE op ID {} IMPL dsp48 LATENCY 3 OPTYPE mul PRAGMA {} RTLNAME mac_muladd_8s_8s_32s_32_4_1_U4565 SOURCE mmult_accel.cpp:210 VARIABLE mul_ln210_379 LOOP compute BUNDLEDNAME {} DSP 1 BRAM 0 URAM 0 DISPNAME {bind_op mul}} {BINDTYPE op ID {} IMPL dsp48 LATENCY 3 OPTYPE add PRAGMA {} RTLNAME mac_muladd_8s_8s_32s_32_4_1_U4565 SOURCE mmult_accel.cpp:210 VARIABLE add_ln210_379 LOOP compute BUNDLEDNAME {} DSP 1 BRAM 0 URAM 0 DISPNAME {bind_op add}} {BINDTYPE op ID {} IMPL dsp48 LATENCY 3 OPTYPE mul PRAGMA {} RTLNAME mac_muladd_8s_8s_32s_32_4_1_U4566 SOURCE mmult_accel.cpp:210 VARIABLE mul_ln210_380 LOOP compute BUNDLEDNAME {} DSP 1 BRAM 0 URAM 0 DISPNAME {bind_op mul}} {BINDTYPE op ID {} IMPL dsp48 LATENCY 3 OPTYPE add PRAGMA {} RTLNAME mac_muladd_8s_8s_32s_32_4_1_U4566 SOURCE mmult_accel.cpp:210 VARIABLE add_ln210_380 LOOP compute BUNDLEDNAME {} DSP 1 BRAM 0 URAM 0 DISPNAME {bind_op add}} {BINDTYPE op ID {} IMPL dsp48 LATENCY 3 OPTYPE mul PRAGMA {} RTLNAME mac_muladd_8s_8s_32s_32_4_1_U4567 SOURCE mmult_accel.cpp:210 VARIABLE mul_ln210_381 LOOP compute BUNDLEDNAME {} DSP 1 BRAM 0 URAM 0 DISPNAME {bind_op mul}} {BINDTYPE op ID {} IMPL dsp48 LATENCY 3 OPTYPE add PRAGMA {} RTLNAME mac_muladd_8s_8s_32s_32_4_1_U4567 SOURCE mmult_accel.cpp:210 VARIABLE add_ln210_381 LOOP compute BUNDLEDNAME {} DSP 1 BRAM 0 URAM 0 DISPNAME {bind_op add}} {BINDTYPE op ID {} IMPL dsp48 LATENCY 3 OPTYPE mul PRAGMA {} RTLNAME mac_muladd_8s_8s_32s_32_4_1_U4568 SOURCE mmult_accel.cpp:210 VARIABLE mul_ln210_382 LOOP compute BUNDLEDNAME {} DSP 1 BRAM 0 URAM 0 DISPNAME {bind_op mul}} {BINDTYPE op ID {} IMPL dsp48 LATENCY 3 OPTYPE add PRAGMA {} RTLNAME mac_muladd_8s_8s_32s_32_4_1_U4568 SOURCE mmult_accel.cpp:210 VARIABLE add_ln210_382 LOOP compute BUNDLEDNAME {} DSP 1 BRAM 0 URAM 0 DISPNAME {bind_op add}} {BINDTYPE op ID {} IMPL dsp48 LATENCY 3 OPTYPE mul PRAGMA {} RTLNAME mac_muladd_8s_8s_32s_32_4_1_U4569 SOURCE mmult_accel.cpp:210 VARIABLE mul_ln210_383 LOOP compute BUNDLEDNAME {} DSP 1 BRAM 0 URAM 0 DISPNAME {bind_op mul}} {BINDTYPE op ID {} IMPL dsp48 LATENCY 3 OPTYPE add PRAGMA {} RTLNAME mac_muladd_8s_8s_32s_32_4_1_U4569 SOURCE mmult_accel.cpp:210 VARIABLE add_ln210_383 LOOP compute BUNDLEDNAME {} DSP 1 BRAM 0 URAM 0 DISPNAME {bind_op add}} {BINDTYPE op ID {} IMPL dsp48 LATENCY 3 OPTYPE mul PRAGMA {} RTLNAME mac_muladd_8s_8s_32s_32_4_1_U4570 SOURCE mmult_accel.cpp:210 VARIABLE mul_ln210_384 LOOP compute BUNDLEDNAME {} DSP 1 BRAM 0 URAM 0 DISPNAME {bind_op mul}} {BINDTYPE op ID {} IMPL dsp48 LATENCY 3 OPTYPE add PRAGMA {} RTLNAME mac_muladd_8s_8s_32s_32_4_1_U4570 SOURCE mmult_accel.cpp:210 VARIABLE add_ln210_384 LOOP compute BUNDLEDNAME {} DSP 1 BRAM 0 URAM 0 DISPNAME {bind_op add}} {BINDTYPE op ID {} IMPL dsp48 LATENCY 3 OPTYPE mul PRAGMA {} RTLNAME mac_muladd_8s_8s_32s_32_4_1_U4571 SOURCE mmult_accel.cpp:210 VARIABLE mul_ln210_385 LOOP compute BUNDLEDNAME {} DSP 1 BRAM 0 URAM 0 DISPNAME {bind_op mul}} {BINDTYPE op ID {} IMPL dsp48 LATENCY 3 OPTYPE add PRAGMA {} RTLNAME mac_muladd_8s_8s_32s_32_4_1_U4571 SOURCE mmult_accel.cpp:210 VARIABLE add_ln210_385 LOOP compute BUNDLEDNAME {} DSP 1 BRAM 0 URAM 0 DISPNAME {bind_op add}} {BINDTYPE op ID {} IMPL dsp48 LATENCY 3 OPTYPE mul PRAGMA {} RTLNAME mac_muladd_8s_8s_32s_32_4_1_U4572 SOURCE mmult_accel.cpp:210 VARIABLE mul_ln210_386 LOOP compute BUNDLEDNAME {} DSP 1 BRAM 0 URAM 0 DISPNAME {bind_op mul}} {BINDTYPE op ID {} IMPL dsp48 LATENCY 3 OPTYPE add PRAGMA {} RTLNAME mac_muladd_8s_8s_32s_32_4_1_U4572 SOURCE mmult_accel.cpp:210 VARIABLE add_ln210_386 LOOP compute BUNDLEDNAME {} DSP 1 BRAM 0 URAM 0 DISPNAME {bind_op add}} {BINDTYPE op ID {} IMPL dsp48 LATENCY 3 OPTYPE mul PRAGMA {} RTLNAME mac_muladd_8s_8s_32s_32_4_1_U4573 SOURCE mmult_accel.cpp:210 VARIABLE mul_ln210_387 LOOP compute BUNDLEDNAME {} DSP 1 BRAM 0 URAM 0 DISPNAME {bind_op mul}} {BINDTYPE op ID {} IMPL dsp48 LATENCY 3 OPTYPE add PRAGMA {} RTLNAME mac_muladd_8s_8s_32s_32_4_1_U4573 SOURCE mmult_accel.cpp:210 VARIABLE add_ln210_387 LOOP compute BUNDLEDNAME {} DSP 1 BRAM 0 URAM 0 DISPNAME {bind_op add}} {BINDTYPE op ID {} IMPL dsp48 LATENCY 3 OPTYPE mul PRAGMA {} RTLNAME mac_muladd_8s_8s_32s_32_4_1_U4574 SOURCE mmult_accel.cpp:210 VARIABLE mul_ln210_388 LOOP compute BUNDLEDNAME {} DSP 1 BRAM 0 URAM 0 DISPNAME {bind_op mul}} {BINDTYPE op ID {} IMPL dsp48 LATENCY 3 OPTYPE add PRAGMA {} RTLNAME mac_muladd_8s_8s_32s_32_4_1_U4574 SOURCE mmult_accel.cpp:210 VARIABLE add_ln210_388 LOOP compute BUNDLEDNAME {} DSP 1 BRAM 0 URAM 0 DISPNAME {bind_op add}} {BINDTYPE op ID {} IMPL dsp48 LATENCY 3 OPTYPE mul PRAGMA {} RTLNAME mac_muladd_8s_8s_32s_32_4_1_U4575 SOURCE mmult_accel.cpp:210 VARIABLE mul_ln210_389 LOOP compute BUNDLEDNAME {} DSP 1 BRAM 0 URAM 0 DISPNAME {bind_op mul}} {BINDTYPE op ID {} IMPL dsp48 LATENCY 3 OPTYPE add PRAGMA {} RTLNAME mac_muladd_8s_8s_32s_32_4_1_U4575 SOURCE mmult_accel.cpp:210 VARIABLE add_ln210_389 LOOP compute BUNDLEDNAME {} DSP 1 BRAM 0 URAM 0 DISPNAME {bind_op add}} {BINDTYPE op ID {} IMPL dsp48 LATENCY 3 OPTYPE mul PRAGMA {} RTLNAME mac_muladd_8s_8s_32s_32_4_1_U4576 SOURCE mmult_accel.cpp:210 VARIABLE mul_ln210_390 LOOP compute BUNDLEDNAME {} DSP 1 BRAM 0 URAM 0 DISPNAME {bind_op mul}} {BINDTYPE op ID {} IMPL dsp48 LATENCY 3 OPTYPE add PRAGMA {} RTLNAME mac_muladd_8s_8s_32s_32_4_1_U4576 SOURCE mmult_accel.cpp:210 VARIABLE add_ln210_390 LOOP compute BUNDLEDNAME {} DSP 1 BRAM 0 URAM 0 DISPNAME {bind_op add}} {BINDTYPE op ID {} IMPL dsp48 LATENCY 3 OPTYPE mul PRAGMA {} RTLNAME mac_muladd_8s_8s_32s_32_4_1_U4577 SOURCE mmult_accel.cpp:210 VARIABLE mul_ln210_391 LOOP compute BUNDLEDNAME {} DSP 1 BRAM 0 URAM 0 DISPNAME {bind_op mul}} {BINDTYPE op ID {} IMPL dsp48 LATENCY 3 OPTYPE add PRAGMA {} RTLNAME mac_muladd_8s_8s_32s_32_4_1_U4577 SOURCE mmult_accel.cpp:210 VARIABLE add_ln210_391 LOOP compute BUNDLEDNAME {} DSP 1 BRAM 0 URAM 0 DISPNAME {bind_op add}} {BINDTYPE op ID {} IMPL dsp48 LATENCY 3 OPTYPE mul PRAGMA {} RTLNAME mac_muladd_8s_8s_32s_32_4_1_U4578 SOURCE mmult_accel.cpp:210 VARIABLE mul_ln210_392 LOOP compute BUNDLEDNAME {} DSP 1 BRAM 0 URAM 0 DISPNAME {bind_op mul}} {BINDTYPE op ID {} IMPL dsp48 LATENCY 3 OPTYPE add PRAGMA {} RTLNAME mac_muladd_8s_8s_32s_32_4_1_U4578 SOURCE mmult_accel.cpp:210 VARIABLE add_ln210_392 LOOP compute BUNDLEDNAME {} DSP 1 BRAM 0 URAM 0 DISPNAME {bind_op add}} {BINDTYPE op ID {} IMPL dsp48 LATENCY 3 OPTYPE mul PRAGMA {} RTLNAME mac_muladd_8s_8s_32s_32_4_1_U4579 SOURCE mmult_accel.cpp:210 VARIABLE mul_ln210_393 LOOP compute BUNDLEDNAME {} DSP 1 BRAM 0 URAM 0 DISPNAME {bind_op mul}} {BINDTYPE op ID {} IMPL dsp48 LATENCY 3 OPTYPE add PRAGMA {} RTLNAME mac_muladd_8s_8s_32s_32_4_1_U4579 SOURCE mmult_accel.cpp:210 VARIABLE add_ln210_393 LOOP compute BUNDLEDNAME {} DSP 1 BRAM 0 URAM 0 DISPNAME {bind_op add}} {BINDTYPE op ID {} IMPL dsp48 LATENCY 3 OPTYPE mul PRAGMA {} RTLNAME mac_muladd_8s_8s_32s_32_4_1_U4580 SOURCE mmult_accel.cpp:210 VARIABLE mul_ln210_394 LOOP compute BUNDLEDNAME {} DSP 1 BRAM 0 URAM 0 DISPNAME {bind_op mul}} {BINDTYPE op ID {} IMPL dsp48 LATENCY 3 OPTYPE add PRAGMA {} RTLNAME mac_muladd_8s_8s_32s_32_4_1_U4580 SOURCE mmult_accel.cpp:210 VARIABLE add_ln210_394 LOOP compute BUNDLEDNAME {} DSP 1 BRAM 0 URAM 0 DISPNAME {bind_op add}} {BINDTYPE op ID {} IMPL dsp48 LATENCY 3 OPTYPE mul PRAGMA {} RTLNAME mac_muladd_8s_8s_32s_32_4_1_U4581 SOURCE mmult_accel.cpp:210 VARIABLE mul_ln210_395 LOOP compute BUNDLEDNAME {} DSP 1 BRAM 0 URAM 0 DISPNAME {bind_op mul}} {BINDTYPE op ID {} IMPL dsp48 LATENCY 3 OPTYPE add PRAGMA {} RTLNAME mac_muladd_8s_8s_32s_32_4_1_U4581 SOURCE mmult_accel.cpp:210 VARIABLE add_ln210_395 LOOP compute BUNDLEDNAME {} DSP 1 BRAM 0 URAM 0 DISPNAME {bind_op add}} {BINDTYPE op ID {} IMPL dsp48 LATENCY 3 OPTYPE mul PRAGMA {} RTLNAME mac_muladd_8s_8s_32s_32_4_1_U4582 SOURCE mmult_accel.cpp:210 VARIABLE mul_ln210_396 LOOP compute BUNDLEDNAME {} DSP 1 BRAM 0 URAM 0 DISPNAME {bind_op mul}} {BINDTYPE op ID {} IMPL dsp48 LATENCY 3 OPTYPE add PRAGMA {} RTLNAME mac_muladd_8s_8s_32s_32_4_1_U4582 SOURCE mmult_accel.cpp:210 VARIABLE add_ln210_396 LOOP compute BUNDLEDNAME {} DSP 1 BRAM 0 URAM 0 DISPNAME {bind_op add}} {BINDTYPE op ID {} IMPL dsp48 LATENCY 3 OPTYPE mul PRAGMA {} RTLNAME mac_muladd_8s_8s_32s_32_4_1_U4583 SOURCE mmult_accel.cpp:210 VARIABLE mul_ln210_397 LOOP compute BUNDLEDNAME {} DSP 1 BRAM 0 URAM 0 DISPNAME {bind_op mul}} {BINDTYPE op ID {} IMPL dsp48 LATENCY 3 OPTYPE add PRAGMA {} RTLNAME mac_muladd_8s_8s_32s_32_4_1_U4583 SOURCE mmult_accel.cpp:210 VARIABLE add_ln210_397 LOOP compute BUNDLEDNAME {} DSP 1 BRAM 0 URAM 0 DISPNAME {bind_op add}} {BINDTYPE op ID {} IMPL dsp48 LATENCY 3 OPTYPE mul PRAGMA {} RTLNAME mac_muladd_8s_8s_32s_32_4_1_U4584 SOURCE mmult_accel.cpp:210 VARIABLE mul_ln210_398 LOOP compute BUNDLEDNAME {} DSP 1 BRAM 0 URAM 0 DISPNAME {bind_op mul}} {BINDTYPE op ID {} IMPL dsp48 LATENCY 3 OPTYPE add PRAGMA {} RTLNAME mac_muladd_8s_8s_32s_32_4_1_U4584 SOURCE mmult_accel.cpp:210 VARIABLE add_ln210_398 LOOP compute BUNDLEDNAME {} DSP 1 BRAM 0 URAM 0 DISPNAME {bind_op add}} {BINDTYPE op ID {} IMPL dsp48 LATENCY 3 OPTYPE mul PRAGMA {} RTLNAME mac_muladd_8s_8s_32s_32_4_1_U4585 SOURCE mmult_accel.cpp:210 VARIABLE mul_ln210_399 LOOP compute BUNDLEDNAME {} DSP 1 BRAM 0 URAM 0 DISPNAME {bind_op mul}} {BINDTYPE op ID {} IMPL dsp48 LATENCY 3 OPTYPE add PRAGMA {} RTLNAME mac_muladd_8s_8s_32s_32_4_1_U4585 SOURCE mmult_accel.cpp:210 VARIABLE add_ln210_399 LOOP compute BUNDLEDNAME {} DSP 1 BRAM 0 URAM 0 DISPNAME {bind_op add}} {BINDTYPE op ID {} IMPL dsp48 LATENCY 3 OPTYPE mul PRAGMA {} RTLNAME mac_muladd_8s_8s_32s_32_4_1_U4586 SOURCE mmult_accel.cpp:210 VARIABLE mul_ln210_400 LOOP compute BUNDLEDNAME {} DSP 1 BRAM 0 URAM 0 DISPNAME {bind_op mul}} {BINDTYPE op ID {} IMPL dsp48 LATENCY 3 OPTYPE add PRAGMA {} RTLNAME mac_muladd_8s_8s_32s_32_4_1_U4586 SOURCE mmult_accel.cpp:210 VARIABLE add_ln210_400 LOOP compute BUNDLEDNAME {} DSP 1 BRAM 0 URAM 0 DISPNAME {bind_op add}} {BINDTYPE op ID {} IMPL dsp48 LATENCY 3 OPTYPE mul PRAGMA {} RTLNAME mac_muladd_8s_8s_32s_32_4_1_U4587 SOURCE mmult_accel.cpp:210 VARIABLE mul_ln210_401 LOOP compute BUNDLEDNAME {} DSP 1 BRAM 0 URAM 0 DISPNAME {bind_op mul}} {BINDTYPE op ID {} IMPL dsp48 LATENCY 3 OPTYPE add PRAGMA {} RTLNAME mac_muladd_8s_8s_32s_32_4_1_U4587 SOURCE mmult_accel.cpp:210 VARIABLE add_ln210_401 LOOP compute BUNDLEDNAME {} DSP 1 BRAM 0 URAM 0 DISPNAME {bind_op add}} {BINDTYPE op ID {} IMPL dsp48 LATENCY 3 OPTYPE mul PRAGMA {} RTLNAME mac_muladd_8s_8s_32s_32_4_1_U4588 SOURCE mmult_accel.cpp:210 VARIABLE mul_ln210_402 LOOP compute BUNDLEDNAME {} DSP 1 BRAM 0 URAM 0 DISPNAME {bind_op mul}} {BINDTYPE op ID {} IMPL dsp48 LATENCY 3 OPTYPE add PRAGMA {} RTLNAME mac_muladd_8s_8s_32s_32_4_1_U4588 SOURCE mmult_accel.cpp:210 VARIABLE add_ln210_402 LOOP compute BUNDLEDNAME {} DSP 1 BRAM 0 URAM 0 DISPNAME {bind_op add}} {BINDTYPE op ID {} IMPL dsp48 LATENCY 3 OPTYPE mul PRAGMA {} RTLNAME mac_muladd_8s_8s_32s_32_4_1_U4589 SOURCE mmult_accel.cpp:210 VARIABLE mul_ln210_403 LOOP compute BUNDLEDNAME {} DSP 1 BRAM 0 URAM 0 DISPNAME {bind_op mul}} {BINDTYPE op ID {} IMPL dsp48 LATENCY 3 OPTYPE add PRAGMA {} RTLNAME mac_muladd_8s_8s_32s_32_4_1_U4589 SOURCE mmult_accel.cpp:210 VARIABLE add_ln210_403 LOOP compute BUNDLEDNAME {} DSP 1 BRAM 0 URAM 0 DISPNAME {bind_op add}} {BINDTYPE op ID {} IMPL dsp48 LATENCY 3 OPTYPE mul PRAGMA {} RTLNAME mac_muladd_8s_8s_32s_32_4_1_U4590 SOURCE mmult_accel.cpp:210 VARIABLE mul_ln210_404 LOOP compute BUNDLEDNAME {} DSP 1 BRAM 0 URAM 0 DISPNAME {bind_op mul}} {BINDTYPE op ID {} IMPL dsp48 LATENCY 3 OPTYPE add PRAGMA {} RTLNAME mac_muladd_8s_8s_32s_32_4_1_U4590 SOURCE mmult_accel.cpp:210 VARIABLE add_ln210_404 LOOP compute BUNDLEDNAME {} DSP 1 BRAM 0 URAM 0 DISPNAME {bind_op add}} {BINDTYPE op ID {} IMPL dsp48 LATENCY 3 OPTYPE mul PRAGMA {} RTLNAME mac_muladd_8s_8s_32s_32_4_1_U4591 SOURCE mmult_accel.cpp:210 VARIABLE mul_ln210_405 LOOP compute BUNDLEDNAME {} DSP 1 BRAM 0 URAM 0 DISPNAME {bind_op mul}} {BINDTYPE op ID {} IMPL dsp48 LATENCY 3 OPTYPE add PRAGMA {} RTLNAME mac_muladd_8s_8s_32s_32_4_1_U4591 SOURCE mmult_accel.cpp:210 VARIABLE add_ln210_405 LOOP compute BUNDLEDNAME {} DSP 1 BRAM 0 URAM 0 DISPNAME {bind_op add}} {BINDTYPE op ID {} IMPL dsp48 LATENCY 3 OPTYPE mul PRAGMA {} RTLNAME mac_muladd_8s_8s_32s_32_4_1_U4592 SOURCE mmult_accel.cpp:210 VARIABLE mul_ln210_406 LOOP compute BUNDLEDNAME {} DSP 1 BRAM 0 URAM 0 DISPNAME {bind_op mul}} {BINDTYPE op ID {} IMPL dsp48 LATENCY 3 OPTYPE add PRAGMA {} RTLNAME mac_muladd_8s_8s_32s_32_4_1_U4592 SOURCE mmult_accel.cpp:210 VARIABLE add_ln210_406 LOOP compute BUNDLEDNAME {} DSP 1 BRAM 0 URAM 0 DISPNAME {bind_op add}} {BINDTYPE op ID {} IMPL dsp48 LATENCY 3 OPTYPE mul PRAGMA {} RTLNAME mac_muladd_8s_8s_32s_32_4_1_U4593 SOURCE mmult_accel.cpp:210 VARIABLE mul_ln210_407 LOOP compute BUNDLEDNAME {} DSP 1 BRAM 0 URAM 0 DISPNAME {bind_op mul}} {BINDTYPE op ID {} IMPL dsp48 LATENCY 3 OPTYPE add PRAGMA {} RTLNAME mac_muladd_8s_8s_32s_32_4_1_U4593 SOURCE mmult_accel.cpp:210 VARIABLE add_ln210_407 LOOP compute BUNDLEDNAME {} DSP 1 BRAM 0 URAM 0 DISPNAME {bind_op add}} {BINDTYPE op ID {} IMPL dsp48 LATENCY 3 OPTYPE mul PRAGMA {} RTLNAME mac_muladd_8s_8s_32s_32_4_1_U4594 SOURCE mmult_accel.cpp:210 VARIABLE mul_ln210_408 LOOP compute BUNDLEDNAME {} DSP 1 BRAM 0 URAM 0 DISPNAME {bind_op mul}} {BINDTYPE op ID {} IMPL dsp48 LATENCY 3 OPTYPE add PRAGMA {} RTLNAME mac_muladd_8s_8s_32s_32_4_1_U4594 SOURCE mmult_accel.cpp:210 VARIABLE add_ln210_408 LOOP compute BUNDLEDNAME {} DSP 1 BRAM 0 URAM 0 DISPNAME {bind_op add}} {BINDTYPE op ID {} IMPL dsp48 LATENCY 3 OPTYPE mul PRAGMA {} RTLNAME mac_muladd_8s_8s_32s_32_4_1_U4595 SOURCE mmult_accel.cpp:210 VARIABLE mul_ln210_409 LOOP compute BUNDLEDNAME {} DSP 1 BRAM 0 URAM 0 DISPNAME {bind_op mul}} {BINDTYPE op ID {} IMPL dsp48 LATENCY 3 OPTYPE add PRAGMA {} RTLNAME mac_muladd_8s_8s_32s_32_4_1_U4595 SOURCE mmult_accel.cpp:210 VARIABLE add_ln210_409 LOOP compute BUNDLEDNAME {} DSP 1 BRAM 0 URAM 0 DISPNAME {bind_op add}} {BINDTYPE op ID {} IMPL dsp48 LATENCY 3 OPTYPE mul PRAGMA {} RTLNAME mac_muladd_8s_8s_32s_32_4_1_U4596 SOURCE mmult_accel.cpp:210 VARIABLE mul_ln210_410 LOOP compute BUNDLEDNAME {} DSP 1 BRAM 0 URAM 0 DISPNAME {bind_op mul}} {BINDTYPE op ID {} IMPL dsp48 LATENCY 3 OPTYPE add PRAGMA {} RTLNAME mac_muladd_8s_8s_32s_32_4_1_U4596 SOURCE mmult_accel.cpp:210 VARIABLE add_ln210_410 LOOP compute BUNDLEDNAME {} DSP 1 BRAM 0 URAM 0 DISPNAME {bind_op add}} {BINDTYPE op ID {} IMPL dsp48 LATENCY 3 OPTYPE mul PRAGMA {} RTLNAME mac_muladd_8s_8s_32s_32_4_1_U4597 SOURCE mmult_accel.cpp:210 VARIABLE mul_ln210_411 LOOP compute BUNDLEDNAME {} DSP 1 BRAM 0 URAM 0 DISPNAME {bind_op mul}} {BINDTYPE op ID {} IMPL dsp48 LATENCY 3 OPTYPE add PRAGMA {} RTLNAME mac_muladd_8s_8s_32s_32_4_1_U4597 SOURCE mmult_accel.cpp:210 VARIABLE add_ln210_411 LOOP compute BUNDLEDNAME {} DSP 1 BRAM 0 URAM 0 DISPNAME {bind_op add}} {BINDTYPE op ID {} IMPL dsp48 LATENCY 3 OPTYPE mul PRAGMA {} RTLNAME mac_muladd_8s_8s_32s_32_4_1_U4598 SOURCE mmult_accel.cpp:210 VARIABLE mul_ln210_412 LOOP compute BUNDLEDNAME {} DSP 1 BRAM 0 URAM 0 DISPNAME {bind_op mul}} {BINDTYPE op ID {} IMPL dsp48 LATENCY 3 OPTYPE add PRAGMA {} RTLNAME mac_muladd_8s_8s_32s_32_4_1_U4598 SOURCE mmult_accel.cpp:210 VARIABLE add_ln210_412 LOOP compute BUNDLEDNAME {} DSP 1 BRAM 0 URAM 0 DISPNAME {bind_op add}} {BINDTYPE op ID {} IMPL dsp48 LATENCY 3 OPTYPE mul PRAGMA {} RTLNAME mac_muladd_8s_8s_32s_32_4_1_U4599 SOURCE mmult_accel.cpp:210 VARIABLE mul_ln210_413 LOOP compute BUNDLEDNAME {} DSP 1 BRAM 0 URAM 0 DISPNAME {bind_op mul}} {BINDTYPE op ID {} IMPL dsp48 LATENCY 3 OPTYPE add PRAGMA {} RTLNAME mac_muladd_8s_8s_32s_32_4_1_U4599 SOURCE mmult_accel.cpp:210 VARIABLE add_ln210_413 LOOP compute BUNDLEDNAME {} DSP 1 BRAM 0 URAM 0 DISPNAME {bind_op add}} {BINDTYPE op ID {} IMPL dsp48 LATENCY 3 OPTYPE mul PRAGMA {} RTLNAME mac_muladd_8s_8s_32s_32_4_1_U4600 SOURCE mmult_accel.cpp:210 VARIABLE mul_ln210_414 LOOP compute BUNDLEDNAME {} DSP 1 BRAM 0 URAM 0 DISPNAME {bind_op mul}} {BINDTYPE op ID {} IMPL dsp48 LATENCY 3 OPTYPE add PRAGMA {} RTLNAME mac_muladd_8s_8s_32s_32_4_1_U4600 SOURCE mmult_accel.cpp:210 VARIABLE add_ln210_414 LOOP compute BUNDLEDNAME {} DSP 1 BRAM 0 URAM 0 DISPNAME {bind_op add}} {BINDTYPE op ID {} IMPL dsp48 LATENCY 3 OPTYPE mul PRAGMA {} RTLNAME mac_muladd_8s_8s_32s_32_4_1_U4601 SOURCE mmult_accel.cpp:210 VARIABLE mul_ln210_415 LOOP compute BUNDLEDNAME {} DSP 1 BRAM 0 URAM 0 DISPNAME {bind_op mul}} {BINDTYPE op ID {} IMPL dsp48 LATENCY 3 OPTYPE add PRAGMA {} RTLNAME mac_muladd_8s_8s_32s_32_4_1_U4601 SOURCE mmult_accel.cpp:210 VARIABLE add_ln210_415 LOOP compute BUNDLEDNAME {} DSP 1 BRAM 0 URAM 0 DISPNAME {bind_op add}} {BINDTYPE op ID {} IMPL dsp48 LATENCY 3 OPTYPE mul PRAGMA {} RTLNAME mac_muladd_8s_8s_32s_32_4_1_U4602 SOURCE mmult_accel.cpp:210 VARIABLE mul_ln210_416 LOOP compute BUNDLEDNAME {} DSP 1 BRAM 0 URAM 0 DISPNAME {bind_op mul}} {BINDTYPE op ID {} IMPL dsp48 LATENCY 3 OPTYPE add PRAGMA {} RTLNAME mac_muladd_8s_8s_32s_32_4_1_U4602 SOURCE mmult_accel.cpp:210 VARIABLE add_ln210_416 LOOP compute BUNDLEDNAME {} DSP 1 BRAM 0 URAM 0 DISPNAME {bind_op add}} {BINDTYPE op ID {} IMPL dsp48 LATENCY 3 OPTYPE mul PRAGMA {} RTLNAME mac_muladd_8s_8s_32s_32_4_1_U4603 SOURCE mmult_accel.cpp:210 VARIABLE mul_ln210_417 LOOP compute BUNDLEDNAME {} DSP 1 BRAM 0 URAM 0 DISPNAME {bind_op mul}} {BINDTYPE op ID {} IMPL dsp48 LATENCY 3 OPTYPE add PRAGMA {} RTLNAME mac_muladd_8s_8s_32s_32_4_1_U4603 SOURCE mmult_accel.cpp:210 VARIABLE add_ln210_417 LOOP compute BUNDLEDNAME {} DSP 1 BRAM 0 URAM 0 DISPNAME {bind_op add}} {BINDTYPE op ID {} IMPL dsp48 LATENCY 3 OPTYPE mul PRAGMA {} RTLNAME mac_muladd_8s_8s_32s_32_4_1_U4604 SOURCE mmult_accel.cpp:210 VARIABLE mul_ln210_418 LOOP compute BUNDLEDNAME {} DSP 1 BRAM 0 URAM 0 DISPNAME {bind_op mul}} {BINDTYPE op ID {} IMPL dsp48 LATENCY 3 OPTYPE add PRAGMA {} RTLNAME mac_muladd_8s_8s_32s_32_4_1_U4604 SOURCE mmult_accel.cpp:210 VARIABLE add_ln210_418 LOOP compute BUNDLEDNAME {} DSP 1 BRAM 0 URAM 0 DISPNAME {bind_op add}} {BINDTYPE op ID {} IMPL dsp48 LATENCY 3 OPTYPE mul PRAGMA {} RTLNAME mac_muladd_8s_8s_32s_32_4_1_U4605 SOURCE mmult_accel.cpp:210 VARIABLE mul_ln210_419 LOOP compute BUNDLEDNAME {} DSP 1 BRAM 0 URAM 0 DISPNAME {bind_op mul}} {BINDTYPE op ID {} IMPL dsp48 LATENCY 3 OPTYPE add PRAGMA {} RTLNAME mac_muladd_8s_8s_32s_32_4_1_U4605 SOURCE mmult_accel.cpp:210 VARIABLE add_ln210_419 LOOP compute BUNDLEDNAME {} DSP 1 BRAM 0 URAM 0 DISPNAME {bind_op add}} {BINDTYPE op ID {} IMPL dsp48 LATENCY 3 OPTYPE mul PRAGMA {} RTLNAME mac_muladd_8s_8s_32s_32_4_1_U4606 SOURCE mmult_accel.cpp:210 VARIABLE mul_ln210_420 LOOP compute BUNDLEDNAME {} DSP 1 BRAM 0 URAM 0 DISPNAME {bind_op mul}} {BINDTYPE op ID {} IMPL dsp48 LATENCY 3 OPTYPE add PRAGMA {} RTLNAME mac_muladd_8s_8s_32s_32_4_1_U4606 SOURCE mmult_accel.cpp:210 VARIABLE add_ln210_420 LOOP compute BUNDLEDNAME {} DSP 1 BRAM 0 URAM 0 DISPNAME {bind_op add}} {BINDTYPE op ID {} IMPL dsp48 LATENCY 3 OPTYPE mul PRAGMA {} RTLNAME mac_muladd_8s_8s_32s_32_4_1_U4607 SOURCE mmult_accel.cpp:210 VARIABLE mul_ln210_421 LOOP compute BUNDLEDNAME {} DSP 1 BRAM 0 URAM 0 DISPNAME {bind_op mul}} {BINDTYPE op ID {} IMPL dsp48 LATENCY 3 OPTYPE add PRAGMA {} RTLNAME mac_muladd_8s_8s_32s_32_4_1_U4607 SOURCE mmult_accel.cpp:210 VARIABLE add_ln210_421 LOOP compute BUNDLEDNAME {} DSP 1 BRAM 0 URAM 0 DISPNAME {bind_op add}} {BINDTYPE op ID {} IMPL dsp48 LATENCY 3 OPTYPE mul PRAGMA {} RTLNAME mac_muladd_8s_8s_32s_32_4_1_U4608 SOURCE mmult_accel.cpp:210 VARIABLE mul_ln210_422 LOOP compute BUNDLEDNAME {} DSP 1 BRAM 0 URAM 0 DISPNAME {bind_op mul}} {BINDTYPE op ID {} IMPL dsp48 LATENCY 3 OPTYPE add PRAGMA {} RTLNAME mac_muladd_8s_8s_32s_32_4_1_U4608 SOURCE mmult_accel.cpp:210 VARIABLE add_ln210_422 LOOP compute BUNDLEDNAME {} DSP 1 BRAM 0 URAM 0 DISPNAME {bind_op add}} {BINDTYPE op ID {} IMPL dsp48 LATENCY 3 OPTYPE mul PRAGMA {} RTLNAME mac_muladd_8s_8s_32s_32_4_1_U4609 SOURCE mmult_accel.cpp:210 VARIABLE mul_ln210_423 LOOP compute BUNDLEDNAME {} DSP 1 BRAM 0 URAM 0 DISPNAME {bind_op mul}} {BINDTYPE op ID {} IMPL dsp48 LATENCY 3 OPTYPE add PRAGMA {} RTLNAME mac_muladd_8s_8s_32s_32_4_1_U4609 SOURCE mmult_accel.cpp:210 VARIABLE add_ln210_423 LOOP compute BUNDLEDNAME {} DSP 1 BRAM 0 URAM 0 DISPNAME {bind_op add}} {BINDTYPE op ID {} IMPL dsp48 LATENCY 3 OPTYPE mul PRAGMA {} RTLNAME mac_muladd_8s_8s_32s_32_4_1_U4610 SOURCE mmult_accel.cpp:210 VARIABLE mul_ln210_424 LOOP compute BUNDLEDNAME {} DSP 1 BRAM 0 URAM 0 DISPNAME {bind_op mul}} {BINDTYPE op ID {} IMPL dsp48 LATENCY 3 OPTYPE add PRAGMA {} RTLNAME mac_muladd_8s_8s_32s_32_4_1_U4610 SOURCE mmult_accel.cpp:210 VARIABLE add_ln210_424 LOOP compute BUNDLEDNAME {} DSP 1 BRAM 0 URAM 0 DISPNAME {bind_op add}} {BINDTYPE op ID {} IMPL dsp48 LATENCY 3 OPTYPE mul PRAGMA {} RTLNAME mac_muladd_8s_8s_32s_32_4_1_U4611 SOURCE mmult_accel.cpp:210 VARIABLE mul_ln210_425 LOOP compute BUNDLEDNAME {} DSP 1 BRAM 0 URAM 0 DISPNAME {bind_op mul}} {BINDTYPE op ID {} IMPL dsp48 LATENCY 3 OPTYPE add PRAGMA {} RTLNAME mac_muladd_8s_8s_32s_32_4_1_U4611 SOURCE mmult_accel.cpp:210 VARIABLE add_ln210_425 LOOP compute BUNDLEDNAME {} DSP 1 BRAM 0 URAM 0 DISPNAME {bind_op add}} {BINDTYPE op ID {} IMPL dsp48 LATENCY 3 OPTYPE mul PRAGMA {} RTLNAME mac_muladd_8s_8s_32s_32_4_1_U4612 SOURCE mmult_accel.cpp:210 VARIABLE mul_ln210_426 LOOP compute BUNDLEDNAME {} DSP 1 BRAM 0 URAM 0 DISPNAME {bind_op mul}} {BINDTYPE op ID {} IMPL dsp48 LATENCY 3 OPTYPE add PRAGMA {} RTLNAME mac_muladd_8s_8s_32s_32_4_1_U4612 SOURCE mmult_accel.cpp:210 VARIABLE add_ln210_426 LOOP compute BUNDLEDNAME {} DSP 1 BRAM 0 URAM 0 DISPNAME {bind_op add}} {BINDTYPE op ID {} IMPL dsp48 LATENCY 3 OPTYPE mul PRAGMA {} RTLNAME mac_muladd_8s_8s_32s_32_4_1_U4613 SOURCE mmult_accel.cpp:210 VARIABLE mul_ln210_427 LOOP compute BUNDLEDNAME {} DSP 1 BRAM 0 URAM 0 DISPNAME {bind_op mul}} {BINDTYPE op ID {} IMPL dsp48 LATENCY 3 OPTYPE add PRAGMA {} RTLNAME mac_muladd_8s_8s_32s_32_4_1_U4613 SOURCE mmult_accel.cpp:210 VARIABLE add_ln210_427 LOOP compute BUNDLEDNAME {} DSP 1 BRAM 0 URAM 0 DISPNAME {bind_op add}} {BINDTYPE op ID {} IMPL dsp48 LATENCY 3 OPTYPE mul PRAGMA {} RTLNAME mac_muladd_8s_8s_32s_32_4_1_U4614 SOURCE mmult_accel.cpp:210 VARIABLE mul_ln210_428 LOOP compute BUNDLEDNAME {} DSP 1 BRAM 0 URAM 0 DISPNAME {bind_op mul}} {BINDTYPE op ID {} IMPL dsp48 LATENCY 3 OPTYPE add PRAGMA {} RTLNAME mac_muladd_8s_8s_32s_32_4_1_U4614 SOURCE mmult_accel.cpp:210 VARIABLE add_ln210_428 LOOP compute BUNDLEDNAME {} DSP 1 BRAM 0 URAM 0 DISPNAME {bind_op add}} {BINDTYPE op ID {} IMPL dsp48 LATENCY 3 OPTYPE mul PRAGMA {} RTLNAME mac_muladd_8s_8s_32s_32_4_1_U4615 SOURCE mmult_accel.cpp:210 VARIABLE mul_ln210_429 LOOP compute BUNDLEDNAME {} DSP 1 BRAM 0 URAM 0 DISPNAME {bind_op mul}} {BINDTYPE op ID {} IMPL dsp48 LATENCY 3 OPTYPE add PRAGMA {} RTLNAME mac_muladd_8s_8s_32s_32_4_1_U4615 SOURCE mmult_accel.cpp:210 VARIABLE add_ln210_429 LOOP compute BUNDLEDNAME {} DSP 1 BRAM 0 URAM 0 DISPNAME {bind_op add}} {BINDTYPE op ID {} IMPL dsp48 LATENCY 3 OPTYPE mul PRAGMA {} RTLNAME mac_muladd_8s_8s_32s_32_4_1_U4616 SOURCE mmult_accel.cpp:210 VARIABLE mul_ln210_430 LOOP compute BUNDLEDNAME {} DSP 1 BRAM 0 URAM 0 DISPNAME {bind_op mul}} {BINDTYPE op ID {} IMPL dsp48 LATENCY 3 OPTYPE add PRAGMA {} RTLNAME mac_muladd_8s_8s_32s_32_4_1_U4616 SOURCE mmult_accel.cpp:210 VARIABLE add_ln210_430 LOOP compute BUNDLEDNAME {} DSP 1 BRAM 0 URAM 0 DISPNAME {bind_op add}} {BINDTYPE op ID {} IMPL dsp48 LATENCY 3 OPTYPE mul PRAGMA {} RTLNAME mac_muladd_8s_8s_32s_32_4_1_U4617 SOURCE mmult_accel.cpp:210 VARIABLE mul_ln210_431 LOOP compute BUNDLEDNAME {} DSP 1 BRAM 0 URAM 0 DISPNAME {bind_op mul}} {BINDTYPE op ID {} IMPL dsp48 LATENCY 3 OPTYPE add PRAGMA {} RTLNAME mac_muladd_8s_8s_32s_32_4_1_U4617 SOURCE mmult_accel.cpp:210 VARIABLE add_ln210_431 LOOP compute BUNDLEDNAME {} DSP 1 BRAM 0 URAM 0 DISPNAME {bind_op add}} {BINDTYPE op ID {} IMPL dsp48 LATENCY 3 OPTYPE mul PRAGMA {} RTLNAME mac_muladd_8s_8s_32s_32_4_1_U4618 SOURCE mmult_accel.cpp:210 VARIABLE mul_ln210_432 LOOP compute BUNDLEDNAME {} DSP 1 BRAM 0 URAM 0 DISPNAME {bind_op mul}} {BINDTYPE op ID {} IMPL dsp48 LATENCY 3 OPTYPE add PRAGMA {} RTLNAME mac_muladd_8s_8s_32s_32_4_1_U4618 SOURCE mmult_accel.cpp:210 VARIABLE add_ln210_432 LOOP compute BUNDLEDNAME {} DSP 1 BRAM 0 URAM 0 DISPNAME {bind_op add}} {BINDTYPE op ID {} IMPL dsp48 LATENCY 3 OPTYPE mul PRAGMA {} RTLNAME mac_muladd_8s_8s_32s_32_4_1_U4619 SOURCE mmult_accel.cpp:210 VARIABLE mul_ln210_433 LOOP compute BUNDLEDNAME {} DSP 1 BRAM 0 URAM 0 DISPNAME {bind_op mul}} {BINDTYPE op ID {} IMPL dsp48 LATENCY 3 OPTYPE add PRAGMA {} RTLNAME mac_muladd_8s_8s_32s_32_4_1_U4619 SOURCE mmult_accel.cpp:210 VARIABLE add_ln210_433 LOOP compute BUNDLEDNAME {} DSP 1 BRAM 0 URAM 0 DISPNAME {bind_op add}} {BINDTYPE op ID {} IMPL dsp48 LATENCY 3 OPTYPE mul PRAGMA {} RTLNAME mac_muladd_8s_8s_32s_32_4_1_U4620 SOURCE mmult_accel.cpp:210 VARIABLE mul_ln210_434 LOOP compute BUNDLEDNAME {} DSP 1 BRAM 0 URAM 0 DISPNAME {bind_op mul}} {BINDTYPE op ID {} IMPL dsp48 LATENCY 3 OPTYPE add PRAGMA {} RTLNAME mac_muladd_8s_8s_32s_32_4_1_U4620 SOURCE mmult_accel.cpp:210 VARIABLE add_ln210_434 LOOP compute BUNDLEDNAME {} DSP 1 BRAM 0 URAM 0 DISPNAME {bind_op add}} {BINDTYPE op ID {} IMPL dsp48 LATENCY 3 OPTYPE mul PRAGMA {} RTLNAME mac_muladd_8s_8s_32s_32_4_1_U4621 SOURCE mmult_accel.cpp:210 VARIABLE mul_ln210_435 LOOP compute BUNDLEDNAME {} DSP 1 BRAM 0 URAM 0 DISPNAME {bind_op mul}} {BINDTYPE op ID {} IMPL dsp48 LATENCY 3 OPTYPE add PRAGMA {} RTLNAME mac_muladd_8s_8s_32s_32_4_1_U4621 SOURCE mmult_accel.cpp:210 VARIABLE add_ln210_435 LOOP compute BUNDLEDNAME {} DSP 1 BRAM 0 URAM 0 DISPNAME {bind_op add}} {BINDTYPE op ID {} IMPL dsp48 LATENCY 3 OPTYPE mul PRAGMA {} RTLNAME mac_muladd_8s_8s_32s_32_4_1_U4622 SOURCE mmult_accel.cpp:210 VARIABLE mul_ln210_436 LOOP compute BUNDLEDNAME {} DSP 1 BRAM 0 URAM 0 DISPNAME {bind_op mul}} {BINDTYPE op ID {} IMPL dsp48 LATENCY 3 OPTYPE add PRAGMA {} RTLNAME mac_muladd_8s_8s_32s_32_4_1_U4622 SOURCE mmult_accel.cpp:210 VARIABLE add_ln210_436 LOOP compute BUNDLEDNAME {} DSP 1 BRAM 0 URAM 0 DISPNAME {bind_op add}} {BINDTYPE op ID {} IMPL dsp48 LATENCY 3 OPTYPE mul PRAGMA {} RTLNAME mac_muladd_8s_8s_32s_32_4_1_U4623 SOURCE mmult_accel.cpp:210 VARIABLE mul_ln210_437 LOOP compute BUNDLEDNAME {} DSP 1 BRAM 0 URAM 0 DISPNAME {bind_op mul}} {BINDTYPE op ID {} IMPL dsp48 LATENCY 3 OPTYPE add PRAGMA {} RTLNAME mac_muladd_8s_8s_32s_32_4_1_U4623 SOURCE mmult_accel.cpp:210 VARIABLE add_ln210_437 LOOP compute BUNDLEDNAME {} DSP 1 BRAM 0 URAM 0 DISPNAME {bind_op add}} {BINDTYPE op ID {} IMPL dsp48 LATENCY 3 OPTYPE mul PRAGMA {} RTLNAME mac_muladd_8s_8s_32s_32_4_1_U4624 SOURCE mmult_accel.cpp:210 VARIABLE mul_ln210_438 LOOP compute BUNDLEDNAME {} DSP 1 BRAM 0 URAM 0 DISPNAME {bind_op mul}} {BINDTYPE op ID {} IMPL dsp48 LATENCY 3 OPTYPE add PRAGMA {} RTLNAME mac_muladd_8s_8s_32s_32_4_1_U4624 SOURCE mmult_accel.cpp:210 VARIABLE add_ln210_438 LOOP compute BUNDLEDNAME {} DSP 1 BRAM 0 URAM 0 DISPNAME {bind_op add}} {BINDTYPE op ID {} IMPL dsp48 LATENCY 3 OPTYPE mul PRAGMA {} RTLNAME mac_muladd_8s_8s_32s_32_4_1_U4625 SOURCE mmult_accel.cpp:210 VARIABLE mul_ln210_439 LOOP compute BUNDLEDNAME {} DSP 1 BRAM 0 URAM 0 DISPNAME {bind_op mul}} {BINDTYPE op ID {} IMPL dsp48 LATENCY 3 OPTYPE add PRAGMA {} RTLNAME mac_muladd_8s_8s_32s_32_4_1_U4625 SOURCE mmult_accel.cpp:210 VARIABLE add_ln210_439 LOOP compute BUNDLEDNAME {} DSP 1 BRAM 0 URAM 0 DISPNAME {bind_op add}} {BINDTYPE op ID {} IMPL dsp48 LATENCY 3 OPTYPE mul PRAGMA {} RTLNAME mac_muladd_8s_8s_32s_32_4_1_U4626 SOURCE mmult_accel.cpp:210 VARIABLE mul_ln210_440 LOOP compute BUNDLEDNAME {} DSP 1 BRAM 0 URAM 0 DISPNAME {bind_op mul}} {BINDTYPE op ID {} IMPL dsp48 LATENCY 3 OPTYPE add PRAGMA {} RTLNAME mac_muladd_8s_8s_32s_32_4_1_U4626 SOURCE mmult_accel.cpp:210 VARIABLE add_ln210_440 LOOP compute BUNDLEDNAME {} DSP 1 BRAM 0 URAM 0 DISPNAME {bind_op add}} {BINDTYPE op ID {} IMPL dsp48 LATENCY 3 OPTYPE mul PRAGMA {} RTLNAME mac_muladd_8s_8s_32s_32_4_1_U4627 SOURCE mmult_accel.cpp:210 VARIABLE mul_ln210_441 LOOP compute BUNDLEDNAME {} DSP 1 BRAM 0 URAM 0 DISPNAME {bind_op mul}} {BINDTYPE op ID {} IMPL dsp48 LATENCY 3 OPTYPE add PRAGMA {} RTLNAME mac_muladd_8s_8s_32s_32_4_1_U4627 SOURCE mmult_accel.cpp:210 VARIABLE add_ln210_441 LOOP compute BUNDLEDNAME {} DSP 1 BRAM 0 URAM 0 DISPNAME {bind_op add}} {BINDTYPE op ID {} IMPL dsp48 LATENCY 3 OPTYPE mul PRAGMA {} RTLNAME mac_muladd_8s_8s_32s_32_4_1_U4628 SOURCE mmult_accel.cpp:210 VARIABLE mul_ln210_442 LOOP compute BUNDLEDNAME {} DSP 1 BRAM 0 URAM 0 DISPNAME {bind_op mul}} {BINDTYPE op ID {} IMPL dsp48 LATENCY 3 OPTYPE add PRAGMA {} RTLNAME mac_muladd_8s_8s_32s_32_4_1_U4628 SOURCE mmult_accel.cpp:210 VARIABLE add_ln210_442 LOOP compute BUNDLEDNAME {} DSP 1 BRAM 0 URAM 0 DISPNAME {bind_op add}} {BINDTYPE op ID {} IMPL dsp48 LATENCY 3 OPTYPE mul PRAGMA {} RTLNAME mac_muladd_8s_8s_32s_32_4_1_U4629 SOURCE mmult_accel.cpp:210 VARIABLE mul_ln210_443 LOOP compute BUNDLEDNAME {} DSP 1 BRAM 0 URAM 0 DISPNAME {bind_op mul}} {BINDTYPE op ID {} IMPL dsp48 LATENCY 3 OPTYPE add PRAGMA {} RTLNAME mac_muladd_8s_8s_32s_32_4_1_U4629 SOURCE mmult_accel.cpp:210 VARIABLE add_ln210_443 LOOP compute BUNDLEDNAME {} DSP 1 BRAM 0 URAM 0 DISPNAME {bind_op add}} {BINDTYPE op ID {} IMPL dsp48 LATENCY 3 OPTYPE mul PRAGMA {} RTLNAME mac_muladd_8s_8s_32s_32_4_1_U4630 SOURCE mmult_accel.cpp:210 VARIABLE mul_ln210_444 LOOP compute BUNDLEDNAME {} DSP 1 BRAM 0 URAM 0 DISPNAME {bind_op mul}} {BINDTYPE op ID {} IMPL dsp48 LATENCY 3 OPTYPE add PRAGMA {} RTLNAME mac_muladd_8s_8s_32s_32_4_1_U4630 SOURCE mmult_accel.cpp:210 VARIABLE add_ln210_444 LOOP compute BUNDLEDNAME {} DSP 1 BRAM 0 URAM 0 DISPNAME {bind_op add}} {BINDTYPE op ID {} IMPL dsp48 LATENCY 3 OPTYPE mul PRAGMA {} RTLNAME mac_muladd_8s_8s_32s_32_4_1_U4631 SOURCE mmult_accel.cpp:210 VARIABLE mul_ln210_445 LOOP compute BUNDLEDNAME {} DSP 1 BRAM 0 URAM 0 DISPNAME {bind_op mul}} {BINDTYPE op ID {} IMPL dsp48 LATENCY 3 OPTYPE add PRAGMA {} RTLNAME mac_muladd_8s_8s_32s_32_4_1_U4631 SOURCE mmult_accel.cpp:210 VARIABLE add_ln210_445 LOOP compute BUNDLEDNAME {} DSP 1 BRAM 0 URAM 0 DISPNAME {bind_op add}} {BINDTYPE op ID {} IMPL dsp48 LATENCY 3 OPTYPE mul PRAGMA {} RTLNAME mac_muladd_8s_8s_32s_32_4_1_U4632 SOURCE mmult_accel.cpp:210 VARIABLE mul_ln210_446 LOOP compute BUNDLEDNAME {} DSP 1 BRAM 0 URAM 0 DISPNAME {bind_op mul}} {BINDTYPE op ID {} IMPL dsp48 LATENCY 3 OPTYPE add PRAGMA {} RTLNAME mac_muladd_8s_8s_32s_32_4_1_U4632 SOURCE mmult_accel.cpp:210 VARIABLE add_ln210_446 LOOP compute BUNDLEDNAME {} DSP 1 BRAM 0 URAM 0 DISPNAME {bind_op add}} {BINDTYPE op ID {} IMPL dsp48 LATENCY 3 OPTYPE mul PRAGMA {} RTLNAME mac_muladd_8s_8s_32s_32_4_1_U4633 SOURCE mmult_accel.cpp:210 VARIABLE mul_ln210_447 LOOP compute BUNDLEDNAME {} DSP 1 BRAM 0 URAM 0 DISPNAME {bind_op mul}} {BINDTYPE op ID {} IMPL dsp48 LATENCY 3 OPTYPE add PRAGMA {} RTLNAME mac_muladd_8s_8s_32s_32_4_1_U4633 SOURCE mmult_accel.cpp:210 VARIABLE add_ln210_447 LOOP compute BUNDLEDNAME {} DSP 1 BRAM 0 URAM 0 DISPNAME {bind_op add}} {BINDTYPE op ID {} IMPL dsp48 LATENCY 3 OPTYPE mul PRAGMA {} RTLNAME mac_muladd_8s_8s_32s_32_4_1_U4634 SOURCE mmult_accel.cpp:210 VARIABLE mul_ln210_448 LOOP compute BUNDLEDNAME {} DSP 1 BRAM 0 URAM 0 DISPNAME {bind_op mul}} {BINDTYPE op ID {} IMPL dsp48 LATENCY 3 OPTYPE add PRAGMA {} RTLNAME mac_muladd_8s_8s_32s_32_4_1_U4634 SOURCE mmult_accel.cpp:210 VARIABLE add_ln210_448 LOOP compute BUNDLEDNAME {} DSP 1 BRAM 0 URAM 0 DISPNAME {bind_op add}} {BINDTYPE op ID {} IMPL dsp48 LATENCY 3 OPTYPE mul PRAGMA {} RTLNAME mac_muladd_8s_8s_32s_32_4_1_U4635 SOURCE mmult_accel.cpp:210 VARIABLE mul_ln210_449 LOOP compute BUNDLEDNAME {} DSP 1 BRAM 0 URAM 0 DISPNAME {bind_op mul}} {BINDTYPE op ID {} IMPL dsp48 LATENCY 3 OPTYPE add PRAGMA {} RTLNAME mac_muladd_8s_8s_32s_32_4_1_U4635 SOURCE mmult_accel.cpp:210 VARIABLE add_ln210_449 LOOP compute BUNDLEDNAME {} DSP 1 BRAM 0 URAM 0 DISPNAME {bind_op add}} {BINDTYPE op ID {} IMPL dsp48 LATENCY 3 OPTYPE mul PRAGMA {} RTLNAME mac_muladd_8s_8s_32s_32_4_1_U4636 SOURCE mmult_accel.cpp:210 VARIABLE mul_ln210_450 LOOP compute BUNDLEDNAME {} DSP 1 BRAM 0 URAM 0 DISPNAME {bind_op mul}} {BINDTYPE op ID {} IMPL dsp48 LATENCY 3 OPTYPE add PRAGMA {} RTLNAME mac_muladd_8s_8s_32s_32_4_1_U4636 SOURCE mmult_accel.cpp:210 VARIABLE add_ln210_450 LOOP compute BUNDLEDNAME {} DSP 1 BRAM 0 URAM 0 DISPNAME {bind_op add}} {BINDTYPE op ID {} IMPL dsp48 LATENCY 3 OPTYPE mul PRAGMA {} RTLNAME mac_muladd_8s_8s_32s_32_4_1_U4637 SOURCE mmult_accel.cpp:210 VARIABLE mul_ln210_451 LOOP compute BUNDLEDNAME {} DSP 1 BRAM 0 URAM 0 DISPNAME {bind_op mul}} {BINDTYPE op ID {} IMPL dsp48 LATENCY 3 OPTYPE add PRAGMA {} RTLNAME mac_muladd_8s_8s_32s_32_4_1_U4637 SOURCE mmult_accel.cpp:210 VARIABLE add_ln210_451 LOOP compute BUNDLEDNAME {} DSP 1 BRAM 0 URAM 0 DISPNAME {bind_op add}} {BINDTYPE op ID {} IMPL dsp48 LATENCY 3 OPTYPE mul PRAGMA {} RTLNAME mac_muladd_8s_8s_32s_32_4_1_U4638 SOURCE mmult_accel.cpp:210 VARIABLE mul_ln210_452 LOOP compute BUNDLEDNAME {} DSP 1 BRAM 0 URAM 0 DISPNAME {bind_op mul}} {BINDTYPE op ID {} IMPL dsp48 LATENCY 3 OPTYPE add PRAGMA {} RTLNAME mac_muladd_8s_8s_32s_32_4_1_U4638 SOURCE mmult_accel.cpp:210 VARIABLE add_ln210_452 LOOP compute BUNDLEDNAME {} DSP 1 BRAM 0 URAM 0 DISPNAME {bind_op add}} {BINDTYPE op ID {} IMPL dsp48 LATENCY 3 OPTYPE mul PRAGMA {} RTLNAME mac_muladd_8s_8s_32s_32_4_1_U4639 SOURCE mmult_accel.cpp:210 VARIABLE mul_ln210_453 LOOP compute BUNDLEDNAME {} DSP 1 BRAM 0 URAM 0 DISPNAME {bind_op mul}} {BINDTYPE op ID {} IMPL dsp48 LATENCY 3 OPTYPE add PRAGMA {} RTLNAME mac_muladd_8s_8s_32s_32_4_1_U4639 SOURCE mmult_accel.cpp:210 VARIABLE add_ln210_453 LOOP compute BUNDLEDNAME {} DSP 1 BRAM 0 URAM 0 DISPNAME {bind_op add}} {BINDTYPE op ID {} IMPL dsp48 LATENCY 3 OPTYPE mul PRAGMA {} RTLNAME mac_muladd_8s_8s_32s_32_4_1_U4640 SOURCE mmult_accel.cpp:210 VARIABLE mul_ln210_454 LOOP compute BUNDLEDNAME {} DSP 1 BRAM 0 URAM 0 DISPNAME {bind_op mul}} {BINDTYPE op ID {} IMPL dsp48 LATENCY 3 OPTYPE add PRAGMA {} RTLNAME mac_muladd_8s_8s_32s_32_4_1_U4640 SOURCE mmult_accel.cpp:210 VARIABLE add_ln210_454 LOOP compute BUNDLEDNAME {} DSP 1 BRAM 0 URAM 0 DISPNAME {bind_op add}} {BINDTYPE op ID {} IMPL dsp48 LATENCY 3 OPTYPE mul PRAGMA {} RTLNAME mac_muladd_8s_8s_32s_32_4_1_U4641 SOURCE mmult_accel.cpp:210 VARIABLE mul_ln210_455 LOOP compute BUNDLEDNAME {} DSP 1 BRAM 0 URAM 0 DISPNAME {bind_op mul}} {BINDTYPE op ID {} IMPL dsp48 LATENCY 3 OPTYPE add PRAGMA {} RTLNAME mac_muladd_8s_8s_32s_32_4_1_U4641 SOURCE mmult_accel.cpp:210 VARIABLE add_ln210_455 LOOP compute BUNDLEDNAME {} DSP 1 BRAM 0 URAM 0 DISPNAME {bind_op add}} {BINDTYPE op ID {} IMPL dsp48 LATENCY 3 OPTYPE mul PRAGMA {} RTLNAME mac_muladd_8s_8s_32s_32_4_1_U4642 SOURCE mmult_accel.cpp:210 VARIABLE mul_ln210_456 LOOP compute BUNDLEDNAME {} DSP 1 BRAM 0 URAM 0 DISPNAME {bind_op mul}} {BINDTYPE op ID {} IMPL dsp48 LATENCY 3 OPTYPE add PRAGMA {} RTLNAME mac_muladd_8s_8s_32s_32_4_1_U4642 SOURCE mmult_accel.cpp:210 VARIABLE add_ln210_456 LOOP compute BUNDLEDNAME {} DSP 1 BRAM 0 URAM 0 DISPNAME {bind_op add}} {BINDTYPE op ID {} IMPL dsp48 LATENCY 3 OPTYPE mul PRAGMA {} RTLNAME mac_muladd_8s_8s_32s_32_4_1_U4643 SOURCE mmult_accel.cpp:210 VARIABLE mul_ln210_457 LOOP compute BUNDLEDNAME {} DSP 1 BRAM 0 URAM 0 DISPNAME {bind_op mul}} {BINDTYPE op ID {} IMPL dsp48 LATENCY 3 OPTYPE add PRAGMA {} RTLNAME mac_muladd_8s_8s_32s_32_4_1_U4643 SOURCE mmult_accel.cpp:210 VARIABLE add_ln210_457 LOOP compute BUNDLEDNAME {} DSP 1 BRAM 0 URAM 0 DISPNAME {bind_op add}} {BINDTYPE op ID {} IMPL dsp48 LATENCY 3 OPTYPE mul PRAGMA {} RTLNAME mac_muladd_8s_8s_32s_32_4_1_U4644 SOURCE mmult_accel.cpp:210 VARIABLE mul_ln210_458 LOOP compute BUNDLEDNAME {} DSP 1 BRAM 0 URAM 0 DISPNAME {bind_op mul}} {BINDTYPE op ID {} IMPL dsp48 LATENCY 3 OPTYPE add PRAGMA {} RTLNAME mac_muladd_8s_8s_32s_32_4_1_U4644 SOURCE mmult_accel.cpp:210 VARIABLE add_ln210_458 LOOP compute BUNDLEDNAME {} DSP 1 BRAM 0 URAM 0 DISPNAME {bind_op add}} {BINDTYPE op ID {} IMPL dsp48 LATENCY 3 OPTYPE mul PRAGMA {} RTLNAME mac_muladd_8s_8s_32s_32_4_1_U4645 SOURCE mmult_accel.cpp:210 VARIABLE mul_ln210_459 LOOP compute BUNDLEDNAME {} DSP 1 BRAM 0 URAM 0 DISPNAME {bind_op mul}} {BINDTYPE op ID {} IMPL dsp48 LATENCY 3 OPTYPE add PRAGMA {} RTLNAME mac_muladd_8s_8s_32s_32_4_1_U4645 SOURCE mmult_accel.cpp:210 VARIABLE add_ln210_459 LOOP compute BUNDLEDNAME {} DSP 1 BRAM 0 URAM 0 DISPNAME {bind_op add}} {BINDTYPE op ID {} IMPL dsp48 LATENCY 3 OPTYPE mul PRAGMA {} RTLNAME mac_muladd_8s_8s_32s_32_4_1_U4646 SOURCE mmult_accel.cpp:210 VARIABLE mul_ln210_460 LOOP compute BUNDLEDNAME {} DSP 1 BRAM 0 URAM 0 DISPNAME {bind_op mul}} {BINDTYPE op ID {} IMPL dsp48 LATENCY 3 OPTYPE add PRAGMA {} RTLNAME mac_muladd_8s_8s_32s_32_4_1_U4646 SOURCE mmult_accel.cpp:210 VARIABLE add_ln210_460 LOOP compute BUNDLEDNAME {} DSP 1 BRAM 0 URAM 0 DISPNAME {bind_op add}} {BINDTYPE op ID {} IMPL dsp48 LATENCY 3 OPTYPE mul PRAGMA {} RTLNAME mac_muladd_8s_8s_32s_32_4_1_U4647 SOURCE mmult_accel.cpp:210 VARIABLE mul_ln210_461 LOOP compute BUNDLEDNAME {} DSP 1 BRAM 0 URAM 0 DISPNAME {bind_op mul}} {BINDTYPE op ID {} IMPL dsp48 LATENCY 3 OPTYPE add PRAGMA {} RTLNAME mac_muladd_8s_8s_32s_32_4_1_U4647 SOURCE mmult_accel.cpp:210 VARIABLE add_ln210_461 LOOP compute BUNDLEDNAME {} DSP 1 BRAM 0 URAM 0 DISPNAME {bind_op add}} {BINDTYPE op ID {} IMPL dsp48 LATENCY 3 OPTYPE mul PRAGMA {} RTLNAME mac_muladd_8s_8s_32s_32_4_1_U4648 SOURCE mmult_accel.cpp:210 VARIABLE mul_ln210_462 LOOP compute BUNDLEDNAME {} DSP 1 BRAM 0 URAM 0 DISPNAME {bind_op mul}} {BINDTYPE op ID {} IMPL dsp48 LATENCY 3 OPTYPE add PRAGMA {} RTLNAME mac_muladd_8s_8s_32s_32_4_1_U4648 SOURCE mmult_accel.cpp:210 VARIABLE add_ln210_462 LOOP compute BUNDLEDNAME {} DSP 1 BRAM 0 URAM 0 DISPNAME {bind_op add}} {BINDTYPE op ID {} IMPL dsp48 LATENCY 3 OPTYPE mul PRAGMA {} RTLNAME mac_muladd_8s_8s_32s_32_4_1_U4649 SOURCE mmult_accel.cpp:210 VARIABLE mul_ln210_463 LOOP compute BUNDLEDNAME {} DSP 1 BRAM 0 URAM 0 DISPNAME {bind_op mul}} {BINDTYPE op ID {} IMPL dsp48 LATENCY 3 OPTYPE add PRAGMA {} RTLNAME mac_muladd_8s_8s_32s_32_4_1_U4649 SOURCE mmult_accel.cpp:210 VARIABLE add_ln210_463 LOOP compute BUNDLEDNAME {} DSP 1 BRAM 0 URAM 0 DISPNAME {bind_op add}} {BINDTYPE op ID {} IMPL dsp48 LATENCY 3 OPTYPE mul PRAGMA {} RTLNAME mac_muladd_8s_8s_32s_32_4_1_U4650 SOURCE mmult_accel.cpp:210 VARIABLE mul_ln210_464 LOOP compute BUNDLEDNAME {} DSP 1 BRAM 0 URAM 0 DISPNAME {bind_op mul}} {BINDTYPE op ID {} IMPL dsp48 LATENCY 3 OPTYPE add PRAGMA {} RTLNAME mac_muladd_8s_8s_32s_32_4_1_U4650 SOURCE mmult_accel.cpp:210 VARIABLE add_ln210_464 LOOP compute BUNDLEDNAME {} DSP 1 BRAM 0 URAM 0 DISPNAME {bind_op add}} {BINDTYPE op ID {} IMPL dsp48 LATENCY 3 OPTYPE mul PRAGMA {} RTLNAME mac_muladd_8s_8s_32s_32_4_1_U4651 SOURCE mmult_accel.cpp:210 VARIABLE mul_ln210_465 LOOP compute BUNDLEDNAME {} DSP 1 BRAM 0 URAM 0 DISPNAME {bind_op mul}} {BINDTYPE op ID {} IMPL dsp48 LATENCY 3 OPTYPE add PRAGMA {} RTLNAME mac_muladd_8s_8s_32s_32_4_1_U4651 SOURCE mmult_accel.cpp:210 VARIABLE add_ln210_465 LOOP compute BUNDLEDNAME {} DSP 1 BRAM 0 URAM 0 DISPNAME {bind_op add}} {BINDTYPE op ID {} IMPL dsp48 LATENCY 3 OPTYPE mul PRAGMA {} RTLNAME mac_muladd_8s_8s_32s_32_4_1_U4652 SOURCE mmult_accel.cpp:210 VARIABLE mul_ln210_466 LOOP compute BUNDLEDNAME {} DSP 1 BRAM 0 URAM 0 DISPNAME {bind_op mul}} {BINDTYPE op ID {} IMPL dsp48 LATENCY 3 OPTYPE add PRAGMA {} RTLNAME mac_muladd_8s_8s_32s_32_4_1_U4652 SOURCE mmult_accel.cpp:210 VARIABLE add_ln210_466 LOOP compute BUNDLEDNAME {} DSP 1 BRAM 0 URAM 0 DISPNAME {bind_op add}} {BINDTYPE op ID {} IMPL dsp48 LATENCY 3 OPTYPE mul PRAGMA {} RTLNAME mac_muladd_8s_8s_32s_32_4_1_U4653 SOURCE mmult_accel.cpp:210 VARIABLE mul_ln210_467 LOOP compute BUNDLEDNAME {} DSP 1 BRAM 0 URAM 0 DISPNAME {bind_op mul}} {BINDTYPE op ID {} IMPL dsp48 LATENCY 3 OPTYPE add PRAGMA {} RTLNAME mac_muladd_8s_8s_32s_32_4_1_U4653 SOURCE mmult_accel.cpp:210 VARIABLE add_ln210_467 LOOP compute BUNDLEDNAME {} DSP 1 BRAM 0 URAM 0 DISPNAME {bind_op add}} {BINDTYPE op ID {} IMPL dsp48 LATENCY 3 OPTYPE mul PRAGMA {} RTLNAME mac_muladd_8s_8s_32s_32_4_1_U4654 SOURCE mmult_accel.cpp:210 VARIABLE mul_ln210_468 LOOP compute BUNDLEDNAME {} DSP 1 BRAM 0 URAM 0 DISPNAME {bind_op mul}} {BINDTYPE op ID {} IMPL dsp48 LATENCY 3 OPTYPE add PRAGMA {} RTLNAME mac_muladd_8s_8s_32s_32_4_1_U4654 SOURCE mmult_accel.cpp:210 VARIABLE add_ln210_468 LOOP compute BUNDLEDNAME {} DSP 1 BRAM 0 URAM 0 DISPNAME {bind_op add}} {BINDTYPE op ID {} IMPL dsp48 LATENCY 3 OPTYPE mul PRAGMA {} RTLNAME mac_muladd_8s_8s_32s_32_4_1_U4655 SOURCE mmult_accel.cpp:210 VARIABLE mul_ln210_469 LOOP compute BUNDLEDNAME {} DSP 1 BRAM 0 URAM 0 DISPNAME {bind_op mul}} {BINDTYPE op ID {} IMPL dsp48 LATENCY 3 OPTYPE add PRAGMA {} RTLNAME mac_muladd_8s_8s_32s_32_4_1_U4655 SOURCE mmult_accel.cpp:210 VARIABLE add_ln210_469 LOOP compute BUNDLEDNAME {} DSP 1 BRAM 0 URAM 0 DISPNAME {bind_op add}} {BINDTYPE op ID {} IMPL dsp48 LATENCY 3 OPTYPE mul PRAGMA {} RTLNAME mac_muladd_8s_8s_32s_32_4_1_U4656 SOURCE mmult_accel.cpp:210 VARIABLE mul_ln210_470 LOOP compute BUNDLEDNAME {} DSP 1 BRAM 0 URAM 0 DISPNAME {bind_op mul}} {BINDTYPE op ID {} IMPL dsp48 LATENCY 3 OPTYPE add PRAGMA {} RTLNAME mac_muladd_8s_8s_32s_32_4_1_U4656 SOURCE mmult_accel.cpp:210 VARIABLE add_ln210_470 LOOP compute BUNDLEDNAME {} DSP 1 BRAM 0 URAM 0 DISPNAME {bind_op add}} {BINDTYPE op ID {} IMPL dsp48 LATENCY 3 OPTYPE mul PRAGMA {} RTLNAME mac_muladd_8s_8s_32s_32_4_1_U4657 SOURCE mmult_accel.cpp:210 VARIABLE mul_ln210_471 LOOP compute BUNDLEDNAME {} DSP 1 BRAM 0 URAM 0 DISPNAME {bind_op mul}} {BINDTYPE op ID {} IMPL dsp48 LATENCY 3 OPTYPE add PRAGMA {} RTLNAME mac_muladd_8s_8s_32s_32_4_1_U4657 SOURCE mmult_accel.cpp:210 VARIABLE add_ln210_471 LOOP compute BUNDLEDNAME {} DSP 1 BRAM 0 URAM 0 DISPNAME {bind_op add}} {BINDTYPE op ID {} IMPL dsp48 LATENCY 3 OPTYPE mul PRAGMA {} RTLNAME mac_muladd_8s_8s_32s_32_4_1_U4658 SOURCE mmult_accel.cpp:210 VARIABLE mul_ln210_472 LOOP compute BUNDLEDNAME {} DSP 1 BRAM 0 URAM 0 DISPNAME {bind_op mul}} {BINDTYPE op ID {} IMPL dsp48 LATENCY 3 OPTYPE add PRAGMA {} RTLNAME mac_muladd_8s_8s_32s_32_4_1_U4658 SOURCE mmult_accel.cpp:210 VARIABLE add_ln210_472 LOOP compute BUNDLEDNAME {} DSP 1 BRAM 0 URAM 0 DISPNAME {bind_op add}} {BINDTYPE op ID {} IMPL dsp48 LATENCY 3 OPTYPE mul PRAGMA {} RTLNAME mac_muladd_8s_8s_32s_32_4_1_U4659 SOURCE mmult_accel.cpp:210 VARIABLE mul_ln210_473 LOOP compute BUNDLEDNAME {} DSP 1 BRAM 0 URAM 0 DISPNAME {bind_op mul}} {BINDTYPE op ID {} IMPL dsp48 LATENCY 3 OPTYPE add PRAGMA {} RTLNAME mac_muladd_8s_8s_32s_32_4_1_U4659 SOURCE mmult_accel.cpp:210 VARIABLE add_ln210_473 LOOP compute BUNDLEDNAME {} DSP 1 BRAM 0 URAM 0 DISPNAME {bind_op add}} {BINDTYPE op ID {} IMPL dsp48 LATENCY 3 OPTYPE mul PRAGMA {} RTLNAME mac_muladd_8s_8s_32s_32_4_1_U4660 SOURCE mmult_accel.cpp:210 VARIABLE mul_ln210_474 LOOP compute BUNDLEDNAME {} DSP 1 BRAM 0 URAM 0 DISPNAME {bind_op mul}} {BINDTYPE op ID {} IMPL dsp48 LATENCY 3 OPTYPE add PRAGMA {} RTLNAME mac_muladd_8s_8s_32s_32_4_1_U4660 SOURCE mmult_accel.cpp:210 VARIABLE add_ln210_474 LOOP compute BUNDLEDNAME {} DSP 1 BRAM 0 URAM 0 DISPNAME {bind_op add}} {BINDTYPE op ID {} IMPL dsp48 LATENCY 3 OPTYPE mul PRAGMA {} RTLNAME mac_muladd_8s_8s_32s_32_4_1_U4661 SOURCE mmult_accel.cpp:210 VARIABLE mul_ln210_475 LOOP compute BUNDLEDNAME {} DSP 1 BRAM 0 URAM 0 DISPNAME {bind_op mul}} {BINDTYPE op ID {} IMPL dsp48 LATENCY 3 OPTYPE add PRAGMA {} RTLNAME mac_muladd_8s_8s_32s_32_4_1_U4661 SOURCE mmult_accel.cpp:210 VARIABLE add_ln210_475 LOOP compute BUNDLEDNAME {} DSP 1 BRAM 0 URAM 0 DISPNAME {bind_op add}} {BINDTYPE op ID {} IMPL dsp48 LATENCY 3 OPTYPE mul PRAGMA {} RTLNAME mac_muladd_8s_8s_32s_32_4_1_U4662 SOURCE mmult_accel.cpp:210 VARIABLE mul_ln210_476 LOOP compute BUNDLEDNAME {} DSP 1 BRAM 0 URAM 0 DISPNAME {bind_op mul}} {BINDTYPE op ID {} IMPL dsp48 LATENCY 3 OPTYPE add PRAGMA {} RTLNAME mac_muladd_8s_8s_32s_32_4_1_U4662 SOURCE mmult_accel.cpp:210 VARIABLE add_ln210_476 LOOP compute BUNDLEDNAME {} DSP 1 BRAM 0 URAM 0 DISPNAME {bind_op add}} {BINDTYPE op ID {} IMPL dsp48 LATENCY 3 OPTYPE mul PRAGMA {} RTLNAME mac_muladd_8s_8s_32s_32_4_1_U4663 SOURCE mmult_accel.cpp:210 VARIABLE mul_ln210_477 LOOP compute BUNDLEDNAME {} DSP 1 BRAM 0 URAM 0 DISPNAME {bind_op mul}} {BINDTYPE op ID {} IMPL dsp48 LATENCY 3 OPTYPE add PRAGMA {} RTLNAME mac_muladd_8s_8s_32s_32_4_1_U4663 SOURCE mmult_accel.cpp:210 VARIABLE add_ln210_477 LOOP compute BUNDLEDNAME {} DSP 1 BRAM 0 URAM 0 DISPNAME {bind_op add}} {BINDTYPE op ID {} IMPL dsp48 LATENCY 3 OPTYPE mul PRAGMA {} RTLNAME mac_muladd_8s_8s_32s_32_4_1_U4664 SOURCE mmult_accel.cpp:210 VARIABLE mul_ln210_478 LOOP compute BUNDLEDNAME {} DSP 1 BRAM 0 URAM 0 DISPNAME {bind_op mul}} {BINDTYPE op ID {} IMPL dsp48 LATENCY 3 OPTYPE add PRAGMA {} RTLNAME mac_muladd_8s_8s_32s_32_4_1_U4664 SOURCE mmult_accel.cpp:210 VARIABLE add_ln210_478 LOOP compute BUNDLEDNAME {} DSP 1 BRAM 0 URAM 0 DISPNAME {bind_op add}} {BINDTYPE op ID {} IMPL dsp48 LATENCY 3 OPTYPE mul PRAGMA {} RTLNAME mac_muladd_8s_8s_32s_32_4_1_U4665 SOURCE mmult_accel.cpp:210 VARIABLE mul_ln210_479 LOOP compute BUNDLEDNAME {} DSP 1 BRAM 0 URAM 0 DISPNAME {bind_op mul}} {BINDTYPE op ID {} IMPL dsp48 LATENCY 3 OPTYPE add PRAGMA {} RTLNAME mac_muladd_8s_8s_32s_32_4_1_U4665 SOURCE mmult_accel.cpp:210 VARIABLE add_ln210_479 LOOP compute BUNDLEDNAME {} DSP 1 BRAM 0 URAM 0 DISPNAME {bind_op add}} {BINDTYPE op ID {} IMPL dsp48 LATENCY 3 OPTYPE mul PRAGMA {} RTLNAME mac_muladd_8s_8s_32s_32_4_1_U4666 SOURCE mmult_accel.cpp:210 VARIABLE mul_ln210_480 LOOP compute BUNDLEDNAME {} DSP 1 BRAM 0 URAM 0 DISPNAME {bind_op mul}} {BINDTYPE op ID {} IMPL dsp48 LATENCY 3 OPTYPE add PRAGMA {} RTLNAME mac_muladd_8s_8s_32s_32_4_1_U4666 SOURCE mmult_accel.cpp:210 VARIABLE add_ln210_480 LOOP compute BUNDLEDNAME {} DSP 1 BRAM 0 URAM 0 DISPNAME {bind_op add}} {BINDTYPE op ID {} IMPL dsp48 LATENCY 3 OPTYPE mul PRAGMA {} RTLNAME mac_muladd_8s_8s_32s_32_4_1_U4667 SOURCE mmult_accel.cpp:210 VARIABLE mul_ln210_481 LOOP compute BUNDLEDNAME {} DSP 1 BRAM 0 URAM 0 DISPNAME {bind_op mul}} {BINDTYPE op ID {} IMPL dsp48 LATENCY 3 OPTYPE add PRAGMA {} RTLNAME mac_muladd_8s_8s_32s_32_4_1_U4667 SOURCE mmult_accel.cpp:210 VARIABLE add_ln210_481 LOOP compute BUNDLEDNAME {} DSP 1 BRAM 0 URAM 0 DISPNAME {bind_op add}} {BINDTYPE op ID {} IMPL dsp48 LATENCY 3 OPTYPE mul PRAGMA {} RTLNAME mac_muladd_8s_8s_32s_32_4_1_U4668 SOURCE mmult_accel.cpp:210 VARIABLE mul_ln210_482 LOOP compute BUNDLEDNAME {} DSP 1 BRAM 0 URAM 0 DISPNAME {bind_op mul}} {BINDTYPE op ID {} IMPL dsp48 LATENCY 3 OPTYPE add PRAGMA {} RTLNAME mac_muladd_8s_8s_32s_32_4_1_U4668 SOURCE mmult_accel.cpp:210 VARIABLE add_ln210_482 LOOP compute BUNDLEDNAME {} DSP 1 BRAM 0 URAM 0 DISPNAME {bind_op add}} {BINDTYPE op ID {} IMPL dsp48 LATENCY 3 OPTYPE mul PRAGMA {} RTLNAME mac_muladd_8s_8s_32s_32_4_1_U4669 SOURCE mmult_accel.cpp:210 VARIABLE mul_ln210_483 LOOP compute BUNDLEDNAME {} DSP 1 BRAM 0 URAM 0 DISPNAME {bind_op mul}} {BINDTYPE op ID {} IMPL dsp48 LATENCY 3 OPTYPE add PRAGMA {} RTLNAME mac_muladd_8s_8s_32s_32_4_1_U4669 SOURCE mmult_accel.cpp:210 VARIABLE add_ln210_483 LOOP compute BUNDLEDNAME {} DSP 1 BRAM 0 URAM 0 DISPNAME {bind_op add}} {BINDTYPE op ID {} IMPL dsp48 LATENCY 3 OPTYPE mul PRAGMA {} RTLNAME mac_muladd_8s_8s_32s_32_4_1_U4670 SOURCE mmult_accel.cpp:210 VARIABLE mul_ln210_484 LOOP compute BUNDLEDNAME {} DSP 1 BRAM 0 URAM 0 DISPNAME {bind_op mul}} {BINDTYPE op ID {} IMPL dsp48 LATENCY 3 OPTYPE add PRAGMA {} RTLNAME mac_muladd_8s_8s_32s_32_4_1_U4670 SOURCE mmult_accel.cpp:210 VARIABLE add_ln210_484 LOOP compute BUNDLEDNAME {} DSP 1 BRAM 0 URAM 0 DISPNAME {bind_op add}} {BINDTYPE op ID {} IMPL dsp48 LATENCY 3 OPTYPE mul PRAGMA {} RTLNAME mac_muladd_8s_8s_32s_32_4_1_U4671 SOURCE mmult_accel.cpp:210 VARIABLE mul_ln210_485 LOOP compute BUNDLEDNAME {} DSP 1 BRAM 0 URAM 0 DISPNAME {bind_op mul}} {BINDTYPE op ID {} IMPL dsp48 LATENCY 3 OPTYPE add PRAGMA {} RTLNAME mac_muladd_8s_8s_32s_32_4_1_U4671 SOURCE mmult_accel.cpp:210 VARIABLE add_ln210_485 LOOP compute BUNDLEDNAME {} DSP 1 BRAM 0 URAM 0 DISPNAME {bind_op add}} {BINDTYPE op ID {} IMPL dsp48 LATENCY 3 OPTYPE mul PRAGMA {} RTLNAME mac_muladd_8s_8s_32s_32_4_1_U4672 SOURCE mmult_accel.cpp:210 VARIABLE mul_ln210_486 LOOP compute BUNDLEDNAME {} DSP 1 BRAM 0 URAM 0 DISPNAME {bind_op mul}} {BINDTYPE op ID {} IMPL dsp48 LATENCY 3 OPTYPE add PRAGMA {} RTLNAME mac_muladd_8s_8s_32s_32_4_1_U4672 SOURCE mmult_accel.cpp:210 VARIABLE add_ln210_486 LOOP compute BUNDLEDNAME {} DSP 1 BRAM 0 URAM 0 DISPNAME {bind_op add}} {BINDTYPE op ID {} IMPL dsp48 LATENCY 3 OPTYPE mul PRAGMA {} RTLNAME mac_muladd_8s_8s_32s_32_4_1_U4673 SOURCE mmult_accel.cpp:210 VARIABLE mul_ln210_487 LOOP compute BUNDLEDNAME {} DSP 1 BRAM 0 URAM 0 DISPNAME {bind_op mul}} {BINDTYPE op ID {} IMPL dsp48 LATENCY 3 OPTYPE add PRAGMA {} RTLNAME mac_muladd_8s_8s_32s_32_4_1_U4673 SOURCE mmult_accel.cpp:210 VARIABLE add_ln210_487 LOOP compute BUNDLEDNAME {} DSP 1 BRAM 0 URAM 0 DISPNAME {bind_op add}} {BINDTYPE op ID {} IMPL dsp48 LATENCY 3 OPTYPE mul PRAGMA {} RTLNAME mac_muladd_8s_8s_32s_32_4_1_U4674 SOURCE mmult_accel.cpp:210 VARIABLE mul_ln210_488 LOOP compute BUNDLEDNAME {} DSP 1 BRAM 0 URAM 0 DISPNAME {bind_op mul}} {BINDTYPE op ID {} IMPL dsp48 LATENCY 3 OPTYPE add PRAGMA {} RTLNAME mac_muladd_8s_8s_32s_32_4_1_U4674 SOURCE mmult_accel.cpp:210 VARIABLE add_ln210_488 LOOP compute BUNDLEDNAME {} DSP 1 BRAM 0 URAM 0 DISPNAME {bind_op add}} {BINDTYPE op ID {} IMPL dsp48 LATENCY 3 OPTYPE mul PRAGMA {} RTLNAME mac_muladd_8s_8s_32s_32_4_1_U4675 SOURCE mmult_accel.cpp:210 VARIABLE mul_ln210_489 LOOP compute BUNDLEDNAME {} DSP 1 BRAM 0 URAM 0 DISPNAME {bind_op mul}} {BINDTYPE op ID {} IMPL dsp48 LATENCY 3 OPTYPE add PRAGMA {} RTLNAME mac_muladd_8s_8s_32s_32_4_1_U4675 SOURCE mmult_accel.cpp:210 VARIABLE add_ln210_489 LOOP compute BUNDLEDNAME {} DSP 1 BRAM 0 URAM 0 DISPNAME {bind_op add}} {BINDTYPE op ID {} IMPL dsp48 LATENCY 3 OPTYPE mul PRAGMA {} RTLNAME mac_muladd_8s_8s_32s_32_4_1_U4676 SOURCE mmult_accel.cpp:210 VARIABLE mul_ln210_490 LOOP compute BUNDLEDNAME {} DSP 1 BRAM 0 URAM 0 DISPNAME {bind_op mul}} {BINDTYPE op ID {} IMPL dsp48 LATENCY 3 OPTYPE add PRAGMA {} RTLNAME mac_muladd_8s_8s_32s_32_4_1_U4676 SOURCE mmult_accel.cpp:210 VARIABLE add_ln210_490 LOOP compute BUNDLEDNAME {} DSP 1 BRAM 0 URAM 0 DISPNAME {bind_op add}} {BINDTYPE op ID {} IMPL dsp48 LATENCY 3 OPTYPE mul PRAGMA {} RTLNAME mac_muladd_8s_8s_32s_32_4_1_U4677 SOURCE mmult_accel.cpp:210 VARIABLE mul_ln210_491 LOOP compute BUNDLEDNAME {} DSP 1 BRAM 0 URAM 0 DISPNAME {bind_op mul}} {BINDTYPE op ID {} IMPL dsp48 LATENCY 3 OPTYPE add PRAGMA {} RTLNAME mac_muladd_8s_8s_32s_32_4_1_U4677 SOURCE mmult_accel.cpp:210 VARIABLE add_ln210_491 LOOP compute BUNDLEDNAME {} DSP 1 BRAM 0 URAM 0 DISPNAME {bind_op add}} {BINDTYPE op ID {} IMPL dsp48 LATENCY 3 OPTYPE mul PRAGMA {} RTLNAME mac_muladd_8s_8s_32s_32_4_1_U4678 SOURCE mmult_accel.cpp:210 VARIABLE mul_ln210_492 LOOP compute BUNDLEDNAME {} DSP 1 BRAM 0 URAM 0 DISPNAME {bind_op mul}} {BINDTYPE op ID {} IMPL dsp48 LATENCY 3 OPTYPE add PRAGMA {} RTLNAME mac_muladd_8s_8s_32s_32_4_1_U4678 SOURCE mmult_accel.cpp:210 VARIABLE add_ln210_492 LOOP compute BUNDLEDNAME {} DSP 1 BRAM 0 URAM 0 DISPNAME {bind_op add}} {BINDTYPE op ID {} IMPL dsp48 LATENCY 3 OPTYPE mul PRAGMA {} RTLNAME mac_muladd_8s_8s_32s_32_4_1_U4679 SOURCE mmult_accel.cpp:210 VARIABLE mul_ln210_493 LOOP compute BUNDLEDNAME {} DSP 1 BRAM 0 URAM 0 DISPNAME {bind_op mul}} {BINDTYPE op ID {} IMPL dsp48 LATENCY 3 OPTYPE add PRAGMA {} RTLNAME mac_muladd_8s_8s_32s_32_4_1_U4679 SOURCE mmult_accel.cpp:210 VARIABLE add_ln210_493 LOOP compute BUNDLEDNAME {} DSP 1 BRAM 0 URAM 0 DISPNAME {bind_op add}} {BINDTYPE op ID {} IMPL dsp48 LATENCY 3 OPTYPE mul PRAGMA {} RTLNAME mac_muladd_8s_8s_32s_32_4_1_U4680 SOURCE mmult_accel.cpp:210 VARIABLE mul_ln210_494 LOOP compute BUNDLEDNAME {} DSP 1 BRAM 0 URAM 0 DISPNAME {bind_op mul}} {BINDTYPE op ID {} IMPL dsp48 LATENCY 3 OPTYPE add PRAGMA {} RTLNAME mac_muladd_8s_8s_32s_32_4_1_U4680 SOURCE mmult_accel.cpp:210 VARIABLE add_ln210_494 LOOP compute BUNDLEDNAME {} DSP 1 BRAM 0 URAM 0 DISPNAME {bind_op add}} {BINDTYPE op ID {} IMPL dsp48 LATENCY 3 OPTYPE mul PRAGMA {} RTLNAME mac_muladd_8s_8s_32s_32_4_1_U4681 SOURCE mmult_accel.cpp:210 VARIABLE mul_ln210_495 LOOP compute BUNDLEDNAME {} DSP 1 BRAM 0 URAM 0 DISPNAME {bind_op mul}} {BINDTYPE op ID {} IMPL dsp48 LATENCY 3 OPTYPE add PRAGMA {} RTLNAME mac_muladd_8s_8s_32s_32_4_1_U4681 SOURCE mmult_accel.cpp:210 VARIABLE add_ln210_495 LOOP compute BUNDLEDNAME {} DSP 1 BRAM 0 URAM 0 DISPNAME {bind_op add}} {BINDTYPE op ID {} IMPL dsp48 LATENCY 3 OPTYPE mul PRAGMA {} RTLNAME mac_muladd_8s_8s_32s_32_4_1_U4682 SOURCE mmult_accel.cpp:210 VARIABLE mul_ln210_496 LOOP compute BUNDLEDNAME {} DSP 1 BRAM 0 URAM 0 DISPNAME {bind_op mul}} {BINDTYPE op ID {} IMPL dsp48 LATENCY 3 OPTYPE add PRAGMA {} RTLNAME mac_muladd_8s_8s_32s_32_4_1_U4682 SOURCE mmult_accel.cpp:210 VARIABLE add_ln210_496 LOOP compute BUNDLEDNAME {} DSP 1 BRAM 0 URAM 0 DISPNAME {bind_op add}} {BINDTYPE op ID {} IMPL dsp48 LATENCY 3 OPTYPE mul PRAGMA {} RTLNAME mac_muladd_8s_8s_32s_32_4_1_U4683 SOURCE mmult_accel.cpp:210 VARIABLE mul_ln210_497 LOOP compute BUNDLEDNAME {} DSP 1 BRAM 0 URAM 0 DISPNAME {bind_op mul}} {BINDTYPE op ID {} IMPL dsp48 LATENCY 3 OPTYPE add PRAGMA {} RTLNAME mac_muladd_8s_8s_32s_32_4_1_U4683 SOURCE mmult_accel.cpp:210 VARIABLE add_ln210_497 LOOP compute BUNDLEDNAME {} DSP 1 BRAM 0 URAM 0 DISPNAME {bind_op add}} {BINDTYPE op ID {} IMPL dsp48 LATENCY 3 OPTYPE mul PRAGMA {} RTLNAME mac_muladd_8s_8s_32s_32_4_1_U4684 SOURCE mmult_accel.cpp:210 VARIABLE mul_ln210_498 LOOP compute BUNDLEDNAME {} DSP 1 BRAM 0 URAM 0 DISPNAME {bind_op mul}} {BINDTYPE op ID {} IMPL dsp48 LATENCY 3 OPTYPE add PRAGMA {} RTLNAME mac_muladd_8s_8s_32s_32_4_1_U4684 SOURCE mmult_accel.cpp:210 VARIABLE add_ln210_498 LOOP compute BUNDLEDNAME {} DSP 1 BRAM 0 URAM 0 DISPNAME {bind_op add}} {BINDTYPE op ID {} IMPL dsp48 LATENCY 3 OPTYPE mul PRAGMA {} RTLNAME mac_muladd_8s_8s_32s_32_4_1_U4685 SOURCE mmult_accel.cpp:210 VARIABLE mul_ln210_499 LOOP compute BUNDLEDNAME {} DSP 1 BRAM 0 URAM 0 DISPNAME {bind_op mul}} {BINDTYPE op ID {} IMPL dsp48 LATENCY 3 OPTYPE add PRAGMA {} RTLNAME mac_muladd_8s_8s_32s_32_4_1_U4685 SOURCE mmult_accel.cpp:210 VARIABLE add_ln210_499 LOOP compute BUNDLEDNAME {} DSP 1 BRAM 0 URAM 0 DISPNAME {bind_op add}} {BINDTYPE op ID {} IMPL dsp48 LATENCY 3 OPTYPE mul PRAGMA {} RTLNAME mac_muladd_8s_8s_32s_32_4_1_U4686 SOURCE mmult_accel.cpp:210 VARIABLE mul_ln210_500 LOOP compute BUNDLEDNAME {} DSP 1 BRAM 0 URAM 0 DISPNAME {bind_op mul}} {BINDTYPE op ID {} IMPL dsp48 LATENCY 3 OPTYPE add PRAGMA {} RTLNAME mac_muladd_8s_8s_32s_32_4_1_U4686 SOURCE mmult_accel.cpp:210 VARIABLE add_ln210_500 LOOP compute BUNDLEDNAME {} DSP 1 BRAM 0 URAM 0 DISPNAME {bind_op add}} {BINDTYPE op ID {} IMPL dsp48 LATENCY 3 OPTYPE mul PRAGMA {} RTLNAME mac_muladd_8s_8s_32s_32_4_1_U4687 SOURCE mmult_accel.cpp:210 VARIABLE mul_ln210_501 LOOP compute BUNDLEDNAME {} DSP 1 BRAM 0 URAM 0 DISPNAME {bind_op mul}} {BINDTYPE op ID {} IMPL dsp48 LATENCY 3 OPTYPE add PRAGMA {} RTLNAME mac_muladd_8s_8s_32s_32_4_1_U4687 SOURCE mmult_accel.cpp:210 VARIABLE add_ln210_501 LOOP compute BUNDLEDNAME {} DSP 1 BRAM 0 URAM 0 DISPNAME {bind_op add}} {BINDTYPE op ID {} IMPL dsp48 LATENCY 3 OPTYPE mul PRAGMA {} RTLNAME mac_muladd_8s_8s_32s_32_4_1_U4688 SOURCE mmult_accel.cpp:210 VARIABLE mul_ln210_502 LOOP compute BUNDLEDNAME {} DSP 1 BRAM 0 URAM 0 DISPNAME {bind_op mul}} {BINDTYPE op ID {} IMPL dsp48 LATENCY 3 OPTYPE add PRAGMA {} RTLNAME mac_muladd_8s_8s_32s_32_4_1_U4688 SOURCE mmult_accel.cpp:210 VARIABLE add_ln210_502 LOOP compute BUNDLEDNAME {} DSP 1 BRAM 0 URAM 0 DISPNAME {bind_op add}} {BINDTYPE op ID {} IMPL dsp48 LATENCY 3 OPTYPE mul PRAGMA {} RTLNAME mac_muladd_8s_8s_32s_32_4_1_U4689 SOURCE mmult_accel.cpp:210 VARIABLE mul_ln210_503 LOOP compute BUNDLEDNAME {} DSP 1 BRAM 0 URAM 0 DISPNAME {bind_op mul}} {BINDTYPE op ID {} IMPL dsp48 LATENCY 3 OPTYPE add PRAGMA {} RTLNAME mac_muladd_8s_8s_32s_32_4_1_U4689 SOURCE mmult_accel.cpp:210 VARIABLE add_ln210_503 LOOP compute BUNDLEDNAME {} DSP 1 BRAM 0 URAM 0 DISPNAME {bind_op add}} {BINDTYPE op ID {} IMPL dsp48 LATENCY 3 OPTYPE mul PRAGMA {} RTLNAME mac_muladd_8s_8s_32s_32_4_1_U4690 SOURCE mmult_accel.cpp:210 VARIABLE mul_ln210_504 LOOP compute BUNDLEDNAME {} DSP 1 BRAM 0 URAM 0 DISPNAME {bind_op mul}} {BINDTYPE op ID {} IMPL dsp48 LATENCY 3 OPTYPE add PRAGMA {} RTLNAME mac_muladd_8s_8s_32s_32_4_1_U4690 SOURCE mmult_accel.cpp:210 VARIABLE add_ln210_504 LOOP compute BUNDLEDNAME {} DSP 1 BRAM 0 URAM 0 DISPNAME {bind_op add}} {BINDTYPE op ID {} IMPL dsp48 LATENCY 3 OPTYPE mul PRAGMA {} RTLNAME mac_muladd_8s_8s_32s_32_4_1_U4691 SOURCE mmult_accel.cpp:210 VARIABLE mul_ln210_505 LOOP compute BUNDLEDNAME {} DSP 1 BRAM 0 URAM 0 DISPNAME {bind_op mul}} {BINDTYPE op ID {} IMPL dsp48 LATENCY 3 OPTYPE add PRAGMA {} RTLNAME mac_muladd_8s_8s_32s_32_4_1_U4691 SOURCE mmult_accel.cpp:210 VARIABLE add_ln210_505 LOOP compute BUNDLEDNAME {} DSP 1 BRAM 0 URAM 0 DISPNAME {bind_op add}} {BINDTYPE op ID {} IMPL dsp48 LATENCY 3 OPTYPE mul PRAGMA {} RTLNAME mac_muladd_8s_8s_32s_32_4_1_U4692 SOURCE mmult_accel.cpp:210 VARIABLE mul_ln210_506 LOOP compute BUNDLEDNAME {} DSP 1 BRAM 0 URAM 0 DISPNAME {bind_op mul}} {BINDTYPE op ID {} IMPL dsp48 LATENCY 3 OPTYPE add PRAGMA {} RTLNAME mac_muladd_8s_8s_32s_32_4_1_U4692 SOURCE mmult_accel.cpp:210 VARIABLE add_ln210_506 LOOP compute BUNDLEDNAME {} DSP 1 BRAM 0 URAM 0 DISPNAME {bind_op add}} {BINDTYPE op ID {} IMPL dsp48 LATENCY 3 OPTYPE mul PRAGMA {} RTLNAME mac_muladd_8s_8s_32s_32_4_1_U4693 SOURCE mmult_accel.cpp:210 VARIABLE mul_ln210_507 LOOP compute BUNDLEDNAME {} DSP 1 BRAM 0 URAM 0 DISPNAME {bind_op mul}} {BINDTYPE op ID {} IMPL dsp48 LATENCY 3 OPTYPE add PRAGMA {} RTLNAME mac_muladd_8s_8s_32s_32_4_1_U4693 SOURCE mmult_accel.cpp:210 VARIABLE add_ln210_507 LOOP compute BUNDLEDNAME {} DSP 1 BRAM 0 URAM 0 DISPNAME {bind_op add}} {BINDTYPE op ID {} IMPL dsp48 LATENCY 3 OPTYPE mul PRAGMA {} RTLNAME mac_muladd_8s_8s_32s_32_4_1_U4694 SOURCE mmult_accel.cpp:210 VARIABLE mul_ln210_508 LOOP compute BUNDLEDNAME {} DSP 1 BRAM 0 URAM 0 DISPNAME {bind_op mul}} {BINDTYPE op ID {} IMPL dsp48 LATENCY 3 OPTYPE add PRAGMA {} RTLNAME mac_muladd_8s_8s_32s_32_4_1_U4694 SOURCE mmult_accel.cpp:210 VARIABLE add_ln210_508 LOOP compute BUNDLEDNAME {} DSP 1 BRAM 0 URAM 0 DISPNAME {bind_op add}} {BINDTYPE op ID {} IMPL dsp48 LATENCY 3 OPTYPE mul PRAGMA {} RTLNAME mac_muladd_8s_8s_32s_32_4_1_U4695 SOURCE mmult_accel.cpp:210 VARIABLE mul_ln210_509 LOOP compute BUNDLEDNAME {} DSP 1 BRAM 0 URAM 0 DISPNAME {bind_op mul}} {BINDTYPE op ID {} IMPL dsp48 LATENCY 3 OPTYPE add PRAGMA {} RTLNAME mac_muladd_8s_8s_32s_32_4_1_U4695 SOURCE mmult_accel.cpp:210 VARIABLE add_ln210_509 LOOP compute BUNDLEDNAME {} DSP 1 BRAM 0 URAM 0 DISPNAME {bind_op add}} {BINDTYPE op ID {} IMPL dsp48 LATENCY 3 OPTYPE mul PRAGMA {} RTLNAME mac_muladd_8s_8s_32s_32_4_1_U4696 SOURCE mmult_accel.cpp:210 VARIABLE mul_ln210_510 LOOP compute BUNDLEDNAME {} DSP 1 BRAM 0 URAM 0 DISPNAME {bind_op mul}} {BINDTYPE op ID {} IMPL dsp48 LATENCY 3 OPTYPE add PRAGMA {} RTLNAME mac_muladd_8s_8s_32s_32_4_1_U4696 SOURCE mmult_accel.cpp:210 VARIABLE add_ln210_510 LOOP compute BUNDLEDNAME {} DSP 1 BRAM 0 URAM 0 DISPNAME {bind_op add}} {BINDTYPE op ID {} IMPL dsp48 LATENCY 3 OPTYPE mul PRAGMA {} RTLNAME mac_muladd_8s_8s_32s_32_4_1_U4697 SOURCE mmult_accel.cpp:210 VARIABLE mul_ln210_511 LOOP compute BUNDLEDNAME {} DSP 1 BRAM 0 URAM 0 DISPNAME {bind_op mul}} {BINDTYPE op ID {} IMPL dsp48 LATENCY 3 OPTYPE add PRAGMA {} RTLNAME mac_muladd_8s_8s_32s_32_4_1_U4697 SOURCE mmult_accel.cpp:210 VARIABLE add_ln210_511 LOOP compute BUNDLEDNAME {} DSP 1 BRAM 0 URAM 0 DISPNAME {bind_op add}} {BINDTYPE op ID {} IMPL dsp48 LATENCY 3 OPTYPE mul PRAGMA {} RTLNAME mac_muladd_8s_8s_32s_32_4_1_U4698 SOURCE mmult_accel.cpp:210 VARIABLE mul_ln210_512 LOOP compute BUNDLEDNAME {} DSP 1 BRAM 0 URAM 0 DISPNAME {bind_op mul}} {BINDTYPE op ID {} IMPL dsp48 LATENCY 3 OPTYPE add PRAGMA {} RTLNAME mac_muladd_8s_8s_32s_32_4_1_U4698 SOURCE mmult_accel.cpp:210 VARIABLE add_ln210_512 LOOP compute BUNDLEDNAME {} DSP 1 BRAM 0 URAM 0 DISPNAME {bind_op add}} {BINDTYPE op ID {} IMPL dsp48 LATENCY 3 OPTYPE mul PRAGMA {} RTLNAME mac_muladd_8s_8s_32s_32_4_1_U4699 SOURCE mmult_accel.cpp:210 VARIABLE mul_ln210_513 LOOP compute BUNDLEDNAME {} DSP 1 BRAM 0 URAM 0 DISPNAME {bind_op mul}} {BINDTYPE op ID {} IMPL dsp48 LATENCY 3 OPTYPE add PRAGMA {} RTLNAME mac_muladd_8s_8s_32s_32_4_1_U4699 SOURCE mmult_accel.cpp:210 VARIABLE add_ln210_513 LOOP compute BUNDLEDNAME {} DSP 1 BRAM 0 URAM 0 DISPNAME {bind_op add}} {BINDTYPE op ID {} IMPL dsp48 LATENCY 3 OPTYPE mul PRAGMA {} RTLNAME mac_muladd_8s_8s_32s_32_4_1_U4700 SOURCE mmult_accel.cpp:210 VARIABLE mul_ln210_514 LOOP compute BUNDLEDNAME {} DSP 1 BRAM 0 URAM 0 DISPNAME {bind_op mul}} {BINDTYPE op ID {} IMPL dsp48 LATENCY 3 OPTYPE add PRAGMA {} RTLNAME mac_muladd_8s_8s_32s_32_4_1_U4700 SOURCE mmult_accel.cpp:210 VARIABLE add_ln210_514 LOOP compute BUNDLEDNAME {} DSP 1 BRAM 0 URAM 0 DISPNAME {bind_op add}} {BINDTYPE op ID {} IMPL dsp48 LATENCY 3 OPTYPE mul PRAGMA {} RTLNAME mac_muladd_8s_8s_32s_32_4_1_U4701 SOURCE mmult_accel.cpp:210 VARIABLE mul_ln210_515 LOOP compute BUNDLEDNAME {} DSP 1 BRAM 0 URAM 0 DISPNAME {bind_op mul}} {BINDTYPE op ID {} IMPL dsp48 LATENCY 3 OPTYPE add PRAGMA {} RTLNAME mac_muladd_8s_8s_32s_32_4_1_U4701 SOURCE mmult_accel.cpp:210 VARIABLE add_ln210_515 LOOP compute BUNDLEDNAME {} DSP 1 BRAM 0 URAM 0 DISPNAME {bind_op add}} {BINDTYPE op ID {} IMPL dsp48 LATENCY 3 OPTYPE mul PRAGMA {} RTLNAME mac_muladd_8s_8s_32s_32_4_1_U4702 SOURCE mmult_accel.cpp:210 VARIABLE mul_ln210_516 LOOP compute BUNDLEDNAME {} DSP 1 BRAM 0 URAM 0 DISPNAME {bind_op mul}} {BINDTYPE op ID {} IMPL dsp48 LATENCY 3 OPTYPE add PRAGMA {} RTLNAME mac_muladd_8s_8s_32s_32_4_1_U4702 SOURCE mmult_accel.cpp:210 VARIABLE add_ln210_516 LOOP compute BUNDLEDNAME {} DSP 1 BRAM 0 URAM 0 DISPNAME {bind_op add}} {BINDTYPE op ID {} IMPL dsp48 LATENCY 3 OPTYPE mul PRAGMA {} RTLNAME mac_muladd_8s_8s_32s_32_4_1_U4703 SOURCE mmult_accel.cpp:210 VARIABLE mul_ln210_517 LOOP compute BUNDLEDNAME {} DSP 1 BRAM 0 URAM 0 DISPNAME {bind_op mul}} {BINDTYPE op ID {} IMPL dsp48 LATENCY 3 OPTYPE add PRAGMA {} RTLNAME mac_muladd_8s_8s_32s_32_4_1_U4703 SOURCE mmult_accel.cpp:210 VARIABLE add_ln210_517 LOOP compute BUNDLEDNAME {} DSP 1 BRAM 0 URAM 0 DISPNAME {bind_op add}} {BINDTYPE op ID {} IMPL dsp48 LATENCY 3 OPTYPE mul PRAGMA {} RTLNAME mac_muladd_8s_8s_32s_32_4_1_U4704 SOURCE mmult_accel.cpp:210 VARIABLE mul_ln210_518 LOOP compute BUNDLEDNAME {} DSP 1 BRAM 0 URAM 0 DISPNAME {bind_op mul}} {BINDTYPE op ID {} IMPL dsp48 LATENCY 3 OPTYPE add PRAGMA {} RTLNAME mac_muladd_8s_8s_32s_32_4_1_U4704 SOURCE mmult_accel.cpp:210 VARIABLE add_ln210_518 LOOP compute BUNDLEDNAME {} DSP 1 BRAM 0 URAM 0 DISPNAME {bind_op add}} {BINDTYPE op ID {} IMPL dsp48 LATENCY 3 OPTYPE mul PRAGMA {} RTLNAME mac_muladd_8s_8s_32s_32_4_1_U4705 SOURCE mmult_accel.cpp:210 VARIABLE mul_ln210_519 LOOP compute BUNDLEDNAME {} DSP 1 BRAM 0 URAM 0 DISPNAME {bind_op mul}} {BINDTYPE op ID {} IMPL dsp48 LATENCY 3 OPTYPE add PRAGMA {} RTLNAME mac_muladd_8s_8s_32s_32_4_1_U4705 SOURCE mmult_accel.cpp:210 VARIABLE add_ln210_519 LOOP compute BUNDLEDNAME {} DSP 1 BRAM 0 URAM 0 DISPNAME {bind_op add}} {BINDTYPE op ID {} IMPL dsp48 LATENCY 3 OPTYPE mul PRAGMA {} RTLNAME mac_muladd_8s_8s_32s_32_4_1_U4706 SOURCE mmult_accel.cpp:210 VARIABLE mul_ln210_520 LOOP compute BUNDLEDNAME {} DSP 1 BRAM 0 URAM 0 DISPNAME {bind_op mul}} {BINDTYPE op ID {} IMPL dsp48 LATENCY 3 OPTYPE add PRAGMA {} RTLNAME mac_muladd_8s_8s_32s_32_4_1_U4706 SOURCE mmult_accel.cpp:210 VARIABLE add_ln210_520 LOOP compute BUNDLEDNAME {} DSP 1 BRAM 0 URAM 0 DISPNAME {bind_op add}} {BINDTYPE op ID {} IMPL dsp48 LATENCY 3 OPTYPE mul PRAGMA {} RTLNAME mac_muladd_8s_8s_32s_32_4_1_U4707 SOURCE mmult_accel.cpp:210 VARIABLE mul_ln210_521 LOOP compute BUNDLEDNAME {} DSP 1 BRAM 0 URAM 0 DISPNAME {bind_op mul}} {BINDTYPE op ID {} IMPL dsp48 LATENCY 3 OPTYPE add PRAGMA {} RTLNAME mac_muladd_8s_8s_32s_32_4_1_U4707 SOURCE mmult_accel.cpp:210 VARIABLE add_ln210_521 LOOP compute BUNDLEDNAME {} DSP 1 BRAM 0 URAM 0 DISPNAME {bind_op add}} {BINDTYPE op ID {} IMPL dsp48 LATENCY 3 OPTYPE mul PRAGMA {} RTLNAME mac_muladd_8s_8s_32s_32_4_1_U4708 SOURCE mmult_accel.cpp:210 VARIABLE mul_ln210_522 LOOP compute BUNDLEDNAME {} DSP 1 BRAM 0 URAM 0 DISPNAME {bind_op mul}} {BINDTYPE op ID {} IMPL dsp48 LATENCY 3 OPTYPE add PRAGMA {} RTLNAME mac_muladd_8s_8s_32s_32_4_1_U4708 SOURCE mmult_accel.cpp:210 VARIABLE add_ln210_522 LOOP compute BUNDLEDNAME {} DSP 1 BRAM 0 URAM 0 DISPNAME {bind_op add}} {BINDTYPE op ID {} IMPL dsp48 LATENCY 3 OPTYPE mul PRAGMA {} RTLNAME mac_muladd_8s_8s_32s_32_4_1_U4709 SOURCE mmult_accel.cpp:210 VARIABLE mul_ln210_523 LOOP compute BUNDLEDNAME {} DSP 1 BRAM 0 URAM 0 DISPNAME {bind_op mul}} {BINDTYPE op ID {} IMPL dsp48 LATENCY 3 OPTYPE add PRAGMA {} RTLNAME mac_muladd_8s_8s_32s_32_4_1_U4709 SOURCE mmult_accel.cpp:210 VARIABLE add_ln210_523 LOOP compute BUNDLEDNAME {} DSP 1 BRAM 0 URAM 0 DISPNAME {bind_op add}} {BINDTYPE op ID {} IMPL dsp48 LATENCY 3 OPTYPE mul PRAGMA {} RTLNAME mac_muladd_8s_8s_32s_32_4_1_U4710 SOURCE mmult_accel.cpp:210 VARIABLE mul_ln210_524 LOOP compute BUNDLEDNAME {} DSP 1 BRAM 0 URAM 0 DISPNAME {bind_op mul}} {BINDTYPE op ID {} IMPL dsp48 LATENCY 3 OPTYPE add PRAGMA {} RTLNAME mac_muladd_8s_8s_32s_32_4_1_U4710 SOURCE mmult_accel.cpp:210 VARIABLE add_ln210_524 LOOP compute BUNDLEDNAME {} DSP 1 BRAM 0 URAM 0 DISPNAME {bind_op add}} {BINDTYPE op ID {} IMPL dsp48 LATENCY 3 OPTYPE mul PRAGMA {} RTLNAME mac_muladd_8s_8s_32s_32_4_1_U4711 SOURCE mmult_accel.cpp:210 VARIABLE mul_ln210_525 LOOP compute BUNDLEDNAME {} DSP 1 BRAM 0 URAM 0 DISPNAME {bind_op mul}} {BINDTYPE op ID {} IMPL dsp48 LATENCY 3 OPTYPE add PRAGMA {} RTLNAME mac_muladd_8s_8s_32s_32_4_1_U4711 SOURCE mmult_accel.cpp:210 VARIABLE add_ln210_525 LOOP compute BUNDLEDNAME {} DSP 1 BRAM 0 URAM 0 DISPNAME {bind_op add}} {BINDTYPE op ID {} IMPL dsp48 LATENCY 3 OPTYPE mul PRAGMA {} RTLNAME mac_muladd_8s_8s_32s_32_4_1_U4712 SOURCE mmult_accel.cpp:210 VARIABLE mul_ln210_526 LOOP compute BUNDLEDNAME {} DSP 1 BRAM 0 URAM 0 DISPNAME {bind_op mul}} {BINDTYPE op ID {} IMPL dsp48 LATENCY 3 OPTYPE add PRAGMA {} RTLNAME mac_muladd_8s_8s_32s_32_4_1_U4712 SOURCE mmult_accel.cpp:210 VARIABLE add_ln210_526 LOOP compute BUNDLEDNAME {} DSP 1 BRAM 0 URAM 0 DISPNAME {bind_op add}} {BINDTYPE op ID {} IMPL dsp48 LATENCY 3 OPTYPE mul PRAGMA {} RTLNAME mac_muladd_8s_8s_32s_32_4_1_U4713 SOURCE mmult_accel.cpp:210 VARIABLE mul_ln210_527 LOOP compute BUNDLEDNAME {} DSP 1 BRAM 0 URAM 0 DISPNAME {bind_op mul}} {BINDTYPE op ID {} IMPL dsp48 LATENCY 3 OPTYPE add PRAGMA {} RTLNAME mac_muladd_8s_8s_32s_32_4_1_U4713 SOURCE mmult_accel.cpp:210 VARIABLE add_ln210_527 LOOP compute BUNDLEDNAME {} DSP 1 BRAM 0 URAM 0 DISPNAME {bind_op add}} {BINDTYPE op ID {} IMPL dsp48 LATENCY 3 OPTYPE mul PRAGMA {} RTLNAME mac_muladd_8s_8s_32s_32_4_1_U4714 SOURCE mmult_accel.cpp:210 VARIABLE mul_ln210_528 LOOP compute BUNDLEDNAME {} DSP 1 BRAM 0 URAM 0 DISPNAME {bind_op mul}} {BINDTYPE op ID {} IMPL dsp48 LATENCY 3 OPTYPE add PRAGMA {} RTLNAME mac_muladd_8s_8s_32s_32_4_1_U4714 SOURCE mmult_accel.cpp:210 VARIABLE add_ln210_528 LOOP compute BUNDLEDNAME {} DSP 1 BRAM 0 URAM 0 DISPNAME {bind_op add}} {BINDTYPE op ID {} IMPL dsp48 LATENCY 3 OPTYPE mul PRAGMA {} RTLNAME mac_muladd_8s_8s_32s_32_4_1_U4715 SOURCE mmult_accel.cpp:210 VARIABLE mul_ln210_529 LOOP compute BUNDLEDNAME {} DSP 1 BRAM 0 URAM 0 DISPNAME {bind_op mul}} {BINDTYPE op ID {} IMPL dsp48 LATENCY 3 OPTYPE add PRAGMA {} RTLNAME mac_muladd_8s_8s_32s_32_4_1_U4715 SOURCE mmult_accel.cpp:210 VARIABLE add_ln210_529 LOOP compute BUNDLEDNAME {} DSP 1 BRAM 0 URAM 0 DISPNAME {bind_op add}} {BINDTYPE op ID {} IMPL dsp48 LATENCY 3 OPTYPE mul PRAGMA {} RTLNAME mac_muladd_8s_8s_32s_32_4_1_U4716 SOURCE mmult_accel.cpp:210 VARIABLE mul_ln210_530 LOOP compute BUNDLEDNAME {} DSP 1 BRAM 0 URAM 0 DISPNAME {bind_op mul}} {BINDTYPE op ID {} IMPL dsp48 LATENCY 3 OPTYPE add PRAGMA {} RTLNAME mac_muladd_8s_8s_32s_32_4_1_U4716 SOURCE mmult_accel.cpp:210 VARIABLE add_ln210_530 LOOP compute BUNDLEDNAME {} DSP 1 BRAM 0 URAM 0 DISPNAME {bind_op add}} {BINDTYPE op ID {} IMPL dsp48 LATENCY 3 OPTYPE mul PRAGMA {} RTLNAME mac_muladd_8s_8s_32s_32_4_1_U4717 SOURCE mmult_accel.cpp:210 VARIABLE mul_ln210_531 LOOP compute BUNDLEDNAME {} DSP 1 BRAM 0 URAM 0 DISPNAME {bind_op mul}} {BINDTYPE op ID {} IMPL dsp48 LATENCY 3 OPTYPE add PRAGMA {} RTLNAME mac_muladd_8s_8s_32s_32_4_1_U4717 SOURCE mmult_accel.cpp:210 VARIABLE add_ln210_531 LOOP compute BUNDLEDNAME {} DSP 1 BRAM 0 URAM 0 DISPNAME {bind_op add}} {BINDTYPE op ID {} IMPL dsp48 LATENCY 3 OPTYPE mul PRAGMA {} RTLNAME mac_muladd_8s_8s_32s_32_4_1_U4718 SOURCE mmult_accel.cpp:210 VARIABLE mul_ln210_532 LOOP compute BUNDLEDNAME {} DSP 1 BRAM 0 URAM 0 DISPNAME {bind_op mul}} {BINDTYPE op ID {} IMPL dsp48 LATENCY 3 OPTYPE add PRAGMA {} RTLNAME mac_muladd_8s_8s_32s_32_4_1_U4718 SOURCE mmult_accel.cpp:210 VARIABLE add_ln210_532 LOOP compute BUNDLEDNAME {} DSP 1 BRAM 0 URAM 0 DISPNAME {bind_op add}} {BINDTYPE op ID {} IMPL dsp48 LATENCY 3 OPTYPE mul PRAGMA {} RTLNAME mac_muladd_8s_8s_32s_32_4_1_U4719 SOURCE mmult_accel.cpp:210 VARIABLE mul_ln210_533 LOOP compute BUNDLEDNAME {} DSP 1 BRAM 0 URAM 0 DISPNAME {bind_op mul}} {BINDTYPE op ID {} IMPL dsp48 LATENCY 3 OPTYPE add PRAGMA {} RTLNAME mac_muladd_8s_8s_32s_32_4_1_U4719 SOURCE mmult_accel.cpp:210 VARIABLE add_ln210_533 LOOP compute BUNDLEDNAME {} DSP 1 BRAM 0 URAM 0 DISPNAME {bind_op add}} {BINDTYPE op ID {} IMPL dsp48 LATENCY 3 OPTYPE mul PRAGMA {} RTLNAME mac_muladd_8s_8s_32s_32_4_1_U4720 SOURCE mmult_accel.cpp:210 VARIABLE mul_ln210_534 LOOP compute BUNDLEDNAME {} DSP 1 BRAM 0 URAM 0 DISPNAME {bind_op mul}} {BINDTYPE op ID {} IMPL dsp48 LATENCY 3 OPTYPE add PRAGMA {} RTLNAME mac_muladd_8s_8s_32s_32_4_1_U4720 SOURCE mmult_accel.cpp:210 VARIABLE add_ln210_534 LOOP compute BUNDLEDNAME {} DSP 1 BRAM 0 URAM 0 DISPNAME {bind_op add}} {BINDTYPE op ID {} IMPL dsp48 LATENCY 3 OPTYPE mul PRAGMA {} RTLNAME mac_muladd_8s_8s_32s_32_4_1_U4721 SOURCE mmult_accel.cpp:210 VARIABLE mul_ln210_535 LOOP compute BUNDLEDNAME {} DSP 1 BRAM 0 URAM 0 DISPNAME {bind_op mul}} {BINDTYPE op ID {} IMPL dsp48 LATENCY 3 OPTYPE add PRAGMA {} RTLNAME mac_muladd_8s_8s_32s_32_4_1_U4721 SOURCE mmult_accel.cpp:210 VARIABLE add_ln210_535 LOOP compute BUNDLEDNAME {} DSP 1 BRAM 0 URAM 0 DISPNAME {bind_op add}} {BINDTYPE op ID {} IMPL dsp48 LATENCY 3 OPTYPE mul PRAGMA {} RTLNAME mac_muladd_8s_8s_32s_32_4_1_U4722 SOURCE mmult_accel.cpp:210 VARIABLE mul_ln210_536 LOOP compute BUNDLEDNAME {} DSP 1 BRAM 0 URAM 0 DISPNAME {bind_op mul}} {BINDTYPE op ID {} IMPL dsp48 LATENCY 3 OPTYPE add PRAGMA {} RTLNAME mac_muladd_8s_8s_32s_32_4_1_U4722 SOURCE mmult_accel.cpp:210 VARIABLE add_ln210_536 LOOP compute BUNDLEDNAME {} DSP 1 BRAM 0 URAM 0 DISPNAME {bind_op add}} {BINDTYPE op ID {} IMPL dsp48 LATENCY 3 OPTYPE mul PRAGMA {} RTLNAME mac_muladd_8s_8s_32s_32_4_1_U4723 SOURCE mmult_accel.cpp:210 VARIABLE mul_ln210_537 LOOP compute BUNDLEDNAME {} DSP 1 BRAM 0 URAM 0 DISPNAME {bind_op mul}} {BINDTYPE op ID {} IMPL dsp48 LATENCY 3 OPTYPE add PRAGMA {} RTLNAME mac_muladd_8s_8s_32s_32_4_1_U4723 SOURCE mmult_accel.cpp:210 VARIABLE add_ln210_537 LOOP compute BUNDLEDNAME {} DSP 1 BRAM 0 URAM 0 DISPNAME {bind_op add}} {BINDTYPE op ID {} IMPL dsp48 LATENCY 3 OPTYPE mul PRAGMA {} RTLNAME mac_muladd_8s_8s_32s_32_4_1_U4724 SOURCE mmult_accel.cpp:210 VARIABLE mul_ln210_538 LOOP compute BUNDLEDNAME {} DSP 1 BRAM 0 URAM 0 DISPNAME {bind_op mul}} {BINDTYPE op ID {} IMPL dsp48 LATENCY 3 OPTYPE add PRAGMA {} RTLNAME mac_muladd_8s_8s_32s_32_4_1_U4724 SOURCE mmult_accel.cpp:210 VARIABLE add_ln210_538 LOOP compute BUNDLEDNAME {} DSP 1 BRAM 0 URAM 0 DISPNAME {bind_op add}} {BINDTYPE op ID {} IMPL dsp48 LATENCY 3 OPTYPE mul PRAGMA {} RTLNAME mac_muladd_8s_8s_32s_32_4_1_U4725 SOURCE mmult_accel.cpp:210 VARIABLE mul_ln210_539 LOOP compute BUNDLEDNAME {} DSP 1 BRAM 0 URAM 0 DISPNAME {bind_op mul}} {BINDTYPE op ID {} IMPL dsp48 LATENCY 3 OPTYPE add PRAGMA {} RTLNAME mac_muladd_8s_8s_32s_32_4_1_U4725 SOURCE mmult_accel.cpp:210 VARIABLE add_ln210_539 LOOP compute BUNDLEDNAME {} DSP 1 BRAM 0 URAM 0 DISPNAME {bind_op add}} {BINDTYPE op ID {} IMPL dsp48 LATENCY 3 OPTYPE mul PRAGMA {} RTLNAME mac_muladd_8s_8s_32s_32_4_1_U4726 SOURCE mmult_accel.cpp:210 VARIABLE mul_ln210_540 LOOP compute BUNDLEDNAME {} DSP 1 BRAM 0 URAM 0 DISPNAME {bind_op mul}} {BINDTYPE op ID {} IMPL dsp48 LATENCY 3 OPTYPE add PRAGMA {} RTLNAME mac_muladd_8s_8s_32s_32_4_1_U4726 SOURCE mmult_accel.cpp:210 VARIABLE add_ln210_540 LOOP compute BUNDLEDNAME {} DSP 1 BRAM 0 URAM 0 DISPNAME {bind_op add}} {BINDTYPE op ID {} IMPL dsp48 LATENCY 3 OPTYPE mul PRAGMA {} RTLNAME mac_muladd_8s_8s_32s_32_4_1_U4727 SOURCE mmult_accel.cpp:210 VARIABLE mul_ln210_541 LOOP compute BUNDLEDNAME {} DSP 1 BRAM 0 URAM 0 DISPNAME {bind_op mul}} {BINDTYPE op ID {} IMPL dsp48 LATENCY 3 OPTYPE add PRAGMA {} RTLNAME mac_muladd_8s_8s_32s_32_4_1_U4727 SOURCE mmult_accel.cpp:210 VARIABLE add_ln210_541 LOOP compute BUNDLEDNAME {} DSP 1 BRAM 0 URAM 0 DISPNAME {bind_op add}} {BINDTYPE op ID {} IMPL dsp48 LATENCY 3 OPTYPE mul PRAGMA {} RTLNAME mac_muladd_8s_8s_32s_32_4_1_U4728 SOURCE mmult_accel.cpp:210 VARIABLE mul_ln210_542 LOOP compute BUNDLEDNAME {} DSP 1 BRAM 0 URAM 0 DISPNAME {bind_op mul}} {BINDTYPE op ID {} IMPL dsp48 LATENCY 3 OPTYPE add PRAGMA {} RTLNAME mac_muladd_8s_8s_32s_32_4_1_U4728 SOURCE mmult_accel.cpp:210 VARIABLE add_ln210_542 LOOP compute BUNDLEDNAME {} DSP 1 BRAM 0 URAM 0 DISPNAME {bind_op add}} {BINDTYPE op ID {} IMPL dsp48 LATENCY 3 OPTYPE mul PRAGMA {} RTLNAME mac_muladd_8s_8s_32s_32_4_1_U4729 SOURCE mmult_accel.cpp:210 VARIABLE mul_ln210_543 LOOP compute BUNDLEDNAME {} DSP 1 BRAM 0 URAM 0 DISPNAME {bind_op mul}} {BINDTYPE op ID {} IMPL dsp48 LATENCY 3 OPTYPE add PRAGMA {} RTLNAME mac_muladd_8s_8s_32s_32_4_1_U4729 SOURCE mmult_accel.cpp:210 VARIABLE add_ln210_543 LOOP compute BUNDLEDNAME {} DSP 1 BRAM 0 URAM 0 DISPNAME {bind_op add}} {BINDTYPE op ID {} IMPL dsp48 LATENCY 3 OPTYPE mul PRAGMA {} RTLNAME mac_muladd_8s_8s_32s_32_4_1_U4730 SOURCE mmult_accel.cpp:210 VARIABLE mul_ln210_544 LOOP compute BUNDLEDNAME {} DSP 1 BRAM 0 URAM 0 DISPNAME {bind_op mul}} {BINDTYPE op ID {} IMPL dsp48 LATENCY 3 OPTYPE add PRAGMA {} RTLNAME mac_muladd_8s_8s_32s_32_4_1_U4730 SOURCE mmult_accel.cpp:210 VARIABLE add_ln210_544 LOOP compute BUNDLEDNAME {} DSP 1 BRAM 0 URAM 0 DISPNAME {bind_op add}} {BINDTYPE op ID {} IMPL dsp48 LATENCY 3 OPTYPE mul PRAGMA {} RTLNAME mac_muladd_8s_8s_32s_32_4_1_U4731 SOURCE mmult_accel.cpp:210 VARIABLE mul_ln210_545 LOOP compute BUNDLEDNAME {} DSP 1 BRAM 0 URAM 0 DISPNAME {bind_op mul}} {BINDTYPE op ID {} IMPL dsp48 LATENCY 3 OPTYPE add PRAGMA {} RTLNAME mac_muladd_8s_8s_32s_32_4_1_U4731 SOURCE mmult_accel.cpp:210 VARIABLE add_ln210_545 LOOP compute BUNDLEDNAME {} DSP 1 BRAM 0 URAM 0 DISPNAME {bind_op add}} {BINDTYPE op ID {} IMPL dsp48 LATENCY 3 OPTYPE mul PRAGMA {} RTLNAME mac_muladd_8s_8s_32s_32_4_1_U4732 SOURCE mmult_accel.cpp:210 VARIABLE mul_ln210_546 LOOP compute BUNDLEDNAME {} DSP 1 BRAM 0 URAM 0 DISPNAME {bind_op mul}} {BINDTYPE op ID {} IMPL dsp48 LATENCY 3 OPTYPE add PRAGMA {} RTLNAME mac_muladd_8s_8s_32s_32_4_1_U4732 SOURCE mmult_accel.cpp:210 VARIABLE add_ln210_546 LOOP compute BUNDLEDNAME {} DSP 1 BRAM 0 URAM 0 DISPNAME {bind_op add}} {BINDTYPE op ID {} IMPL dsp48 LATENCY 3 OPTYPE mul PRAGMA {} RTLNAME mac_muladd_8s_8s_32s_32_4_1_U4733 SOURCE mmult_accel.cpp:210 VARIABLE mul_ln210_547 LOOP compute BUNDLEDNAME {} DSP 1 BRAM 0 URAM 0 DISPNAME {bind_op mul}} {BINDTYPE op ID {} IMPL dsp48 LATENCY 3 OPTYPE add PRAGMA {} RTLNAME mac_muladd_8s_8s_32s_32_4_1_U4733 SOURCE mmult_accel.cpp:210 VARIABLE add_ln210_547 LOOP compute BUNDLEDNAME {} DSP 1 BRAM 0 URAM 0 DISPNAME {bind_op add}} {BINDTYPE op ID {} IMPL dsp48 LATENCY 3 OPTYPE mul PRAGMA {} RTLNAME mac_muladd_8s_8s_32s_32_4_1_U4734 SOURCE mmult_accel.cpp:210 VARIABLE mul_ln210_548 LOOP compute BUNDLEDNAME {} DSP 1 BRAM 0 URAM 0 DISPNAME {bind_op mul}} {BINDTYPE op ID {} IMPL dsp48 LATENCY 3 OPTYPE add PRAGMA {} RTLNAME mac_muladd_8s_8s_32s_32_4_1_U4734 SOURCE mmult_accel.cpp:210 VARIABLE add_ln210_548 LOOP compute BUNDLEDNAME {} DSP 1 BRAM 0 URAM 0 DISPNAME {bind_op add}} {BINDTYPE op ID {} IMPL dsp48 LATENCY 3 OPTYPE mul PRAGMA {} RTLNAME mac_muladd_8s_8s_32s_32_4_1_U4735 SOURCE mmult_accel.cpp:210 VARIABLE mul_ln210_549 LOOP compute BUNDLEDNAME {} DSP 1 BRAM 0 URAM 0 DISPNAME {bind_op mul}} {BINDTYPE op ID {} IMPL dsp48 LATENCY 3 OPTYPE add PRAGMA {} RTLNAME mac_muladd_8s_8s_32s_32_4_1_U4735 SOURCE mmult_accel.cpp:210 VARIABLE add_ln210_549 LOOP compute BUNDLEDNAME {} DSP 1 BRAM 0 URAM 0 DISPNAME {bind_op add}} {BINDTYPE op ID {} IMPL dsp48 LATENCY 3 OPTYPE mul PRAGMA {} RTLNAME mac_muladd_8s_8s_32s_32_4_1_U4736 SOURCE mmult_accel.cpp:210 VARIABLE mul_ln210_550 LOOP compute BUNDLEDNAME {} DSP 1 BRAM 0 URAM 0 DISPNAME {bind_op mul}} {BINDTYPE op ID {} IMPL dsp48 LATENCY 3 OPTYPE add PRAGMA {} RTLNAME mac_muladd_8s_8s_32s_32_4_1_U4736 SOURCE mmult_accel.cpp:210 VARIABLE add_ln210_550 LOOP compute BUNDLEDNAME {} DSP 1 BRAM 0 URAM 0 DISPNAME {bind_op add}} {BINDTYPE op ID {} IMPL dsp48 LATENCY 3 OPTYPE mul PRAGMA {} RTLNAME mac_muladd_8s_8s_32s_32_4_1_U4737 SOURCE mmult_accel.cpp:210 VARIABLE mul_ln210_551 LOOP compute BUNDLEDNAME {} DSP 1 BRAM 0 URAM 0 DISPNAME {bind_op mul}} {BINDTYPE op ID {} IMPL dsp48 LATENCY 3 OPTYPE add PRAGMA {} RTLNAME mac_muladd_8s_8s_32s_32_4_1_U4737 SOURCE mmult_accel.cpp:210 VARIABLE add_ln210_551 LOOP compute BUNDLEDNAME {} DSP 1 BRAM 0 URAM 0 DISPNAME {bind_op add}} {BINDTYPE op ID {} IMPL dsp48 LATENCY 3 OPTYPE mul PRAGMA {} RTLNAME mac_muladd_8s_8s_32s_32_4_1_U4738 SOURCE mmult_accel.cpp:210 VARIABLE mul_ln210_552 LOOP compute BUNDLEDNAME {} DSP 1 BRAM 0 URAM 0 DISPNAME {bind_op mul}} {BINDTYPE op ID {} IMPL dsp48 LATENCY 3 OPTYPE add PRAGMA {} RTLNAME mac_muladd_8s_8s_32s_32_4_1_U4738 SOURCE mmult_accel.cpp:210 VARIABLE add_ln210_552 LOOP compute BUNDLEDNAME {} DSP 1 BRAM 0 URAM 0 DISPNAME {bind_op add}} {BINDTYPE op ID {} IMPL dsp48 LATENCY 3 OPTYPE mul PRAGMA {} RTLNAME mac_muladd_8s_8s_32s_32_4_1_U4739 SOURCE mmult_accel.cpp:210 VARIABLE mul_ln210_553 LOOP compute BUNDLEDNAME {} DSP 1 BRAM 0 URAM 0 DISPNAME {bind_op mul}} {BINDTYPE op ID {} IMPL dsp48 LATENCY 3 OPTYPE add PRAGMA {} RTLNAME mac_muladd_8s_8s_32s_32_4_1_U4739 SOURCE mmult_accel.cpp:210 VARIABLE add_ln210_553 LOOP compute BUNDLEDNAME {} DSP 1 BRAM 0 URAM 0 DISPNAME {bind_op add}} {BINDTYPE op ID {} IMPL dsp48 LATENCY 3 OPTYPE mul PRAGMA {} RTLNAME mac_muladd_8s_8s_32s_32_4_1_U4740 SOURCE mmult_accel.cpp:210 VARIABLE mul_ln210_554 LOOP compute BUNDLEDNAME {} DSP 1 BRAM 0 URAM 0 DISPNAME {bind_op mul}} {BINDTYPE op ID {} IMPL dsp48 LATENCY 3 OPTYPE add PRAGMA {} RTLNAME mac_muladd_8s_8s_32s_32_4_1_U4740 SOURCE mmult_accel.cpp:210 VARIABLE add_ln210_554 LOOP compute BUNDLEDNAME {} DSP 1 BRAM 0 URAM 0 DISPNAME {bind_op add}} {BINDTYPE op ID {} IMPL dsp48 LATENCY 3 OPTYPE mul PRAGMA {} RTLNAME mac_muladd_8s_8s_32s_32_4_1_U4741 SOURCE mmult_accel.cpp:210 VARIABLE mul_ln210_555 LOOP compute BUNDLEDNAME {} DSP 1 BRAM 0 URAM 0 DISPNAME {bind_op mul}} {BINDTYPE op ID {} IMPL dsp48 LATENCY 3 OPTYPE add PRAGMA {} RTLNAME mac_muladd_8s_8s_32s_32_4_1_U4741 SOURCE mmult_accel.cpp:210 VARIABLE add_ln210_555 LOOP compute BUNDLEDNAME {} DSP 1 BRAM 0 URAM 0 DISPNAME {bind_op add}} {BINDTYPE op ID {} IMPL dsp48 LATENCY 3 OPTYPE mul PRAGMA {} RTLNAME mac_muladd_8s_8s_32s_32_4_1_U4742 SOURCE mmult_accel.cpp:210 VARIABLE mul_ln210_556 LOOP compute BUNDLEDNAME {} DSP 1 BRAM 0 URAM 0 DISPNAME {bind_op mul}} {BINDTYPE op ID {} IMPL dsp48 LATENCY 3 OPTYPE add PRAGMA {} RTLNAME mac_muladd_8s_8s_32s_32_4_1_U4742 SOURCE mmult_accel.cpp:210 VARIABLE add_ln210_556 LOOP compute BUNDLEDNAME {} DSP 1 BRAM 0 URAM 0 DISPNAME {bind_op add}} {BINDTYPE op ID {} IMPL dsp48 LATENCY 3 OPTYPE mul PRAGMA {} RTLNAME mac_muladd_8s_8s_32s_32_4_1_U4743 SOURCE mmult_accel.cpp:210 VARIABLE mul_ln210_557 LOOP compute BUNDLEDNAME {} DSP 1 BRAM 0 URAM 0 DISPNAME {bind_op mul}} {BINDTYPE op ID {} IMPL dsp48 LATENCY 3 OPTYPE add PRAGMA {} RTLNAME mac_muladd_8s_8s_32s_32_4_1_U4743 SOURCE mmult_accel.cpp:210 VARIABLE add_ln210_557 LOOP compute BUNDLEDNAME {} DSP 1 BRAM 0 URAM 0 DISPNAME {bind_op add}} {BINDTYPE op ID {} IMPL dsp48 LATENCY 3 OPTYPE mul PRAGMA {} RTLNAME mac_muladd_8s_8s_32s_32_4_1_U4744 SOURCE mmult_accel.cpp:210 VARIABLE mul_ln210_558 LOOP compute BUNDLEDNAME {} DSP 1 BRAM 0 URAM 0 DISPNAME {bind_op mul}} {BINDTYPE op ID {} IMPL dsp48 LATENCY 3 OPTYPE add PRAGMA {} RTLNAME mac_muladd_8s_8s_32s_32_4_1_U4744 SOURCE mmult_accel.cpp:210 VARIABLE add_ln210_558 LOOP compute BUNDLEDNAME {} DSP 1 BRAM 0 URAM 0 DISPNAME {bind_op add}} {BINDTYPE op ID {} IMPL dsp48 LATENCY 3 OPTYPE mul PRAGMA {} RTLNAME mac_muladd_8s_8s_32s_32_4_1_U4745 SOURCE mmult_accel.cpp:210 VARIABLE mul_ln210_559 LOOP compute BUNDLEDNAME {} DSP 1 BRAM 0 URAM 0 DISPNAME {bind_op mul}} {BINDTYPE op ID {} IMPL dsp48 LATENCY 3 OPTYPE add PRAGMA {} RTLNAME mac_muladd_8s_8s_32s_32_4_1_U4745 SOURCE mmult_accel.cpp:210 VARIABLE add_ln210_559 LOOP compute BUNDLEDNAME {} DSP 1 BRAM 0 URAM 0 DISPNAME {bind_op add}} {BINDTYPE op ID {} IMPL dsp48 LATENCY 3 OPTYPE mul PRAGMA {} RTLNAME mac_muladd_8s_8s_32s_32_4_1_U4746 SOURCE mmult_accel.cpp:210 VARIABLE mul_ln210_560 LOOP compute BUNDLEDNAME {} DSP 1 BRAM 0 URAM 0 DISPNAME {bind_op mul}} {BINDTYPE op ID {} IMPL dsp48 LATENCY 3 OPTYPE add PRAGMA {} RTLNAME mac_muladd_8s_8s_32s_32_4_1_U4746 SOURCE mmult_accel.cpp:210 VARIABLE add_ln210_560 LOOP compute BUNDLEDNAME {} DSP 1 BRAM 0 URAM 0 DISPNAME {bind_op add}} {BINDTYPE op ID {} IMPL dsp48 LATENCY 3 OPTYPE mul PRAGMA {} RTLNAME mac_muladd_8s_8s_32s_32_4_1_U4747 SOURCE mmult_accel.cpp:210 VARIABLE mul_ln210_561 LOOP compute BUNDLEDNAME {} DSP 1 BRAM 0 URAM 0 DISPNAME {bind_op mul}} {BINDTYPE op ID {} IMPL dsp48 LATENCY 3 OPTYPE add PRAGMA {} RTLNAME mac_muladd_8s_8s_32s_32_4_1_U4747 SOURCE mmult_accel.cpp:210 VARIABLE add_ln210_561 LOOP compute BUNDLEDNAME {} DSP 1 BRAM 0 URAM 0 DISPNAME {bind_op add}} {BINDTYPE op ID {} IMPL dsp48 LATENCY 3 OPTYPE mul PRAGMA {} RTLNAME mac_muladd_8s_8s_32s_32_4_1_U4748 SOURCE mmult_accel.cpp:210 VARIABLE mul_ln210_562 LOOP compute BUNDLEDNAME {} DSP 1 BRAM 0 URAM 0 DISPNAME {bind_op mul}} {BINDTYPE op ID {} IMPL dsp48 LATENCY 3 OPTYPE add PRAGMA {} RTLNAME mac_muladd_8s_8s_32s_32_4_1_U4748 SOURCE mmult_accel.cpp:210 VARIABLE add_ln210_562 LOOP compute BUNDLEDNAME {} DSP 1 BRAM 0 URAM 0 DISPNAME {bind_op add}} {BINDTYPE op ID {} IMPL dsp48 LATENCY 3 OPTYPE mul PRAGMA {} RTLNAME mac_muladd_8s_8s_32s_32_4_1_U4749 SOURCE mmult_accel.cpp:210 VARIABLE mul_ln210_563 LOOP compute BUNDLEDNAME {} DSP 1 BRAM 0 URAM 0 DISPNAME {bind_op mul}} {BINDTYPE op ID {} IMPL dsp48 LATENCY 3 OPTYPE add PRAGMA {} RTLNAME mac_muladd_8s_8s_32s_32_4_1_U4749 SOURCE mmult_accel.cpp:210 VARIABLE add_ln210_563 LOOP compute BUNDLEDNAME {} DSP 1 BRAM 0 URAM 0 DISPNAME {bind_op add}} {BINDTYPE op ID {} IMPL dsp48 LATENCY 3 OPTYPE mul PRAGMA {} RTLNAME mac_muladd_8s_8s_32s_32_4_1_U4750 SOURCE mmult_accel.cpp:210 VARIABLE mul_ln210_564 LOOP compute BUNDLEDNAME {} DSP 1 BRAM 0 URAM 0 DISPNAME {bind_op mul}} {BINDTYPE op ID {} IMPL dsp48 LATENCY 3 OPTYPE add PRAGMA {} RTLNAME mac_muladd_8s_8s_32s_32_4_1_U4750 SOURCE mmult_accel.cpp:210 VARIABLE add_ln210_564 LOOP compute BUNDLEDNAME {} DSP 1 BRAM 0 URAM 0 DISPNAME {bind_op add}} {BINDTYPE op ID {} IMPL dsp48 LATENCY 3 OPTYPE mul PRAGMA {} RTLNAME mac_muladd_8s_8s_32s_32_4_1_U4751 SOURCE mmult_accel.cpp:210 VARIABLE mul_ln210_565 LOOP compute BUNDLEDNAME {} DSP 1 BRAM 0 URAM 0 DISPNAME {bind_op mul}} {BINDTYPE op ID {} IMPL dsp48 LATENCY 3 OPTYPE add PRAGMA {} RTLNAME mac_muladd_8s_8s_32s_32_4_1_U4751 SOURCE mmult_accel.cpp:210 VARIABLE add_ln210_565 LOOP compute BUNDLEDNAME {} DSP 1 BRAM 0 URAM 0 DISPNAME {bind_op add}} {BINDTYPE op ID {} IMPL dsp48 LATENCY 3 OPTYPE mul PRAGMA {} RTLNAME mac_muladd_8s_8s_32s_32_4_1_U4752 SOURCE mmult_accel.cpp:210 VARIABLE mul_ln210_566 LOOP compute BUNDLEDNAME {} DSP 1 BRAM 0 URAM 0 DISPNAME {bind_op mul}} {BINDTYPE op ID {} IMPL dsp48 LATENCY 3 OPTYPE add PRAGMA {} RTLNAME mac_muladd_8s_8s_32s_32_4_1_U4752 SOURCE mmult_accel.cpp:210 VARIABLE add_ln210_566 LOOP compute BUNDLEDNAME {} DSP 1 BRAM 0 URAM 0 DISPNAME {bind_op add}} {BINDTYPE op ID {} IMPL dsp48 LATENCY 3 OPTYPE mul PRAGMA {} RTLNAME mac_muladd_8s_8s_32s_32_4_1_U4753 SOURCE mmult_accel.cpp:210 VARIABLE mul_ln210_567 LOOP compute BUNDLEDNAME {} DSP 1 BRAM 0 URAM 0 DISPNAME {bind_op mul}} {BINDTYPE op ID {} IMPL dsp48 LATENCY 3 OPTYPE add PRAGMA {} RTLNAME mac_muladd_8s_8s_32s_32_4_1_U4753 SOURCE mmult_accel.cpp:210 VARIABLE add_ln210_567 LOOP compute BUNDLEDNAME {} DSP 1 BRAM 0 URAM 0 DISPNAME {bind_op add}} {BINDTYPE op ID {} IMPL dsp48 LATENCY 3 OPTYPE mul PRAGMA {} RTLNAME mac_muladd_8s_8s_32s_32_4_1_U4754 SOURCE mmult_accel.cpp:210 VARIABLE mul_ln210_568 LOOP compute BUNDLEDNAME {} DSP 1 BRAM 0 URAM 0 DISPNAME {bind_op mul}} {BINDTYPE op ID {} IMPL dsp48 LATENCY 3 OPTYPE add PRAGMA {} RTLNAME mac_muladd_8s_8s_32s_32_4_1_U4754 SOURCE mmult_accel.cpp:210 VARIABLE add_ln210_568 LOOP compute BUNDLEDNAME {} DSP 1 BRAM 0 URAM 0 DISPNAME {bind_op add}} {BINDTYPE op ID {} IMPL dsp48 LATENCY 3 OPTYPE mul PRAGMA {} RTLNAME mac_muladd_8s_8s_32s_32_4_1_U4755 SOURCE mmult_accel.cpp:210 VARIABLE mul_ln210_569 LOOP compute BUNDLEDNAME {} DSP 1 BRAM 0 URAM 0 DISPNAME {bind_op mul}} {BINDTYPE op ID {} IMPL dsp48 LATENCY 3 OPTYPE add PRAGMA {} RTLNAME mac_muladd_8s_8s_32s_32_4_1_U4755 SOURCE mmult_accel.cpp:210 VARIABLE add_ln210_569 LOOP compute BUNDLEDNAME {} DSP 1 BRAM 0 URAM 0 DISPNAME {bind_op add}} {BINDTYPE op ID {} IMPL dsp48 LATENCY 3 OPTYPE mul PRAGMA {} RTLNAME mac_muladd_8s_8s_32s_32_4_1_U4756 SOURCE mmult_accel.cpp:210 VARIABLE mul_ln210_570 LOOP compute BUNDLEDNAME {} DSP 1 BRAM 0 URAM 0 DISPNAME {bind_op mul}} {BINDTYPE op ID {} IMPL dsp48 LATENCY 3 OPTYPE add PRAGMA {} RTLNAME mac_muladd_8s_8s_32s_32_4_1_U4756 SOURCE mmult_accel.cpp:210 VARIABLE add_ln210_570 LOOP compute BUNDLEDNAME {} DSP 1 BRAM 0 URAM 0 DISPNAME {bind_op add}} {BINDTYPE op ID {} IMPL dsp48 LATENCY 3 OPTYPE mul PRAGMA {} RTLNAME mac_muladd_8s_8s_32s_32_4_1_U4757 SOURCE mmult_accel.cpp:210 VARIABLE mul_ln210_571 LOOP compute BUNDLEDNAME {} DSP 1 BRAM 0 URAM 0 DISPNAME {bind_op mul}} {BINDTYPE op ID {} IMPL dsp48 LATENCY 3 OPTYPE add PRAGMA {} RTLNAME mac_muladd_8s_8s_32s_32_4_1_U4757 SOURCE mmult_accel.cpp:210 VARIABLE add_ln210_571 LOOP compute BUNDLEDNAME {} DSP 1 BRAM 0 URAM 0 DISPNAME {bind_op add}} {BINDTYPE op ID {} IMPL dsp48 LATENCY 3 OPTYPE mul PRAGMA {} RTLNAME mac_muladd_8s_8s_32s_32_4_1_U4758 SOURCE mmult_accel.cpp:210 VARIABLE mul_ln210_572 LOOP compute BUNDLEDNAME {} DSP 1 BRAM 0 URAM 0 DISPNAME {bind_op mul}} {BINDTYPE op ID {} IMPL dsp48 LATENCY 3 OPTYPE add PRAGMA {} RTLNAME mac_muladd_8s_8s_32s_32_4_1_U4758 SOURCE mmult_accel.cpp:210 VARIABLE add_ln210_572 LOOP compute BUNDLEDNAME {} DSP 1 BRAM 0 URAM 0 DISPNAME {bind_op add}} {BINDTYPE op ID {} IMPL dsp48 LATENCY 3 OPTYPE mul PRAGMA {} RTLNAME mac_muladd_8s_8s_32s_32_4_1_U4759 SOURCE mmult_accel.cpp:210 VARIABLE mul_ln210_573 LOOP compute BUNDLEDNAME {} DSP 1 BRAM 0 URAM 0 DISPNAME {bind_op mul}} {BINDTYPE op ID {} IMPL dsp48 LATENCY 3 OPTYPE add PRAGMA {} RTLNAME mac_muladd_8s_8s_32s_32_4_1_U4759 SOURCE mmult_accel.cpp:210 VARIABLE add_ln210_573 LOOP compute BUNDLEDNAME {} DSP 1 BRAM 0 URAM 0 DISPNAME {bind_op add}} {BINDTYPE op ID {} IMPL dsp48 LATENCY 3 OPTYPE mul PRAGMA {} RTLNAME mac_muladd_8s_8s_32s_32_4_1_U4760 SOURCE mmult_accel.cpp:210 VARIABLE mul_ln210_574 LOOP compute BUNDLEDNAME {} DSP 1 BRAM 0 URAM 0 DISPNAME {bind_op mul}} {BINDTYPE op ID {} IMPL dsp48 LATENCY 3 OPTYPE add PRAGMA {} RTLNAME mac_muladd_8s_8s_32s_32_4_1_U4760 SOURCE mmult_accel.cpp:210 VARIABLE add_ln210_574 LOOP compute BUNDLEDNAME {} DSP 1 BRAM 0 URAM 0 DISPNAME {bind_op add}} {BINDTYPE op ID {} IMPL dsp48 LATENCY 3 OPTYPE mul PRAGMA {} RTLNAME mac_muladd_8s_8s_32s_32_4_1_U4761 SOURCE mmult_accel.cpp:210 VARIABLE mul_ln210_575 LOOP compute BUNDLEDNAME {} DSP 1 BRAM 0 URAM 0 DISPNAME {bind_op mul}} {BINDTYPE op ID {} IMPL dsp48 LATENCY 3 OPTYPE add PRAGMA {} RTLNAME mac_muladd_8s_8s_32s_32_4_1_U4761 SOURCE mmult_accel.cpp:210 VARIABLE add_ln210_575 LOOP compute BUNDLEDNAME {} DSP 1 BRAM 0 URAM 0 DISPNAME {bind_op add}} {BINDTYPE op ID {} IMPL dsp48 LATENCY 3 OPTYPE mul PRAGMA {} RTLNAME mac_muladd_8s_8s_32s_32_4_1_U4762 SOURCE mmult_accel.cpp:210 VARIABLE mul_ln210_576 LOOP compute BUNDLEDNAME {} DSP 1 BRAM 0 URAM 0 DISPNAME {bind_op mul}} {BINDTYPE op ID {} IMPL dsp48 LATENCY 3 OPTYPE add PRAGMA {} RTLNAME mac_muladd_8s_8s_32s_32_4_1_U4762 SOURCE mmult_accel.cpp:210 VARIABLE add_ln210_576 LOOP compute BUNDLEDNAME {} DSP 1 BRAM 0 URAM 0 DISPNAME {bind_op add}} {BINDTYPE op ID {} IMPL dsp48 LATENCY 3 OPTYPE mul PRAGMA {} RTLNAME mac_muladd_8s_8s_32s_32_4_1_U4763 SOURCE mmult_accel.cpp:210 VARIABLE mul_ln210_577 LOOP compute BUNDLEDNAME {} DSP 1 BRAM 0 URAM 0 DISPNAME {bind_op mul}} {BINDTYPE op ID {} IMPL dsp48 LATENCY 3 OPTYPE add PRAGMA {} RTLNAME mac_muladd_8s_8s_32s_32_4_1_U4763 SOURCE mmult_accel.cpp:210 VARIABLE add_ln210_577 LOOP compute BUNDLEDNAME {} DSP 1 BRAM 0 URAM 0 DISPNAME {bind_op add}} {BINDTYPE op ID {} IMPL dsp48 LATENCY 3 OPTYPE mul PRAGMA {} RTLNAME mac_muladd_8s_8s_32s_32_4_1_U4764 SOURCE mmult_accel.cpp:210 VARIABLE mul_ln210_578 LOOP compute BUNDLEDNAME {} DSP 1 BRAM 0 URAM 0 DISPNAME {bind_op mul}} {BINDTYPE op ID {} IMPL dsp48 LATENCY 3 OPTYPE add PRAGMA {} RTLNAME mac_muladd_8s_8s_32s_32_4_1_U4764 SOURCE mmult_accel.cpp:210 VARIABLE add_ln210_578 LOOP compute BUNDLEDNAME {} DSP 1 BRAM 0 URAM 0 DISPNAME {bind_op add}} {BINDTYPE op ID {} IMPL dsp48 LATENCY 3 OPTYPE mul PRAGMA {} RTLNAME mac_muladd_8s_8s_32s_32_4_1_U4765 SOURCE mmult_accel.cpp:210 VARIABLE mul_ln210_579 LOOP compute BUNDLEDNAME {} DSP 1 BRAM 0 URAM 0 DISPNAME {bind_op mul}} {BINDTYPE op ID {} IMPL dsp48 LATENCY 3 OPTYPE add PRAGMA {} RTLNAME mac_muladd_8s_8s_32s_32_4_1_U4765 SOURCE mmult_accel.cpp:210 VARIABLE add_ln210_579 LOOP compute BUNDLEDNAME {} DSP 1 BRAM 0 URAM 0 DISPNAME {bind_op add}} {BINDTYPE op ID {} IMPL dsp48 LATENCY 3 OPTYPE mul PRAGMA {} RTLNAME mac_muladd_8s_8s_32s_32_4_1_U4766 SOURCE mmult_accel.cpp:210 VARIABLE mul_ln210_580 LOOP compute BUNDLEDNAME {} DSP 1 BRAM 0 URAM 0 DISPNAME {bind_op mul}} {BINDTYPE op ID {} IMPL dsp48 LATENCY 3 OPTYPE add PRAGMA {} RTLNAME mac_muladd_8s_8s_32s_32_4_1_U4766 SOURCE mmult_accel.cpp:210 VARIABLE add_ln210_580 LOOP compute BUNDLEDNAME {} DSP 1 BRAM 0 URAM 0 DISPNAME {bind_op add}} {BINDTYPE op ID {} IMPL dsp48 LATENCY 3 OPTYPE mul PRAGMA {} RTLNAME mac_muladd_8s_8s_32s_32_4_1_U4767 SOURCE mmult_accel.cpp:210 VARIABLE mul_ln210_581 LOOP compute BUNDLEDNAME {} DSP 1 BRAM 0 URAM 0 DISPNAME {bind_op mul}} {BINDTYPE op ID {} IMPL dsp48 LATENCY 3 OPTYPE add PRAGMA {} RTLNAME mac_muladd_8s_8s_32s_32_4_1_U4767 SOURCE mmult_accel.cpp:210 VARIABLE add_ln210_581 LOOP compute BUNDLEDNAME {} DSP 1 BRAM 0 URAM 0 DISPNAME {bind_op add}} {BINDTYPE op ID {} IMPL dsp48 LATENCY 3 OPTYPE mul PRAGMA {} RTLNAME mac_muladd_8s_8s_32s_32_4_1_U4768 SOURCE mmult_accel.cpp:210 VARIABLE mul_ln210_582 LOOP compute BUNDLEDNAME {} DSP 1 BRAM 0 URAM 0 DISPNAME {bind_op mul}} {BINDTYPE op ID {} IMPL dsp48 LATENCY 3 OPTYPE add PRAGMA {} RTLNAME mac_muladd_8s_8s_32s_32_4_1_U4768 SOURCE mmult_accel.cpp:210 VARIABLE add_ln210_582 LOOP compute BUNDLEDNAME {} DSP 1 BRAM 0 URAM 0 DISPNAME {bind_op add}} {BINDTYPE op ID {} IMPL dsp48 LATENCY 3 OPTYPE mul PRAGMA {} RTLNAME mac_muladd_8s_8s_32s_32_4_1_U4769 SOURCE mmult_accel.cpp:210 VARIABLE mul_ln210_583 LOOP compute BUNDLEDNAME {} DSP 1 BRAM 0 URAM 0 DISPNAME {bind_op mul}} {BINDTYPE op ID {} IMPL dsp48 LATENCY 3 OPTYPE add PRAGMA {} RTLNAME mac_muladd_8s_8s_32s_32_4_1_U4769 SOURCE mmult_accel.cpp:210 VARIABLE add_ln210_583 LOOP compute BUNDLEDNAME {} DSP 1 BRAM 0 URAM 0 DISPNAME {bind_op add}} {BINDTYPE op ID {} IMPL dsp48 LATENCY 3 OPTYPE mul PRAGMA {} RTLNAME mac_muladd_8s_8s_32s_32_4_1_U4770 SOURCE mmult_accel.cpp:210 VARIABLE mul_ln210_584 LOOP compute BUNDLEDNAME {} DSP 1 BRAM 0 URAM 0 DISPNAME {bind_op mul}} {BINDTYPE op ID {} IMPL dsp48 LATENCY 3 OPTYPE add PRAGMA {} RTLNAME mac_muladd_8s_8s_32s_32_4_1_U4770 SOURCE mmult_accel.cpp:210 VARIABLE add_ln210_584 LOOP compute BUNDLEDNAME {} DSP 1 BRAM 0 URAM 0 DISPNAME {bind_op add}} {BINDTYPE op ID {} IMPL dsp48 LATENCY 3 OPTYPE mul PRAGMA {} RTLNAME mac_muladd_8s_8s_32s_32_4_1_U4771 SOURCE mmult_accel.cpp:210 VARIABLE mul_ln210_585 LOOP compute BUNDLEDNAME {} DSP 1 BRAM 0 URAM 0 DISPNAME {bind_op mul}} {BINDTYPE op ID {} IMPL dsp48 LATENCY 3 OPTYPE add PRAGMA {} RTLNAME mac_muladd_8s_8s_32s_32_4_1_U4771 SOURCE mmult_accel.cpp:210 VARIABLE add_ln210_585 LOOP compute BUNDLEDNAME {} DSP 1 BRAM 0 URAM 0 DISPNAME {bind_op add}} {BINDTYPE op ID {} IMPL dsp48 LATENCY 3 OPTYPE mul PRAGMA {} RTLNAME mac_muladd_8s_8s_32s_32_4_1_U4772 SOURCE mmult_accel.cpp:210 VARIABLE mul_ln210_586 LOOP compute BUNDLEDNAME {} DSP 1 BRAM 0 URAM 0 DISPNAME {bind_op mul}} {BINDTYPE op ID {} IMPL dsp48 LATENCY 3 OPTYPE add PRAGMA {} RTLNAME mac_muladd_8s_8s_32s_32_4_1_U4772 SOURCE mmult_accel.cpp:210 VARIABLE add_ln210_586 LOOP compute BUNDLEDNAME {} DSP 1 BRAM 0 URAM 0 DISPNAME {bind_op add}} {BINDTYPE op ID {} IMPL dsp48 LATENCY 3 OPTYPE mul PRAGMA {} RTLNAME mac_muladd_8s_8s_32s_32_4_1_U4773 SOURCE mmult_accel.cpp:210 VARIABLE mul_ln210_587 LOOP compute BUNDLEDNAME {} DSP 1 BRAM 0 URAM 0 DISPNAME {bind_op mul}} {BINDTYPE op ID {} IMPL dsp48 LATENCY 3 OPTYPE add PRAGMA {} RTLNAME mac_muladd_8s_8s_32s_32_4_1_U4773 SOURCE mmult_accel.cpp:210 VARIABLE add_ln210_587 LOOP compute BUNDLEDNAME {} DSP 1 BRAM 0 URAM 0 DISPNAME {bind_op add}} {BINDTYPE op ID {} IMPL dsp48 LATENCY 3 OPTYPE mul PRAGMA {} RTLNAME mac_muladd_8s_8s_32s_32_4_1_U4774 SOURCE mmult_accel.cpp:210 VARIABLE mul_ln210_588 LOOP compute BUNDLEDNAME {} DSP 1 BRAM 0 URAM 0 DISPNAME {bind_op mul}} {BINDTYPE op ID {} IMPL dsp48 LATENCY 3 OPTYPE add PRAGMA {} RTLNAME mac_muladd_8s_8s_32s_32_4_1_U4774 SOURCE mmult_accel.cpp:210 VARIABLE add_ln210_588 LOOP compute BUNDLEDNAME {} DSP 1 BRAM 0 URAM 0 DISPNAME {bind_op add}} {BINDTYPE op ID {} IMPL dsp48 LATENCY 3 OPTYPE mul PRAGMA {} RTLNAME mac_muladd_8s_8s_32s_32_4_1_U4775 SOURCE mmult_accel.cpp:210 VARIABLE mul_ln210_589 LOOP compute BUNDLEDNAME {} DSP 1 BRAM 0 URAM 0 DISPNAME {bind_op mul}} {BINDTYPE op ID {} IMPL dsp48 LATENCY 3 OPTYPE add PRAGMA {} RTLNAME mac_muladd_8s_8s_32s_32_4_1_U4775 SOURCE mmult_accel.cpp:210 VARIABLE add_ln210_589 LOOP compute BUNDLEDNAME {} DSP 1 BRAM 0 URAM 0 DISPNAME {bind_op add}} {BINDTYPE op ID {} IMPL dsp48 LATENCY 3 OPTYPE mul PRAGMA {} RTLNAME mac_muladd_8s_8s_32s_32_4_1_U4776 SOURCE mmult_accel.cpp:210 VARIABLE mul_ln210_590 LOOP compute BUNDLEDNAME {} DSP 1 BRAM 0 URAM 0 DISPNAME {bind_op mul}} {BINDTYPE op ID {} IMPL dsp48 LATENCY 3 OPTYPE add PRAGMA {} RTLNAME mac_muladd_8s_8s_32s_32_4_1_U4776 SOURCE mmult_accel.cpp:210 VARIABLE add_ln210_590 LOOP compute BUNDLEDNAME {} DSP 1 BRAM 0 URAM 0 DISPNAME {bind_op add}} {BINDTYPE op ID {} IMPL dsp48 LATENCY 3 OPTYPE mul PRAGMA {} RTLNAME mac_muladd_8s_8s_32s_32_4_1_U4777 SOURCE mmult_accel.cpp:210 VARIABLE mul_ln210_591 LOOP compute BUNDLEDNAME {} DSP 1 BRAM 0 URAM 0 DISPNAME {bind_op mul}} {BINDTYPE op ID {} IMPL dsp48 LATENCY 3 OPTYPE add PRAGMA {} RTLNAME mac_muladd_8s_8s_32s_32_4_1_U4777 SOURCE mmult_accel.cpp:210 VARIABLE add_ln210_591 LOOP compute BUNDLEDNAME {} DSP 1 BRAM 0 URAM 0 DISPNAME {bind_op add}} {BINDTYPE op ID {} IMPL dsp48 LATENCY 3 OPTYPE mul PRAGMA {} RTLNAME mac_muladd_8s_8s_32s_32_4_1_U4778 SOURCE mmult_accel.cpp:210 VARIABLE mul_ln210_592 LOOP compute BUNDLEDNAME {} DSP 1 BRAM 0 URAM 0 DISPNAME {bind_op mul}} {BINDTYPE op ID {} IMPL dsp48 LATENCY 3 OPTYPE add PRAGMA {} RTLNAME mac_muladd_8s_8s_32s_32_4_1_U4778 SOURCE mmult_accel.cpp:210 VARIABLE add_ln210_592 LOOP compute BUNDLEDNAME {} DSP 1 BRAM 0 URAM 0 DISPNAME {bind_op add}} {BINDTYPE op ID {} IMPL dsp48 LATENCY 3 OPTYPE mul PRAGMA {} RTLNAME mac_muladd_8s_8s_32s_32_4_1_U4779 SOURCE mmult_accel.cpp:210 VARIABLE mul_ln210_593 LOOP compute BUNDLEDNAME {} DSP 1 BRAM 0 URAM 0 DISPNAME {bind_op mul}} {BINDTYPE op ID {} IMPL dsp48 LATENCY 3 OPTYPE add PRAGMA {} RTLNAME mac_muladd_8s_8s_32s_32_4_1_U4779 SOURCE mmult_accel.cpp:210 VARIABLE add_ln210_593 LOOP compute BUNDLEDNAME {} DSP 1 BRAM 0 URAM 0 DISPNAME {bind_op add}} {BINDTYPE op ID {} IMPL dsp48 LATENCY 3 OPTYPE mul PRAGMA {} RTLNAME mac_muladd_8s_8s_32s_32_4_1_U4780 SOURCE mmult_accel.cpp:210 VARIABLE mul_ln210_594 LOOP compute BUNDLEDNAME {} DSP 1 BRAM 0 URAM 0 DISPNAME {bind_op mul}} {BINDTYPE op ID {} IMPL dsp48 LATENCY 3 OPTYPE add PRAGMA {} RTLNAME mac_muladd_8s_8s_32s_32_4_1_U4780 SOURCE mmult_accel.cpp:210 VARIABLE add_ln210_594 LOOP compute BUNDLEDNAME {} DSP 1 BRAM 0 URAM 0 DISPNAME {bind_op add}} {BINDTYPE op ID {} IMPL dsp48 LATENCY 3 OPTYPE mul PRAGMA {} RTLNAME mac_muladd_8s_8s_32s_32_4_1_U4781 SOURCE mmult_accel.cpp:210 VARIABLE mul_ln210_595 LOOP compute BUNDLEDNAME {} DSP 1 BRAM 0 URAM 0 DISPNAME {bind_op mul}} {BINDTYPE op ID {} IMPL dsp48 LATENCY 3 OPTYPE add PRAGMA {} RTLNAME mac_muladd_8s_8s_32s_32_4_1_U4781 SOURCE mmult_accel.cpp:210 VARIABLE add_ln210_595 LOOP compute BUNDLEDNAME {} DSP 1 BRAM 0 URAM 0 DISPNAME {bind_op add}} {BINDTYPE op ID {} IMPL dsp48 LATENCY 3 OPTYPE mul PRAGMA {} RTLNAME mac_muladd_8s_8s_32s_32_4_1_U4782 SOURCE mmult_accel.cpp:210 VARIABLE mul_ln210_596 LOOP compute BUNDLEDNAME {} DSP 1 BRAM 0 URAM 0 DISPNAME {bind_op mul}} {BINDTYPE op ID {} IMPL dsp48 LATENCY 3 OPTYPE add PRAGMA {} RTLNAME mac_muladd_8s_8s_32s_32_4_1_U4782 SOURCE mmult_accel.cpp:210 VARIABLE add_ln210_596 LOOP compute BUNDLEDNAME {} DSP 1 BRAM 0 URAM 0 DISPNAME {bind_op add}} {BINDTYPE op ID {} IMPL dsp48 LATENCY 3 OPTYPE mul PRAGMA {} RTLNAME mac_muladd_8s_8s_32s_32_4_1_U4783 SOURCE mmult_accel.cpp:210 VARIABLE mul_ln210_597 LOOP compute BUNDLEDNAME {} DSP 1 BRAM 0 URAM 0 DISPNAME {bind_op mul}} {BINDTYPE op ID {} IMPL dsp48 LATENCY 3 OPTYPE add PRAGMA {} RTLNAME mac_muladd_8s_8s_32s_32_4_1_U4783 SOURCE mmult_accel.cpp:210 VARIABLE add_ln210_597 LOOP compute BUNDLEDNAME {} DSP 1 BRAM 0 URAM 0 DISPNAME {bind_op add}} {BINDTYPE op ID {} IMPL dsp48 LATENCY 3 OPTYPE mul PRAGMA {} RTLNAME mac_muladd_8s_8s_32s_32_4_1_U4784 SOURCE mmult_accel.cpp:210 VARIABLE mul_ln210_598 LOOP compute BUNDLEDNAME {} DSP 1 BRAM 0 URAM 0 DISPNAME {bind_op mul}} {BINDTYPE op ID {} IMPL dsp48 LATENCY 3 OPTYPE add PRAGMA {} RTLNAME mac_muladd_8s_8s_32s_32_4_1_U4784 SOURCE mmult_accel.cpp:210 VARIABLE add_ln210_598 LOOP compute BUNDLEDNAME {} DSP 1 BRAM 0 URAM 0 DISPNAME {bind_op add}} {BINDTYPE op ID {} IMPL dsp48 LATENCY 3 OPTYPE mul PRAGMA {} RTLNAME mac_muladd_8s_8s_32s_32_4_1_U4785 SOURCE mmult_accel.cpp:210 VARIABLE mul_ln210_599 LOOP compute BUNDLEDNAME {} DSP 1 BRAM 0 URAM 0 DISPNAME {bind_op mul}} {BINDTYPE op ID {} IMPL dsp48 LATENCY 3 OPTYPE add PRAGMA {} RTLNAME mac_muladd_8s_8s_32s_32_4_1_U4785 SOURCE mmult_accel.cpp:210 VARIABLE add_ln210_599 LOOP compute BUNDLEDNAME {} DSP 1 BRAM 0 URAM 0 DISPNAME {bind_op add}} {BINDTYPE op ID {} IMPL dsp48 LATENCY 3 OPTYPE mul PRAGMA {} RTLNAME mac_muladd_8s_8s_32s_32_4_1_U4786 SOURCE mmult_accel.cpp:210 VARIABLE mul_ln210_600 LOOP compute BUNDLEDNAME {} DSP 1 BRAM 0 URAM 0 DISPNAME {bind_op mul}} {BINDTYPE op ID {} IMPL dsp48 LATENCY 3 OPTYPE add PRAGMA {} RTLNAME mac_muladd_8s_8s_32s_32_4_1_U4786 SOURCE mmult_accel.cpp:210 VARIABLE add_ln210_600 LOOP compute BUNDLEDNAME {} DSP 1 BRAM 0 URAM 0 DISPNAME {bind_op add}} {BINDTYPE op ID {} IMPL dsp48 LATENCY 3 OPTYPE mul PRAGMA {} RTLNAME mac_muladd_8s_8s_32s_32_4_1_U4787 SOURCE mmult_accel.cpp:210 VARIABLE mul_ln210_601 LOOP compute BUNDLEDNAME {} DSP 1 BRAM 0 URAM 0 DISPNAME {bind_op mul}} {BINDTYPE op ID {} IMPL dsp48 LATENCY 3 OPTYPE add PRAGMA {} RTLNAME mac_muladd_8s_8s_32s_32_4_1_U4787 SOURCE mmult_accel.cpp:210 VARIABLE add_ln210_601 LOOP compute BUNDLEDNAME {} DSP 1 BRAM 0 URAM 0 DISPNAME {bind_op add}} {BINDTYPE op ID {} IMPL dsp48 LATENCY 3 OPTYPE mul PRAGMA {} RTLNAME mac_muladd_8s_8s_32s_32_4_1_U4788 SOURCE mmult_accel.cpp:210 VARIABLE mul_ln210_602 LOOP compute BUNDLEDNAME {} DSP 1 BRAM 0 URAM 0 DISPNAME {bind_op mul}} {BINDTYPE op ID {} IMPL dsp48 LATENCY 3 OPTYPE add PRAGMA {} RTLNAME mac_muladd_8s_8s_32s_32_4_1_U4788 SOURCE mmult_accel.cpp:210 VARIABLE add_ln210_602 LOOP compute BUNDLEDNAME {} DSP 1 BRAM 0 URAM 0 DISPNAME {bind_op add}} {BINDTYPE op ID {} IMPL dsp48 LATENCY 3 OPTYPE mul PRAGMA {} RTLNAME mac_muladd_8s_8s_32s_32_4_1_U4789 SOURCE mmult_accel.cpp:210 VARIABLE mul_ln210_603 LOOP compute BUNDLEDNAME {} DSP 1 BRAM 0 URAM 0 DISPNAME {bind_op mul}} {BINDTYPE op ID {} IMPL dsp48 LATENCY 3 OPTYPE add PRAGMA {} RTLNAME mac_muladd_8s_8s_32s_32_4_1_U4789 SOURCE mmult_accel.cpp:210 VARIABLE add_ln210_603 LOOP compute BUNDLEDNAME {} DSP 1 BRAM 0 URAM 0 DISPNAME {bind_op add}} {BINDTYPE op ID {} IMPL dsp48 LATENCY 3 OPTYPE mul PRAGMA {} RTLNAME mac_muladd_8s_8s_32s_32_4_1_U4790 SOURCE mmult_accel.cpp:210 VARIABLE mul_ln210_604 LOOP compute BUNDLEDNAME {} DSP 1 BRAM 0 URAM 0 DISPNAME {bind_op mul}} {BINDTYPE op ID {} IMPL dsp48 LATENCY 3 OPTYPE add PRAGMA {} RTLNAME mac_muladd_8s_8s_32s_32_4_1_U4790 SOURCE mmult_accel.cpp:210 VARIABLE add_ln210_604 LOOP compute BUNDLEDNAME {} DSP 1 BRAM 0 URAM 0 DISPNAME {bind_op add}} {BINDTYPE op ID {} IMPL dsp48 LATENCY 3 OPTYPE mul PRAGMA {} RTLNAME mac_muladd_8s_8s_32s_32_4_1_U4791 SOURCE mmult_accel.cpp:210 VARIABLE mul_ln210_605 LOOP compute BUNDLEDNAME {} DSP 1 BRAM 0 URAM 0 DISPNAME {bind_op mul}} {BINDTYPE op ID {} IMPL dsp48 LATENCY 3 OPTYPE add PRAGMA {} RTLNAME mac_muladd_8s_8s_32s_32_4_1_U4791 SOURCE mmult_accel.cpp:210 VARIABLE add_ln210_605 LOOP compute BUNDLEDNAME {} DSP 1 BRAM 0 URAM 0 DISPNAME {bind_op add}} {BINDTYPE op ID {} IMPL dsp48 LATENCY 3 OPTYPE mul PRAGMA {} RTLNAME mac_muladd_8s_8s_32s_32_4_1_U4792 SOURCE mmult_accel.cpp:210 VARIABLE mul_ln210_606 LOOP compute BUNDLEDNAME {} DSP 1 BRAM 0 URAM 0 DISPNAME {bind_op mul}} {BINDTYPE op ID {} IMPL dsp48 LATENCY 3 OPTYPE add PRAGMA {} RTLNAME mac_muladd_8s_8s_32s_32_4_1_U4792 SOURCE mmult_accel.cpp:210 VARIABLE add_ln210_606 LOOP compute BUNDLEDNAME {} DSP 1 BRAM 0 URAM 0 DISPNAME {bind_op add}} {BINDTYPE op ID {} IMPL dsp48 LATENCY 3 OPTYPE mul PRAGMA {} RTLNAME mac_muladd_8s_8s_32s_32_4_1_U4793 SOURCE mmult_accel.cpp:210 VARIABLE mul_ln210_607 LOOP compute BUNDLEDNAME {} DSP 1 BRAM 0 URAM 0 DISPNAME {bind_op mul}} {BINDTYPE op ID {} IMPL dsp48 LATENCY 3 OPTYPE add PRAGMA {} RTLNAME mac_muladd_8s_8s_32s_32_4_1_U4793 SOURCE mmult_accel.cpp:210 VARIABLE add_ln210_607 LOOP compute BUNDLEDNAME {} DSP 1 BRAM 0 URAM 0 DISPNAME {bind_op add}} {BINDTYPE op ID {} IMPL dsp48 LATENCY 3 OPTYPE mul PRAGMA {} RTLNAME mac_muladd_8s_8s_32s_32_4_1_U4794 SOURCE mmult_accel.cpp:210 VARIABLE mul_ln210_608 LOOP compute BUNDLEDNAME {} DSP 1 BRAM 0 URAM 0 DISPNAME {bind_op mul}} {BINDTYPE op ID {} IMPL dsp48 LATENCY 3 OPTYPE add PRAGMA {} RTLNAME mac_muladd_8s_8s_32s_32_4_1_U4794 SOURCE mmult_accel.cpp:210 VARIABLE add_ln210_608 LOOP compute BUNDLEDNAME {} DSP 1 BRAM 0 URAM 0 DISPNAME {bind_op add}} {BINDTYPE op ID {} IMPL dsp48 LATENCY 3 OPTYPE mul PRAGMA {} RTLNAME mac_muladd_8s_8s_32s_32_4_1_U4795 SOURCE mmult_accel.cpp:210 VARIABLE mul_ln210_609 LOOP compute BUNDLEDNAME {} DSP 1 BRAM 0 URAM 0 DISPNAME {bind_op mul}} {BINDTYPE op ID {} IMPL dsp48 LATENCY 3 OPTYPE add PRAGMA {} RTLNAME mac_muladd_8s_8s_32s_32_4_1_U4795 SOURCE mmult_accel.cpp:210 VARIABLE add_ln210_609 LOOP compute BUNDLEDNAME {} DSP 1 BRAM 0 URAM 0 DISPNAME {bind_op add}} {BINDTYPE op ID {} IMPL dsp48 LATENCY 3 OPTYPE mul PRAGMA {} RTLNAME mac_muladd_8s_8s_32s_32_4_1_U4796 SOURCE mmult_accel.cpp:210 VARIABLE mul_ln210_610 LOOP compute BUNDLEDNAME {} DSP 1 BRAM 0 URAM 0 DISPNAME {bind_op mul}} {BINDTYPE op ID {} IMPL dsp48 LATENCY 3 OPTYPE add PRAGMA {} RTLNAME mac_muladd_8s_8s_32s_32_4_1_U4796 SOURCE mmult_accel.cpp:210 VARIABLE add_ln210_610 LOOP compute BUNDLEDNAME {} DSP 1 BRAM 0 URAM 0 DISPNAME {bind_op add}} {BINDTYPE op ID {} IMPL dsp48 LATENCY 3 OPTYPE mul PRAGMA {} RTLNAME mac_muladd_8s_8s_32s_32_4_1_U4797 SOURCE mmult_accel.cpp:210 VARIABLE mul_ln210_611 LOOP compute BUNDLEDNAME {} DSP 1 BRAM 0 URAM 0 DISPNAME {bind_op mul}} {BINDTYPE op ID {} IMPL dsp48 LATENCY 3 OPTYPE add PRAGMA {} RTLNAME mac_muladd_8s_8s_32s_32_4_1_U4797 SOURCE mmult_accel.cpp:210 VARIABLE add_ln210_611 LOOP compute BUNDLEDNAME {} DSP 1 BRAM 0 URAM 0 DISPNAME {bind_op add}} {BINDTYPE op ID {} IMPL dsp48 LATENCY 3 OPTYPE mul PRAGMA {} RTLNAME mac_muladd_8s_8s_32s_32_4_1_U4798 SOURCE mmult_accel.cpp:210 VARIABLE mul_ln210_612 LOOP compute BUNDLEDNAME {} DSP 1 BRAM 0 URAM 0 DISPNAME {bind_op mul}} {BINDTYPE op ID {} IMPL dsp48 LATENCY 3 OPTYPE add PRAGMA {} RTLNAME mac_muladd_8s_8s_32s_32_4_1_U4798 SOURCE mmult_accel.cpp:210 VARIABLE add_ln210_612 LOOP compute BUNDLEDNAME {} DSP 1 BRAM 0 URAM 0 DISPNAME {bind_op add}} {BINDTYPE op ID {} IMPL dsp48 LATENCY 3 OPTYPE mul PRAGMA {} RTLNAME mac_muladd_8s_8s_32s_32_4_1_U4799 SOURCE mmult_accel.cpp:210 VARIABLE mul_ln210_613 LOOP compute BUNDLEDNAME {} DSP 1 BRAM 0 URAM 0 DISPNAME {bind_op mul}} {BINDTYPE op ID {} IMPL dsp48 LATENCY 3 OPTYPE add PRAGMA {} RTLNAME mac_muladd_8s_8s_32s_32_4_1_U4799 SOURCE mmult_accel.cpp:210 VARIABLE add_ln210_613 LOOP compute BUNDLEDNAME {} DSP 1 BRAM 0 URAM 0 DISPNAME {bind_op add}} {BINDTYPE op ID {} IMPL dsp48 LATENCY 3 OPTYPE mul PRAGMA {} RTLNAME mac_muladd_8s_8s_32s_32_4_1_U4800 SOURCE mmult_accel.cpp:210 VARIABLE mul_ln210_614 LOOP compute BUNDLEDNAME {} DSP 1 BRAM 0 URAM 0 DISPNAME {bind_op mul}} {BINDTYPE op ID {} IMPL dsp48 LATENCY 3 OPTYPE add PRAGMA {} RTLNAME mac_muladd_8s_8s_32s_32_4_1_U4800 SOURCE mmult_accel.cpp:210 VARIABLE add_ln210_614 LOOP compute BUNDLEDNAME {} DSP 1 BRAM 0 URAM 0 DISPNAME {bind_op add}} {BINDTYPE op ID {} IMPL dsp48 LATENCY 3 OPTYPE mul PRAGMA {} RTLNAME mac_muladd_8s_8s_32s_32_4_1_U4801 SOURCE mmult_accel.cpp:210 VARIABLE mul_ln210_615 LOOP compute BUNDLEDNAME {} DSP 1 BRAM 0 URAM 0 DISPNAME {bind_op mul}} {BINDTYPE op ID {} IMPL dsp48 LATENCY 3 OPTYPE add PRAGMA {} RTLNAME mac_muladd_8s_8s_32s_32_4_1_U4801 SOURCE mmult_accel.cpp:210 VARIABLE add_ln210_615 LOOP compute BUNDLEDNAME {} DSP 1 BRAM 0 URAM 0 DISPNAME {bind_op add}} {BINDTYPE op ID {} IMPL dsp48 LATENCY 3 OPTYPE mul PRAGMA {} RTLNAME mac_muladd_8s_8s_32s_32_4_1_U4802 SOURCE mmult_accel.cpp:210 VARIABLE mul_ln210_616 LOOP compute BUNDLEDNAME {} DSP 1 BRAM 0 URAM 0 DISPNAME {bind_op mul}} {BINDTYPE op ID {} IMPL dsp48 LATENCY 3 OPTYPE add PRAGMA {} RTLNAME mac_muladd_8s_8s_32s_32_4_1_U4802 SOURCE mmult_accel.cpp:210 VARIABLE add_ln210_616 LOOP compute BUNDLEDNAME {} DSP 1 BRAM 0 URAM 0 DISPNAME {bind_op add}} {BINDTYPE op ID {} IMPL dsp48 LATENCY 3 OPTYPE mul PRAGMA {} RTLNAME mac_muladd_8s_8s_32s_32_4_1_U4803 SOURCE mmult_accel.cpp:210 VARIABLE mul_ln210_617 LOOP compute BUNDLEDNAME {} DSP 1 BRAM 0 URAM 0 DISPNAME {bind_op mul}} {BINDTYPE op ID {} IMPL dsp48 LATENCY 3 OPTYPE add PRAGMA {} RTLNAME mac_muladd_8s_8s_32s_32_4_1_U4803 SOURCE mmult_accel.cpp:210 VARIABLE add_ln210_617 LOOP compute BUNDLEDNAME {} DSP 1 BRAM 0 URAM 0 DISPNAME {bind_op add}} {BINDTYPE op ID {} IMPL dsp48 LATENCY 3 OPTYPE mul PRAGMA {} RTLNAME mac_muladd_8s_8s_32s_32_4_1_U4804 SOURCE mmult_accel.cpp:210 VARIABLE mul_ln210_618 LOOP compute BUNDLEDNAME {} DSP 1 BRAM 0 URAM 0 DISPNAME {bind_op mul}} {BINDTYPE op ID {} IMPL dsp48 LATENCY 3 OPTYPE add PRAGMA {} RTLNAME mac_muladd_8s_8s_32s_32_4_1_U4804 SOURCE mmult_accel.cpp:210 VARIABLE add_ln210_618 LOOP compute BUNDLEDNAME {} DSP 1 BRAM 0 URAM 0 DISPNAME {bind_op add}} {BINDTYPE op ID {} IMPL dsp48 LATENCY 3 OPTYPE mul PRAGMA {} RTLNAME mac_muladd_8s_8s_32s_32_4_1_U4805 SOURCE mmult_accel.cpp:210 VARIABLE mul_ln210_619 LOOP compute BUNDLEDNAME {} DSP 1 BRAM 0 URAM 0 DISPNAME {bind_op mul}} {BINDTYPE op ID {} IMPL dsp48 LATENCY 3 OPTYPE add PRAGMA {} RTLNAME mac_muladd_8s_8s_32s_32_4_1_U4805 SOURCE mmult_accel.cpp:210 VARIABLE add_ln210_619 LOOP compute BUNDLEDNAME {} DSP 1 BRAM 0 URAM 0 DISPNAME {bind_op add}} {BINDTYPE op ID {} IMPL dsp48 LATENCY 3 OPTYPE mul PRAGMA {} RTLNAME mac_muladd_8s_8s_32s_32_4_1_U4806 SOURCE mmult_accel.cpp:210 VARIABLE mul_ln210_620 LOOP compute BUNDLEDNAME {} DSP 1 BRAM 0 URAM 0 DISPNAME {bind_op mul}} {BINDTYPE op ID {} IMPL dsp48 LATENCY 3 OPTYPE add PRAGMA {} RTLNAME mac_muladd_8s_8s_32s_32_4_1_U4806 SOURCE mmult_accel.cpp:210 VARIABLE add_ln210_620 LOOP compute BUNDLEDNAME {} DSP 1 BRAM 0 URAM 0 DISPNAME {bind_op add}} {BINDTYPE op ID {} IMPL dsp48 LATENCY 3 OPTYPE mul PRAGMA {} RTLNAME mac_muladd_8s_8s_32s_32_4_1_U4807 SOURCE mmult_accel.cpp:210 VARIABLE mul_ln210_621 LOOP compute BUNDLEDNAME {} DSP 1 BRAM 0 URAM 0 DISPNAME {bind_op mul}} {BINDTYPE op ID {} IMPL dsp48 LATENCY 3 OPTYPE add PRAGMA {} RTLNAME mac_muladd_8s_8s_32s_32_4_1_U4807 SOURCE mmult_accel.cpp:210 VARIABLE add_ln210_621 LOOP compute BUNDLEDNAME {} DSP 1 BRAM 0 URAM 0 DISPNAME {bind_op add}} {BINDTYPE op ID {} IMPL dsp48 LATENCY 3 OPTYPE mul PRAGMA {} RTLNAME mac_muladd_8s_8s_32s_32_4_1_U4808 SOURCE mmult_accel.cpp:210 VARIABLE mul_ln210_622 LOOP compute BUNDLEDNAME {} DSP 1 BRAM 0 URAM 0 DISPNAME {bind_op mul}} {BINDTYPE op ID {} IMPL dsp48 LATENCY 3 OPTYPE add PRAGMA {} RTLNAME mac_muladd_8s_8s_32s_32_4_1_U4808 SOURCE mmult_accel.cpp:210 VARIABLE add_ln210_622 LOOP compute BUNDLEDNAME {} DSP 1 BRAM 0 URAM 0 DISPNAME {bind_op add}} {BINDTYPE op ID {} IMPL dsp48 LATENCY 3 OPTYPE mul PRAGMA {} RTLNAME mac_muladd_8s_8s_32s_32_4_1_U4809 SOURCE mmult_accel.cpp:210 VARIABLE mul_ln210_623 LOOP compute BUNDLEDNAME {} DSP 1 BRAM 0 URAM 0 DISPNAME {bind_op mul}} {BINDTYPE op ID {} IMPL dsp48 LATENCY 3 OPTYPE add PRAGMA {} RTLNAME mac_muladd_8s_8s_32s_32_4_1_U4809 SOURCE mmult_accel.cpp:210 VARIABLE add_ln210_623 LOOP compute BUNDLEDNAME {} DSP 1 BRAM 0 URAM 0 DISPNAME {bind_op add}} {BINDTYPE op ID {} IMPL dsp48 LATENCY 3 OPTYPE mul PRAGMA {} RTLNAME mac_muladd_8s_8s_32s_32_4_1_U4810 SOURCE mmult_accel.cpp:210 VARIABLE mul_ln210_624 LOOP compute BUNDLEDNAME {} DSP 1 BRAM 0 URAM 0 DISPNAME {bind_op mul}} {BINDTYPE op ID {} IMPL dsp48 LATENCY 3 OPTYPE add PRAGMA {} RTLNAME mac_muladd_8s_8s_32s_32_4_1_U4810 SOURCE mmult_accel.cpp:210 VARIABLE add_ln210_624 LOOP compute BUNDLEDNAME {} DSP 1 BRAM 0 URAM 0 DISPNAME {bind_op add}} {BINDTYPE op ID {} IMPL dsp48 LATENCY 3 OPTYPE mul PRAGMA {} RTLNAME mac_muladd_8s_8s_32s_32_4_1_U4811 SOURCE mmult_accel.cpp:210 VARIABLE mul_ln210_625 LOOP compute BUNDLEDNAME {} DSP 1 BRAM 0 URAM 0 DISPNAME {bind_op mul}} {BINDTYPE op ID {} IMPL dsp48 LATENCY 3 OPTYPE add PRAGMA {} RTLNAME mac_muladd_8s_8s_32s_32_4_1_U4811 SOURCE mmult_accel.cpp:210 VARIABLE add_ln210_625 LOOP compute BUNDLEDNAME {} DSP 1 BRAM 0 URAM 0 DISPNAME {bind_op add}} {BINDTYPE op ID {} IMPL dsp48 LATENCY 3 OPTYPE mul PRAGMA {} RTLNAME mac_muladd_8s_8s_32s_32_4_1_U4812 SOURCE mmult_accel.cpp:210 VARIABLE mul_ln210_626 LOOP compute BUNDLEDNAME {} DSP 1 BRAM 0 URAM 0 DISPNAME {bind_op mul}} {BINDTYPE op ID {} IMPL dsp48 LATENCY 3 OPTYPE add PRAGMA {} RTLNAME mac_muladd_8s_8s_32s_32_4_1_U4812 SOURCE mmult_accel.cpp:210 VARIABLE add_ln210_626 LOOP compute BUNDLEDNAME {} DSP 1 BRAM 0 URAM 0 DISPNAME {bind_op add}} {BINDTYPE op ID {} IMPL dsp48 LATENCY 3 OPTYPE mul PRAGMA {} RTLNAME mac_muladd_8s_8s_32s_32_4_1_U4813 SOURCE mmult_accel.cpp:210 VARIABLE mul_ln210_627 LOOP compute BUNDLEDNAME {} DSP 1 BRAM 0 URAM 0 DISPNAME {bind_op mul}} {BINDTYPE op ID {} IMPL dsp48 LATENCY 3 OPTYPE add PRAGMA {} RTLNAME mac_muladd_8s_8s_32s_32_4_1_U4813 SOURCE mmult_accel.cpp:210 VARIABLE add_ln210_627 LOOP compute BUNDLEDNAME {} DSP 1 BRAM 0 URAM 0 DISPNAME {bind_op add}} {BINDTYPE op ID {} IMPL dsp48 LATENCY 3 OPTYPE mul PRAGMA {} RTLNAME mac_muladd_8s_8s_32s_32_4_1_U4814 SOURCE mmult_accel.cpp:210 VARIABLE mul_ln210_628 LOOP compute BUNDLEDNAME {} DSP 1 BRAM 0 URAM 0 DISPNAME {bind_op mul}} {BINDTYPE op ID {} IMPL dsp48 LATENCY 3 OPTYPE add PRAGMA {} RTLNAME mac_muladd_8s_8s_32s_32_4_1_U4814 SOURCE mmult_accel.cpp:210 VARIABLE add_ln210_628 LOOP compute BUNDLEDNAME {} DSP 1 BRAM 0 URAM 0 DISPNAME {bind_op add}} {BINDTYPE op ID {} IMPL dsp48 LATENCY 3 OPTYPE mul PRAGMA {} RTLNAME mac_muladd_8s_8s_32s_32_4_1_U4815 SOURCE mmult_accel.cpp:210 VARIABLE mul_ln210_629 LOOP compute BUNDLEDNAME {} DSP 1 BRAM 0 URAM 0 DISPNAME {bind_op mul}} {BINDTYPE op ID {} IMPL dsp48 LATENCY 3 OPTYPE add PRAGMA {} RTLNAME mac_muladd_8s_8s_32s_32_4_1_U4815 SOURCE mmult_accel.cpp:210 VARIABLE add_ln210_629 LOOP compute BUNDLEDNAME {} DSP 1 BRAM 0 URAM 0 DISPNAME {bind_op add}} {BINDTYPE op ID {} IMPL dsp48 LATENCY 3 OPTYPE mul PRAGMA {} RTLNAME mac_muladd_8s_8s_32s_32_4_1_U4816 SOURCE mmult_accel.cpp:210 VARIABLE mul_ln210_630 LOOP compute BUNDLEDNAME {} DSP 1 BRAM 0 URAM 0 DISPNAME {bind_op mul}} {BINDTYPE op ID {} IMPL dsp48 LATENCY 3 OPTYPE add PRAGMA {} RTLNAME mac_muladd_8s_8s_32s_32_4_1_U4816 SOURCE mmult_accel.cpp:210 VARIABLE add_ln210_630 LOOP compute BUNDLEDNAME {} DSP 1 BRAM 0 URAM 0 DISPNAME {bind_op add}} {BINDTYPE op ID {} IMPL dsp48 LATENCY 3 OPTYPE mul PRAGMA {} RTLNAME mac_muladd_8s_8s_32s_32_4_1_U4817 SOURCE mmult_accel.cpp:210 VARIABLE mul_ln210_631 LOOP compute BUNDLEDNAME {} DSP 1 BRAM 0 URAM 0 DISPNAME {bind_op mul}} {BINDTYPE op ID {} IMPL dsp48 LATENCY 3 OPTYPE add PRAGMA {} RTLNAME mac_muladd_8s_8s_32s_32_4_1_U4817 SOURCE mmult_accel.cpp:210 VARIABLE add_ln210_631 LOOP compute BUNDLEDNAME {} DSP 1 BRAM 0 URAM 0 DISPNAME {bind_op add}} {BINDTYPE op ID {} IMPL dsp48 LATENCY 3 OPTYPE mul PRAGMA {} RTLNAME mac_muladd_8s_8s_32s_32_4_1_U4818 SOURCE mmult_accel.cpp:210 VARIABLE mul_ln210_632 LOOP compute BUNDLEDNAME {} DSP 1 BRAM 0 URAM 0 DISPNAME {bind_op mul}} {BINDTYPE op ID {} IMPL dsp48 LATENCY 3 OPTYPE add PRAGMA {} RTLNAME mac_muladd_8s_8s_32s_32_4_1_U4818 SOURCE mmult_accel.cpp:210 VARIABLE add_ln210_632 LOOP compute BUNDLEDNAME {} DSP 1 BRAM 0 URAM 0 DISPNAME {bind_op add}} {BINDTYPE op ID {} IMPL dsp48 LATENCY 3 OPTYPE mul PRAGMA {} RTLNAME mac_muladd_8s_8s_32s_32_4_1_U4819 SOURCE mmult_accel.cpp:210 VARIABLE mul_ln210_633 LOOP compute BUNDLEDNAME {} DSP 1 BRAM 0 URAM 0 DISPNAME {bind_op mul}} {BINDTYPE op ID {} IMPL dsp48 LATENCY 3 OPTYPE add PRAGMA {} RTLNAME mac_muladd_8s_8s_32s_32_4_1_U4819 SOURCE mmult_accel.cpp:210 VARIABLE add_ln210_633 LOOP compute BUNDLEDNAME {} DSP 1 BRAM 0 URAM 0 DISPNAME {bind_op add}} {BINDTYPE op ID {} IMPL dsp48 LATENCY 3 OPTYPE mul PRAGMA {} RTLNAME mac_muladd_8s_8s_32s_32_4_1_U4820 SOURCE mmult_accel.cpp:210 VARIABLE mul_ln210_634 LOOP compute BUNDLEDNAME {} DSP 1 BRAM 0 URAM 0 DISPNAME {bind_op mul}} {BINDTYPE op ID {} IMPL dsp48 LATENCY 3 OPTYPE add PRAGMA {} RTLNAME mac_muladd_8s_8s_32s_32_4_1_U4820 SOURCE mmult_accel.cpp:210 VARIABLE add_ln210_634 LOOP compute BUNDLEDNAME {} DSP 1 BRAM 0 URAM 0 DISPNAME {bind_op add}} {BINDTYPE op ID {} IMPL dsp48 LATENCY 3 OPTYPE mul PRAGMA {} RTLNAME mac_muladd_8s_8s_32s_32_4_1_U4821 SOURCE mmult_accel.cpp:210 VARIABLE mul_ln210_635 LOOP compute BUNDLEDNAME {} DSP 1 BRAM 0 URAM 0 DISPNAME {bind_op mul}} {BINDTYPE op ID {} IMPL dsp48 LATENCY 3 OPTYPE add PRAGMA {} RTLNAME mac_muladd_8s_8s_32s_32_4_1_U4821 SOURCE mmult_accel.cpp:210 VARIABLE add_ln210_635 LOOP compute BUNDLEDNAME {} DSP 1 BRAM 0 URAM 0 DISPNAME {bind_op add}} {BINDTYPE op ID {} IMPL dsp48 LATENCY 3 OPTYPE mul PRAGMA {} RTLNAME mac_muladd_8s_8s_32s_32_4_1_U4822 SOURCE mmult_accel.cpp:210 VARIABLE mul_ln210_636 LOOP compute BUNDLEDNAME {} DSP 1 BRAM 0 URAM 0 DISPNAME {bind_op mul}} {BINDTYPE op ID {} IMPL dsp48 LATENCY 3 OPTYPE add PRAGMA {} RTLNAME mac_muladd_8s_8s_32s_32_4_1_U4822 SOURCE mmult_accel.cpp:210 VARIABLE add_ln210_636 LOOP compute BUNDLEDNAME {} DSP 1 BRAM 0 URAM 0 DISPNAME {bind_op add}} {BINDTYPE op ID {} IMPL dsp48 LATENCY 3 OPTYPE mul PRAGMA {} RTLNAME mac_muladd_8s_8s_32s_32_4_1_U4823 SOURCE mmult_accel.cpp:210 VARIABLE mul_ln210_637 LOOP compute BUNDLEDNAME {} DSP 1 BRAM 0 URAM 0 DISPNAME {bind_op mul}} {BINDTYPE op ID {} IMPL dsp48 LATENCY 3 OPTYPE add PRAGMA {} RTLNAME mac_muladd_8s_8s_32s_32_4_1_U4823 SOURCE mmult_accel.cpp:210 VARIABLE add_ln210_637 LOOP compute BUNDLEDNAME {} DSP 1 BRAM 0 URAM 0 DISPNAME {bind_op add}} {BINDTYPE op ID {} IMPL dsp48 LATENCY 3 OPTYPE mul PRAGMA {} RTLNAME mac_muladd_8s_8s_32s_32_4_1_U4824 SOURCE mmult_accel.cpp:210 VARIABLE mul_ln210_638 LOOP compute BUNDLEDNAME {} DSP 1 BRAM 0 URAM 0 DISPNAME {bind_op mul}} {BINDTYPE op ID {} IMPL dsp48 LATENCY 3 OPTYPE add PRAGMA {} RTLNAME mac_muladd_8s_8s_32s_32_4_1_U4824 SOURCE mmult_accel.cpp:210 VARIABLE add_ln210_638 LOOP compute BUNDLEDNAME {} DSP 1 BRAM 0 URAM 0 DISPNAME {bind_op add}} {BINDTYPE op ID {} IMPL dsp48 LATENCY 3 OPTYPE mul PRAGMA {} RTLNAME mac_muladd_8s_8s_32s_32_4_1_U4825 SOURCE mmult_accel.cpp:210 VARIABLE mul_ln210_639 LOOP compute BUNDLEDNAME {} DSP 1 BRAM 0 URAM 0 DISPNAME {bind_op mul}} {BINDTYPE op ID {} IMPL dsp48 LATENCY 3 OPTYPE add PRAGMA {} RTLNAME mac_muladd_8s_8s_32s_32_4_1_U4825 SOURCE mmult_accel.cpp:210 VARIABLE add_ln210_639 LOOP compute BUNDLEDNAME {} DSP 1 BRAM 0 URAM 0 DISPNAME {bind_op add}} {BINDTYPE op ID {} IMPL dsp48 LATENCY 3 OPTYPE mul PRAGMA {} RTLNAME mac_muladd_8s_8s_32s_32_4_1_U4826 SOURCE mmult_accel.cpp:210 VARIABLE mul_ln210_640 LOOP compute BUNDLEDNAME {} DSP 1 BRAM 0 URAM 0 DISPNAME {bind_op mul}} {BINDTYPE op ID {} IMPL dsp48 LATENCY 3 OPTYPE add PRAGMA {} RTLNAME mac_muladd_8s_8s_32s_32_4_1_U4826 SOURCE mmult_accel.cpp:210 VARIABLE add_ln210_640 LOOP compute BUNDLEDNAME {} DSP 1 BRAM 0 URAM 0 DISPNAME {bind_op add}} {BINDTYPE op ID {} IMPL dsp48 LATENCY 3 OPTYPE mul PRAGMA {} RTLNAME mac_muladd_8s_8s_32s_32_4_1_U4827 SOURCE mmult_accel.cpp:210 VARIABLE mul_ln210_641 LOOP compute BUNDLEDNAME {} DSP 1 BRAM 0 URAM 0 DISPNAME {bind_op mul}} {BINDTYPE op ID {} IMPL dsp48 LATENCY 3 OPTYPE add PRAGMA {} RTLNAME mac_muladd_8s_8s_32s_32_4_1_U4827 SOURCE mmult_accel.cpp:210 VARIABLE add_ln210_641 LOOP compute BUNDLEDNAME {} DSP 1 BRAM 0 URAM 0 DISPNAME {bind_op add}} {BINDTYPE op ID {} IMPL dsp48 LATENCY 3 OPTYPE mul PRAGMA {} RTLNAME mac_muladd_8s_8s_32s_32_4_1_U4828 SOURCE mmult_accel.cpp:210 VARIABLE mul_ln210_642 LOOP compute BUNDLEDNAME {} DSP 1 BRAM 0 URAM 0 DISPNAME {bind_op mul}} {BINDTYPE op ID {} IMPL dsp48 LATENCY 3 OPTYPE add PRAGMA {} RTLNAME mac_muladd_8s_8s_32s_32_4_1_U4828 SOURCE mmult_accel.cpp:210 VARIABLE add_ln210_642 LOOP compute BUNDLEDNAME {} DSP 1 BRAM 0 URAM 0 DISPNAME {bind_op add}} {BINDTYPE op ID {} IMPL dsp48 LATENCY 3 OPTYPE mul PRAGMA {} RTLNAME mac_muladd_8s_8s_32s_32_4_1_U4829 SOURCE mmult_accel.cpp:210 VARIABLE mul_ln210_643 LOOP compute BUNDLEDNAME {} DSP 1 BRAM 0 URAM 0 DISPNAME {bind_op mul}} {BINDTYPE op ID {} IMPL dsp48 LATENCY 3 OPTYPE add PRAGMA {} RTLNAME mac_muladd_8s_8s_32s_32_4_1_U4829 SOURCE mmult_accel.cpp:210 VARIABLE add_ln210_643 LOOP compute BUNDLEDNAME {} DSP 1 BRAM 0 URAM 0 DISPNAME {bind_op add}} {BINDTYPE op ID {} IMPL dsp48 LATENCY 3 OPTYPE mul PRAGMA {} RTLNAME mac_muladd_8s_8s_32s_32_4_1_U4830 SOURCE mmult_accel.cpp:210 VARIABLE mul_ln210_644 LOOP compute BUNDLEDNAME {} DSP 1 BRAM 0 URAM 0 DISPNAME {bind_op mul}} {BINDTYPE op ID {} IMPL dsp48 LATENCY 3 OPTYPE add PRAGMA {} RTLNAME mac_muladd_8s_8s_32s_32_4_1_U4830 SOURCE mmult_accel.cpp:210 VARIABLE add_ln210_644 LOOP compute BUNDLEDNAME {} DSP 1 BRAM 0 URAM 0 DISPNAME {bind_op add}} {BINDTYPE op ID {} IMPL dsp48 LATENCY 3 OPTYPE mul PRAGMA {} RTLNAME mac_muladd_8s_8s_32s_32_4_1_U4831 SOURCE mmult_accel.cpp:210 VARIABLE mul_ln210_645 LOOP compute BUNDLEDNAME {} DSP 1 BRAM 0 URAM 0 DISPNAME {bind_op mul}} {BINDTYPE op ID {} IMPL dsp48 LATENCY 3 OPTYPE add PRAGMA {} RTLNAME mac_muladd_8s_8s_32s_32_4_1_U4831 SOURCE mmult_accel.cpp:210 VARIABLE add_ln210_645 LOOP compute BUNDLEDNAME {} DSP 1 BRAM 0 URAM 0 DISPNAME {bind_op add}} {BINDTYPE op ID {} IMPL dsp48 LATENCY 3 OPTYPE mul PRAGMA {} RTLNAME mac_muladd_8s_8s_32s_32_4_1_U4832 SOURCE mmult_accel.cpp:210 VARIABLE mul_ln210_646 LOOP compute BUNDLEDNAME {} DSP 1 BRAM 0 URAM 0 DISPNAME {bind_op mul}} {BINDTYPE op ID {} IMPL dsp48 LATENCY 3 OPTYPE add PRAGMA {} RTLNAME mac_muladd_8s_8s_32s_32_4_1_U4832 SOURCE mmult_accel.cpp:210 VARIABLE add_ln210_646 LOOP compute BUNDLEDNAME {} DSP 1 BRAM 0 URAM 0 DISPNAME {bind_op add}} {BINDTYPE op ID {} IMPL dsp48 LATENCY 3 OPTYPE mul PRAGMA {} RTLNAME mac_muladd_8s_8s_32s_32_4_1_U4833 SOURCE mmult_accel.cpp:210 VARIABLE mul_ln210_647 LOOP compute BUNDLEDNAME {} DSP 1 BRAM 0 URAM 0 DISPNAME {bind_op mul}} {BINDTYPE op ID {} IMPL dsp48 LATENCY 3 OPTYPE add PRAGMA {} RTLNAME mac_muladd_8s_8s_32s_32_4_1_U4833 SOURCE mmult_accel.cpp:210 VARIABLE add_ln210_647 LOOP compute BUNDLEDNAME {} DSP 1 BRAM 0 URAM 0 DISPNAME {bind_op add}} {BINDTYPE op ID {} IMPL dsp48 LATENCY 3 OPTYPE mul PRAGMA {} RTLNAME mac_muladd_8s_8s_32s_32_4_1_U4834 SOURCE mmult_accel.cpp:210 VARIABLE mul_ln210_648 LOOP compute BUNDLEDNAME {} DSP 1 BRAM 0 URAM 0 DISPNAME {bind_op mul}} {BINDTYPE op ID {} IMPL dsp48 LATENCY 3 OPTYPE add PRAGMA {} RTLNAME mac_muladd_8s_8s_32s_32_4_1_U4834 SOURCE mmult_accel.cpp:210 VARIABLE add_ln210_648 LOOP compute BUNDLEDNAME {} DSP 1 BRAM 0 URAM 0 DISPNAME {bind_op add}} {BINDTYPE op ID {} IMPL dsp48 LATENCY 3 OPTYPE mul PRAGMA {} RTLNAME mac_muladd_8s_8s_32s_32_4_1_U4835 SOURCE mmult_accel.cpp:210 VARIABLE mul_ln210_649 LOOP compute BUNDLEDNAME {} DSP 1 BRAM 0 URAM 0 DISPNAME {bind_op mul}} {BINDTYPE op ID {} IMPL dsp48 LATENCY 3 OPTYPE add PRAGMA {} RTLNAME mac_muladd_8s_8s_32s_32_4_1_U4835 SOURCE mmult_accel.cpp:210 VARIABLE add_ln210_649 LOOP compute BUNDLEDNAME {} DSP 1 BRAM 0 URAM 0 DISPNAME {bind_op add}} {BINDTYPE op ID {} IMPL dsp48 LATENCY 3 OPTYPE mul PRAGMA {} RTLNAME mac_muladd_8s_8s_32s_32_4_1_U4836 SOURCE mmult_accel.cpp:210 VARIABLE mul_ln210_650 LOOP compute BUNDLEDNAME {} DSP 1 BRAM 0 URAM 0 DISPNAME {bind_op mul}} {BINDTYPE op ID {} IMPL dsp48 LATENCY 3 OPTYPE add PRAGMA {} RTLNAME mac_muladd_8s_8s_32s_32_4_1_U4836 SOURCE mmult_accel.cpp:210 VARIABLE add_ln210_650 LOOP compute BUNDLEDNAME {} DSP 1 BRAM 0 URAM 0 DISPNAME {bind_op add}} {BINDTYPE op ID {} IMPL dsp48 LATENCY 3 OPTYPE mul PRAGMA {} RTLNAME mac_muladd_8s_8s_32s_32_4_1_U4837 SOURCE mmult_accel.cpp:210 VARIABLE mul_ln210_651 LOOP compute BUNDLEDNAME {} DSP 1 BRAM 0 URAM 0 DISPNAME {bind_op mul}} {BINDTYPE op ID {} IMPL dsp48 LATENCY 3 OPTYPE add PRAGMA {} RTLNAME mac_muladd_8s_8s_32s_32_4_1_U4837 SOURCE mmult_accel.cpp:210 VARIABLE add_ln210_651 LOOP compute BUNDLEDNAME {} DSP 1 BRAM 0 URAM 0 DISPNAME {bind_op add}} {BINDTYPE op ID {} IMPL dsp48 LATENCY 3 OPTYPE mul PRAGMA {} RTLNAME mac_muladd_8s_8s_32s_32_4_1_U4838 SOURCE mmult_accel.cpp:210 VARIABLE mul_ln210_652 LOOP compute BUNDLEDNAME {} DSP 1 BRAM 0 URAM 0 DISPNAME {bind_op mul}} {BINDTYPE op ID {} IMPL dsp48 LATENCY 3 OPTYPE add PRAGMA {} RTLNAME mac_muladd_8s_8s_32s_32_4_1_U4838 SOURCE mmult_accel.cpp:210 VARIABLE add_ln210_652 LOOP compute BUNDLEDNAME {} DSP 1 BRAM 0 URAM 0 DISPNAME {bind_op add}} {BINDTYPE op ID {} IMPL dsp48 LATENCY 3 OPTYPE mul PRAGMA {} RTLNAME mac_muladd_8s_8s_32s_32_4_1_U4839 SOURCE mmult_accel.cpp:210 VARIABLE mul_ln210_653 LOOP compute BUNDLEDNAME {} DSP 1 BRAM 0 URAM 0 DISPNAME {bind_op mul}} {BINDTYPE op ID {} IMPL dsp48 LATENCY 3 OPTYPE add PRAGMA {} RTLNAME mac_muladd_8s_8s_32s_32_4_1_U4839 SOURCE mmult_accel.cpp:210 VARIABLE add_ln210_653 LOOP compute BUNDLEDNAME {} DSP 1 BRAM 0 URAM 0 DISPNAME {bind_op add}} {BINDTYPE op ID {} IMPL dsp48 LATENCY 3 OPTYPE mul PRAGMA {} RTLNAME mac_muladd_8s_8s_32s_32_4_1_U4840 SOURCE mmult_accel.cpp:210 VARIABLE mul_ln210_654 LOOP compute BUNDLEDNAME {} DSP 1 BRAM 0 URAM 0 DISPNAME {bind_op mul}} {BINDTYPE op ID {} IMPL dsp48 LATENCY 3 OPTYPE add PRAGMA {} RTLNAME mac_muladd_8s_8s_32s_32_4_1_U4840 SOURCE mmult_accel.cpp:210 VARIABLE add_ln210_654 LOOP compute BUNDLEDNAME {} DSP 1 BRAM 0 URAM 0 DISPNAME {bind_op add}} {BINDTYPE op ID {} IMPL dsp48 LATENCY 3 OPTYPE mul PRAGMA {} RTLNAME mac_muladd_8s_8s_32s_32_4_1_U4841 SOURCE mmult_accel.cpp:210 VARIABLE mul_ln210_655 LOOP compute BUNDLEDNAME {} DSP 1 BRAM 0 URAM 0 DISPNAME {bind_op mul}} {BINDTYPE op ID {} IMPL dsp48 LATENCY 3 OPTYPE add PRAGMA {} RTLNAME mac_muladd_8s_8s_32s_32_4_1_U4841 SOURCE mmult_accel.cpp:210 VARIABLE add_ln210_655 LOOP compute BUNDLEDNAME {} DSP 1 BRAM 0 URAM 0 DISPNAME {bind_op add}} {BINDTYPE op ID {} IMPL dsp48 LATENCY 3 OPTYPE mul PRAGMA {} RTLNAME mac_muladd_8s_8s_32s_32_4_1_U4842 SOURCE mmult_accel.cpp:210 VARIABLE mul_ln210_656 LOOP compute BUNDLEDNAME {} DSP 1 BRAM 0 URAM 0 DISPNAME {bind_op mul}} {BINDTYPE op ID {} IMPL dsp48 LATENCY 3 OPTYPE add PRAGMA {} RTLNAME mac_muladd_8s_8s_32s_32_4_1_U4842 SOURCE mmult_accel.cpp:210 VARIABLE add_ln210_656 LOOP compute BUNDLEDNAME {} DSP 1 BRAM 0 URAM 0 DISPNAME {bind_op add}} {BINDTYPE op ID {} IMPL dsp48 LATENCY 3 OPTYPE mul PRAGMA {} RTLNAME mac_muladd_8s_8s_32s_32_4_1_U4843 SOURCE mmult_accel.cpp:210 VARIABLE mul_ln210_657 LOOP compute BUNDLEDNAME {} DSP 1 BRAM 0 URAM 0 DISPNAME {bind_op mul}} {BINDTYPE op ID {} IMPL dsp48 LATENCY 3 OPTYPE add PRAGMA {} RTLNAME mac_muladd_8s_8s_32s_32_4_1_U4843 SOURCE mmult_accel.cpp:210 VARIABLE add_ln210_657 LOOP compute BUNDLEDNAME {} DSP 1 BRAM 0 URAM 0 DISPNAME {bind_op add}} {BINDTYPE op ID {} IMPL dsp48 LATENCY 3 OPTYPE mul PRAGMA {} RTLNAME mac_muladd_8s_8s_32s_32_4_1_U4844 SOURCE mmult_accel.cpp:210 VARIABLE mul_ln210_658 LOOP compute BUNDLEDNAME {} DSP 1 BRAM 0 URAM 0 DISPNAME {bind_op mul}} {BINDTYPE op ID {} IMPL dsp48 LATENCY 3 OPTYPE add PRAGMA {} RTLNAME mac_muladd_8s_8s_32s_32_4_1_U4844 SOURCE mmult_accel.cpp:210 VARIABLE add_ln210_658 LOOP compute BUNDLEDNAME {} DSP 1 BRAM 0 URAM 0 DISPNAME {bind_op add}} {BINDTYPE op ID {} IMPL dsp48 LATENCY 3 OPTYPE mul PRAGMA {} RTLNAME mac_muladd_8s_8s_32s_32_4_1_U4845 SOURCE mmult_accel.cpp:210 VARIABLE mul_ln210_659 LOOP compute BUNDLEDNAME {} DSP 1 BRAM 0 URAM 0 DISPNAME {bind_op mul}} {BINDTYPE op ID {} IMPL dsp48 LATENCY 3 OPTYPE add PRAGMA {} RTLNAME mac_muladd_8s_8s_32s_32_4_1_U4845 SOURCE mmult_accel.cpp:210 VARIABLE add_ln210_659 LOOP compute BUNDLEDNAME {} DSP 1 BRAM 0 URAM 0 DISPNAME {bind_op add}} {BINDTYPE op ID {} IMPL dsp48 LATENCY 3 OPTYPE mul PRAGMA {} RTLNAME mac_muladd_8s_8s_32s_32_4_1_U4846 SOURCE mmult_accel.cpp:210 VARIABLE mul_ln210_660 LOOP compute BUNDLEDNAME {} DSP 1 BRAM 0 URAM 0 DISPNAME {bind_op mul}} {BINDTYPE op ID {} IMPL dsp48 LATENCY 3 OPTYPE add PRAGMA {} RTLNAME mac_muladd_8s_8s_32s_32_4_1_U4846 SOURCE mmult_accel.cpp:210 VARIABLE add_ln210_660 LOOP compute BUNDLEDNAME {} DSP 1 BRAM 0 URAM 0 DISPNAME {bind_op add}} {BINDTYPE op ID {} IMPL dsp48 LATENCY 3 OPTYPE mul PRAGMA {} RTLNAME mac_muladd_8s_8s_32s_32_4_1_U4847 SOURCE mmult_accel.cpp:210 VARIABLE mul_ln210_661 LOOP compute BUNDLEDNAME {} DSP 1 BRAM 0 URAM 0 DISPNAME {bind_op mul}} {BINDTYPE op ID {} IMPL dsp48 LATENCY 3 OPTYPE add PRAGMA {} RTLNAME mac_muladd_8s_8s_32s_32_4_1_U4847 SOURCE mmult_accel.cpp:210 VARIABLE add_ln210_661 LOOP compute BUNDLEDNAME {} DSP 1 BRAM 0 URAM 0 DISPNAME {bind_op add}} {BINDTYPE op ID {} IMPL dsp48 LATENCY 3 OPTYPE mul PRAGMA {} RTLNAME mac_muladd_8s_8s_32s_32_4_1_U4848 SOURCE mmult_accel.cpp:210 VARIABLE mul_ln210_662 LOOP compute BUNDLEDNAME {} DSP 1 BRAM 0 URAM 0 DISPNAME {bind_op mul}} {BINDTYPE op ID {} IMPL dsp48 LATENCY 3 OPTYPE add PRAGMA {} RTLNAME mac_muladd_8s_8s_32s_32_4_1_U4848 SOURCE mmult_accel.cpp:210 VARIABLE add_ln210_662 LOOP compute BUNDLEDNAME {} DSP 1 BRAM 0 URAM 0 DISPNAME {bind_op add}} {BINDTYPE op ID {} IMPL dsp48 LATENCY 3 OPTYPE mul PRAGMA {} RTLNAME mac_muladd_8s_8s_32s_32_4_1_U4849 SOURCE mmult_accel.cpp:210 VARIABLE mul_ln210_663 LOOP compute BUNDLEDNAME {} DSP 1 BRAM 0 URAM 0 DISPNAME {bind_op mul}} {BINDTYPE op ID {} IMPL dsp48 LATENCY 3 OPTYPE add PRAGMA {} RTLNAME mac_muladd_8s_8s_32s_32_4_1_U4849 SOURCE mmult_accel.cpp:210 VARIABLE add_ln210_663 LOOP compute BUNDLEDNAME {} DSP 1 BRAM 0 URAM 0 DISPNAME {bind_op add}} {BINDTYPE op ID {} IMPL dsp48 LATENCY 3 OPTYPE mul PRAGMA {} RTLNAME mac_muladd_8s_8s_32s_32_4_1_U4850 SOURCE mmult_accel.cpp:210 VARIABLE mul_ln210_664 LOOP compute BUNDLEDNAME {} DSP 1 BRAM 0 URAM 0 DISPNAME {bind_op mul}} {BINDTYPE op ID {} IMPL dsp48 LATENCY 3 OPTYPE add PRAGMA {} RTLNAME mac_muladd_8s_8s_32s_32_4_1_U4850 SOURCE mmult_accel.cpp:210 VARIABLE add_ln210_664 LOOP compute BUNDLEDNAME {} DSP 1 BRAM 0 URAM 0 DISPNAME {bind_op add}} {BINDTYPE op ID {} IMPL dsp48 LATENCY 3 OPTYPE mul PRAGMA {} RTLNAME mac_muladd_8s_8s_32s_32_4_1_U4851 SOURCE mmult_accel.cpp:210 VARIABLE mul_ln210_665 LOOP compute BUNDLEDNAME {} DSP 1 BRAM 0 URAM 0 DISPNAME {bind_op mul}} {BINDTYPE op ID {} IMPL dsp48 LATENCY 3 OPTYPE add PRAGMA {} RTLNAME mac_muladd_8s_8s_32s_32_4_1_U4851 SOURCE mmult_accel.cpp:210 VARIABLE add_ln210_665 LOOP compute BUNDLEDNAME {} DSP 1 BRAM 0 URAM 0 DISPNAME {bind_op add}} {BINDTYPE op ID {} IMPL dsp48 LATENCY 3 OPTYPE mul PRAGMA {} RTLNAME mac_muladd_8s_8s_32s_32_4_1_U4852 SOURCE mmult_accel.cpp:210 VARIABLE mul_ln210_666 LOOP compute BUNDLEDNAME {} DSP 1 BRAM 0 URAM 0 DISPNAME {bind_op mul}} {BINDTYPE op ID {} IMPL dsp48 LATENCY 3 OPTYPE add PRAGMA {} RTLNAME mac_muladd_8s_8s_32s_32_4_1_U4852 SOURCE mmult_accel.cpp:210 VARIABLE add_ln210_666 LOOP compute BUNDLEDNAME {} DSP 1 BRAM 0 URAM 0 DISPNAME {bind_op add}} {BINDTYPE op ID {} IMPL dsp48 LATENCY 3 OPTYPE mul PRAGMA {} RTLNAME mac_muladd_8s_8s_32s_32_4_1_U4853 SOURCE mmult_accel.cpp:210 VARIABLE mul_ln210_667 LOOP compute BUNDLEDNAME {} DSP 1 BRAM 0 URAM 0 DISPNAME {bind_op mul}} {BINDTYPE op ID {} IMPL dsp48 LATENCY 3 OPTYPE add PRAGMA {} RTLNAME mac_muladd_8s_8s_32s_32_4_1_U4853 SOURCE mmult_accel.cpp:210 VARIABLE add_ln210_667 LOOP compute BUNDLEDNAME {} DSP 1 BRAM 0 URAM 0 DISPNAME {bind_op add}} {BINDTYPE op ID {} IMPL dsp48 LATENCY 3 OPTYPE mul PRAGMA {} RTLNAME mac_muladd_8s_8s_32s_32_4_1_U4854 SOURCE mmult_accel.cpp:210 VARIABLE mul_ln210_668 LOOP compute BUNDLEDNAME {} DSP 1 BRAM 0 URAM 0 DISPNAME {bind_op mul}} {BINDTYPE op ID {} IMPL dsp48 LATENCY 3 OPTYPE add PRAGMA {} RTLNAME mac_muladd_8s_8s_32s_32_4_1_U4854 SOURCE mmult_accel.cpp:210 VARIABLE add_ln210_668 LOOP compute BUNDLEDNAME {} DSP 1 BRAM 0 URAM 0 DISPNAME {bind_op add}} {BINDTYPE op ID {} IMPL dsp48 LATENCY 3 OPTYPE mul PRAGMA {} RTLNAME mac_muladd_8s_8s_32s_32_4_1_U4855 SOURCE mmult_accel.cpp:210 VARIABLE mul_ln210_669 LOOP compute BUNDLEDNAME {} DSP 1 BRAM 0 URAM 0 DISPNAME {bind_op mul}} {BINDTYPE op ID {} IMPL dsp48 LATENCY 3 OPTYPE add PRAGMA {} RTLNAME mac_muladd_8s_8s_32s_32_4_1_U4855 SOURCE mmult_accel.cpp:210 VARIABLE add_ln210_669 LOOP compute BUNDLEDNAME {} DSP 1 BRAM 0 URAM 0 DISPNAME {bind_op add}} {BINDTYPE op ID {} IMPL dsp48 LATENCY 3 OPTYPE mul PRAGMA {} RTLNAME mac_muladd_8s_8s_32s_32_4_1_U4856 SOURCE mmult_accel.cpp:210 VARIABLE mul_ln210_670 LOOP compute BUNDLEDNAME {} DSP 1 BRAM 0 URAM 0 DISPNAME {bind_op mul}} {BINDTYPE op ID {} IMPL dsp48 LATENCY 3 OPTYPE add PRAGMA {} RTLNAME mac_muladd_8s_8s_32s_32_4_1_U4856 SOURCE mmult_accel.cpp:210 VARIABLE add_ln210_670 LOOP compute BUNDLEDNAME {} DSP 1 BRAM 0 URAM 0 DISPNAME {bind_op add}} {BINDTYPE op ID {} IMPL dsp48 LATENCY 3 OPTYPE mul PRAGMA {} RTLNAME mac_muladd_8s_8s_32s_32_4_1_U4857 SOURCE mmult_accel.cpp:210 VARIABLE mul_ln210_671 LOOP compute BUNDLEDNAME {} DSP 1 BRAM 0 URAM 0 DISPNAME {bind_op mul}} {BINDTYPE op ID {} IMPL dsp48 LATENCY 3 OPTYPE add PRAGMA {} RTLNAME mac_muladd_8s_8s_32s_32_4_1_U4857 SOURCE mmult_accel.cpp:210 VARIABLE add_ln210_671 LOOP compute BUNDLEDNAME {} DSP 1 BRAM 0 URAM 0 DISPNAME {bind_op add}} {BINDTYPE op ID {} IMPL dsp48 LATENCY 3 OPTYPE mul PRAGMA {} RTLNAME mac_muladd_8s_8s_32s_32_4_1_U4858 SOURCE mmult_accel.cpp:210 VARIABLE mul_ln210_672 LOOP compute BUNDLEDNAME {} DSP 1 BRAM 0 URAM 0 DISPNAME {bind_op mul}} {BINDTYPE op ID {} IMPL dsp48 LATENCY 3 OPTYPE add PRAGMA {} RTLNAME mac_muladd_8s_8s_32s_32_4_1_U4858 SOURCE mmult_accel.cpp:210 VARIABLE add_ln210_672 LOOP compute BUNDLEDNAME {} DSP 1 BRAM 0 URAM 0 DISPNAME {bind_op add}} {BINDTYPE op ID {} IMPL dsp48 LATENCY 3 OPTYPE mul PRAGMA {} RTLNAME mac_muladd_8s_8s_32s_32_4_1_U4859 SOURCE mmult_accel.cpp:210 VARIABLE mul_ln210_673 LOOP compute BUNDLEDNAME {} DSP 1 BRAM 0 URAM 0 DISPNAME {bind_op mul}} {BINDTYPE op ID {} IMPL dsp48 LATENCY 3 OPTYPE add PRAGMA {} RTLNAME mac_muladd_8s_8s_32s_32_4_1_U4859 SOURCE mmult_accel.cpp:210 VARIABLE add_ln210_673 LOOP compute BUNDLEDNAME {} DSP 1 BRAM 0 URAM 0 DISPNAME {bind_op add}} {BINDTYPE op ID {} IMPL dsp48 LATENCY 3 OPTYPE mul PRAGMA {} RTLNAME mac_muladd_8s_8s_32s_32_4_1_U4860 SOURCE mmult_accel.cpp:210 VARIABLE mul_ln210_674 LOOP compute BUNDLEDNAME {} DSP 1 BRAM 0 URAM 0 DISPNAME {bind_op mul}} {BINDTYPE op ID {} IMPL dsp48 LATENCY 3 OPTYPE add PRAGMA {} RTLNAME mac_muladd_8s_8s_32s_32_4_1_U4860 SOURCE mmult_accel.cpp:210 VARIABLE add_ln210_674 LOOP compute BUNDLEDNAME {} DSP 1 BRAM 0 URAM 0 DISPNAME {bind_op add}} {BINDTYPE op ID {} IMPL dsp48 LATENCY 3 OPTYPE mul PRAGMA {} RTLNAME mac_muladd_8s_8s_32s_32_4_1_U4861 SOURCE mmult_accel.cpp:210 VARIABLE mul_ln210_675 LOOP compute BUNDLEDNAME {} DSP 1 BRAM 0 URAM 0 DISPNAME {bind_op mul}} {BINDTYPE op ID {} IMPL dsp48 LATENCY 3 OPTYPE add PRAGMA {} RTLNAME mac_muladd_8s_8s_32s_32_4_1_U4861 SOURCE mmult_accel.cpp:210 VARIABLE add_ln210_675 LOOP compute BUNDLEDNAME {} DSP 1 BRAM 0 URAM 0 DISPNAME {bind_op add}} {BINDTYPE op ID {} IMPL dsp48 LATENCY 3 OPTYPE mul PRAGMA {} RTLNAME mac_muladd_8s_8s_32s_32_4_1_U4862 SOURCE mmult_accel.cpp:210 VARIABLE mul_ln210_676 LOOP compute BUNDLEDNAME {} DSP 1 BRAM 0 URAM 0 DISPNAME {bind_op mul}} {BINDTYPE op ID {} IMPL dsp48 LATENCY 3 OPTYPE add PRAGMA {} RTLNAME mac_muladd_8s_8s_32s_32_4_1_U4862 SOURCE mmult_accel.cpp:210 VARIABLE add_ln210_676 LOOP compute BUNDLEDNAME {} DSP 1 BRAM 0 URAM 0 DISPNAME {bind_op add}} {BINDTYPE op ID {} IMPL dsp48 LATENCY 3 OPTYPE mul PRAGMA {} RTLNAME mac_muladd_8s_8s_32s_32_4_1_U4863 SOURCE mmult_accel.cpp:210 VARIABLE mul_ln210_677 LOOP compute BUNDLEDNAME {} DSP 1 BRAM 0 URAM 0 DISPNAME {bind_op mul}} {BINDTYPE op ID {} IMPL dsp48 LATENCY 3 OPTYPE add PRAGMA {} RTLNAME mac_muladd_8s_8s_32s_32_4_1_U4863 SOURCE mmult_accel.cpp:210 VARIABLE add_ln210_677 LOOP compute BUNDLEDNAME {} DSP 1 BRAM 0 URAM 0 DISPNAME {bind_op add}} {BINDTYPE op ID {} IMPL dsp48 LATENCY 3 OPTYPE mul PRAGMA {} RTLNAME mac_muladd_8s_8s_32s_32_4_1_U4864 SOURCE mmult_accel.cpp:210 VARIABLE mul_ln210_678 LOOP compute BUNDLEDNAME {} DSP 1 BRAM 0 URAM 0 DISPNAME {bind_op mul}} {BINDTYPE op ID {} IMPL dsp48 LATENCY 3 OPTYPE add PRAGMA {} RTLNAME mac_muladd_8s_8s_32s_32_4_1_U4864 SOURCE mmult_accel.cpp:210 VARIABLE add_ln210_678 LOOP compute BUNDLEDNAME {} DSP 1 BRAM 0 URAM 0 DISPNAME {bind_op add}} {BINDTYPE op ID {} IMPL dsp48 LATENCY 3 OPTYPE mul PRAGMA {} RTLNAME mac_muladd_8s_8s_32s_32_4_1_U4865 SOURCE mmult_accel.cpp:210 VARIABLE mul_ln210_679 LOOP compute BUNDLEDNAME {} DSP 1 BRAM 0 URAM 0 DISPNAME {bind_op mul}} {BINDTYPE op ID {} IMPL dsp48 LATENCY 3 OPTYPE add PRAGMA {} RTLNAME mac_muladd_8s_8s_32s_32_4_1_U4865 SOURCE mmult_accel.cpp:210 VARIABLE add_ln210_679 LOOP compute BUNDLEDNAME {} DSP 1 BRAM 0 URAM 0 DISPNAME {bind_op add}} {BINDTYPE op ID {} IMPL dsp48 LATENCY 3 OPTYPE mul PRAGMA {} RTLNAME mac_muladd_8s_8s_32s_32_4_1_U4866 SOURCE mmult_accel.cpp:210 VARIABLE mul_ln210_680 LOOP compute BUNDLEDNAME {} DSP 1 BRAM 0 URAM 0 DISPNAME {bind_op mul}} {BINDTYPE op ID {} IMPL dsp48 LATENCY 3 OPTYPE add PRAGMA {} RTLNAME mac_muladd_8s_8s_32s_32_4_1_U4866 SOURCE mmult_accel.cpp:210 VARIABLE add_ln210_680 LOOP compute BUNDLEDNAME {} DSP 1 BRAM 0 URAM 0 DISPNAME {bind_op add}} {BINDTYPE op ID {} IMPL dsp48 LATENCY 3 OPTYPE mul PRAGMA {} RTLNAME mac_muladd_8s_8s_32s_32_4_1_U4867 SOURCE mmult_accel.cpp:210 VARIABLE mul_ln210_681 LOOP compute BUNDLEDNAME {} DSP 1 BRAM 0 URAM 0 DISPNAME {bind_op mul}} {BINDTYPE op ID {} IMPL dsp48 LATENCY 3 OPTYPE add PRAGMA {} RTLNAME mac_muladd_8s_8s_32s_32_4_1_U4867 SOURCE mmult_accel.cpp:210 VARIABLE add_ln210_681 LOOP compute BUNDLEDNAME {} DSP 1 BRAM 0 URAM 0 DISPNAME {bind_op add}} {BINDTYPE op ID {} IMPL dsp48 LATENCY 3 OPTYPE mul PRAGMA {} RTLNAME mac_muladd_8s_8s_32s_32_4_1_U4868 SOURCE mmult_accel.cpp:210 VARIABLE mul_ln210_682 LOOP compute BUNDLEDNAME {} DSP 1 BRAM 0 URAM 0 DISPNAME {bind_op mul}} {BINDTYPE op ID {} IMPL dsp48 LATENCY 3 OPTYPE add PRAGMA {} RTLNAME mac_muladd_8s_8s_32s_32_4_1_U4868 SOURCE mmult_accel.cpp:210 VARIABLE add_ln210_682 LOOP compute BUNDLEDNAME {} DSP 1 BRAM 0 URAM 0 DISPNAME {bind_op add}} {BINDTYPE op ID {} IMPL dsp48 LATENCY 3 OPTYPE mul PRAGMA {} RTLNAME mac_muladd_8s_8s_32s_32_4_1_U4869 SOURCE mmult_accel.cpp:210 VARIABLE mul_ln210_683 LOOP compute BUNDLEDNAME {} DSP 1 BRAM 0 URAM 0 DISPNAME {bind_op mul}} {BINDTYPE op ID {} IMPL dsp48 LATENCY 3 OPTYPE add PRAGMA {} RTLNAME mac_muladd_8s_8s_32s_32_4_1_U4869 SOURCE mmult_accel.cpp:210 VARIABLE add_ln210_683 LOOP compute BUNDLEDNAME {} DSP 1 BRAM 0 URAM 0 DISPNAME {bind_op add}} {BINDTYPE op ID {} IMPL dsp48 LATENCY 3 OPTYPE mul PRAGMA {} RTLNAME mac_muladd_8s_8s_32s_32_4_1_U4870 SOURCE mmult_accel.cpp:210 VARIABLE mul_ln210_684 LOOP compute BUNDLEDNAME {} DSP 1 BRAM 0 URAM 0 DISPNAME {bind_op mul}} {BINDTYPE op ID {} IMPL dsp48 LATENCY 3 OPTYPE add PRAGMA {} RTLNAME mac_muladd_8s_8s_32s_32_4_1_U4870 SOURCE mmult_accel.cpp:210 VARIABLE add_ln210_684 LOOP compute BUNDLEDNAME {} DSP 1 BRAM 0 URAM 0 DISPNAME {bind_op add}} {BINDTYPE op ID {} IMPL dsp48 LATENCY 3 OPTYPE mul PRAGMA {} RTLNAME mac_muladd_8s_8s_32s_32_4_1_U4871 SOURCE mmult_accel.cpp:210 VARIABLE mul_ln210_685 LOOP compute BUNDLEDNAME {} DSP 1 BRAM 0 URAM 0 DISPNAME {bind_op mul}} {BINDTYPE op ID {} IMPL dsp48 LATENCY 3 OPTYPE add PRAGMA {} RTLNAME mac_muladd_8s_8s_32s_32_4_1_U4871 SOURCE mmult_accel.cpp:210 VARIABLE add_ln210_685 LOOP compute BUNDLEDNAME {} DSP 1 BRAM 0 URAM 0 DISPNAME {bind_op add}} {BINDTYPE op ID {} IMPL dsp48 LATENCY 3 OPTYPE mul PRAGMA {} RTLNAME mac_muladd_8s_8s_32s_32_4_1_U4872 SOURCE mmult_accel.cpp:210 VARIABLE mul_ln210_686 LOOP compute BUNDLEDNAME {} DSP 1 BRAM 0 URAM 0 DISPNAME {bind_op mul}} {BINDTYPE op ID {} IMPL dsp48 LATENCY 3 OPTYPE add PRAGMA {} RTLNAME mac_muladd_8s_8s_32s_32_4_1_U4872 SOURCE mmult_accel.cpp:210 VARIABLE add_ln210_686 LOOP compute BUNDLEDNAME {} DSP 1 BRAM 0 URAM 0 DISPNAME {bind_op add}} {BINDTYPE op ID {} IMPL dsp48 LATENCY 3 OPTYPE mul PRAGMA {} RTLNAME mac_muladd_8s_8s_32s_32_4_1_U4873 SOURCE mmult_accel.cpp:210 VARIABLE mul_ln210_687 LOOP compute BUNDLEDNAME {} DSP 1 BRAM 0 URAM 0 DISPNAME {bind_op mul}} {BINDTYPE op ID {} IMPL dsp48 LATENCY 3 OPTYPE add PRAGMA {} RTLNAME mac_muladd_8s_8s_32s_32_4_1_U4873 SOURCE mmult_accel.cpp:210 VARIABLE add_ln210_687 LOOP compute BUNDLEDNAME {} DSP 1 BRAM 0 URAM 0 DISPNAME {bind_op add}} {BINDTYPE op ID {} IMPL dsp48 LATENCY 3 OPTYPE mul PRAGMA {} RTLNAME mac_muladd_8s_8s_32s_32_4_1_U4874 SOURCE mmult_accel.cpp:210 VARIABLE mul_ln210_688 LOOP compute BUNDLEDNAME {} DSP 1 BRAM 0 URAM 0 DISPNAME {bind_op mul}} {BINDTYPE op ID {} IMPL dsp48 LATENCY 3 OPTYPE add PRAGMA {} RTLNAME mac_muladd_8s_8s_32s_32_4_1_U4874 SOURCE mmult_accel.cpp:210 VARIABLE add_ln210_688 LOOP compute BUNDLEDNAME {} DSP 1 BRAM 0 URAM 0 DISPNAME {bind_op add}} {BINDTYPE op ID {} IMPL dsp48 LATENCY 3 OPTYPE mul PRAGMA {} RTLNAME mac_muladd_8s_8s_32s_32_4_1_U4875 SOURCE mmult_accel.cpp:210 VARIABLE mul_ln210_689 LOOP compute BUNDLEDNAME {} DSP 1 BRAM 0 URAM 0 DISPNAME {bind_op mul}} {BINDTYPE op ID {} IMPL dsp48 LATENCY 3 OPTYPE add PRAGMA {} RTLNAME mac_muladd_8s_8s_32s_32_4_1_U4875 SOURCE mmult_accel.cpp:210 VARIABLE add_ln210_689 LOOP compute BUNDLEDNAME {} DSP 1 BRAM 0 URAM 0 DISPNAME {bind_op add}} {BINDTYPE op ID {} IMPL dsp48 LATENCY 3 OPTYPE mul PRAGMA {} RTLNAME mac_muladd_8s_8s_32s_32_4_1_U4876 SOURCE mmult_accel.cpp:210 VARIABLE mul_ln210_690 LOOP compute BUNDLEDNAME {} DSP 1 BRAM 0 URAM 0 DISPNAME {bind_op mul}} {BINDTYPE op ID {} IMPL dsp48 LATENCY 3 OPTYPE add PRAGMA {} RTLNAME mac_muladd_8s_8s_32s_32_4_1_U4876 SOURCE mmult_accel.cpp:210 VARIABLE add_ln210_690 LOOP compute BUNDLEDNAME {} DSP 1 BRAM 0 URAM 0 DISPNAME {bind_op add}} {BINDTYPE op ID {} IMPL dsp48 LATENCY 3 OPTYPE mul PRAGMA {} RTLNAME mac_muladd_8s_8s_32s_32_4_1_U4877 SOURCE mmult_accel.cpp:210 VARIABLE mul_ln210_691 LOOP compute BUNDLEDNAME {} DSP 1 BRAM 0 URAM 0 DISPNAME {bind_op mul}} {BINDTYPE op ID {} IMPL dsp48 LATENCY 3 OPTYPE add PRAGMA {} RTLNAME mac_muladd_8s_8s_32s_32_4_1_U4877 SOURCE mmult_accel.cpp:210 VARIABLE add_ln210_691 LOOP compute BUNDLEDNAME {} DSP 1 BRAM 0 URAM 0 DISPNAME {bind_op add}} {BINDTYPE op ID {} IMPL dsp48 LATENCY 3 OPTYPE mul PRAGMA {} RTLNAME mac_muladd_8s_8s_32s_32_4_1_U4878 SOURCE mmult_accel.cpp:210 VARIABLE mul_ln210_692 LOOP compute BUNDLEDNAME {} DSP 1 BRAM 0 URAM 0 DISPNAME {bind_op mul}} {BINDTYPE op ID {} IMPL dsp48 LATENCY 3 OPTYPE add PRAGMA {} RTLNAME mac_muladd_8s_8s_32s_32_4_1_U4878 SOURCE mmult_accel.cpp:210 VARIABLE add_ln210_692 LOOP compute BUNDLEDNAME {} DSP 1 BRAM 0 URAM 0 DISPNAME {bind_op add}} {BINDTYPE op ID {} IMPL dsp48 LATENCY 3 OPTYPE mul PRAGMA {} RTLNAME mac_muladd_8s_8s_32s_32_4_1_U4879 SOURCE mmult_accel.cpp:210 VARIABLE mul_ln210_693 LOOP compute BUNDLEDNAME {} DSP 1 BRAM 0 URAM 0 DISPNAME {bind_op mul}} {BINDTYPE op ID {} IMPL dsp48 LATENCY 3 OPTYPE add PRAGMA {} RTLNAME mac_muladd_8s_8s_32s_32_4_1_U4879 SOURCE mmult_accel.cpp:210 VARIABLE add_ln210_693 LOOP compute BUNDLEDNAME {} DSP 1 BRAM 0 URAM 0 DISPNAME {bind_op add}} {BINDTYPE op ID {} IMPL dsp48 LATENCY 3 OPTYPE mul PRAGMA {} RTLNAME mac_muladd_8s_8s_32s_32_4_1_U4880 SOURCE mmult_accel.cpp:210 VARIABLE mul_ln210_694 LOOP compute BUNDLEDNAME {} DSP 1 BRAM 0 URAM 0 DISPNAME {bind_op mul}} {BINDTYPE op ID {} IMPL dsp48 LATENCY 3 OPTYPE add PRAGMA {} RTLNAME mac_muladd_8s_8s_32s_32_4_1_U4880 SOURCE mmult_accel.cpp:210 VARIABLE add_ln210_694 LOOP compute BUNDLEDNAME {} DSP 1 BRAM 0 URAM 0 DISPNAME {bind_op add}} {BINDTYPE op ID {} IMPL dsp48 LATENCY 3 OPTYPE mul PRAGMA {} RTLNAME mac_muladd_8s_8s_32s_32_4_1_U4881 SOURCE mmult_accel.cpp:210 VARIABLE mul_ln210_695 LOOP compute BUNDLEDNAME {} DSP 1 BRAM 0 URAM 0 DISPNAME {bind_op mul}} {BINDTYPE op ID {} IMPL dsp48 LATENCY 3 OPTYPE add PRAGMA {} RTLNAME mac_muladd_8s_8s_32s_32_4_1_U4881 SOURCE mmult_accel.cpp:210 VARIABLE add_ln210_695 LOOP compute BUNDLEDNAME {} DSP 1 BRAM 0 URAM 0 DISPNAME {bind_op add}} {BINDTYPE op ID {} IMPL dsp48 LATENCY 3 OPTYPE mul PRAGMA {} RTLNAME mac_muladd_8s_8s_32s_32_4_1_U4882 SOURCE mmult_accel.cpp:210 VARIABLE mul_ln210_696 LOOP compute BUNDLEDNAME {} DSP 1 BRAM 0 URAM 0 DISPNAME {bind_op mul}} {BINDTYPE op ID {} IMPL dsp48 LATENCY 3 OPTYPE add PRAGMA {} RTLNAME mac_muladd_8s_8s_32s_32_4_1_U4882 SOURCE mmult_accel.cpp:210 VARIABLE add_ln210_696 LOOP compute BUNDLEDNAME {} DSP 1 BRAM 0 URAM 0 DISPNAME {bind_op add}} {BINDTYPE op ID {} IMPL dsp48 LATENCY 3 OPTYPE mul PRAGMA {} RTLNAME mac_muladd_8s_8s_32s_32_4_1_U4883 SOURCE mmult_accel.cpp:210 VARIABLE mul_ln210_697 LOOP compute BUNDLEDNAME {} DSP 1 BRAM 0 URAM 0 DISPNAME {bind_op mul}} {BINDTYPE op ID {} IMPL dsp48 LATENCY 3 OPTYPE add PRAGMA {} RTLNAME mac_muladd_8s_8s_32s_32_4_1_U4883 SOURCE mmult_accel.cpp:210 VARIABLE add_ln210_697 LOOP compute BUNDLEDNAME {} DSP 1 BRAM 0 URAM 0 DISPNAME {bind_op add}} {BINDTYPE op ID {} IMPL dsp48 LATENCY 3 OPTYPE mul PRAGMA {} RTLNAME mac_muladd_8s_8s_32s_32_4_1_U4884 SOURCE mmult_accel.cpp:210 VARIABLE mul_ln210_698 LOOP compute BUNDLEDNAME {} DSP 1 BRAM 0 URAM 0 DISPNAME {bind_op mul}} {BINDTYPE op ID {} IMPL dsp48 LATENCY 3 OPTYPE add PRAGMA {} RTLNAME mac_muladd_8s_8s_32s_32_4_1_U4884 SOURCE mmult_accel.cpp:210 VARIABLE add_ln210_698 LOOP compute BUNDLEDNAME {} DSP 1 BRAM 0 URAM 0 DISPNAME {bind_op add}} {BINDTYPE op ID {} IMPL dsp48 LATENCY 3 OPTYPE mul PRAGMA {} RTLNAME mac_muladd_8s_8s_32s_32_4_1_U4885 SOURCE mmult_accel.cpp:210 VARIABLE mul_ln210_699 LOOP compute BUNDLEDNAME {} DSP 1 BRAM 0 URAM 0 DISPNAME {bind_op mul}} {BINDTYPE op ID {} IMPL dsp48 LATENCY 3 OPTYPE add PRAGMA {} RTLNAME mac_muladd_8s_8s_32s_32_4_1_U4885 SOURCE mmult_accel.cpp:210 VARIABLE add_ln210_699 LOOP compute BUNDLEDNAME {} DSP 1 BRAM 0 URAM 0 DISPNAME {bind_op add}} {BINDTYPE op ID {} IMPL dsp48 LATENCY 3 OPTYPE mul PRAGMA {} RTLNAME mac_muladd_8s_8s_32s_32_4_1_U4886 SOURCE mmult_accel.cpp:210 VARIABLE mul_ln210_700 LOOP compute BUNDLEDNAME {} DSP 1 BRAM 0 URAM 0 DISPNAME {bind_op mul}} {BINDTYPE op ID {} IMPL dsp48 LATENCY 3 OPTYPE add PRAGMA {} RTLNAME mac_muladd_8s_8s_32s_32_4_1_U4886 SOURCE mmult_accel.cpp:210 VARIABLE add_ln210_700 LOOP compute BUNDLEDNAME {} DSP 1 BRAM 0 URAM 0 DISPNAME {bind_op add}} {BINDTYPE op ID {} IMPL dsp48 LATENCY 3 OPTYPE mul PRAGMA {} RTLNAME mac_muladd_8s_8s_32s_32_4_1_U4887 SOURCE mmult_accel.cpp:210 VARIABLE mul_ln210_701 LOOP compute BUNDLEDNAME {} DSP 1 BRAM 0 URAM 0 DISPNAME {bind_op mul}} {BINDTYPE op ID {} IMPL dsp48 LATENCY 3 OPTYPE add PRAGMA {} RTLNAME mac_muladd_8s_8s_32s_32_4_1_U4887 SOURCE mmult_accel.cpp:210 VARIABLE add_ln210_701 LOOP compute BUNDLEDNAME {} DSP 1 BRAM 0 URAM 0 DISPNAME {bind_op add}} {BINDTYPE op ID {} IMPL dsp48 LATENCY 3 OPTYPE mul PRAGMA {} RTLNAME mac_muladd_8s_8s_32s_32_4_1_U4888 SOURCE mmult_accel.cpp:210 VARIABLE mul_ln210_702 LOOP compute BUNDLEDNAME {} DSP 1 BRAM 0 URAM 0 DISPNAME {bind_op mul}} {BINDTYPE op ID {} IMPL dsp48 LATENCY 3 OPTYPE add PRAGMA {} RTLNAME mac_muladd_8s_8s_32s_32_4_1_U4888 SOURCE mmult_accel.cpp:210 VARIABLE add_ln210_702 LOOP compute BUNDLEDNAME {} DSP 1 BRAM 0 URAM 0 DISPNAME {bind_op add}} {BINDTYPE op ID {} IMPL dsp48 LATENCY 3 OPTYPE mul PRAGMA {} RTLNAME mac_muladd_8s_8s_32s_32_4_1_U4889 SOURCE mmult_accel.cpp:210 VARIABLE mul_ln210_703 LOOP compute BUNDLEDNAME {} DSP 1 BRAM 0 URAM 0 DISPNAME {bind_op mul}} {BINDTYPE op ID {} IMPL dsp48 LATENCY 3 OPTYPE add PRAGMA {} RTLNAME mac_muladd_8s_8s_32s_32_4_1_U4889 SOURCE mmult_accel.cpp:210 VARIABLE add_ln210_703 LOOP compute BUNDLEDNAME {} DSP 1 BRAM 0 URAM 0 DISPNAME {bind_op add}} {BINDTYPE op ID {} IMPL dsp48 LATENCY 3 OPTYPE mul PRAGMA {} RTLNAME mac_muladd_8s_8s_32s_32_4_1_U4890 SOURCE mmult_accel.cpp:210 VARIABLE mul_ln210_704 LOOP compute BUNDLEDNAME {} DSP 1 BRAM 0 URAM 0 DISPNAME {bind_op mul}} {BINDTYPE op ID {} IMPL dsp48 LATENCY 3 OPTYPE add PRAGMA {} RTLNAME mac_muladd_8s_8s_32s_32_4_1_U4890 SOURCE mmult_accel.cpp:210 VARIABLE add_ln210_704 LOOP compute BUNDLEDNAME {} DSP 1 BRAM 0 URAM 0 DISPNAME {bind_op add}} {BINDTYPE op ID {} IMPL dsp48 LATENCY 3 OPTYPE mul PRAGMA {} RTLNAME mac_muladd_8s_8s_32s_32_4_1_U4891 SOURCE mmult_accel.cpp:210 VARIABLE mul_ln210_705 LOOP compute BUNDLEDNAME {} DSP 1 BRAM 0 URAM 0 DISPNAME {bind_op mul}} {BINDTYPE op ID {} IMPL dsp48 LATENCY 3 OPTYPE add PRAGMA {} RTLNAME mac_muladd_8s_8s_32s_32_4_1_U4891 SOURCE mmult_accel.cpp:210 VARIABLE add_ln210_705 LOOP compute BUNDLEDNAME {} DSP 1 BRAM 0 URAM 0 DISPNAME {bind_op add}} {BINDTYPE op ID {} IMPL dsp48 LATENCY 3 OPTYPE mul PRAGMA {} RTLNAME mac_muladd_8s_8s_32s_32_4_1_U4892 SOURCE mmult_accel.cpp:210 VARIABLE mul_ln210_706 LOOP compute BUNDLEDNAME {} DSP 1 BRAM 0 URAM 0 DISPNAME {bind_op mul}} {BINDTYPE op ID {} IMPL dsp48 LATENCY 3 OPTYPE add PRAGMA {} RTLNAME mac_muladd_8s_8s_32s_32_4_1_U4892 SOURCE mmult_accel.cpp:210 VARIABLE add_ln210_706 LOOP compute BUNDLEDNAME {} DSP 1 BRAM 0 URAM 0 DISPNAME {bind_op add}} {BINDTYPE op ID {} IMPL dsp48 LATENCY 3 OPTYPE mul PRAGMA {} RTLNAME mac_muladd_8s_8s_32s_32_4_1_U4893 SOURCE mmult_accel.cpp:210 VARIABLE mul_ln210_707 LOOP compute BUNDLEDNAME {} DSP 1 BRAM 0 URAM 0 DISPNAME {bind_op mul}} {BINDTYPE op ID {} IMPL dsp48 LATENCY 3 OPTYPE add PRAGMA {} RTLNAME mac_muladd_8s_8s_32s_32_4_1_U4893 SOURCE mmult_accel.cpp:210 VARIABLE add_ln210_707 LOOP compute BUNDLEDNAME {} DSP 1 BRAM 0 URAM 0 DISPNAME {bind_op add}} {BINDTYPE op ID {} IMPL dsp48 LATENCY 3 OPTYPE mul PRAGMA {} RTLNAME mac_muladd_8s_8s_32s_32_4_1_U4894 SOURCE mmult_accel.cpp:210 VARIABLE mul_ln210_708 LOOP compute BUNDLEDNAME {} DSP 1 BRAM 0 URAM 0 DISPNAME {bind_op mul}} {BINDTYPE op ID {} IMPL dsp48 LATENCY 3 OPTYPE add PRAGMA {} RTLNAME mac_muladd_8s_8s_32s_32_4_1_U4894 SOURCE mmult_accel.cpp:210 VARIABLE add_ln210_708 LOOP compute BUNDLEDNAME {} DSP 1 BRAM 0 URAM 0 DISPNAME {bind_op add}} {BINDTYPE op ID {} IMPL dsp48 LATENCY 3 OPTYPE mul PRAGMA {} RTLNAME mac_muladd_8s_8s_32s_32_4_1_U4895 SOURCE mmult_accel.cpp:210 VARIABLE mul_ln210_709 LOOP compute BUNDLEDNAME {} DSP 1 BRAM 0 URAM 0 DISPNAME {bind_op mul}} {BINDTYPE op ID {} IMPL dsp48 LATENCY 3 OPTYPE add PRAGMA {} RTLNAME mac_muladd_8s_8s_32s_32_4_1_U4895 SOURCE mmult_accel.cpp:210 VARIABLE add_ln210_709 LOOP compute BUNDLEDNAME {} DSP 1 BRAM 0 URAM 0 DISPNAME {bind_op add}} {BINDTYPE op ID {} IMPL dsp48 LATENCY 3 OPTYPE mul PRAGMA {} RTLNAME mac_muladd_8s_8s_32s_32_4_1_U4896 SOURCE mmult_accel.cpp:210 VARIABLE mul_ln210_710 LOOP compute BUNDLEDNAME {} DSP 1 BRAM 0 URAM 0 DISPNAME {bind_op mul}} {BINDTYPE op ID {} IMPL dsp48 LATENCY 3 OPTYPE add PRAGMA {} RTLNAME mac_muladd_8s_8s_32s_32_4_1_U4896 SOURCE mmult_accel.cpp:210 VARIABLE add_ln210_710 LOOP compute BUNDLEDNAME {} DSP 1 BRAM 0 URAM 0 DISPNAME {bind_op add}} {BINDTYPE op ID {} IMPL dsp48 LATENCY 3 OPTYPE mul PRAGMA {} RTLNAME mac_muladd_8s_8s_32s_32_4_1_U4897 SOURCE mmult_accel.cpp:210 VARIABLE mul_ln210_711 LOOP compute BUNDLEDNAME {} DSP 1 BRAM 0 URAM 0 DISPNAME {bind_op mul}} {BINDTYPE op ID {} IMPL dsp48 LATENCY 3 OPTYPE add PRAGMA {} RTLNAME mac_muladd_8s_8s_32s_32_4_1_U4897 SOURCE mmult_accel.cpp:210 VARIABLE add_ln210_711 LOOP compute BUNDLEDNAME {} DSP 1 BRAM 0 URAM 0 DISPNAME {bind_op add}} {BINDTYPE op ID {} IMPL dsp48 LATENCY 3 OPTYPE mul PRAGMA {} RTLNAME mac_muladd_8s_8s_32s_32_4_1_U4898 SOURCE mmult_accel.cpp:210 VARIABLE mul_ln210_712 LOOP compute BUNDLEDNAME {} DSP 1 BRAM 0 URAM 0 DISPNAME {bind_op mul}} {BINDTYPE op ID {} IMPL dsp48 LATENCY 3 OPTYPE add PRAGMA {} RTLNAME mac_muladd_8s_8s_32s_32_4_1_U4898 SOURCE mmult_accel.cpp:210 VARIABLE add_ln210_712 LOOP compute BUNDLEDNAME {} DSP 1 BRAM 0 URAM 0 DISPNAME {bind_op add}} {BINDTYPE op ID {} IMPL dsp48 LATENCY 3 OPTYPE mul PRAGMA {} RTLNAME mac_muladd_8s_8s_32s_32_4_1_U4899 SOURCE mmult_accel.cpp:210 VARIABLE mul_ln210_713 LOOP compute BUNDLEDNAME {} DSP 1 BRAM 0 URAM 0 DISPNAME {bind_op mul}} {BINDTYPE op ID {} IMPL dsp48 LATENCY 3 OPTYPE add PRAGMA {} RTLNAME mac_muladd_8s_8s_32s_32_4_1_U4899 SOURCE mmult_accel.cpp:210 VARIABLE add_ln210_713 LOOP compute BUNDLEDNAME {} DSP 1 BRAM 0 URAM 0 DISPNAME {bind_op add}} {BINDTYPE op ID {} IMPL dsp48 LATENCY 3 OPTYPE mul PRAGMA {} RTLNAME mac_muladd_8s_8s_32s_32_4_1_U4900 SOURCE mmult_accel.cpp:210 VARIABLE mul_ln210_714 LOOP compute BUNDLEDNAME {} DSP 1 BRAM 0 URAM 0 DISPNAME {bind_op mul}} {BINDTYPE op ID {} IMPL dsp48 LATENCY 3 OPTYPE add PRAGMA {} RTLNAME mac_muladd_8s_8s_32s_32_4_1_U4900 SOURCE mmult_accel.cpp:210 VARIABLE add_ln210_714 LOOP compute BUNDLEDNAME {} DSP 1 BRAM 0 URAM 0 DISPNAME {bind_op add}} {BINDTYPE op ID {} IMPL dsp48 LATENCY 3 OPTYPE mul PRAGMA {} RTLNAME mac_muladd_8s_8s_32s_32_4_1_U4901 SOURCE mmult_accel.cpp:210 VARIABLE mul_ln210_715 LOOP compute BUNDLEDNAME {} DSP 1 BRAM 0 URAM 0 DISPNAME {bind_op mul}} {BINDTYPE op ID {} IMPL dsp48 LATENCY 3 OPTYPE add PRAGMA {} RTLNAME mac_muladd_8s_8s_32s_32_4_1_U4901 SOURCE mmult_accel.cpp:210 VARIABLE add_ln210_715 LOOP compute BUNDLEDNAME {} DSP 1 BRAM 0 URAM 0 DISPNAME {bind_op add}} {BINDTYPE op ID {} IMPL dsp48 LATENCY 3 OPTYPE mul PRAGMA {} RTLNAME mac_muladd_8s_8s_32s_32_4_1_U4902 SOURCE mmult_accel.cpp:210 VARIABLE mul_ln210_716 LOOP compute BUNDLEDNAME {} DSP 1 BRAM 0 URAM 0 DISPNAME {bind_op mul}} {BINDTYPE op ID {} IMPL dsp48 LATENCY 3 OPTYPE add PRAGMA {} RTLNAME mac_muladd_8s_8s_32s_32_4_1_U4902 SOURCE mmult_accel.cpp:210 VARIABLE add_ln210_716 LOOP compute BUNDLEDNAME {} DSP 1 BRAM 0 URAM 0 DISPNAME {bind_op add}} {BINDTYPE op ID {} IMPL dsp48 LATENCY 3 OPTYPE mul PRAGMA {} RTLNAME mac_muladd_8s_8s_32s_32_4_1_U4903 SOURCE mmult_accel.cpp:210 VARIABLE mul_ln210_717 LOOP compute BUNDLEDNAME {} DSP 1 BRAM 0 URAM 0 DISPNAME {bind_op mul}} {BINDTYPE op ID {} IMPL dsp48 LATENCY 3 OPTYPE add PRAGMA {} RTLNAME mac_muladd_8s_8s_32s_32_4_1_U4903 SOURCE mmult_accel.cpp:210 VARIABLE add_ln210_717 LOOP compute BUNDLEDNAME {} DSP 1 BRAM 0 URAM 0 DISPNAME {bind_op add}} {BINDTYPE op ID {} IMPL dsp48 LATENCY 3 OPTYPE mul PRAGMA {} RTLNAME mac_muladd_8s_8s_32s_32_4_1_U4904 SOURCE mmult_accel.cpp:210 VARIABLE mul_ln210_718 LOOP compute BUNDLEDNAME {} DSP 1 BRAM 0 URAM 0 DISPNAME {bind_op mul}} {BINDTYPE op ID {} IMPL dsp48 LATENCY 3 OPTYPE add PRAGMA {} RTLNAME mac_muladd_8s_8s_32s_32_4_1_U4904 SOURCE mmult_accel.cpp:210 VARIABLE add_ln210_718 LOOP compute BUNDLEDNAME {} DSP 1 BRAM 0 URAM 0 DISPNAME {bind_op add}} {BINDTYPE op ID {} IMPL dsp48 LATENCY 3 OPTYPE mul PRAGMA {} RTLNAME mac_muladd_8s_8s_32s_32_4_1_U4905 SOURCE mmult_accel.cpp:210 VARIABLE mul_ln210_719 LOOP compute BUNDLEDNAME {} DSP 1 BRAM 0 URAM 0 DISPNAME {bind_op mul}} {BINDTYPE op ID {} IMPL dsp48 LATENCY 3 OPTYPE add PRAGMA {} RTLNAME mac_muladd_8s_8s_32s_32_4_1_U4905 SOURCE mmult_accel.cpp:210 VARIABLE add_ln210_719 LOOP compute BUNDLEDNAME {} DSP 1 BRAM 0 URAM 0 DISPNAME {bind_op add}} {BINDTYPE op ID {} IMPL dsp48 LATENCY 3 OPTYPE mul PRAGMA {} RTLNAME mac_muladd_8s_8s_32s_32_4_1_U4906 SOURCE mmult_accel.cpp:210 VARIABLE mul_ln210_720 LOOP compute BUNDLEDNAME {} DSP 1 BRAM 0 URAM 0 DISPNAME {bind_op mul}} {BINDTYPE op ID {} IMPL dsp48 LATENCY 3 OPTYPE add PRAGMA {} RTLNAME mac_muladd_8s_8s_32s_32_4_1_U4906 SOURCE mmult_accel.cpp:210 VARIABLE add_ln210_720 LOOP compute BUNDLEDNAME {} DSP 1 BRAM 0 URAM 0 DISPNAME {bind_op add}} {BINDTYPE op ID {} IMPL dsp48 LATENCY 3 OPTYPE mul PRAGMA {} RTLNAME mac_muladd_8s_8s_32s_32_4_1_U4907 SOURCE mmult_accel.cpp:210 VARIABLE mul_ln210_721 LOOP compute BUNDLEDNAME {} DSP 1 BRAM 0 URAM 0 DISPNAME {bind_op mul}} {BINDTYPE op ID {} IMPL dsp48 LATENCY 3 OPTYPE add PRAGMA {} RTLNAME mac_muladd_8s_8s_32s_32_4_1_U4907 SOURCE mmult_accel.cpp:210 VARIABLE add_ln210_721 LOOP compute BUNDLEDNAME {} DSP 1 BRAM 0 URAM 0 DISPNAME {bind_op add}} {BINDTYPE op ID {} IMPL dsp48 LATENCY 3 OPTYPE mul PRAGMA {} RTLNAME mac_muladd_8s_8s_32s_32_4_1_U4908 SOURCE mmult_accel.cpp:210 VARIABLE mul_ln210_722 LOOP compute BUNDLEDNAME {} DSP 1 BRAM 0 URAM 0 DISPNAME {bind_op mul}} {BINDTYPE op ID {} IMPL dsp48 LATENCY 3 OPTYPE add PRAGMA {} RTLNAME mac_muladd_8s_8s_32s_32_4_1_U4908 SOURCE mmult_accel.cpp:210 VARIABLE add_ln210_722 LOOP compute BUNDLEDNAME {} DSP 1 BRAM 0 URAM 0 DISPNAME {bind_op add}} {BINDTYPE op ID {} IMPL dsp48 LATENCY 3 OPTYPE mul PRAGMA {} RTLNAME mac_muladd_8s_8s_32s_32_4_1_U4909 SOURCE mmult_accel.cpp:210 VARIABLE mul_ln210_723 LOOP compute BUNDLEDNAME {} DSP 1 BRAM 0 URAM 0 DISPNAME {bind_op mul}} {BINDTYPE op ID {} IMPL dsp48 LATENCY 3 OPTYPE add PRAGMA {} RTLNAME mac_muladd_8s_8s_32s_32_4_1_U4909 SOURCE mmult_accel.cpp:210 VARIABLE add_ln210_723 LOOP compute BUNDLEDNAME {} DSP 1 BRAM 0 URAM 0 DISPNAME {bind_op add}} {BINDTYPE op ID {} IMPL dsp48 LATENCY 3 OPTYPE mul PRAGMA {} RTLNAME mac_muladd_8s_8s_32s_32_4_1_U4910 SOURCE mmult_accel.cpp:210 VARIABLE mul_ln210_724 LOOP compute BUNDLEDNAME {} DSP 1 BRAM 0 URAM 0 DISPNAME {bind_op mul}} {BINDTYPE op ID {} IMPL dsp48 LATENCY 3 OPTYPE add PRAGMA {} RTLNAME mac_muladd_8s_8s_32s_32_4_1_U4910 SOURCE mmult_accel.cpp:210 VARIABLE add_ln210_724 LOOP compute BUNDLEDNAME {} DSP 1 BRAM 0 URAM 0 DISPNAME {bind_op add}} {BINDTYPE op ID {} IMPL dsp48 LATENCY 3 OPTYPE mul PRAGMA {} RTLNAME mac_muladd_8s_8s_32s_32_4_1_U4911 SOURCE mmult_accel.cpp:210 VARIABLE mul_ln210_725 LOOP compute BUNDLEDNAME {} DSP 1 BRAM 0 URAM 0 DISPNAME {bind_op mul}} {BINDTYPE op ID {} IMPL dsp48 LATENCY 3 OPTYPE add PRAGMA {} RTLNAME mac_muladd_8s_8s_32s_32_4_1_U4911 SOURCE mmult_accel.cpp:210 VARIABLE add_ln210_725 LOOP compute BUNDLEDNAME {} DSP 1 BRAM 0 URAM 0 DISPNAME {bind_op add}} {BINDTYPE op ID {} IMPL dsp48 LATENCY 3 OPTYPE mul PRAGMA {} RTLNAME mac_muladd_8s_8s_32s_32_4_1_U4912 SOURCE mmult_accel.cpp:210 VARIABLE mul_ln210_726 LOOP compute BUNDLEDNAME {} DSP 1 BRAM 0 URAM 0 DISPNAME {bind_op mul}} {BINDTYPE op ID {} IMPL dsp48 LATENCY 3 OPTYPE add PRAGMA {} RTLNAME mac_muladd_8s_8s_32s_32_4_1_U4912 SOURCE mmult_accel.cpp:210 VARIABLE add_ln210_726 LOOP compute BUNDLEDNAME {} DSP 1 BRAM 0 URAM 0 DISPNAME {bind_op add}} {BINDTYPE op ID {} IMPL dsp48 LATENCY 3 OPTYPE mul PRAGMA {} RTLNAME mac_muladd_8s_8s_32s_32_4_1_U4913 SOURCE mmult_accel.cpp:210 VARIABLE mul_ln210_727 LOOP compute BUNDLEDNAME {} DSP 1 BRAM 0 URAM 0 DISPNAME {bind_op mul}} {BINDTYPE op ID {} IMPL dsp48 LATENCY 3 OPTYPE add PRAGMA {} RTLNAME mac_muladd_8s_8s_32s_32_4_1_U4913 SOURCE mmult_accel.cpp:210 VARIABLE add_ln210_727 LOOP compute BUNDLEDNAME {} DSP 1 BRAM 0 URAM 0 DISPNAME {bind_op add}} {BINDTYPE op ID {} IMPL dsp48 LATENCY 3 OPTYPE mul PRAGMA {} RTLNAME mac_muladd_8s_8s_32s_32_4_1_U4914 SOURCE mmult_accel.cpp:210 VARIABLE mul_ln210_728 LOOP compute BUNDLEDNAME {} DSP 1 BRAM 0 URAM 0 DISPNAME {bind_op mul}} {BINDTYPE op ID {} IMPL dsp48 LATENCY 3 OPTYPE add PRAGMA {} RTLNAME mac_muladd_8s_8s_32s_32_4_1_U4914 SOURCE mmult_accel.cpp:210 VARIABLE add_ln210_728 LOOP compute BUNDLEDNAME {} DSP 1 BRAM 0 URAM 0 DISPNAME {bind_op add}} {BINDTYPE op ID {} IMPL dsp48 LATENCY 3 OPTYPE mul PRAGMA {} RTLNAME mac_muladd_8s_8s_32s_32_4_1_U4915 SOURCE mmult_accel.cpp:210 VARIABLE mul_ln210_729 LOOP compute BUNDLEDNAME {} DSP 1 BRAM 0 URAM 0 DISPNAME {bind_op mul}} {BINDTYPE op ID {} IMPL dsp48 LATENCY 3 OPTYPE add PRAGMA {} RTLNAME mac_muladd_8s_8s_32s_32_4_1_U4915 SOURCE mmult_accel.cpp:210 VARIABLE add_ln210_729 LOOP compute BUNDLEDNAME {} DSP 1 BRAM 0 URAM 0 DISPNAME {bind_op add}} {BINDTYPE op ID {} IMPL dsp48 LATENCY 3 OPTYPE mul PRAGMA {} RTLNAME mac_muladd_8s_8s_32s_32_4_1_U4916 SOURCE mmult_accel.cpp:210 VARIABLE mul_ln210_730 LOOP compute BUNDLEDNAME {} DSP 1 BRAM 0 URAM 0 DISPNAME {bind_op mul}} {BINDTYPE op ID {} IMPL dsp48 LATENCY 3 OPTYPE add PRAGMA {} RTLNAME mac_muladd_8s_8s_32s_32_4_1_U4916 SOURCE mmult_accel.cpp:210 VARIABLE add_ln210_730 LOOP compute BUNDLEDNAME {} DSP 1 BRAM 0 URAM 0 DISPNAME {bind_op add}} {BINDTYPE op ID {} IMPL dsp48 LATENCY 3 OPTYPE mul PRAGMA {} RTLNAME mac_muladd_8s_8s_32s_32_4_1_U4917 SOURCE mmult_accel.cpp:210 VARIABLE mul_ln210_731 LOOP compute BUNDLEDNAME {} DSP 1 BRAM 0 URAM 0 DISPNAME {bind_op mul}} {BINDTYPE op ID {} IMPL dsp48 LATENCY 3 OPTYPE add PRAGMA {} RTLNAME mac_muladd_8s_8s_32s_32_4_1_U4917 SOURCE mmult_accel.cpp:210 VARIABLE add_ln210_731 LOOP compute BUNDLEDNAME {} DSP 1 BRAM 0 URAM 0 DISPNAME {bind_op add}} {BINDTYPE op ID {} IMPL dsp48 LATENCY 3 OPTYPE mul PRAGMA {} RTLNAME mac_muladd_8s_8s_32s_32_4_1_U4918 SOURCE mmult_accel.cpp:210 VARIABLE mul_ln210_732 LOOP compute BUNDLEDNAME {} DSP 1 BRAM 0 URAM 0 DISPNAME {bind_op mul}} {BINDTYPE op ID {} IMPL dsp48 LATENCY 3 OPTYPE add PRAGMA {} RTLNAME mac_muladd_8s_8s_32s_32_4_1_U4918 SOURCE mmult_accel.cpp:210 VARIABLE add_ln210_732 LOOP compute BUNDLEDNAME {} DSP 1 BRAM 0 URAM 0 DISPNAME {bind_op add}} {BINDTYPE op ID {} IMPL dsp48 LATENCY 3 OPTYPE mul PRAGMA {} RTLNAME mac_muladd_8s_8s_32s_32_4_1_U4919 SOURCE mmult_accel.cpp:210 VARIABLE mul_ln210_733 LOOP compute BUNDLEDNAME {} DSP 1 BRAM 0 URAM 0 DISPNAME {bind_op mul}} {BINDTYPE op ID {} IMPL dsp48 LATENCY 3 OPTYPE add PRAGMA {} RTLNAME mac_muladd_8s_8s_32s_32_4_1_U4919 SOURCE mmult_accel.cpp:210 VARIABLE add_ln210_733 LOOP compute BUNDLEDNAME {} DSP 1 BRAM 0 URAM 0 DISPNAME {bind_op add}} {BINDTYPE op ID {} IMPL dsp48 LATENCY 3 OPTYPE mul PRAGMA {} RTLNAME mac_muladd_8s_8s_32s_32_4_1_U4920 SOURCE mmult_accel.cpp:210 VARIABLE mul_ln210_734 LOOP compute BUNDLEDNAME {} DSP 1 BRAM 0 URAM 0 DISPNAME {bind_op mul}} {BINDTYPE op ID {} IMPL dsp48 LATENCY 3 OPTYPE add PRAGMA {} RTLNAME mac_muladd_8s_8s_32s_32_4_1_U4920 SOURCE mmult_accel.cpp:210 VARIABLE add_ln210_734 LOOP compute BUNDLEDNAME {} DSP 1 BRAM 0 URAM 0 DISPNAME {bind_op add}} {BINDTYPE op ID {} IMPL dsp48 LATENCY 3 OPTYPE mul PRAGMA {} RTLNAME mac_muladd_8s_8s_32s_32_4_1_U4921 SOURCE mmult_accel.cpp:210 VARIABLE mul_ln210_735 LOOP compute BUNDLEDNAME {} DSP 1 BRAM 0 URAM 0 DISPNAME {bind_op mul}} {BINDTYPE op ID {} IMPL dsp48 LATENCY 3 OPTYPE add PRAGMA {} RTLNAME mac_muladd_8s_8s_32s_32_4_1_U4921 SOURCE mmult_accel.cpp:210 VARIABLE add_ln210_735 LOOP compute BUNDLEDNAME {} DSP 1 BRAM 0 URAM 0 DISPNAME {bind_op add}} {BINDTYPE op ID {} IMPL dsp48 LATENCY 3 OPTYPE mul PRAGMA {} RTLNAME mac_muladd_8s_8s_32s_32_4_1_U4922 SOURCE mmult_accel.cpp:210 VARIABLE mul_ln210_736 LOOP compute BUNDLEDNAME {} DSP 1 BRAM 0 URAM 0 DISPNAME {bind_op mul}} {BINDTYPE op ID {} IMPL dsp48 LATENCY 3 OPTYPE add PRAGMA {} RTLNAME mac_muladd_8s_8s_32s_32_4_1_U4922 SOURCE mmult_accel.cpp:210 VARIABLE add_ln210_736 LOOP compute BUNDLEDNAME {} DSP 1 BRAM 0 URAM 0 DISPNAME {bind_op add}} {BINDTYPE op ID {} IMPL dsp48 LATENCY 3 OPTYPE mul PRAGMA {} RTLNAME mac_muladd_8s_8s_32s_32_4_1_U4923 SOURCE mmult_accel.cpp:210 VARIABLE mul_ln210_737 LOOP compute BUNDLEDNAME {} DSP 1 BRAM 0 URAM 0 DISPNAME {bind_op mul}} {BINDTYPE op ID {} IMPL dsp48 LATENCY 3 OPTYPE add PRAGMA {} RTLNAME mac_muladd_8s_8s_32s_32_4_1_U4923 SOURCE mmult_accel.cpp:210 VARIABLE add_ln210_737 LOOP compute BUNDLEDNAME {} DSP 1 BRAM 0 URAM 0 DISPNAME {bind_op add}} {BINDTYPE op ID {} IMPL dsp48 LATENCY 3 OPTYPE mul PRAGMA {} RTLNAME mac_muladd_8s_8s_32s_32_4_1_U4924 SOURCE mmult_accel.cpp:210 VARIABLE mul_ln210_738 LOOP compute BUNDLEDNAME {} DSP 1 BRAM 0 URAM 0 DISPNAME {bind_op mul}} {BINDTYPE op ID {} IMPL dsp48 LATENCY 3 OPTYPE add PRAGMA {} RTLNAME mac_muladd_8s_8s_32s_32_4_1_U4924 SOURCE mmult_accel.cpp:210 VARIABLE add_ln210_738 LOOP compute BUNDLEDNAME {} DSP 1 BRAM 0 URAM 0 DISPNAME {bind_op add}} {BINDTYPE op ID {} IMPL dsp48 LATENCY 3 OPTYPE mul PRAGMA {} RTLNAME mac_muladd_8s_8s_32s_32_4_1_U4925 SOURCE mmult_accel.cpp:210 VARIABLE mul_ln210_739 LOOP compute BUNDLEDNAME {} DSP 1 BRAM 0 URAM 0 DISPNAME {bind_op mul}} {BINDTYPE op ID {} IMPL dsp48 LATENCY 3 OPTYPE add PRAGMA {} RTLNAME mac_muladd_8s_8s_32s_32_4_1_U4925 SOURCE mmult_accel.cpp:210 VARIABLE add_ln210_739 LOOP compute BUNDLEDNAME {} DSP 1 BRAM 0 URAM 0 DISPNAME {bind_op add}} {BINDTYPE op ID {} IMPL dsp48 LATENCY 3 OPTYPE mul PRAGMA {} RTLNAME mac_muladd_8s_8s_32s_32_4_1_U4926 SOURCE mmult_accel.cpp:210 VARIABLE mul_ln210_740 LOOP compute BUNDLEDNAME {} DSP 1 BRAM 0 URAM 0 DISPNAME {bind_op mul}} {BINDTYPE op ID {} IMPL dsp48 LATENCY 3 OPTYPE add PRAGMA {} RTLNAME mac_muladd_8s_8s_32s_32_4_1_U4926 SOURCE mmult_accel.cpp:210 VARIABLE add_ln210_740 LOOP compute BUNDLEDNAME {} DSP 1 BRAM 0 URAM 0 DISPNAME {bind_op add}} {BINDTYPE op ID {} IMPL dsp48 LATENCY 3 OPTYPE mul PRAGMA {} RTLNAME mac_muladd_8s_8s_32s_32_4_1_U4927 SOURCE mmult_accel.cpp:210 VARIABLE mul_ln210_741 LOOP compute BUNDLEDNAME {} DSP 1 BRAM 0 URAM 0 DISPNAME {bind_op mul}} {BINDTYPE op ID {} IMPL dsp48 LATENCY 3 OPTYPE add PRAGMA {} RTLNAME mac_muladd_8s_8s_32s_32_4_1_U4927 SOURCE mmult_accel.cpp:210 VARIABLE add_ln210_741 LOOP compute BUNDLEDNAME {} DSP 1 BRAM 0 URAM 0 DISPNAME {bind_op add}} {BINDTYPE op ID {} IMPL dsp48 LATENCY 3 OPTYPE mul PRAGMA {} RTLNAME mac_muladd_8s_8s_32s_32_4_1_U4928 SOURCE mmult_accel.cpp:210 VARIABLE mul_ln210_742 LOOP compute BUNDLEDNAME {} DSP 1 BRAM 0 URAM 0 DISPNAME {bind_op mul}} {BINDTYPE op ID {} IMPL dsp48 LATENCY 3 OPTYPE add PRAGMA {} RTLNAME mac_muladd_8s_8s_32s_32_4_1_U4928 SOURCE mmult_accel.cpp:210 VARIABLE add_ln210_742 LOOP compute BUNDLEDNAME {} DSP 1 BRAM 0 URAM 0 DISPNAME {bind_op add}} {BINDTYPE op ID {} IMPL dsp48 LATENCY 3 OPTYPE mul PRAGMA {} RTLNAME mac_muladd_8s_8s_32s_32_4_1_U4929 SOURCE mmult_accel.cpp:210 VARIABLE mul_ln210_743 LOOP compute BUNDLEDNAME {} DSP 1 BRAM 0 URAM 0 DISPNAME {bind_op mul}} {BINDTYPE op ID {} IMPL dsp48 LATENCY 3 OPTYPE add PRAGMA {} RTLNAME mac_muladd_8s_8s_32s_32_4_1_U4929 SOURCE mmult_accel.cpp:210 VARIABLE add_ln210_743 LOOP compute BUNDLEDNAME {} DSP 1 BRAM 0 URAM 0 DISPNAME {bind_op add}} {BINDTYPE op ID {} IMPL dsp48 LATENCY 3 OPTYPE mul PRAGMA {} RTLNAME mac_muladd_8s_8s_32s_32_4_1_U4930 SOURCE mmult_accel.cpp:210 VARIABLE mul_ln210_744 LOOP compute BUNDLEDNAME {} DSP 1 BRAM 0 URAM 0 DISPNAME {bind_op mul}} {BINDTYPE op ID {} IMPL dsp48 LATENCY 3 OPTYPE add PRAGMA {} RTLNAME mac_muladd_8s_8s_32s_32_4_1_U4930 SOURCE mmult_accel.cpp:210 VARIABLE add_ln210_744 LOOP compute BUNDLEDNAME {} DSP 1 BRAM 0 URAM 0 DISPNAME {bind_op add}} {BINDTYPE op ID {} IMPL dsp48 LATENCY 3 OPTYPE mul PRAGMA {} RTLNAME mac_muladd_8s_8s_32s_32_4_1_U4931 SOURCE mmult_accel.cpp:210 VARIABLE mul_ln210_745 LOOP compute BUNDLEDNAME {} DSP 1 BRAM 0 URAM 0 DISPNAME {bind_op mul}} {BINDTYPE op ID {} IMPL dsp48 LATENCY 3 OPTYPE add PRAGMA {} RTLNAME mac_muladd_8s_8s_32s_32_4_1_U4931 SOURCE mmult_accel.cpp:210 VARIABLE add_ln210_745 LOOP compute BUNDLEDNAME {} DSP 1 BRAM 0 URAM 0 DISPNAME {bind_op add}} {BINDTYPE op ID {} IMPL dsp48 LATENCY 3 OPTYPE mul PRAGMA {} RTLNAME mac_muladd_8s_8s_32s_32_4_1_U4932 SOURCE mmult_accel.cpp:210 VARIABLE mul_ln210_746 LOOP compute BUNDLEDNAME {} DSP 1 BRAM 0 URAM 0 DISPNAME {bind_op mul}} {BINDTYPE op ID {} IMPL dsp48 LATENCY 3 OPTYPE add PRAGMA {} RTLNAME mac_muladd_8s_8s_32s_32_4_1_U4932 SOURCE mmult_accel.cpp:210 VARIABLE add_ln210_746 LOOP compute BUNDLEDNAME {} DSP 1 BRAM 0 URAM 0 DISPNAME {bind_op add}} {BINDTYPE op ID {} IMPL dsp48 LATENCY 3 OPTYPE mul PRAGMA {} RTLNAME mac_muladd_8s_8s_32s_32_4_1_U4933 SOURCE mmult_accel.cpp:210 VARIABLE mul_ln210_747 LOOP compute BUNDLEDNAME {} DSP 1 BRAM 0 URAM 0 DISPNAME {bind_op mul}} {BINDTYPE op ID {} IMPL dsp48 LATENCY 3 OPTYPE add PRAGMA {} RTLNAME mac_muladd_8s_8s_32s_32_4_1_U4933 SOURCE mmult_accel.cpp:210 VARIABLE add_ln210_747 LOOP compute BUNDLEDNAME {} DSP 1 BRAM 0 URAM 0 DISPNAME {bind_op add}} {BINDTYPE op ID {} IMPL dsp48 LATENCY 3 OPTYPE mul PRAGMA {} RTLNAME mac_muladd_8s_8s_32s_32_4_1_U4934 SOURCE mmult_accel.cpp:210 VARIABLE mul_ln210_748 LOOP compute BUNDLEDNAME {} DSP 1 BRAM 0 URAM 0 DISPNAME {bind_op mul}} {BINDTYPE op ID {} IMPL dsp48 LATENCY 3 OPTYPE add PRAGMA {} RTLNAME mac_muladd_8s_8s_32s_32_4_1_U4934 SOURCE mmult_accel.cpp:210 VARIABLE add_ln210_748 LOOP compute BUNDLEDNAME {} DSP 1 BRAM 0 URAM 0 DISPNAME {bind_op add}} {BINDTYPE op ID {} IMPL dsp48 LATENCY 3 OPTYPE mul PRAGMA {} RTLNAME mac_muladd_8s_8s_32s_32_4_1_U4935 SOURCE mmult_accel.cpp:210 VARIABLE mul_ln210_749 LOOP compute BUNDLEDNAME {} DSP 1 BRAM 0 URAM 0 DISPNAME {bind_op mul}} {BINDTYPE op ID {} IMPL dsp48 LATENCY 3 OPTYPE add PRAGMA {} RTLNAME mac_muladd_8s_8s_32s_32_4_1_U4935 SOURCE mmult_accel.cpp:210 VARIABLE add_ln210_749 LOOP compute BUNDLEDNAME {} DSP 1 BRAM 0 URAM 0 DISPNAME {bind_op add}} {BINDTYPE op ID {} IMPL dsp48 LATENCY 3 OPTYPE mul PRAGMA {} RTLNAME mac_muladd_8s_8s_32s_32_4_1_U4936 SOURCE mmult_accel.cpp:210 VARIABLE mul_ln210_750 LOOP compute BUNDLEDNAME {} DSP 1 BRAM 0 URAM 0 DISPNAME {bind_op mul}} {BINDTYPE op ID {} IMPL dsp48 LATENCY 3 OPTYPE add PRAGMA {} RTLNAME mac_muladd_8s_8s_32s_32_4_1_U4936 SOURCE mmult_accel.cpp:210 VARIABLE add_ln210_750 LOOP compute BUNDLEDNAME {} DSP 1 BRAM 0 URAM 0 DISPNAME {bind_op add}} {BINDTYPE op ID {} IMPL dsp48 LATENCY 3 OPTYPE mul PRAGMA {} RTLNAME mac_muladd_8s_8s_32s_32_4_1_U4937 SOURCE mmult_accel.cpp:210 VARIABLE mul_ln210_751 LOOP compute BUNDLEDNAME {} DSP 1 BRAM 0 URAM 0 DISPNAME {bind_op mul}} {BINDTYPE op ID {} IMPL dsp48 LATENCY 3 OPTYPE add PRAGMA {} RTLNAME mac_muladd_8s_8s_32s_32_4_1_U4937 SOURCE mmult_accel.cpp:210 VARIABLE add_ln210_751 LOOP compute BUNDLEDNAME {} DSP 1 BRAM 0 URAM 0 DISPNAME {bind_op add}} {BINDTYPE op ID {} IMPL dsp48 LATENCY 3 OPTYPE mul PRAGMA {} RTLNAME mac_muladd_8s_8s_32s_32_4_1_U4938 SOURCE mmult_accel.cpp:210 VARIABLE mul_ln210_752 LOOP compute BUNDLEDNAME {} DSP 1 BRAM 0 URAM 0 DISPNAME {bind_op mul}} {BINDTYPE op ID {} IMPL dsp48 LATENCY 3 OPTYPE add PRAGMA {} RTLNAME mac_muladd_8s_8s_32s_32_4_1_U4938 SOURCE mmult_accel.cpp:210 VARIABLE add_ln210_752 LOOP compute BUNDLEDNAME {} DSP 1 BRAM 0 URAM 0 DISPNAME {bind_op add}} {BINDTYPE op ID {} IMPL dsp48 LATENCY 3 OPTYPE mul PRAGMA {} RTLNAME mac_muladd_8s_8s_32s_32_4_1_U4939 SOURCE mmult_accel.cpp:210 VARIABLE mul_ln210_753 LOOP compute BUNDLEDNAME {} DSP 1 BRAM 0 URAM 0 DISPNAME {bind_op mul}} {BINDTYPE op ID {} IMPL dsp48 LATENCY 3 OPTYPE add PRAGMA {} RTLNAME mac_muladd_8s_8s_32s_32_4_1_U4939 SOURCE mmult_accel.cpp:210 VARIABLE add_ln210_753 LOOP compute BUNDLEDNAME {} DSP 1 BRAM 0 URAM 0 DISPNAME {bind_op add}} {BINDTYPE op ID {} IMPL dsp48 LATENCY 3 OPTYPE mul PRAGMA {} RTLNAME mac_muladd_8s_8s_32s_32_4_1_U4940 SOURCE mmult_accel.cpp:210 VARIABLE mul_ln210_754 LOOP compute BUNDLEDNAME {} DSP 1 BRAM 0 URAM 0 DISPNAME {bind_op mul}} {BINDTYPE op ID {} IMPL dsp48 LATENCY 3 OPTYPE add PRAGMA {} RTLNAME mac_muladd_8s_8s_32s_32_4_1_U4940 SOURCE mmult_accel.cpp:210 VARIABLE add_ln210_754 LOOP compute BUNDLEDNAME {} DSP 1 BRAM 0 URAM 0 DISPNAME {bind_op add}} {BINDTYPE op ID {} IMPL dsp48 LATENCY 3 OPTYPE mul PRAGMA {} RTLNAME mac_muladd_8s_8s_32s_32_4_1_U4941 SOURCE mmult_accel.cpp:210 VARIABLE mul_ln210_755 LOOP compute BUNDLEDNAME {} DSP 1 BRAM 0 URAM 0 DISPNAME {bind_op mul}} {BINDTYPE op ID {} IMPL dsp48 LATENCY 3 OPTYPE add PRAGMA {} RTLNAME mac_muladd_8s_8s_32s_32_4_1_U4941 SOURCE mmult_accel.cpp:210 VARIABLE add_ln210_755 LOOP compute BUNDLEDNAME {} DSP 1 BRAM 0 URAM 0 DISPNAME {bind_op add}} {BINDTYPE op ID {} IMPL dsp48 LATENCY 3 OPTYPE mul PRAGMA {} RTLNAME mac_muladd_8s_8s_32s_32_4_1_U4942 SOURCE mmult_accel.cpp:210 VARIABLE mul_ln210_756 LOOP compute BUNDLEDNAME {} DSP 1 BRAM 0 URAM 0 DISPNAME {bind_op mul}} {BINDTYPE op ID {} IMPL dsp48 LATENCY 3 OPTYPE add PRAGMA {} RTLNAME mac_muladd_8s_8s_32s_32_4_1_U4942 SOURCE mmult_accel.cpp:210 VARIABLE add_ln210_756 LOOP compute BUNDLEDNAME {} DSP 1 BRAM 0 URAM 0 DISPNAME {bind_op add}} {BINDTYPE op ID {} IMPL dsp48 LATENCY 3 OPTYPE mul PRAGMA {} RTLNAME mac_muladd_8s_8s_32s_32_4_1_U4943 SOURCE mmult_accel.cpp:210 VARIABLE mul_ln210_757 LOOP compute BUNDLEDNAME {} DSP 1 BRAM 0 URAM 0 DISPNAME {bind_op mul}} {BINDTYPE op ID {} IMPL dsp48 LATENCY 3 OPTYPE add PRAGMA {} RTLNAME mac_muladd_8s_8s_32s_32_4_1_U4943 SOURCE mmult_accel.cpp:210 VARIABLE add_ln210_757 LOOP compute BUNDLEDNAME {} DSP 1 BRAM 0 URAM 0 DISPNAME {bind_op add}} {BINDTYPE op ID {} IMPL dsp48 LATENCY 3 OPTYPE mul PRAGMA {} RTLNAME mac_muladd_8s_8s_32s_32_4_1_U4944 SOURCE mmult_accel.cpp:210 VARIABLE mul_ln210_758 LOOP compute BUNDLEDNAME {} DSP 1 BRAM 0 URAM 0 DISPNAME {bind_op mul}} {BINDTYPE op ID {} IMPL dsp48 LATENCY 3 OPTYPE add PRAGMA {} RTLNAME mac_muladd_8s_8s_32s_32_4_1_U4944 SOURCE mmult_accel.cpp:210 VARIABLE add_ln210_758 LOOP compute BUNDLEDNAME {} DSP 1 BRAM 0 URAM 0 DISPNAME {bind_op add}} {BINDTYPE op ID {} IMPL dsp48 LATENCY 3 OPTYPE mul PRAGMA {} RTLNAME mac_muladd_8s_8s_32s_32_4_1_U4945 SOURCE mmult_accel.cpp:210 VARIABLE mul_ln210_759 LOOP compute BUNDLEDNAME {} DSP 1 BRAM 0 URAM 0 DISPNAME {bind_op mul}} {BINDTYPE op ID {} IMPL dsp48 LATENCY 3 OPTYPE add PRAGMA {} RTLNAME mac_muladd_8s_8s_32s_32_4_1_U4945 SOURCE mmult_accel.cpp:210 VARIABLE add_ln210_759 LOOP compute BUNDLEDNAME {} DSP 1 BRAM 0 URAM 0 DISPNAME {bind_op add}} {BINDTYPE op ID {} IMPL dsp48 LATENCY 3 OPTYPE mul PRAGMA {} RTLNAME mac_muladd_8s_8s_32s_32_4_1_U4946 SOURCE mmult_accel.cpp:210 VARIABLE mul_ln210_760 LOOP compute BUNDLEDNAME {} DSP 1 BRAM 0 URAM 0 DISPNAME {bind_op mul}} {BINDTYPE op ID {} IMPL dsp48 LATENCY 3 OPTYPE add PRAGMA {} RTLNAME mac_muladd_8s_8s_32s_32_4_1_U4946 SOURCE mmult_accel.cpp:210 VARIABLE add_ln210_760 LOOP compute BUNDLEDNAME {} DSP 1 BRAM 0 URAM 0 DISPNAME {bind_op add}} {BINDTYPE op ID {} IMPL dsp48 LATENCY 3 OPTYPE mul PRAGMA {} RTLNAME mac_muladd_8s_8s_32s_32_4_1_U4947 SOURCE mmult_accel.cpp:210 VARIABLE mul_ln210_761 LOOP compute BUNDLEDNAME {} DSP 1 BRAM 0 URAM 0 DISPNAME {bind_op mul}} {BINDTYPE op ID {} IMPL dsp48 LATENCY 3 OPTYPE add PRAGMA {} RTLNAME mac_muladd_8s_8s_32s_32_4_1_U4947 SOURCE mmult_accel.cpp:210 VARIABLE add_ln210_761 LOOP compute BUNDLEDNAME {} DSP 1 BRAM 0 URAM 0 DISPNAME {bind_op add}} {BINDTYPE op ID {} IMPL dsp48 LATENCY 3 OPTYPE mul PRAGMA {} RTLNAME mac_muladd_8s_8s_32s_32_4_1_U4948 SOURCE mmult_accel.cpp:210 VARIABLE mul_ln210_762 LOOP compute BUNDLEDNAME {} DSP 1 BRAM 0 URAM 0 DISPNAME {bind_op mul}} {BINDTYPE op ID {} IMPL dsp48 LATENCY 3 OPTYPE add PRAGMA {} RTLNAME mac_muladd_8s_8s_32s_32_4_1_U4948 SOURCE mmult_accel.cpp:210 VARIABLE add_ln210_762 LOOP compute BUNDLEDNAME {} DSP 1 BRAM 0 URAM 0 DISPNAME {bind_op add}} {BINDTYPE op ID {} IMPL dsp48 LATENCY 3 OPTYPE mul PRAGMA {} RTLNAME mac_muladd_8s_8s_32s_32_4_1_U4949 SOURCE mmult_accel.cpp:210 VARIABLE mul_ln210_763 LOOP compute BUNDLEDNAME {} DSP 1 BRAM 0 URAM 0 DISPNAME {bind_op mul}} {BINDTYPE op ID {} IMPL dsp48 LATENCY 3 OPTYPE add PRAGMA {} RTLNAME mac_muladd_8s_8s_32s_32_4_1_U4949 SOURCE mmult_accel.cpp:210 VARIABLE add_ln210_763 LOOP compute BUNDLEDNAME {} DSP 1 BRAM 0 URAM 0 DISPNAME {bind_op add}} {BINDTYPE op ID {} IMPL dsp48 LATENCY 3 OPTYPE mul PRAGMA {} RTLNAME mac_muladd_8s_8s_32s_32_4_1_U4950 SOURCE mmult_accel.cpp:210 VARIABLE mul_ln210_764 LOOP compute BUNDLEDNAME {} DSP 1 BRAM 0 URAM 0 DISPNAME {bind_op mul}} {BINDTYPE op ID {} IMPL dsp48 LATENCY 3 OPTYPE add PRAGMA {} RTLNAME mac_muladd_8s_8s_32s_32_4_1_U4950 SOURCE mmult_accel.cpp:210 VARIABLE add_ln210_764 LOOP compute BUNDLEDNAME {} DSP 1 BRAM 0 URAM 0 DISPNAME {bind_op add}} {BINDTYPE op ID {} IMPL dsp48 LATENCY 3 OPTYPE mul PRAGMA {} RTLNAME mac_muladd_8s_8s_32s_32_4_1_U4951 SOURCE mmult_accel.cpp:210 VARIABLE mul_ln210_765 LOOP compute BUNDLEDNAME {} DSP 1 BRAM 0 URAM 0 DISPNAME {bind_op mul}} {BINDTYPE op ID {} IMPL dsp48 LATENCY 3 OPTYPE add PRAGMA {} RTLNAME mac_muladd_8s_8s_32s_32_4_1_U4951 SOURCE mmult_accel.cpp:210 VARIABLE add_ln210_765 LOOP compute BUNDLEDNAME {} DSP 1 BRAM 0 URAM 0 DISPNAME {bind_op add}} {BINDTYPE op ID {} IMPL dsp48 LATENCY 3 OPTYPE mul PRAGMA {} RTLNAME mac_muladd_8s_8s_32s_32_4_1_U4952 SOURCE mmult_accel.cpp:210 VARIABLE mul_ln210_766 LOOP compute BUNDLEDNAME {} DSP 1 BRAM 0 URAM 0 DISPNAME {bind_op mul}} {BINDTYPE op ID {} IMPL dsp48 LATENCY 3 OPTYPE add PRAGMA {} RTLNAME mac_muladd_8s_8s_32s_32_4_1_U4952 SOURCE mmult_accel.cpp:210 VARIABLE add_ln210_766 LOOP compute BUNDLEDNAME {} DSP 1 BRAM 0 URAM 0 DISPNAME {bind_op add}} {BINDTYPE op ID {} IMPL dsp48 LATENCY 3 OPTYPE mul PRAGMA {} RTLNAME mac_muladd_8s_8s_32s_32_4_1_U4953 SOURCE mmult_accel.cpp:210 VARIABLE mul_ln210_767 LOOP compute BUNDLEDNAME {} DSP 1 BRAM 0 URAM 0 DISPNAME {bind_op mul}} {BINDTYPE op ID {} IMPL dsp48 LATENCY 3 OPTYPE add PRAGMA {} RTLNAME mac_muladd_8s_8s_32s_32_4_1_U4953 SOURCE mmult_accel.cpp:210 VARIABLE add_ln210_767 LOOP compute BUNDLEDNAME {} DSP 1 BRAM 0 URAM 0 DISPNAME {bind_op add}} {BINDTYPE op ID {} IMPL dsp48 LATENCY 3 OPTYPE mul PRAGMA {} RTLNAME mac_muladd_8s_8s_32s_32_4_1_U4954 SOURCE mmult_accel.cpp:210 VARIABLE mul_ln210_768 LOOP compute BUNDLEDNAME {} DSP 1 BRAM 0 URAM 0 DISPNAME {bind_op mul}} {BINDTYPE op ID {} IMPL dsp48 LATENCY 3 OPTYPE add PRAGMA {} RTLNAME mac_muladd_8s_8s_32s_32_4_1_U4954 SOURCE mmult_accel.cpp:210 VARIABLE add_ln210_768 LOOP compute BUNDLEDNAME {} DSP 1 BRAM 0 URAM 0 DISPNAME {bind_op add}} {BINDTYPE op ID {} IMPL dsp48 LATENCY 3 OPTYPE mul PRAGMA {} RTLNAME mac_muladd_8s_8s_32s_32_4_1_U4955 SOURCE mmult_accel.cpp:210 VARIABLE mul_ln210_769 LOOP compute BUNDLEDNAME {} DSP 1 BRAM 0 URAM 0 DISPNAME {bind_op mul}} {BINDTYPE op ID {} IMPL dsp48 LATENCY 3 OPTYPE add PRAGMA {} RTLNAME mac_muladd_8s_8s_32s_32_4_1_U4955 SOURCE mmult_accel.cpp:210 VARIABLE add_ln210_769 LOOP compute BUNDLEDNAME {} DSP 1 BRAM 0 URAM 0 DISPNAME {bind_op add}} {BINDTYPE op ID {} IMPL dsp48 LATENCY 3 OPTYPE mul PRAGMA {} RTLNAME mac_muladd_8s_8s_32s_32_4_1_U4956 SOURCE mmult_accel.cpp:210 VARIABLE mul_ln210_770 LOOP compute BUNDLEDNAME {} DSP 1 BRAM 0 URAM 0 DISPNAME {bind_op mul}} {BINDTYPE op ID {} IMPL dsp48 LATENCY 3 OPTYPE add PRAGMA {} RTLNAME mac_muladd_8s_8s_32s_32_4_1_U4956 SOURCE mmult_accel.cpp:210 VARIABLE add_ln210_770 LOOP compute BUNDLEDNAME {} DSP 1 BRAM 0 URAM 0 DISPNAME {bind_op add}} {BINDTYPE op ID {} IMPL dsp48 LATENCY 3 OPTYPE mul PRAGMA {} RTLNAME mac_muladd_8s_8s_32s_32_4_1_U4957 SOURCE mmult_accel.cpp:210 VARIABLE mul_ln210_771 LOOP compute BUNDLEDNAME {} DSP 1 BRAM 0 URAM 0 DISPNAME {bind_op mul}} {BINDTYPE op ID {} IMPL dsp48 LATENCY 3 OPTYPE add PRAGMA {} RTLNAME mac_muladd_8s_8s_32s_32_4_1_U4957 SOURCE mmult_accel.cpp:210 VARIABLE add_ln210_771 LOOP compute BUNDLEDNAME {} DSP 1 BRAM 0 URAM 0 DISPNAME {bind_op add}} {BINDTYPE op ID {} IMPL dsp48 LATENCY 3 OPTYPE mul PRAGMA {} RTLNAME mac_muladd_8s_8s_32s_32_4_1_U4958 SOURCE mmult_accel.cpp:210 VARIABLE mul_ln210_772 LOOP compute BUNDLEDNAME {} DSP 1 BRAM 0 URAM 0 DISPNAME {bind_op mul}} {BINDTYPE op ID {} IMPL dsp48 LATENCY 3 OPTYPE add PRAGMA {} RTLNAME mac_muladd_8s_8s_32s_32_4_1_U4958 SOURCE mmult_accel.cpp:210 VARIABLE add_ln210_772 LOOP compute BUNDLEDNAME {} DSP 1 BRAM 0 URAM 0 DISPNAME {bind_op add}} {BINDTYPE op ID {} IMPL dsp48 LATENCY 3 OPTYPE mul PRAGMA {} RTLNAME mac_muladd_8s_8s_32s_32_4_1_U4959 SOURCE mmult_accel.cpp:210 VARIABLE mul_ln210_773 LOOP compute BUNDLEDNAME {} DSP 1 BRAM 0 URAM 0 DISPNAME {bind_op mul}} {BINDTYPE op ID {} IMPL dsp48 LATENCY 3 OPTYPE add PRAGMA {} RTLNAME mac_muladd_8s_8s_32s_32_4_1_U4959 SOURCE mmult_accel.cpp:210 VARIABLE add_ln210_773 LOOP compute BUNDLEDNAME {} DSP 1 BRAM 0 URAM 0 DISPNAME {bind_op add}} {BINDTYPE op ID {} IMPL dsp48 LATENCY 3 OPTYPE mul PRAGMA {} RTLNAME mac_muladd_8s_8s_32s_32_4_1_U4960 SOURCE mmult_accel.cpp:210 VARIABLE mul_ln210_774 LOOP compute BUNDLEDNAME {} DSP 1 BRAM 0 URAM 0 DISPNAME {bind_op mul}} {BINDTYPE op ID {} IMPL dsp48 LATENCY 3 OPTYPE add PRAGMA {} RTLNAME mac_muladd_8s_8s_32s_32_4_1_U4960 SOURCE mmult_accel.cpp:210 VARIABLE add_ln210_774 LOOP compute BUNDLEDNAME {} DSP 1 BRAM 0 URAM 0 DISPNAME {bind_op add}} {BINDTYPE op ID {} IMPL dsp48 LATENCY 3 OPTYPE mul PRAGMA {} RTLNAME mac_muladd_8s_8s_32s_32_4_1_U4961 SOURCE mmult_accel.cpp:210 VARIABLE mul_ln210_775 LOOP compute BUNDLEDNAME {} DSP 1 BRAM 0 URAM 0 DISPNAME {bind_op mul}} {BINDTYPE op ID {} IMPL dsp48 LATENCY 3 OPTYPE add PRAGMA {} RTLNAME mac_muladd_8s_8s_32s_32_4_1_U4961 SOURCE mmult_accel.cpp:210 VARIABLE add_ln210_775 LOOP compute BUNDLEDNAME {} DSP 1 BRAM 0 URAM 0 DISPNAME {bind_op add}} {BINDTYPE op ID {} IMPL dsp48 LATENCY 3 OPTYPE mul PRAGMA {} RTLNAME mac_muladd_8s_8s_32s_32_4_1_U4962 SOURCE mmult_accel.cpp:210 VARIABLE mul_ln210_776 LOOP compute BUNDLEDNAME {} DSP 1 BRAM 0 URAM 0 DISPNAME {bind_op mul}} {BINDTYPE op ID {} IMPL dsp48 LATENCY 3 OPTYPE add PRAGMA {} RTLNAME mac_muladd_8s_8s_32s_32_4_1_U4962 SOURCE mmult_accel.cpp:210 VARIABLE add_ln210_776 LOOP compute BUNDLEDNAME {} DSP 1 BRAM 0 URAM 0 DISPNAME {bind_op add}} {BINDTYPE op ID {} IMPL dsp48 LATENCY 3 OPTYPE mul PRAGMA {} RTLNAME mac_muladd_8s_8s_32s_32_4_1_U4963 SOURCE mmult_accel.cpp:210 VARIABLE mul_ln210_777 LOOP compute BUNDLEDNAME {} DSP 1 BRAM 0 URAM 0 DISPNAME {bind_op mul}} {BINDTYPE op ID {} IMPL dsp48 LATENCY 3 OPTYPE add PRAGMA {} RTLNAME mac_muladd_8s_8s_32s_32_4_1_U4963 SOURCE mmult_accel.cpp:210 VARIABLE add_ln210_777 LOOP compute BUNDLEDNAME {} DSP 1 BRAM 0 URAM 0 DISPNAME {bind_op add}} {BINDTYPE op ID {} IMPL dsp48 LATENCY 3 OPTYPE mul PRAGMA {} RTLNAME mac_muladd_8s_8s_32s_32_4_1_U4964 SOURCE mmult_accel.cpp:210 VARIABLE mul_ln210_778 LOOP compute BUNDLEDNAME {} DSP 1 BRAM 0 URAM 0 DISPNAME {bind_op mul}} {BINDTYPE op ID {} IMPL dsp48 LATENCY 3 OPTYPE add PRAGMA {} RTLNAME mac_muladd_8s_8s_32s_32_4_1_U4964 SOURCE mmult_accel.cpp:210 VARIABLE add_ln210_778 LOOP compute BUNDLEDNAME {} DSP 1 BRAM 0 URAM 0 DISPNAME {bind_op add}} {BINDTYPE op ID {} IMPL dsp48 LATENCY 3 OPTYPE mul PRAGMA {} RTLNAME mac_muladd_8s_8s_32s_32_4_1_U4965 SOURCE mmult_accel.cpp:210 VARIABLE mul_ln210_779 LOOP compute BUNDLEDNAME {} DSP 1 BRAM 0 URAM 0 DISPNAME {bind_op mul}} {BINDTYPE op ID {} IMPL dsp48 LATENCY 3 OPTYPE add PRAGMA {} RTLNAME mac_muladd_8s_8s_32s_32_4_1_U4965 SOURCE mmult_accel.cpp:210 VARIABLE add_ln210_779 LOOP compute BUNDLEDNAME {} DSP 1 BRAM 0 URAM 0 DISPNAME {bind_op add}} {BINDTYPE op ID {} IMPL dsp48 LATENCY 3 OPTYPE mul PRAGMA {} RTLNAME mac_muladd_8s_8s_32s_32_4_1_U4966 SOURCE mmult_accel.cpp:210 VARIABLE mul_ln210_780 LOOP compute BUNDLEDNAME {} DSP 1 BRAM 0 URAM 0 DISPNAME {bind_op mul}} {BINDTYPE op ID {} IMPL dsp48 LATENCY 3 OPTYPE add PRAGMA {} RTLNAME mac_muladd_8s_8s_32s_32_4_1_U4966 SOURCE mmult_accel.cpp:210 VARIABLE add_ln210_780 LOOP compute BUNDLEDNAME {} DSP 1 BRAM 0 URAM 0 DISPNAME {bind_op add}} {BINDTYPE op ID {} IMPL dsp48 LATENCY 3 OPTYPE mul PRAGMA {} RTLNAME mac_muladd_8s_8s_32s_32_4_1_U4967 SOURCE mmult_accel.cpp:210 VARIABLE mul_ln210_781 LOOP compute BUNDLEDNAME {} DSP 1 BRAM 0 URAM 0 DISPNAME {bind_op mul}} {BINDTYPE op ID {} IMPL dsp48 LATENCY 3 OPTYPE add PRAGMA {} RTLNAME mac_muladd_8s_8s_32s_32_4_1_U4967 SOURCE mmult_accel.cpp:210 VARIABLE add_ln210_781 LOOP compute BUNDLEDNAME {} DSP 1 BRAM 0 URAM 0 DISPNAME {bind_op add}} {BINDTYPE op ID {} IMPL dsp48 LATENCY 3 OPTYPE mul PRAGMA {} RTLNAME mac_muladd_8s_8s_32s_32_4_1_U4968 SOURCE mmult_accel.cpp:210 VARIABLE mul_ln210_782 LOOP compute BUNDLEDNAME {} DSP 1 BRAM 0 URAM 0 DISPNAME {bind_op mul}} {BINDTYPE op ID {} IMPL dsp48 LATENCY 3 OPTYPE add PRAGMA {} RTLNAME mac_muladd_8s_8s_32s_32_4_1_U4968 SOURCE mmult_accel.cpp:210 VARIABLE add_ln210_782 LOOP compute BUNDLEDNAME {} DSP 1 BRAM 0 URAM 0 DISPNAME {bind_op add}} {BINDTYPE op ID {} IMPL dsp48 LATENCY 3 OPTYPE mul PRAGMA {} RTLNAME mac_muladd_8s_8s_32s_32_4_1_U4969 SOURCE mmult_accel.cpp:210 VARIABLE mul_ln210_783 LOOP compute BUNDLEDNAME {} DSP 1 BRAM 0 URAM 0 DISPNAME {bind_op mul}} {BINDTYPE op ID {} IMPL dsp48 LATENCY 3 OPTYPE add PRAGMA {} RTLNAME mac_muladd_8s_8s_32s_32_4_1_U4969 SOURCE mmult_accel.cpp:210 VARIABLE add_ln210_783 LOOP compute BUNDLEDNAME {} DSP 1 BRAM 0 URAM 0 DISPNAME {bind_op add}} {BINDTYPE op ID {} IMPL dsp48 LATENCY 3 OPTYPE mul PRAGMA {} RTLNAME mac_muladd_8s_8s_32s_32_4_1_U4970 SOURCE mmult_accel.cpp:210 VARIABLE mul_ln210_784 LOOP compute BUNDLEDNAME {} DSP 1 BRAM 0 URAM 0 DISPNAME {bind_op mul}} {BINDTYPE op ID {} IMPL dsp48 LATENCY 3 OPTYPE add PRAGMA {} RTLNAME mac_muladd_8s_8s_32s_32_4_1_U4970 SOURCE mmult_accel.cpp:210 VARIABLE add_ln210_784 LOOP compute BUNDLEDNAME {} DSP 1 BRAM 0 URAM 0 DISPNAME {bind_op add}} {BINDTYPE op ID {} IMPL dsp48 LATENCY 3 OPTYPE mul PRAGMA {} RTLNAME mac_muladd_8s_8s_32s_32_4_1_U4971 SOURCE mmult_accel.cpp:210 VARIABLE mul_ln210_785 LOOP compute BUNDLEDNAME {} DSP 1 BRAM 0 URAM 0 DISPNAME {bind_op mul}} {BINDTYPE op ID {} IMPL dsp48 LATENCY 3 OPTYPE add PRAGMA {} RTLNAME mac_muladd_8s_8s_32s_32_4_1_U4971 SOURCE mmult_accel.cpp:210 VARIABLE add_ln210_785 LOOP compute BUNDLEDNAME {} DSP 1 BRAM 0 URAM 0 DISPNAME {bind_op add}} {BINDTYPE op ID {} IMPL dsp48 LATENCY 3 OPTYPE mul PRAGMA {} RTLNAME mac_muladd_8s_8s_32s_32_4_1_U4972 SOURCE mmult_accel.cpp:210 VARIABLE mul_ln210_786 LOOP compute BUNDLEDNAME {} DSP 1 BRAM 0 URAM 0 DISPNAME {bind_op mul}} {BINDTYPE op ID {} IMPL dsp48 LATENCY 3 OPTYPE add PRAGMA {} RTLNAME mac_muladd_8s_8s_32s_32_4_1_U4972 SOURCE mmult_accel.cpp:210 VARIABLE add_ln210_786 LOOP compute BUNDLEDNAME {} DSP 1 BRAM 0 URAM 0 DISPNAME {bind_op add}} {BINDTYPE op ID {} IMPL dsp48 LATENCY 3 OPTYPE mul PRAGMA {} RTLNAME mac_muladd_8s_8s_32s_32_4_1_U4973 SOURCE mmult_accel.cpp:210 VARIABLE mul_ln210_787 LOOP compute BUNDLEDNAME {} DSP 1 BRAM 0 URAM 0 DISPNAME {bind_op mul}} {BINDTYPE op ID {} IMPL dsp48 LATENCY 3 OPTYPE add PRAGMA {} RTLNAME mac_muladd_8s_8s_32s_32_4_1_U4973 SOURCE mmult_accel.cpp:210 VARIABLE add_ln210_787 LOOP compute BUNDLEDNAME {} DSP 1 BRAM 0 URAM 0 DISPNAME {bind_op add}} {BINDTYPE op ID {} IMPL dsp48 LATENCY 3 OPTYPE mul PRAGMA {} RTLNAME mac_muladd_8s_8s_32s_32_4_1_U4974 SOURCE mmult_accel.cpp:210 VARIABLE mul_ln210_788 LOOP compute BUNDLEDNAME {} DSP 1 BRAM 0 URAM 0 DISPNAME {bind_op mul}} {BINDTYPE op ID {} IMPL dsp48 LATENCY 3 OPTYPE add PRAGMA {} RTLNAME mac_muladd_8s_8s_32s_32_4_1_U4974 SOURCE mmult_accel.cpp:210 VARIABLE add_ln210_788 LOOP compute BUNDLEDNAME {} DSP 1 BRAM 0 URAM 0 DISPNAME {bind_op add}} {BINDTYPE op ID {} IMPL dsp48 LATENCY 3 OPTYPE mul PRAGMA {} RTLNAME mac_muladd_8s_8s_32s_32_4_1_U4975 SOURCE mmult_accel.cpp:210 VARIABLE mul_ln210_789 LOOP compute BUNDLEDNAME {} DSP 1 BRAM 0 URAM 0 DISPNAME {bind_op mul}} {BINDTYPE op ID {} IMPL dsp48 LATENCY 3 OPTYPE add PRAGMA {} RTLNAME mac_muladd_8s_8s_32s_32_4_1_U4975 SOURCE mmult_accel.cpp:210 VARIABLE add_ln210_789 LOOP compute BUNDLEDNAME {} DSP 1 BRAM 0 URAM 0 DISPNAME {bind_op add}} {BINDTYPE op ID {} IMPL dsp48 LATENCY 3 OPTYPE mul PRAGMA {} RTLNAME mac_muladd_8s_8s_32s_32_4_1_U4976 SOURCE mmult_accel.cpp:210 VARIABLE mul_ln210_790 LOOP compute BUNDLEDNAME {} DSP 1 BRAM 0 URAM 0 DISPNAME {bind_op mul}} {BINDTYPE op ID {} IMPL dsp48 LATENCY 3 OPTYPE add PRAGMA {} RTLNAME mac_muladd_8s_8s_32s_32_4_1_U4976 SOURCE mmult_accel.cpp:210 VARIABLE add_ln210_790 LOOP compute BUNDLEDNAME {} DSP 1 BRAM 0 URAM 0 DISPNAME {bind_op add}} {BINDTYPE op ID {} IMPL dsp48 LATENCY 3 OPTYPE mul PRAGMA {} RTLNAME mac_muladd_8s_8s_32s_32_4_1_U4977 SOURCE mmult_accel.cpp:210 VARIABLE mul_ln210_791 LOOP compute BUNDLEDNAME {} DSP 1 BRAM 0 URAM 0 DISPNAME {bind_op mul}} {BINDTYPE op ID {} IMPL dsp48 LATENCY 3 OPTYPE add PRAGMA {} RTLNAME mac_muladd_8s_8s_32s_32_4_1_U4977 SOURCE mmult_accel.cpp:210 VARIABLE add_ln210_791 LOOP compute BUNDLEDNAME {} DSP 1 BRAM 0 URAM 0 DISPNAME {bind_op add}} {BINDTYPE op ID {} IMPL dsp48 LATENCY 3 OPTYPE mul PRAGMA {} RTLNAME mac_muladd_8s_8s_32s_32_4_1_U4978 SOURCE mmult_accel.cpp:210 VARIABLE mul_ln210_792 LOOP compute BUNDLEDNAME {} DSP 1 BRAM 0 URAM 0 DISPNAME {bind_op mul}} {BINDTYPE op ID {} IMPL dsp48 LATENCY 3 OPTYPE add PRAGMA {} RTLNAME mac_muladd_8s_8s_32s_32_4_1_U4978 SOURCE mmult_accel.cpp:210 VARIABLE add_ln210_792 LOOP compute BUNDLEDNAME {} DSP 1 BRAM 0 URAM 0 DISPNAME {bind_op add}} {BINDTYPE op ID {} IMPL dsp48 LATENCY 3 OPTYPE mul PRAGMA {} RTLNAME mac_muladd_8s_8s_32s_32_4_1_U4979 SOURCE mmult_accel.cpp:210 VARIABLE mul_ln210_793 LOOP compute BUNDLEDNAME {} DSP 1 BRAM 0 URAM 0 DISPNAME {bind_op mul}} {BINDTYPE op ID {} IMPL dsp48 LATENCY 3 OPTYPE add PRAGMA {} RTLNAME mac_muladd_8s_8s_32s_32_4_1_U4979 SOURCE mmult_accel.cpp:210 VARIABLE add_ln210_793 LOOP compute BUNDLEDNAME {} DSP 1 BRAM 0 URAM 0 DISPNAME {bind_op add}} {BINDTYPE op ID {} IMPL dsp48 LATENCY 3 OPTYPE mul PRAGMA {} RTLNAME mac_muladd_8s_8s_32s_32_4_1_U4980 SOURCE mmult_accel.cpp:210 VARIABLE mul_ln210_794 LOOP compute BUNDLEDNAME {} DSP 1 BRAM 0 URAM 0 DISPNAME {bind_op mul}} {BINDTYPE op ID {} IMPL dsp48 LATENCY 3 OPTYPE add PRAGMA {} RTLNAME mac_muladd_8s_8s_32s_32_4_1_U4980 SOURCE mmult_accel.cpp:210 VARIABLE add_ln210_794 LOOP compute BUNDLEDNAME {} DSP 1 BRAM 0 URAM 0 DISPNAME {bind_op add}} {BINDTYPE op ID {} IMPL dsp48 LATENCY 3 OPTYPE mul PRAGMA {} RTLNAME mac_muladd_8s_8s_32s_32_4_1_U4981 SOURCE mmult_accel.cpp:210 VARIABLE mul_ln210_795 LOOP compute BUNDLEDNAME {} DSP 1 BRAM 0 URAM 0 DISPNAME {bind_op mul}} {BINDTYPE op ID {} IMPL dsp48 LATENCY 3 OPTYPE add PRAGMA {} RTLNAME mac_muladd_8s_8s_32s_32_4_1_U4981 SOURCE mmult_accel.cpp:210 VARIABLE add_ln210_795 LOOP compute BUNDLEDNAME {} DSP 1 BRAM 0 URAM 0 DISPNAME {bind_op add}} {BINDTYPE op ID {} IMPL dsp48 LATENCY 3 OPTYPE mul PRAGMA {} RTLNAME mac_muladd_8s_8s_32s_32_4_1_U4982 SOURCE mmult_accel.cpp:210 VARIABLE mul_ln210_796 LOOP compute BUNDLEDNAME {} DSP 1 BRAM 0 URAM 0 DISPNAME {bind_op mul}} {BINDTYPE op ID {} IMPL dsp48 LATENCY 3 OPTYPE add PRAGMA {} RTLNAME mac_muladd_8s_8s_32s_32_4_1_U4982 SOURCE mmult_accel.cpp:210 VARIABLE add_ln210_796 LOOP compute BUNDLEDNAME {} DSP 1 BRAM 0 URAM 0 DISPNAME {bind_op add}} {BINDTYPE op ID {} IMPL dsp48 LATENCY 3 OPTYPE mul PRAGMA {} RTLNAME mac_muladd_8s_8s_32s_32_4_1_U4983 SOURCE mmult_accel.cpp:210 VARIABLE mul_ln210_797 LOOP compute BUNDLEDNAME {} DSP 1 BRAM 0 URAM 0 DISPNAME {bind_op mul}} {BINDTYPE op ID {} IMPL dsp48 LATENCY 3 OPTYPE add PRAGMA {} RTLNAME mac_muladd_8s_8s_32s_32_4_1_U4983 SOURCE mmult_accel.cpp:210 VARIABLE add_ln210_797 LOOP compute BUNDLEDNAME {} DSP 1 BRAM 0 URAM 0 DISPNAME {bind_op add}} {BINDTYPE op ID {} IMPL dsp48 LATENCY 3 OPTYPE mul PRAGMA {} RTLNAME mac_muladd_8s_8s_32s_32_4_1_U4984 SOURCE mmult_accel.cpp:210 VARIABLE mul_ln210_798 LOOP compute BUNDLEDNAME {} DSP 1 BRAM 0 URAM 0 DISPNAME {bind_op mul}} {BINDTYPE op ID {} IMPL dsp48 LATENCY 3 OPTYPE add PRAGMA {} RTLNAME mac_muladd_8s_8s_32s_32_4_1_U4984 SOURCE mmult_accel.cpp:210 VARIABLE add_ln210_798 LOOP compute BUNDLEDNAME {} DSP 1 BRAM 0 URAM 0 DISPNAME {bind_op add}} {BINDTYPE op ID {} IMPL dsp48 LATENCY 3 OPTYPE mul PRAGMA {} RTLNAME mac_muladd_8s_8s_32s_32_4_1_U4985 SOURCE mmult_accel.cpp:210 VARIABLE mul_ln210_799 LOOP compute BUNDLEDNAME {} DSP 1 BRAM 0 URAM 0 DISPNAME {bind_op mul}} {BINDTYPE op ID {} IMPL dsp48 LATENCY 3 OPTYPE add PRAGMA {} RTLNAME mac_muladd_8s_8s_32s_32_4_1_U4985 SOURCE mmult_accel.cpp:210 VARIABLE add_ln210_799 LOOP compute BUNDLEDNAME {} DSP 1 BRAM 0 URAM 0 DISPNAME {bind_op add}} {BINDTYPE op ID {} IMPL dsp48 LATENCY 3 OPTYPE mul PRAGMA {} RTLNAME mac_muladd_8s_8s_32s_32_4_1_U4986 SOURCE mmult_accel.cpp:210 VARIABLE mul_ln210_800 LOOP compute BUNDLEDNAME {} DSP 1 BRAM 0 URAM 0 DISPNAME {bind_op mul}} {BINDTYPE op ID {} IMPL dsp48 LATENCY 3 OPTYPE add PRAGMA {} RTLNAME mac_muladd_8s_8s_32s_32_4_1_U4986 SOURCE mmult_accel.cpp:210 VARIABLE add_ln210_800 LOOP compute BUNDLEDNAME {} DSP 1 BRAM 0 URAM 0 DISPNAME {bind_op add}} {BINDTYPE op ID {} IMPL dsp48 LATENCY 3 OPTYPE mul PRAGMA {} RTLNAME mac_muladd_8s_8s_32s_32_4_1_U4987 SOURCE mmult_accel.cpp:210 VARIABLE mul_ln210_801 LOOP compute BUNDLEDNAME {} DSP 1 BRAM 0 URAM 0 DISPNAME {bind_op mul}} {BINDTYPE op ID {} IMPL dsp48 LATENCY 3 OPTYPE add PRAGMA {} RTLNAME mac_muladd_8s_8s_32s_32_4_1_U4987 SOURCE mmult_accel.cpp:210 VARIABLE add_ln210_801 LOOP compute BUNDLEDNAME {} DSP 1 BRAM 0 URAM 0 DISPNAME {bind_op add}} {BINDTYPE op ID {} IMPL dsp48 LATENCY 3 OPTYPE mul PRAGMA {} RTLNAME mac_muladd_8s_8s_32s_32_4_1_U4988 SOURCE mmult_accel.cpp:210 VARIABLE mul_ln210_802 LOOP compute BUNDLEDNAME {} DSP 1 BRAM 0 URAM 0 DISPNAME {bind_op mul}} {BINDTYPE op ID {} IMPL dsp48 LATENCY 3 OPTYPE add PRAGMA {} RTLNAME mac_muladd_8s_8s_32s_32_4_1_U4988 SOURCE mmult_accel.cpp:210 VARIABLE add_ln210_802 LOOP compute BUNDLEDNAME {} DSP 1 BRAM 0 URAM 0 DISPNAME {bind_op add}} {BINDTYPE op ID {} IMPL dsp48 LATENCY 3 OPTYPE mul PRAGMA {} RTLNAME mac_muladd_8s_8s_32s_32_4_1_U4989 SOURCE mmult_accel.cpp:210 VARIABLE mul_ln210_803 LOOP compute BUNDLEDNAME {} DSP 1 BRAM 0 URAM 0 DISPNAME {bind_op mul}} {BINDTYPE op ID {} IMPL dsp48 LATENCY 3 OPTYPE add PRAGMA {} RTLNAME mac_muladd_8s_8s_32s_32_4_1_U4989 SOURCE mmult_accel.cpp:210 VARIABLE add_ln210_803 LOOP compute BUNDLEDNAME {} DSP 1 BRAM 0 URAM 0 DISPNAME {bind_op add}} {BINDTYPE op ID {} IMPL dsp48 LATENCY 3 OPTYPE mul PRAGMA {} RTLNAME mac_muladd_8s_8s_32s_32_4_1_U4990 SOURCE mmult_accel.cpp:210 VARIABLE mul_ln210_804 LOOP compute BUNDLEDNAME {} DSP 1 BRAM 0 URAM 0 DISPNAME {bind_op mul}} {BINDTYPE op ID {} IMPL dsp48 LATENCY 3 OPTYPE add PRAGMA {} RTLNAME mac_muladd_8s_8s_32s_32_4_1_U4990 SOURCE mmult_accel.cpp:210 VARIABLE add_ln210_804 LOOP compute BUNDLEDNAME {} DSP 1 BRAM 0 URAM 0 DISPNAME {bind_op add}} {BINDTYPE op ID {} IMPL dsp48 LATENCY 3 OPTYPE mul PRAGMA {} RTLNAME mac_muladd_8s_8s_32s_32_4_1_U4991 SOURCE mmult_accel.cpp:210 VARIABLE mul_ln210_805 LOOP compute BUNDLEDNAME {} DSP 1 BRAM 0 URAM 0 DISPNAME {bind_op mul}} {BINDTYPE op ID {} IMPL dsp48 LATENCY 3 OPTYPE add PRAGMA {} RTLNAME mac_muladd_8s_8s_32s_32_4_1_U4991 SOURCE mmult_accel.cpp:210 VARIABLE add_ln210_805 LOOP compute BUNDLEDNAME {} DSP 1 BRAM 0 URAM 0 DISPNAME {bind_op add}} {BINDTYPE op ID {} IMPL dsp48 LATENCY 3 OPTYPE mul PRAGMA {} RTLNAME mac_muladd_8s_8s_32s_32_4_1_U4992 SOURCE mmult_accel.cpp:210 VARIABLE mul_ln210_806 LOOP compute BUNDLEDNAME {} DSP 1 BRAM 0 URAM 0 DISPNAME {bind_op mul}} {BINDTYPE op ID {} IMPL dsp48 LATENCY 3 OPTYPE add PRAGMA {} RTLNAME mac_muladd_8s_8s_32s_32_4_1_U4992 SOURCE mmult_accel.cpp:210 VARIABLE add_ln210_806 LOOP compute BUNDLEDNAME {} DSP 1 BRAM 0 URAM 0 DISPNAME {bind_op add}} {BINDTYPE op ID {} IMPL dsp48 LATENCY 3 OPTYPE mul PRAGMA {} RTLNAME mac_muladd_8s_8s_32s_32_4_1_U4993 SOURCE mmult_accel.cpp:210 VARIABLE mul_ln210_807 LOOP compute BUNDLEDNAME {} DSP 1 BRAM 0 URAM 0 DISPNAME {bind_op mul}} {BINDTYPE op ID {} IMPL dsp48 LATENCY 3 OPTYPE add PRAGMA {} RTLNAME mac_muladd_8s_8s_32s_32_4_1_U4993 SOURCE mmult_accel.cpp:210 VARIABLE add_ln210_807 LOOP compute BUNDLEDNAME {} DSP 1 BRAM 0 URAM 0 DISPNAME {bind_op add}} {BINDTYPE op ID {} IMPL dsp48 LATENCY 3 OPTYPE mul PRAGMA {} RTLNAME mac_muladd_8s_8s_32s_32_4_1_U4994 SOURCE mmult_accel.cpp:210 VARIABLE mul_ln210_808 LOOP compute BUNDLEDNAME {} DSP 1 BRAM 0 URAM 0 DISPNAME {bind_op mul}} {BINDTYPE op ID {} IMPL dsp48 LATENCY 3 OPTYPE add PRAGMA {} RTLNAME mac_muladd_8s_8s_32s_32_4_1_U4994 SOURCE mmult_accel.cpp:210 VARIABLE add_ln210_808 LOOP compute BUNDLEDNAME {} DSP 1 BRAM 0 URAM 0 DISPNAME {bind_op add}} {BINDTYPE op ID {} IMPL dsp48 LATENCY 3 OPTYPE mul PRAGMA {} RTLNAME mac_muladd_8s_8s_32s_32_4_1_U4995 SOURCE mmult_accel.cpp:210 VARIABLE mul_ln210_809 LOOP compute BUNDLEDNAME {} DSP 1 BRAM 0 URAM 0 DISPNAME {bind_op mul}} {BINDTYPE op ID {} IMPL dsp48 LATENCY 3 OPTYPE add PRAGMA {} RTLNAME mac_muladd_8s_8s_32s_32_4_1_U4995 SOURCE mmult_accel.cpp:210 VARIABLE add_ln210_809 LOOP compute BUNDLEDNAME {} DSP 1 BRAM 0 URAM 0 DISPNAME {bind_op add}} {BINDTYPE op ID {} IMPL dsp48 LATENCY 3 OPTYPE mul PRAGMA {} RTLNAME mac_muladd_8s_8s_32s_32_4_1_U4996 SOURCE mmult_accel.cpp:210 VARIABLE mul_ln210_810 LOOP compute BUNDLEDNAME {} DSP 1 BRAM 0 URAM 0 DISPNAME {bind_op mul}} {BINDTYPE op ID {} IMPL dsp48 LATENCY 3 OPTYPE add PRAGMA {} RTLNAME mac_muladd_8s_8s_32s_32_4_1_U4996 SOURCE mmult_accel.cpp:210 VARIABLE add_ln210_810 LOOP compute BUNDLEDNAME {} DSP 1 BRAM 0 URAM 0 DISPNAME {bind_op add}} {BINDTYPE op ID {} IMPL dsp48 LATENCY 3 OPTYPE mul PRAGMA {} RTLNAME mac_muladd_8s_8s_32s_32_4_1_U4997 SOURCE mmult_accel.cpp:210 VARIABLE mul_ln210_811 LOOP compute BUNDLEDNAME {} DSP 1 BRAM 0 URAM 0 DISPNAME {bind_op mul}} {BINDTYPE op ID {} IMPL dsp48 LATENCY 3 OPTYPE add PRAGMA {} RTLNAME mac_muladd_8s_8s_32s_32_4_1_U4997 SOURCE mmult_accel.cpp:210 VARIABLE add_ln210_811 LOOP compute BUNDLEDNAME {} DSP 1 BRAM 0 URAM 0 DISPNAME {bind_op add}} {BINDTYPE op ID {} IMPL dsp48 LATENCY 3 OPTYPE mul PRAGMA {} RTLNAME mac_muladd_8s_8s_32s_32_4_1_U4998 SOURCE mmult_accel.cpp:210 VARIABLE mul_ln210_812 LOOP compute BUNDLEDNAME {} DSP 1 BRAM 0 URAM 0 DISPNAME {bind_op mul}} {BINDTYPE op ID {} IMPL dsp48 LATENCY 3 OPTYPE add PRAGMA {} RTLNAME mac_muladd_8s_8s_32s_32_4_1_U4998 SOURCE mmult_accel.cpp:210 VARIABLE add_ln210_812 LOOP compute BUNDLEDNAME {} DSP 1 BRAM 0 URAM 0 DISPNAME {bind_op add}} {BINDTYPE op ID {} IMPL dsp48 LATENCY 3 OPTYPE mul PRAGMA {} RTLNAME mac_muladd_8s_8s_32s_32_4_1_U4999 SOURCE mmult_accel.cpp:210 VARIABLE mul_ln210_813 LOOP compute BUNDLEDNAME {} DSP 1 BRAM 0 URAM 0 DISPNAME {bind_op mul}} {BINDTYPE op ID {} IMPL dsp48 LATENCY 3 OPTYPE add PRAGMA {} RTLNAME mac_muladd_8s_8s_32s_32_4_1_U4999 SOURCE mmult_accel.cpp:210 VARIABLE add_ln210_813 LOOP compute BUNDLEDNAME {} DSP 1 BRAM 0 URAM 0 DISPNAME {bind_op add}} {BINDTYPE op ID {} IMPL dsp48 LATENCY 3 OPTYPE mul PRAGMA {} RTLNAME mac_muladd_8s_8s_32s_32_4_1_U5000 SOURCE mmult_accel.cpp:210 VARIABLE mul_ln210_814 LOOP compute BUNDLEDNAME {} DSP 1 BRAM 0 URAM 0 DISPNAME {bind_op mul}} {BINDTYPE op ID {} IMPL dsp48 LATENCY 3 OPTYPE add PRAGMA {} RTLNAME mac_muladd_8s_8s_32s_32_4_1_U5000 SOURCE mmult_accel.cpp:210 VARIABLE add_ln210_814 LOOP compute BUNDLEDNAME {} DSP 1 BRAM 0 URAM 0 DISPNAME {bind_op add}} {BINDTYPE op ID {} IMPL dsp48 LATENCY 3 OPTYPE mul PRAGMA {} RTLNAME mac_muladd_8s_8s_32s_32_4_1_U5001 SOURCE mmult_accel.cpp:210 VARIABLE mul_ln210_815 LOOP compute BUNDLEDNAME {} DSP 1 BRAM 0 URAM 0 DISPNAME {bind_op mul}} {BINDTYPE op ID {} IMPL dsp48 LATENCY 3 OPTYPE add PRAGMA {} RTLNAME mac_muladd_8s_8s_32s_32_4_1_U5001 SOURCE mmult_accel.cpp:210 VARIABLE add_ln210_815 LOOP compute BUNDLEDNAME {} DSP 1 BRAM 0 URAM 0 DISPNAME {bind_op add}} {BINDTYPE op ID {} IMPL dsp48 LATENCY 3 OPTYPE mul PRAGMA {} RTLNAME mac_muladd_8s_8s_32s_32_4_1_U5002 SOURCE mmult_accel.cpp:210 VARIABLE mul_ln210_816 LOOP compute BUNDLEDNAME {} DSP 1 BRAM 0 URAM 0 DISPNAME {bind_op mul}} {BINDTYPE op ID {} IMPL dsp48 LATENCY 3 OPTYPE add PRAGMA {} RTLNAME mac_muladd_8s_8s_32s_32_4_1_U5002 SOURCE mmult_accel.cpp:210 VARIABLE add_ln210_816 LOOP compute BUNDLEDNAME {} DSP 1 BRAM 0 URAM 0 DISPNAME {bind_op add}} {BINDTYPE op ID {} IMPL dsp48 LATENCY 3 OPTYPE mul PRAGMA {} RTLNAME mac_muladd_8s_8s_32s_32_4_1_U5003 SOURCE mmult_accel.cpp:210 VARIABLE mul_ln210_817 LOOP compute BUNDLEDNAME {} DSP 1 BRAM 0 URAM 0 DISPNAME {bind_op mul}} {BINDTYPE op ID {} IMPL dsp48 LATENCY 3 OPTYPE add PRAGMA {} RTLNAME mac_muladd_8s_8s_32s_32_4_1_U5003 SOURCE mmult_accel.cpp:210 VARIABLE add_ln210_817 LOOP compute BUNDLEDNAME {} DSP 1 BRAM 0 URAM 0 DISPNAME {bind_op add}} {BINDTYPE op ID {} IMPL dsp48 LATENCY 3 OPTYPE mul PRAGMA {} RTLNAME mac_muladd_8s_8s_32s_32_4_1_U5004 SOURCE mmult_accel.cpp:210 VARIABLE mul_ln210_818 LOOP compute BUNDLEDNAME {} DSP 1 BRAM 0 URAM 0 DISPNAME {bind_op mul}} {BINDTYPE op ID {} IMPL dsp48 LATENCY 3 OPTYPE add PRAGMA {} RTLNAME mac_muladd_8s_8s_32s_32_4_1_U5004 SOURCE mmult_accel.cpp:210 VARIABLE add_ln210_818 LOOP compute BUNDLEDNAME {} DSP 1 BRAM 0 URAM 0 DISPNAME {bind_op add}} {BINDTYPE op ID {} IMPL dsp48 LATENCY 3 OPTYPE mul PRAGMA {} RTLNAME mac_muladd_8s_8s_32s_32_4_1_U5005 SOURCE mmult_accel.cpp:210 VARIABLE mul_ln210_819 LOOP compute BUNDLEDNAME {} DSP 1 BRAM 0 URAM 0 DISPNAME {bind_op mul}} {BINDTYPE op ID {} IMPL dsp48 LATENCY 3 OPTYPE add PRAGMA {} RTLNAME mac_muladd_8s_8s_32s_32_4_1_U5005 SOURCE mmult_accel.cpp:210 VARIABLE add_ln210_819 LOOP compute BUNDLEDNAME {} DSP 1 BRAM 0 URAM 0 DISPNAME {bind_op add}} {BINDTYPE op ID {} IMPL dsp48 LATENCY 3 OPTYPE mul PRAGMA {} RTLNAME mac_muladd_8s_8s_32s_32_4_1_U5006 SOURCE mmult_accel.cpp:210 VARIABLE mul_ln210_820 LOOP compute BUNDLEDNAME {} DSP 1 BRAM 0 URAM 0 DISPNAME {bind_op mul}} {BINDTYPE op ID {} IMPL dsp48 LATENCY 3 OPTYPE add PRAGMA {} RTLNAME mac_muladd_8s_8s_32s_32_4_1_U5006 SOURCE mmult_accel.cpp:210 VARIABLE add_ln210_820 LOOP compute BUNDLEDNAME {} DSP 1 BRAM 0 URAM 0 DISPNAME {bind_op add}} {BINDTYPE op ID {} IMPL dsp48 LATENCY 3 OPTYPE mul PRAGMA {} RTLNAME mac_muladd_8s_8s_32s_32_4_1_U5007 SOURCE mmult_accel.cpp:210 VARIABLE mul_ln210_821 LOOP compute BUNDLEDNAME {} DSP 1 BRAM 0 URAM 0 DISPNAME {bind_op mul}} {BINDTYPE op ID {} IMPL dsp48 LATENCY 3 OPTYPE add PRAGMA {} RTLNAME mac_muladd_8s_8s_32s_32_4_1_U5007 SOURCE mmult_accel.cpp:210 VARIABLE add_ln210_821 LOOP compute BUNDLEDNAME {} DSP 1 BRAM 0 URAM 0 DISPNAME {bind_op add}} {BINDTYPE op ID {} IMPL dsp48 LATENCY 3 OPTYPE mul PRAGMA {} RTLNAME mac_muladd_8s_8s_32s_32_4_1_U5008 SOURCE mmult_accel.cpp:210 VARIABLE mul_ln210_822 LOOP compute BUNDLEDNAME {} DSP 1 BRAM 0 URAM 0 DISPNAME {bind_op mul}} {BINDTYPE op ID {} IMPL dsp48 LATENCY 3 OPTYPE add PRAGMA {} RTLNAME mac_muladd_8s_8s_32s_32_4_1_U5008 SOURCE mmult_accel.cpp:210 VARIABLE add_ln210_822 LOOP compute BUNDLEDNAME {} DSP 1 BRAM 0 URAM 0 DISPNAME {bind_op add}} {BINDTYPE op ID {} IMPL dsp48 LATENCY 3 OPTYPE mul PRAGMA {} RTLNAME mac_muladd_8s_8s_32s_32_4_1_U5009 SOURCE mmult_accel.cpp:210 VARIABLE mul_ln210_823 LOOP compute BUNDLEDNAME {} DSP 1 BRAM 0 URAM 0 DISPNAME {bind_op mul}} {BINDTYPE op ID {} IMPL dsp48 LATENCY 3 OPTYPE add PRAGMA {} RTLNAME mac_muladd_8s_8s_32s_32_4_1_U5009 SOURCE mmult_accel.cpp:210 VARIABLE add_ln210_823 LOOP compute BUNDLEDNAME {} DSP 1 BRAM 0 URAM 0 DISPNAME {bind_op add}} {BINDTYPE op ID {} IMPL dsp48 LATENCY 3 OPTYPE mul PRAGMA {} RTLNAME mac_muladd_8s_8s_32s_32_4_1_U5010 SOURCE mmult_accel.cpp:210 VARIABLE mul_ln210_824 LOOP compute BUNDLEDNAME {} DSP 1 BRAM 0 URAM 0 DISPNAME {bind_op mul}} {BINDTYPE op ID {} IMPL dsp48 LATENCY 3 OPTYPE add PRAGMA {} RTLNAME mac_muladd_8s_8s_32s_32_4_1_U5010 SOURCE mmult_accel.cpp:210 VARIABLE add_ln210_824 LOOP compute BUNDLEDNAME {} DSP 1 BRAM 0 URAM 0 DISPNAME {bind_op add}} {BINDTYPE op ID {} IMPL dsp48 LATENCY 3 OPTYPE mul PRAGMA {} RTLNAME mac_muladd_8s_8s_32s_32_4_1_U5011 SOURCE mmult_accel.cpp:210 VARIABLE mul_ln210_825 LOOP compute BUNDLEDNAME {} DSP 1 BRAM 0 URAM 0 DISPNAME {bind_op mul}} {BINDTYPE op ID {} IMPL dsp48 LATENCY 3 OPTYPE add PRAGMA {} RTLNAME mac_muladd_8s_8s_32s_32_4_1_U5011 SOURCE mmult_accel.cpp:210 VARIABLE add_ln210_825 LOOP compute BUNDLEDNAME {} DSP 1 BRAM 0 URAM 0 DISPNAME {bind_op add}} {BINDTYPE op ID {} IMPL dsp48 LATENCY 3 OPTYPE mul PRAGMA {} RTLNAME mac_muladd_8s_8s_32s_32_4_1_U5012 SOURCE mmult_accel.cpp:210 VARIABLE mul_ln210_826 LOOP compute BUNDLEDNAME {} DSP 1 BRAM 0 URAM 0 DISPNAME {bind_op mul}} {BINDTYPE op ID {} IMPL dsp48 LATENCY 3 OPTYPE add PRAGMA {} RTLNAME mac_muladd_8s_8s_32s_32_4_1_U5012 SOURCE mmult_accel.cpp:210 VARIABLE add_ln210_826 LOOP compute BUNDLEDNAME {} DSP 1 BRAM 0 URAM 0 DISPNAME {bind_op add}} {BINDTYPE op ID {} IMPL dsp48 LATENCY 3 OPTYPE mul PRAGMA {} RTLNAME mac_muladd_8s_8s_32s_32_4_1_U5013 SOURCE mmult_accel.cpp:210 VARIABLE mul_ln210_827 LOOP compute BUNDLEDNAME {} DSP 1 BRAM 0 URAM 0 DISPNAME {bind_op mul}} {BINDTYPE op ID {} IMPL dsp48 LATENCY 3 OPTYPE add PRAGMA {} RTLNAME mac_muladd_8s_8s_32s_32_4_1_U5013 SOURCE mmult_accel.cpp:210 VARIABLE add_ln210_827 LOOP compute BUNDLEDNAME {} DSP 1 BRAM 0 URAM 0 DISPNAME {bind_op add}} {BINDTYPE op ID {} IMPL dsp48 LATENCY 3 OPTYPE mul PRAGMA {} RTLNAME mac_muladd_8s_8s_32s_32_4_1_U5014 SOURCE mmult_accel.cpp:210 VARIABLE mul_ln210_828 LOOP compute BUNDLEDNAME {} DSP 1 BRAM 0 URAM 0 DISPNAME {bind_op mul}} {BINDTYPE op ID {} IMPL dsp48 LATENCY 3 OPTYPE add PRAGMA {} RTLNAME mac_muladd_8s_8s_32s_32_4_1_U5014 SOURCE mmult_accel.cpp:210 VARIABLE add_ln210_828 LOOP compute BUNDLEDNAME {} DSP 1 BRAM 0 URAM 0 DISPNAME {bind_op add}} {BINDTYPE op ID {} IMPL dsp48 LATENCY 3 OPTYPE mul PRAGMA {} RTLNAME mac_muladd_8s_8s_32s_32_4_1_U5015 SOURCE mmult_accel.cpp:210 VARIABLE mul_ln210_829 LOOP compute BUNDLEDNAME {} DSP 1 BRAM 0 URAM 0 DISPNAME {bind_op mul}} {BINDTYPE op ID {} IMPL dsp48 LATENCY 3 OPTYPE add PRAGMA {} RTLNAME mac_muladd_8s_8s_32s_32_4_1_U5015 SOURCE mmult_accel.cpp:210 VARIABLE add_ln210_829 LOOP compute BUNDLEDNAME {} DSP 1 BRAM 0 URAM 0 DISPNAME {bind_op add}} {BINDTYPE op ID {} IMPL dsp48 LATENCY 3 OPTYPE mul PRAGMA {} RTLNAME mac_muladd_8s_8s_32s_32_4_1_U5016 SOURCE mmult_accel.cpp:210 VARIABLE mul_ln210_830 LOOP compute BUNDLEDNAME {} DSP 1 BRAM 0 URAM 0 DISPNAME {bind_op mul}} {BINDTYPE op ID {} IMPL dsp48 LATENCY 3 OPTYPE add PRAGMA {} RTLNAME mac_muladd_8s_8s_32s_32_4_1_U5016 SOURCE mmult_accel.cpp:210 VARIABLE add_ln210_830 LOOP compute BUNDLEDNAME {} DSP 1 BRAM 0 URAM 0 DISPNAME {bind_op add}} {BINDTYPE op ID {} IMPL dsp48 LATENCY 3 OPTYPE mul PRAGMA {} RTLNAME mac_muladd_8s_8s_32s_32_4_1_U5017 SOURCE mmult_accel.cpp:210 VARIABLE mul_ln210_831 LOOP compute BUNDLEDNAME {} DSP 1 BRAM 0 URAM 0 DISPNAME {bind_op mul}} {BINDTYPE op ID {} IMPL dsp48 LATENCY 3 OPTYPE add PRAGMA {} RTLNAME mac_muladd_8s_8s_32s_32_4_1_U5017 SOURCE mmult_accel.cpp:210 VARIABLE add_ln210_831 LOOP compute BUNDLEDNAME {} DSP 1 BRAM 0 URAM 0 DISPNAME {bind_op add}} {BINDTYPE op ID {} IMPL dsp48 LATENCY 3 OPTYPE mul PRAGMA {} RTLNAME mac_muladd_8s_8s_32s_32_4_1_U5018 SOURCE mmult_accel.cpp:210 VARIABLE mul_ln210_832 LOOP compute BUNDLEDNAME {} DSP 1 BRAM 0 URAM 0 DISPNAME {bind_op mul}} {BINDTYPE op ID {} IMPL dsp48 LATENCY 3 OPTYPE add PRAGMA {} RTLNAME mac_muladd_8s_8s_32s_32_4_1_U5018 SOURCE mmult_accel.cpp:210 VARIABLE add_ln210_832 LOOP compute BUNDLEDNAME {} DSP 1 BRAM 0 URAM 0 DISPNAME {bind_op add}} {BINDTYPE op ID {} IMPL dsp48 LATENCY 3 OPTYPE mul PRAGMA {} RTLNAME mac_muladd_8s_8s_32s_32_4_1_U5019 SOURCE mmult_accel.cpp:210 VARIABLE mul_ln210_833 LOOP compute BUNDLEDNAME {} DSP 1 BRAM 0 URAM 0 DISPNAME {bind_op mul}} {BINDTYPE op ID {} IMPL dsp48 LATENCY 3 OPTYPE add PRAGMA {} RTLNAME mac_muladd_8s_8s_32s_32_4_1_U5019 SOURCE mmult_accel.cpp:210 VARIABLE add_ln210_833 LOOP compute BUNDLEDNAME {} DSP 1 BRAM 0 URAM 0 DISPNAME {bind_op add}} {BINDTYPE op ID {} IMPL dsp48 LATENCY 3 OPTYPE mul PRAGMA {} RTLNAME mac_muladd_8s_8s_32s_32_4_1_U5020 SOURCE mmult_accel.cpp:210 VARIABLE mul_ln210_834 LOOP compute BUNDLEDNAME {} DSP 1 BRAM 0 URAM 0 DISPNAME {bind_op mul}} {BINDTYPE op ID {} IMPL dsp48 LATENCY 3 OPTYPE add PRAGMA {} RTLNAME mac_muladd_8s_8s_32s_32_4_1_U5020 SOURCE mmult_accel.cpp:210 VARIABLE add_ln210_834 LOOP compute BUNDLEDNAME {} DSP 1 BRAM 0 URAM 0 DISPNAME {bind_op add}} {BINDTYPE op ID {} IMPL dsp48 LATENCY 3 OPTYPE mul PRAGMA {} RTLNAME mac_muladd_8s_8s_32s_32_4_1_U5021 SOURCE mmult_accel.cpp:210 VARIABLE mul_ln210_835 LOOP compute BUNDLEDNAME {} DSP 1 BRAM 0 URAM 0 DISPNAME {bind_op mul}} {BINDTYPE op ID {} IMPL dsp48 LATENCY 3 OPTYPE add PRAGMA {} RTLNAME mac_muladd_8s_8s_32s_32_4_1_U5021 SOURCE mmult_accel.cpp:210 VARIABLE add_ln210_835 LOOP compute BUNDLEDNAME {} DSP 1 BRAM 0 URAM 0 DISPNAME {bind_op add}} {BINDTYPE op ID {} IMPL dsp48 LATENCY 3 OPTYPE mul PRAGMA {} RTLNAME mac_muladd_8s_8s_32s_32_4_1_U5022 SOURCE mmult_accel.cpp:210 VARIABLE mul_ln210_836 LOOP compute BUNDLEDNAME {} DSP 1 BRAM 0 URAM 0 DISPNAME {bind_op mul}} {BINDTYPE op ID {} IMPL dsp48 LATENCY 3 OPTYPE add PRAGMA {} RTLNAME mac_muladd_8s_8s_32s_32_4_1_U5022 SOURCE mmult_accel.cpp:210 VARIABLE add_ln210_836 LOOP compute BUNDLEDNAME {} DSP 1 BRAM 0 URAM 0 DISPNAME {bind_op add}} {BINDTYPE op ID {} IMPL dsp48 LATENCY 3 OPTYPE mul PRAGMA {} RTLNAME mac_muladd_8s_8s_32s_32_4_1_U5023 SOURCE mmult_accel.cpp:210 VARIABLE mul_ln210_837 LOOP compute BUNDLEDNAME {} DSP 1 BRAM 0 URAM 0 DISPNAME {bind_op mul}} {BINDTYPE op ID {} IMPL dsp48 LATENCY 3 OPTYPE add PRAGMA {} RTLNAME mac_muladd_8s_8s_32s_32_4_1_U5023 SOURCE mmult_accel.cpp:210 VARIABLE add_ln210_837 LOOP compute BUNDLEDNAME {} DSP 1 BRAM 0 URAM 0 DISPNAME {bind_op add}} {BINDTYPE op ID {} IMPL dsp48 LATENCY 3 OPTYPE mul PRAGMA {} RTLNAME mac_muladd_8s_8s_32s_32_4_1_U5024 SOURCE mmult_accel.cpp:210 VARIABLE mul_ln210_838 LOOP compute BUNDLEDNAME {} DSP 1 BRAM 0 URAM 0 DISPNAME {bind_op mul}} {BINDTYPE op ID {} IMPL dsp48 LATENCY 3 OPTYPE add PRAGMA {} RTLNAME mac_muladd_8s_8s_32s_32_4_1_U5024 SOURCE mmult_accel.cpp:210 VARIABLE add_ln210_838 LOOP compute BUNDLEDNAME {} DSP 1 BRAM 0 URAM 0 DISPNAME {bind_op add}} {BINDTYPE op ID {} IMPL dsp48 LATENCY 3 OPTYPE mul PRAGMA {} RTLNAME mac_muladd_8s_8s_32s_32_4_1_U5025 SOURCE mmult_accel.cpp:210 VARIABLE mul_ln210_839 LOOP compute BUNDLEDNAME {} DSP 1 BRAM 0 URAM 0 DISPNAME {bind_op mul}} {BINDTYPE op ID {} IMPL dsp48 LATENCY 3 OPTYPE add PRAGMA {} RTLNAME mac_muladd_8s_8s_32s_32_4_1_U5025 SOURCE mmult_accel.cpp:210 VARIABLE add_ln210_839 LOOP compute BUNDLEDNAME {} DSP 1 BRAM 0 URAM 0 DISPNAME {bind_op add}} {BINDTYPE op ID {} IMPL dsp48 LATENCY 3 OPTYPE mul PRAGMA {} RTLNAME mac_muladd_8s_8s_32s_32_4_1_U5026 SOURCE mmult_accel.cpp:210 VARIABLE mul_ln210_840 LOOP compute BUNDLEDNAME {} DSP 1 BRAM 0 URAM 0 DISPNAME {bind_op mul}} {BINDTYPE op ID {} IMPL dsp48 LATENCY 3 OPTYPE add PRAGMA {} RTLNAME mac_muladd_8s_8s_32s_32_4_1_U5026 SOURCE mmult_accel.cpp:210 VARIABLE add_ln210_840 LOOP compute BUNDLEDNAME {} DSP 1 BRAM 0 URAM 0 DISPNAME {bind_op add}} {BINDTYPE op ID {} IMPL dsp48 LATENCY 3 OPTYPE mul PRAGMA {} RTLNAME mac_muladd_8s_8s_32s_32_4_1_U5027 SOURCE mmult_accel.cpp:210 VARIABLE mul_ln210_841 LOOP compute BUNDLEDNAME {} DSP 1 BRAM 0 URAM 0 DISPNAME {bind_op mul}} {BINDTYPE op ID {} IMPL dsp48 LATENCY 3 OPTYPE add PRAGMA {} RTLNAME mac_muladd_8s_8s_32s_32_4_1_U5027 SOURCE mmult_accel.cpp:210 VARIABLE add_ln210_841 LOOP compute BUNDLEDNAME {} DSP 1 BRAM 0 URAM 0 DISPNAME {bind_op add}} {BINDTYPE op ID {} IMPL dsp48 LATENCY 3 OPTYPE mul PRAGMA {} RTLNAME mac_muladd_8s_8s_32s_32_4_1_U5028 SOURCE mmult_accel.cpp:210 VARIABLE mul_ln210_842 LOOP compute BUNDLEDNAME {} DSP 1 BRAM 0 URAM 0 DISPNAME {bind_op mul}} {BINDTYPE op ID {} IMPL dsp48 LATENCY 3 OPTYPE add PRAGMA {} RTLNAME mac_muladd_8s_8s_32s_32_4_1_U5028 SOURCE mmult_accel.cpp:210 VARIABLE add_ln210_842 LOOP compute BUNDLEDNAME {} DSP 1 BRAM 0 URAM 0 DISPNAME {bind_op add}} {BINDTYPE op ID {} IMPL dsp48 LATENCY 3 OPTYPE mul PRAGMA {} RTLNAME mac_muladd_8s_8s_32s_32_4_1_U5029 SOURCE mmult_accel.cpp:210 VARIABLE mul_ln210_843 LOOP compute BUNDLEDNAME {} DSP 1 BRAM 0 URAM 0 DISPNAME {bind_op mul}} {BINDTYPE op ID {} IMPL dsp48 LATENCY 3 OPTYPE add PRAGMA {} RTLNAME mac_muladd_8s_8s_32s_32_4_1_U5029 SOURCE mmult_accel.cpp:210 VARIABLE add_ln210_843 LOOP compute BUNDLEDNAME {} DSP 1 BRAM 0 URAM 0 DISPNAME {bind_op add}} {BINDTYPE op ID {} IMPL dsp48 LATENCY 3 OPTYPE mul PRAGMA {} RTLNAME mac_muladd_8s_8s_32s_32_4_1_U5030 SOURCE mmult_accel.cpp:210 VARIABLE mul_ln210_844 LOOP compute BUNDLEDNAME {} DSP 1 BRAM 0 URAM 0 DISPNAME {bind_op mul}} {BINDTYPE op ID {} IMPL dsp48 LATENCY 3 OPTYPE add PRAGMA {} RTLNAME mac_muladd_8s_8s_32s_32_4_1_U5030 SOURCE mmult_accel.cpp:210 VARIABLE add_ln210_844 LOOP compute BUNDLEDNAME {} DSP 1 BRAM 0 URAM 0 DISPNAME {bind_op add}} {BINDTYPE op ID {} IMPL dsp48 LATENCY 3 OPTYPE mul PRAGMA {} RTLNAME mac_muladd_8s_8s_32s_32_4_1_U5031 SOURCE mmult_accel.cpp:210 VARIABLE mul_ln210_845 LOOP compute BUNDLEDNAME {} DSP 1 BRAM 0 URAM 0 DISPNAME {bind_op mul}} {BINDTYPE op ID {} IMPL dsp48 LATENCY 3 OPTYPE add PRAGMA {} RTLNAME mac_muladd_8s_8s_32s_32_4_1_U5031 SOURCE mmult_accel.cpp:210 VARIABLE add_ln210_845 LOOP compute BUNDLEDNAME {} DSP 1 BRAM 0 URAM 0 DISPNAME {bind_op add}} {BINDTYPE op ID {} IMPL dsp48 LATENCY 3 OPTYPE mul PRAGMA {} RTLNAME mac_muladd_8s_8s_32s_32_4_1_U5032 SOURCE mmult_accel.cpp:210 VARIABLE mul_ln210_846 LOOP compute BUNDLEDNAME {} DSP 1 BRAM 0 URAM 0 DISPNAME {bind_op mul}} {BINDTYPE op ID {} IMPL dsp48 LATENCY 3 OPTYPE add PRAGMA {} RTLNAME mac_muladd_8s_8s_32s_32_4_1_U5032 SOURCE mmult_accel.cpp:210 VARIABLE add_ln210_846 LOOP compute BUNDLEDNAME {} DSP 1 BRAM 0 URAM 0 DISPNAME {bind_op add}} {BINDTYPE op ID {} IMPL dsp48 LATENCY 3 OPTYPE mul PRAGMA {} RTLNAME mac_muladd_8s_8s_32s_32_4_1_U5033 SOURCE mmult_accel.cpp:210 VARIABLE mul_ln210_847 LOOP compute BUNDLEDNAME {} DSP 1 BRAM 0 URAM 0 DISPNAME {bind_op mul}} {BINDTYPE op ID {} IMPL dsp48 LATENCY 3 OPTYPE add PRAGMA {} RTLNAME mac_muladd_8s_8s_32s_32_4_1_U5033 SOURCE mmult_accel.cpp:210 VARIABLE add_ln210_847 LOOP compute BUNDLEDNAME {} DSP 1 BRAM 0 URAM 0 DISPNAME {bind_op add}} {BINDTYPE op ID {} IMPL dsp48 LATENCY 3 OPTYPE mul PRAGMA {} RTLNAME mac_muladd_8s_8s_32s_32_4_1_U5034 SOURCE mmult_accel.cpp:210 VARIABLE mul_ln210_848 LOOP compute BUNDLEDNAME {} DSP 1 BRAM 0 URAM 0 DISPNAME {bind_op mul}} {BINDTYPE op ID {} IMPL dsp48 LATENCY 3 OPTYPE add PRAGMA {} RTLNAME mac_muladd_8s_8s_32s_32_4_1_U5034 SOURCE mmult_accel.cpp:210 VARIABLE add_ln210_848 LOOP compute BUNDLEDNAME {} DSP 1 BRAM 0 URAM 0 DISPNAME {bind_op add}} {BINDTYPE op ID {} IMPL dsp48 LATENCY 3 OPTYPE mul PRAGMA {} RTLNAME mac_muladd_8s_8s_32s_32_4_1_U5035 SOURCE mmult_accel.cpp:210 VARIABLE mul_ln210_849 LOOP compute BUNDLEDNAME {} DSP 1 BRAM 0 URAM 0 DISPNAME {bind_op mul}} {BINDTYPE op ID {} IMPL dsp48 LATENCY 3 OPTYPE add PRAGMA {} RTLNAME mac_muladd_8s_8s_32s_32_4_1_U5035 SOURCE mmult_accel.cpp:210 VARIABLE add_ln210_849 LOOP compute BUNDLEDNAME {} DSP 1 BRAM 0 URAM 0 DISPNAME {bind_op add}} {BINDTYPE op ID {} IMPL dsp48 LATENCY 3 OPTYPE mul PRAGMA {} RTLNAME mac_muladd_8s_8s_32s_32_4_1_U5036 SOURCE mmult_accel.cpp:210 VARIABLE mul_ln210_850 LOOP compute BUNDLEDNAME {} DSP 1 BRAM 0 URAM 0 DISPNAME {bind_op mul}} {BINDTYPE op ID {} IMPL dsp48 LATENCY 3 OPTYPE add PRAGMA {} RTLNAME mac_muladd_8s_8s_32s_32_4_1_U5036 SOURCE mmult_accel.cpp:210 VARIABLE add_ln210_850 LOOP compute BUNDLEDNAME {} DSP 1 BRAM 0 URAM 0 DISPNAME {bind_op add}} {BINDTYPE op ID {} IMPL dsp48 LATENCY 3 OPTYPE mul PRAGMA {} RTLNAME mac_muladd_8s_8s_32s_32_4_1_U5037 SOURCE mmult_accel.cpp:210 VARIABLE mul_ln210_851 LOOP compute BUNDLEDNAME {} DSP 1 BRAM 0 URAM 0 DISPNAME {bind_op mul}} {BINDTYPE op ID {} IMPL dsp48 LATENCY 3 OPTYPE add PRAGMA {} RTLNAME mac_muladd_8s_8s_32s_32_4_1_U5037 SOURCE mmult_accel.cpp:210 VARIABLE add_ln210_851 LOOP compute BUNDLEDNAME {} DSP 1 BRAM 0 URAM 0 DISPNAME {bind_op add}} {BINDTYPE op ID {} IMPL dsp48 LATENCY 3 OPTYPE mul PRAGMA {} RTLNAME mac_muladd_8s_8s_32s_32_4_1_U5038 SOURCE mmult_accel.cpp:210 VARIABLE mul_ln210_852 LOOP compute BUNDLEDNAME {} DSP 1 BRAM 0 URAM 0 DISPNAME {bind_op mul}} {BINDTYPE op ID {} IMPL dsp48 LATENCY 3 OPTYPE add PRAGMA {} RTLNAME mac_muladd_8s_8s_32s_32_4_1_U5038 SOURCE mmult_accel.cpp:210 VARIABLE add_ln210_852 LOOP compute BUNDLEDNAME {} DSP 1 BRAM 0 URAM 0 DISPNAME {bind_op add}} {BINDTYPE op ID {} IMPL dsp48 LATENCY 3 OPTYPE mul PRAGMA {} RTLNAME mac_muladd_8s_8s_32s_32_4_1_U5039 SOURCE mmult_accel.cpp:210 VARIABLE mul_ln210_853 LOOP compute BUNDLEDNAME {} DSP 1 BRAM 0 URAM 0 DISPNAME {bind_op mul}} {BINDTYPE op ID {} IMPL dsp48 LATENCY 3 OPTYPE add PRAGMA {} RTLNAME mac_muladd_8s_8s_32s_32_4_1_U5039 SOURCE mmult_accel.cpp:210 VARIABLE add_ln210_853 LOOP compute BUNDLEDNAME {} DSP 1 BRAM 0 URAM 0 DISPNAME {bind_op add}} {BINDTYPE op ID {} IMPL dsp48 LATENCY 3 OPTYPE mul PRAGMA {} RTLNAME mac_muladd_8s_8s_32s_32_4_1_U5040 SOURCE mmult_accel.cpp:210 VARIABLE mul_ln210_854 LOOP compute BUNDLEDNAME {} DSP 1 BRAM 0 URAM 0 DISPNAME {bind_op mul}} {BINDTYPE op ID {} IMPL dsp48 LATENCY 3 OPTYPE add PRAGMA {} RTLNAME mac_muladd_8s_8s_32s_32_4_1_U5040 SOURCE mmult_accel.cpp:210 VARIABLE add_ln210_854 LOOP compute BUNDLEDNAME {} DSP 1 BRAM 0 URAM 0 DISPNAME {bind_op add}} {BINDTYPE op ID {} IMPL dsp48 LATENCY 3 OPTYPE mul PRAGMA {} RTLNAME mac_muladd_8s_8s_32s_32_4_1_U5041 SOURCE mmult_accel.cpp:210 VARIABLE mul_ln210_855 LOOP compute BUNDLEDNAME {} DSP 1 BRAM 0 URAM 0 DISPNAME {bind_op mul}} {BINDTYPE op ID {} IMPL dsp48 LATENCY 3 OPTYPE add PRAGMA {} RTLNAME mac_muladd_8s_8s_32s_32_4_1_U5041 SOURCE mmult_accel.cpp:210 VARIABLE add_ln210_855 LOOP compute BUNDLEDNAME {} DSP 1 BRAM 0 URAM 0 DISPNAME {bind_op add}} {BINDTYPE op ID {} IMPL dsp48 LATENCY 3 OPTYPE mul PRAGMA {} RTLNAME mac_muladd_8s_8s_32s_32_4_1_U5042 SOURCE mmult_accel.cpp:210 VARIABLE mul_ln210_856 LOOP compute BUNDLEDNAME {} DSP 1 BRAM 0 URAM 0 DISPNAME {bind_op mul}} {BINDTYPE op ID {} IMPL dsp48 LATENCY 3 OPTYPE add PRAGMA {} RTLNAME mac_muladd_8s_8s_32s_32_4_1_U5042 SOURCE mmult_accel.cpp:210 VARIABLE add_ln210_856 LOOP compute BUNDLEDNAME {} DSP 1 BRAM 0 URAM 0 DISPNAME {bind_op add}} {BINDTYPE op ID {} IMPL dsp48 LATENCY 3 OPTYPE mul PRAGMA {} RTLNAME mac_muladd_8s_8s_32s_32_4_1_U5043 SOURCE mmult_accel.cpp:210 VARIABLE mul_ln210_857 LOOP compute BUNDLEDNAME {} DSP 1 BRAM 0 URAM 0 DISPNAME {bind_op mul}} {BINDTYPE op ID {} IMPL dsp48 LATENCY 3 OPTYPE add PRAGMA {} RTLNAME mac_muladd_8s_8s_32s_32_4_1_U5043 SOURCE mmult_accel.cpp:210 VARIABLE add_ln210_857 LOOP compute BUNDLEDNAME {} DSP 1 BRAM 0 URAM 0 DISPNAME {bind_op add}} {BINDTYPE op ID {} IMPL dsp48 LATENCY 3 OPTYPE mul PRAGMA {} RTLNAME mac_muladd_8s_8s_32s_32_4_1_U5044 SOURCE mmult_accel.cpp:210 VARIABLE mul_ln210_858 LOOP compute BUNDLEDNAME {} DSP 1 BRAM 0 URAM 0 DISPNAME {bind_op mul}} {BINDTYPE op ID {} IMPL dsp48 LATENCY 3 OPTYPE add PRAGMA {} RTLNAME mac_muladd_8s_8s_32s_32_4_1_U5044 SOURCE mmult_accel.cpp:210 VARIABLE add_ln210_858 LOOP compute BUNDLEDNAME {} DSP 1 BRAM 0 URAM 0 DISPNAME {bind_op add}} {BINDTYPE op ID {} IMPL dsp48 LATENCY 3 OPTYPE mul PRAGMA {} RTLNAME mac_muladd_8s_8s_32s_32_4_1_U5045 SOURCE mmult_accel.cpp:210 VARIABLE mul_ln210_859 LOOP compute BUNDLEDNAME {} DSP 1 BRAM 0 URAM 0 DISPNAME {bind_op mul}} {BINDTYPE op ID {} IMPL dsp48 LATENCY 3 OPTYPE add PRAGMA {} RTLNAME mac_muladd_8s_8s_32s_32_4_1_U5045 SOURCE mmult_accel.cpp:210 VARIABLE add_ln210_859 LOOP compute BUNDLEDNAME {} DSP 1 BRAM 0 URAM 0 DISPNAME {bind_op add}} {BINDTYPE op ID {} IMPL dsp48 LATENCY 3 OPTYPE mul PRAGMA {} RTLNAME mac_muladd_8s_8s_32s_32_4_1_U5046 SOURCE mmult_accel.cpp:210 VARIABLE mul_ln210_860 LOOP compute BUNDLEDNAME {} DSP 1 BRAM 0 URAM 0 DISPNAME {bind_op mul}} {BINDTYPE op ID {} IMPL dsp48 LATENCY 3 OPTYPE add PRAGMA {} RTLNAME mac_muladd_8s_8s_32s_32_4_1_U5046 SOURCE mmult_accel.cpp:210 VARIABLE add_ln210_860 LOOP compute BUNDLEDNAME {} DSP 1 BRAM 0 URAM 0 DISPNAME {bind_op add}} {BINDTYPE op ID {} IMPL dsp48 LATENCY 3 OPTYPE mul PRAGMA {} RTLNAME mac_muladd_8s_8s_32s_32_4_1_U5047 SOURCE mmult_accel.cpp:210 VARIABLE mul_ln210_861 LOOP compute BUNDLEDNAME {} DSP 1 BRAM 0 URAM 0 DISPNAME {bind_op mul}} {BINDTYPE op ID {} IMPL dsp48 LATENCY 3 OPTYPE add PRAGMA {} RTLNAME mac_muladd_8s_8s_32s_32_4_1_U5047 SOURCE mmult_accel.cpp:210 VARIABLE add_ln210_861 LOOP compute BUNDLEDNAME {} DSP 1 BRAM 0 URAM 0 DISPNAME {bind_op add}} {BINDTYPE op ID {} IMPL dsp48 LATENCY 3 OPTYPE mul PRAGMA {} RTLNAME mac_muladd_8s_8s_32s_32_4_1_U5048 SOURCE mmult_accel.cpp:210 VARIABLE mul_ln210_862 LOOP compute BUNDLEDNAME {} DSP 1 BRAM 0 URAM 0 DISPNAME {bind_op mul}} {BINDTYPE op ID {} IMPL dsp48 LATENCY 3 OPTYPE add PRAGMA {} RTLNAME mac_muladd_8s_8s_32s_32_4_1_U5048 SOURCE mmult_accel.cpp:210 VARIABLE add_ln210_862 LOOP compute BUNDLEDNAME {} DSP 1 BRAM 0 URAM 0 DISPNAME {bind_op add}} {BINDTYPE op ID {} IMPL dsp48 LATENCY 3 OPTYPE mul PRAGMA {} RTLNAME mac_muladd_8s_8s_32s_32_4_1_U5049 SOURCE mmult_accel.cpp:210 VARIABLE mul_ln210_863 LOOP compute BUNDLEDNAME {} DSP 1 BRAM 0 URAM 0 DISPNAME {bind_op mul}} {BINDTYPE op ID {} IMPL dsp48 LATENCY 3 OPTYPE add PRAGMA {} RTLNAME mac_muladd_8s_8s_32s_32_4_1_U5049 SOURCE mmult_accel.cpp:210 VARIABLE add_ln210_863 LOOP compute BUNDLEDNAME {} DSP 1 BRAM 0 URAM 0 DISPNAME {bind_op add}} {BINDTYPE op ID {} IMPL dsp48 LATENCY 3 OPTYPE mul PRAGMA {} RTLNAME mac_muladd_8s_8s_32s_32_4_1_U5050 SOURCE mmult_accel.cpp:210 VARIABLE mul_ln210_864 LOOP compute BUNDLEDNAME {} DSP 1 BRAM 0 URAM 0 DISPNAME {bind_op mul}} {BINDTYPE op ID {} IMPL dsp48 LATENCY 3 OPTYPE add PRAGMA {} RTLNAME mac_muladd_8s_8s_32s_32_4_1_U5050 SOURCE mmult_accel.cpp:210 VARIABLE add_ln210_864 LOOP compute BUNDLEDNAME {} DSP 1 BRAM 0 URAM 0 DISPNAME {bind_op add}} {BINDTYPE op ID {} IMPL dsp48 LATENCY 3 OPTYPE mul PRAGMA {} RTLNAME mac_muladd_8s_8s_32s_32_4_1_U5051 SOURCE mmult_accel.cpp:210 VARIABLE mul_ln210_865 LOOP compute BUNDLEDNAME {} DSP 1 BRAM 0 URAM 0 DISPNAME {bind_op mul}} {BINDTYPE op ID {} IMPL dsp48 LATENCY 3 OPTYPE add PRAGMA {} RTLNAME mac_muladd_8s_8s_32s_32_4_1_U5051 SOURCE mmult_accel.cpp:210 VARIABLE add_ln210_865 LOOP compute BUNDLEDNAME {} DSP 1 BRAM 0 URAM 0 DISPNAME {bind_op add}} {BINDTYPE op ID {} IMPL dsp48 LATENCY 3 OPTYPE mul PRAGMA {} RTLNAME mac_muladd_8s_8s_32s_32_4_1_U5052 SOURCE mmult_accel.cpp:210 VARIABLE mul_ln210_866 LOOP compute BUNDLEDNAME {} DSP 1 BRAM 0 URAM 0 DISPNAME {bind_op mul}} {BINDTYPE op ID {} IMPL dsp48 LATENCY 3 OPTYPE add PRAGMA {} RTLNAME mac_muladd_8s_8s_32s_32_4_1_U5052 SOURCE mmult_accel.cpp:210 VARIABLE add_ln210_866 LOOP compute BUNDLEDNAME {} DSP 1 BRAM 0 URAM 0 DISPNAME {bind_op add}} {BINDTYPE op ID {} IMPL dsp48 LATENCY 3 OPTYPE mul PRAGMA {} RTLNAME mac_muladd_8s_8s_32s_32_4_1_U5053 SOURCE mmult_accel.cpp:210 VARIABLE mul_ln210_867 LOOP compute BUNDLEDNAME {} DSP 1 BRAM 0 URAM 0 DISPNAME {bind_op mul}} {BINDTYPE op ID {} IMPL dsp48 LATENCY 3 OPTYPE add PRAGMA {} RTLNAME mac_muladd_8s_8s_32s_32_4_1_U5053 SOURCE mmult_accel.cpp:210 VARIABLE add_ln210_867 LOOP compute BUNDLEDNAME {} DSP 1 BRAM 0 URAM 0 DISPNAME {bind_op add}} {BINDTYPE op ID {} IMPL dsp48 LATENCY 3 OPTYPE mul PRAGMA {} RTLNAME mac_muladd_8s_8s_32s_32_4_1_U5054 SOURCE mmult_accel.cpp:210 VARIABLE mul_ln210_868 LOOP compute BUNDLEDNAME {} DSP 1 BRAM 0 URAM 0 DISPNAME {bind_op mul}} {BINDTYPE op ID {} IMPL dsp48 LATENCY 3 OPTYPE add PRAGMA {} RTLNAME mac_muladd_8s_8s_32s_32_4_1_U5054 SOURCE mmult_accel.cpp:210 VARIABLE add_ln210_868 LOOP compute BUNDLEDNAME {} DSP 1 BRAM 0 URAM 0 DISPNAME {bind_op add}} {BINDTYPE op ID {} IMPL dsp48 LATENCY 3 OPTYPE mul PRAGMA {} RTLNAME mac_muladd_8s_8s_32s_32_4_1_U5055 SOURCE mmult_accel.cpp:210 VARIABLE mul_ln210_869 LOOP compute BUNDLEDNAME {} DSP 1 BRAM 0 URAM 0 DISPNAME {bind_op mul}} {BINDTYPE op ID {} IMPL dsp48 LATENCY 3 OPTYPE add PRAGMA {} RTLNAME mac_muladd_8s_8s_32s_32_4_1_U5055 SOURCE mmult_accel.cpp:210 VARIABLE add_ln210_869 LOOP compute BUNDLEDNAME {} DSP 1 BRAM 0 URAM 0 DISPNAME {bind_op add}} {BINDTYPE op ID {} IMPL dsp48 LATENCY 3 OPTYPE mul PRAGMA {} RTLNAME mac_muladd_8s_8s_32s_32_4_1_U5056 SOURCE mmult_accel.cpp:210 VARIABLE mul_ln210_870 LOOP compute BUNDLEDNAME {} DSP 1 BRAM 0 URAM 0 DISPNAME {bind_op mul}} {BINDTYPE op ID {} IMPL dsp48 LATENCY 3 OPTYPE add PRAGMA {} RTLNAME mac_muladd_8s_8s_32s_32_4_1_U5056 SOURCE mmult_accel.cpp:210 VARIABLE add_ln210_870 LOOP compute BUNDLEDNAME {} DSP 1 BRAM 0 URAM 0 DISPNAME {bind_op add}} {BINDTYPE op ID {} IMPL dsp48 LATENCY 3 OPTYPE mul PRAGMA {} RTLNAME mac_muladd_8s_8s_32s_32_4_1_U5057 SOURCE mmult_accel.cpp:210 VARIABLE mul_ln210_871 LOOP compute BUNDLEDNAME {} DSP 1 BRAM 0 URAM 0 DISPNAME {bind_op mul}} {BINDTYPE op ID {} IMPL dsp48 LATENCY 3 OPTYPE add PRAGMA {} RTLNAME mac_muladd_8s_8s_32s_32_4_1_U5057 SOURCE mmult_accel.cpp:210 VARIABLE add_ln210_871 LOOP compute BUNDLEDNAME {} DSP 1 BRAM 0 URAM 0 DISPNAME {bind_op add}} {BINDTYPE op ID {} IMPL dsp48 LATENCY 3 OPTYPE mul PRAGMA {} RTLNAME mac_muladd_8s_8s_32s_32_4_1_U5058 SOURCE mmult_accel.cpp:210 VARIABLE mul_ln210_872 LOOP compute BUNDLEDNAME {} DSP 1 BRAM 0 URAM 0 DISPNAME {bind_op mul}} {BINDTYPE op ID {} IMPL dsp48 LATENCY 3 OPTYPE add PRAGMA {} RTLNAME mac_muladd_8s_8s_32s_32_4_1_U5058 SOURCE mmult_accel.cpp:210 VARIABLE add_ln210_872 LOOP compute BUNDLEDNAME {} DSP 1 BRAM 0 URAM 0 DISPNAME {bind_op add}} {BINDTYPE op ID {} IMPL dsp48 LATENCY 3 OPTYPE mul PRAGMA {} RTLNAME mac_muladd_8s_8s_32s_32_4_1_U5059 SOURCE mmult_accel.cpp:210 VARIABLE mul_ln210_873 LOOP compute BUNDLEDNAME {} DSP 1 BRAM 0 URAM 0 DISPNAME {bind_op mul}} {BINDTYPE op ID {} IMPL dsp48 LATENCY 3 OPTYPE add PRAGMA {} RTLNAME mac_muladd_8s_8s_32s_32_4_1_U5059 SOURCE mmult_accel.cpp:210 VARIABLE add_ln210_873 LOOP compute BUNDLEDNAME {} DSP 1 BRAM 0 URAM 0 DISPNAME {bind_op add}} {BINDTYPE op ID {} IMPL dsp48 LATENCY 3 OPTYPE mul PRAGMA {} RTLNAME mac_muladd_8s_8s_32s_32_4_1_U5060 SOURCE mmult_accel.cpp:210 VARIABLE mul_ln210_874 LOOP compute BUNDLEDNAME {} DSP 1 BRAM 0 URAM 0 DISPNAME {bind_op mul}} {BINDTYPE op ID {} IMPL dsp48 LATENCY 3 OPTYPE add PRAGMA {} RTLNAME mac_muladd_8s_8s_32s_32_4_1_U5060 SOURCE mmult_accel.cpp:210 VARIABLE add_ln210_874 LOOP compute BUNDLEDNAME {} DSP 1 BRAM 0 URAM 0 DISPNAME {bind_op add}} {BINDTYPE op ID {} IMPL dsp48 LATENCY 3 OPTYPE mul PRAGMA {} RTLNAME mac_muladd_8s_8s_32s_32_4_1_U5061 SOURCE mmult_accel.cpp:210 VARIABLE mul_ln210_875 LOOP compute BUNDLEDNAME {} DSP 1 BRAM 0 URAM 0 DISPNAME {bind_op mul}} {BINDTYPE op ID {} IMPL dsp48 LATENCY 3 OPTYPE add PRAGMA {} RTLNAME mac_muladd_8s_8s_32s_32_4_1_U5061 SOURCE mmult_accel.cpp:210 VARIABLE add_ln210_875 LOOP compute BUNDLEDNAME {} DSP 1 BRAM 0 URAM 0 DISPNAME {bind_op add}} {BINDTYPE op ID {} IMPL dsp48 LATENCY 3 OPTYPE mul PRAGMA {} RTLNAME mac_muladd_8s_8s_32s_32_4_1_U5062 SOURCE mmult_accel.cpp:210 VARIABLE mul_ln210_876 LOOP compute BUNDLEDNAME {} DSP 1 BRAM 0 URAM 0 DISPNAME {bind_op mul}} {BINDTYPE op ID {} IMPL dsp48 LATENCY 3 OPTYPE add PRAGMA {} RTLNAME mac_muladd_8s_8s_32s_32_4_1_U5062 SOURCE mmult_accel.cpp:210 VARIABLE add_ln210_876 LOOP compute BUNDLEDNAME {} DSP 1 BRAM 0 URAM 0 DISPNAME {bind_op add}} {BINDTYPE op ID {} IMPL dsp48 LATENCY 3 OPTYPE mul PRAGMA {} RTLNAME mac_muladd_8s_8s_32s_32_4_1_U5063 SOURCE mmult_accel.cpp:210 VARIABLE mul_ln210_877 LOOP compute BUNDLEDNAME {} DSP 1 BRAM 0 URAM 0 DISPNAME {bind_op mul}} {BINDTYPE op ID {} IMPL dsp48 LATENCY 3 OPTYPE add PRAGMA {} RTLNAME mac_muladd_8s_8s_32s_32_4_1_U5063 SOURCE mmult_accel.cpp:210 VARIABLE add_ln210_877 LOOP compute BUNDLEDNAME {} DSP 1 BRAM 0 URAM 0 DISPNAME {bind_op add}} {BINDTYPE op ID {} IMPL dsp48 LATENCY 3 OPTYPE mul PRAGMA {} RTLNAME mac_muladd_8s_8s_32s_32_4_1_U5064 SOURCE mmult_accel.cpp:210 VARIABLE mul_ln210_878 LOOP compute BUNDLEDNAME {} DSP 1 BRAM 0 URAM 0 DISPNAME {bind_op mul}} {BINDTYPE op ID {} IMPL dsp48 LATENCY 3 OPTYPE add PRAGMA {} RTLNAME mac_muladd_8s_8s_32s_32_4_1_U5064 SOURCE mmult_accel.cpp:210 VARIABLE add_ln210_878 LOOP compute BUNDLEDNAME {} DSP 1 BRAM 0 URAM 0 DISPNAME {bind_op add}} {BINDTYPE op ID {} IMPL dsp48 LATENCY 3 OPTYPE mul PRAGMA {} RTLNAME mac_muladd_8s_8s_32s_32_4_1_U5065 SOURCE mmult_accel.cpp:210 VARIABLE mul_ln210_879 LOOP compute BUNDLEDNAME {} DSP 1 BRAM 0 URAM 0 DISPNAME {bind_op mul}} {BINDTYPE op ID {} IMPL dsp48 LATENCY 3 OPTYPE add PRAGMA {} RTLNAME mac_muladd_8s_8s_32s_32_4_1_U5065 SOURCE mmult_accel.cpp:210 VARIABLE add_ln210_879 LOOP compute BUNDLEDNAME {} DSP 1 BRAM 0 URAM 0 DISPNAME {bind_op add}} {BINDTYPE op ID {} IMPL dsp48 LATENCY 3 OPTYPE mul PRAGMA {} RTLNAME mac_muladd_8s_8s_32s_32_4_1_U5066 SOURCE mmult_accel.cpp:210 VARIABLE mul_ln210_880 LOOP compute BUNDLEDNAME {} DSP 1 BRAM 0 URAM 0 DISPNAME {bind_op mul}} {BINDTYPE op ID {} IMPL dsp48 LATENCY 3 OPTYPE add PRAGMA {} RTLNAME mac_muladd_8s_8s_32s_32_4_1_U5066 SOURCE mmult_accel.cpp:210 VARIABLE add_ln210_880 LOOP compute BUNDLEDNAME {} DSP 1 BRAM 0 URAM 0 DISPNAME {bind_op add}} {BINDTYPE op ID {} IMPL dsp48 LATENCY 3 OPTYPE mul PRAGMA {} RTLNAME mac_muladd_8s_8s_32s_32_4_1_U5067 SOURCE mmult_accel.cpp:210 VARIABLE mul_ln210_881 LOOP compute BUNDLEDNAME {} DSP 1 BRAM 0 URAM 0 DISPNAME {bind_op mul}} {BINDTYPE op ID {} IMPL dsp48 LATENCY 3 OPTYPE add PRAGMA {} RTLNAME mac_muladd_8s_8s_32s_32_4_1_U5067 SOURCE mmult_accel.cpp:210 VARIABLE add_ln210_881 LOOP compute BUNDLEDNAME {} DSP 1 BRAM 0 URAM 0 DISPNAME {bind_op add}} {BINDTYPE op ID {} IMPL dsp48 LATENCY 3 OPTYPE mul PRAGMA {} RTLNAME mac_muladd_8s_8s_32s_32_4_1_U5068 SOURCE mmult_accel.cpp:210 VARIABLE mul_ln210_882 LOOP compute BUNDLEDNAME {} DSP 1 BRAM 0 URAM 0 DISPNAME {bind_op mul}} {BINDTYPE op ID {} IMPL dsp48 LATENCY 3 OPTYPE add PRAGMA {} RTLNAME mac_muladd_8s_8s_32s_32_4_1_U5068 SOURCE mmult_accel.cpp:210 VARIABLE add_ln210_882 LOOP compute BUNDLEDNAME {} DSP 1 BRAM 0 URAM 0 DISPNAME {bind_op add}} {BINDTYPE op ID {} IMPL dsp48 LATENCY 3 OPTYPE mul PRAGMA {} RTLNAME mac_muladd_8s_8s_32s_32_4_1_U5069 SOURCE mmult_accel.cpp:210 VARIABLE mul_ln210_883 LOOP compute BUNDLEDNAME {} DSP 1 BRAM 0 URAM 0 DISPNAME {bind_op mul}} {BINDTYPE op ID {} IMPL dsp48 LATENCY 3 OPTYPE add PRAGMA {} RTLNAME mac_muladd_8s_8s_32s_32_4_1_U5069 SOURCE mmult_accel.cpp:210 VARIABLE add_ln210_883 LOOP compute BUNDLEDNAME {} DSP 1 BRAM 0 URAM 0 DISPNAME {bind_op add}} {BINDTYPE op ID {} IMPL dsp48 LATENCY 3 OPTYPE mul PRAGMA {} RTLNAME mac_muladd_8s_8s_32s_32_4_1_U5070 SOURCE mmult_accel.cpp:210 VARIABLE mul_ln210_884 LOOP compute BUNDLEDNAME {} DSP 1 BRAM 0 URAM 0 DISPNAME {bind_op mul}} {BINDTYPE op ID {} IMPL dsp48 LATENCY 3 OPTYPE add PRAGMA {} RTLNAME mac_muladd_8s_8s_32s_32_4_1_U5070 SOURCE mmult_accel.cpp:210 VARIABLE add_ln210_884 LOOP compute BUNDLEDNAME {} DSP 1 BRAM 0 URAM 0 DISPNAME {bind_op add}} {BINDTYPE op ID {} IMPL dsp48 LATENCY 3 OPTYPE mul PRAGMA {} RTLNAME mac_muladd_8s_8s_32s_32_4_1_U5071 SOURCE mmult_accel.cpp:210 VARIABLE mul_ln210_885 LOOP compute BUNDLEDNAME {} DSP 1 BRAM 0 URAM 0 DISPNAME {bind_op mul}} {BINDTYPE op ID {} IMPL dsp48 LATENCY 3 OPTYPE add PRAGMA {} RTLNAME mac_muladd_8s_8s_32s_32_4_1_U5071 SOURCE mmult_accel.cpp:210 VARIABLE add_ln210_885 LOOP compute BUNDLEDNAME {} DSP 1 BRAM 0 URAM 0 DISPNAME {bind_op add}} {BINDTYPE op ID {} IMPL dsp48 LATENCY 3 OPTYPE mul PRAGMA {} RTLNAME mac_muladd_8s_8s_32s_32_4_1_U5072 SOURCE mmult_accel.cpp:210 VARIABLE mul_ln210_886 LOOP compute BUNDLEDNAME {} DSP 1 BRAM 0 URAM 0 DISPNAME {bind_op mul}} {BINDTYPE op ID {} IMPL dsp48 LATENCY 3 OPTYPE add PRAGMA {} RTLNAME mac_muladd_8s_8s_32s_32_4_1_U5072 SOURCE mmult_accel.cpp:210 VARIABLE add_ln210_886 LOOP compute BUNDLEDNAME {} DSP 1 BRAM 0 URAM 0 DISPNAME {bind_op add}} {BINDTYPE op ID {} IMPL dsp48 LATENCY 3 OPTYPE mul PRAGMA {} RTLNAME mac_muladd_8s_8s_32s_32_4_1_U5073 SOURCE mmult_accel.cpp:210 VARIABLE mul_ln210_887 LOOP compute BUNDLEDNAME {} DSP 1 BRAM 0 URAM 0 DISPNAME {bind_op mul}} {BINDTYPE op ID {} IMPL dsp48 LATENCY 3 OPTYPE add PRAGMA {} RTLNAME mac_muladd_8s_8s_32s_32_4_1_U5073 SOURCE mmult_accel.cpp:210 VARIABLE add_ln210_887 LOOP compute BUNDLEDNAME {} DSP 1 BRAM 0 URAM 0 DISPNAME {bind_op add}} {BINDTYPE op ID {} IMPL dsp48 LATENCY 3 OPTYPE mul PRAGMA {} RTLNAME mac_muladd_8s_8s_32s_32_4_1_U5074 SOURCE mmult_accel.cpp:210 VARIABLE mul_ln210_888 LOOP compute BUNDLEDNAME {} DSP 1 BRAM 0 URAM 0 DISPNAME {bind_op mul}} {BINDTYPE op ID {} IMPL dsp48 LATENCY 3 OPTYPE add PRAGMA {} RTLNAME mac_muladd_8s_8s_32s_32_4_1_U5074 SOURCE mmult_accel.cpp:210 VARIABLE add_ln210_888 LOOP compute BUNDLEDNAME {} DSP 1 BRAM 0 URAM 0 DISPNAME {bind_op add}} {BINDTYPE op ID {} IMPL dsp48 LATENCY 3 OPTYPE mul PRAGMA {} RTLNAME mac_muladd_8s_8s_32s_32_4_1_U5075 SOURCE mmult_accel.cpp:210 VARIABLE mul_ln210_889 LOOP compute BUNDLEDNAME {} DSP 1 BRAM 0 URAM 0 DISPNAME {bind_op mul}} {BINDTYPE op ID {} IMPL dsp48 LATENCY 3 OPTYPE add PRAGMA {} RTLNAME mac_muladd_8s_8s_32s_32_4_1_U5075 SOURCE mmult_accel.cpp:210 VARIABLE add_ln210_889 LOOP compute BUNDLEDNAME {} DSP 1 BRAM 0 URAM 0 DISPNAME {bind_op add}} {BINDTYPE op ID {} IMPL dsp48 LATENCY 3 OPTYPE mul PRAGMA {} RTLNAME mac_muladd_8s_8s_32s_32_4_1_U5076 SOURCE mmult_accel.cpp:210 VARIABLE mul_ln210_890 LOOP compute BUNDLEDNAME {} DSP 1 BRAM 0 URAM 0 DISPNAME {bind_op mul}} {BINDTYPE op ID {} IMPL dsp48 LATENCY 3 OPTYPE add PRAGMA {} RTLNAME mac_muladd_8s_8s_32s_32_4_1_U5076 SOURCE mmult_accel.cpp:210 VARIABLE add_ln210_890 LOOP compute BUNDLEDNAME {} DSP 1 BRAM 0 URAM 0 DISPNAME {bind_op add}} {BINDTYPE op ID {} IMPL dsp48 LATENCY 3 OPTYPE mul PRAGMA {} RTLNAME mac_muladd_8s_8s_32s_32_4_1_U5077 SOURCE mmult_accel.cpp:210 VARIABLE mul_ln210_891 LOOP compute BUNDLEDNAME {} DSP 1 BRAM 0 URAM 0 DISPNAME {bind_op mul}} {BINDTYPE op ID {} IMPL dsp48 LATENCY 3 OPTYPE add PRAGMA {} RTLNAME mac_muladd_8s_8s_32s_32_4_1_U5077 SOURCE mmult_accel.cpp:210 VARIABLE add_ln210_891 LOOP compute BUNDLEDNAME {} DSP 1 BRAM 0 URAM 0 DISPNAME {bind_op add}} {BINDTYPE op ID {} IMPL dsp48 LATENCY 3 OPTYPE mul PRAGMA {} RTLNAME mac_muladd_8s_8s_32s_32_4_1_U5078 SOURCE mmult_accel.cpp:210 VARIABLE mul_ln210_892 LOOP compute BUNDLEDNAME {} DSP 1 BRAM 0 URAM 0 DISPNAME {bind_op mul}} {BINDTYPE op ID {} IMPL dsp48 LATENCY 3 OPTYPE add PRAGMA {} RTLNAME mac_muladd_8s_8s_32s_32_4_1_U5078 SOURCE mmult_accel.cpp:210 VARIABLE add_ln210_892 LOOP compute BUNDLEDNAME {} DSP 1 BRAM 0 URAM 0 DISPNAME {bind_op add}} {BINDTYPE op ID {} IMPL dsp48 LATENCY 3 OPTYPE mul PRAGMA {} RTLNAME mac_muladd_8s_8s_32s_32_4_1_U5079 SOURCE mmult_accel.cpp:210 VARIABLE mul_ln210_893 LOOP compute BUNDLEDNAME {} DSP 1 BRAM 0 URAM 0 DISPNAME {bind_op mul}} {BINDTYPE op ID {} IMPL dsp48 LATENCY 3 OPTYPE add PRAGMA {} RTLNAME mac_muladd_8s_8s_32s_32_4_1_U5079 SOURCE mmult_accel.cpp:210 VARIABLE add_ln210_893 LOOP compute BUNDLEDNAME {} DSP 1 BRAM 0 URAM 0 DISPNAME {bind_op add}} {BINDTYPE op ID {} IMPL dsp48 LATENCY 3 OPTYPE mul PRAGMA {} RTLNAME mac_muladd_8s_8s_32s_32_4_1_U5080 SOURCE mmult_accel.cpp:210 VARIABLE mul_ln210_894 LOOP compute BUNDLEDNAME {} DSP 1 BRAM 0 URAM 0 DISPNAME {bind_op mul}} {BINDTYPE op ID {} IMPL dsp48 LATENCY 3 OPTYPE add PRAGMA {} RTLNAME mac_muladd_8s_8s_32s_32_4_1_U5080 SOURCE mmult_accel.cpp:210 VARIABLE add_ln210_894 LOOP compute BUNDLEDNAME {} DSP 1 BRAM 0 URAM 0 DISPNAME {bind_op add}} {BINDTYPE op ID {} IMPL dsp48 LATENCY 3 OPTYPE mul PRAGMA {} RTLNAME mac_muladd_8s_8s_32s_32_4_1_U5081 SOURCE mmult_accel.cpp:210 VARIABLE mul_ln210_895 LOOP compute BUNDLEDNAME {} DSP 1 BRAM 0 URAM 0 DISPNAME {bind_op mul}} {BINDTYPE op ID {} IMPL dsp48 LATENCY 3 OPTYPE add PRAGMA {} RTLNAME mac_muladd_8s_8s_32s_32_4_1_U5081 SOURCE mmult_accel.cpp:210 VARIABLE add_ln210_895 LOOP compute BUNDLEDNAME {} DSP 1 BRAM 0 URAM 0 DISPNAME {bind_op add}} {BINDTYPE op ID {} IMPL dsp48 LATENCY 3 OPTYPE mul PRAGMA {} RTLNAME mac_muladd_8s_8s_32s_32_4_1_U5082 SOURCE mmult_accel.cpp:210 VARIABLE mul_ln210_896 LOOP compute BUNDLEDNAME {} DSP 1 BRAM 0 URAM 0 DISPNAME {bind_op mul}} {BINDTYPE op ID {} IMPL dsp48 LATENCY 3 OPTYPE add PRAGMA {} RTLNAME mac_muladd_8s_8s_32s_32_4_1_U5082 SOURCE mmult_accel.cpp:210 VARIABLE add_ln210_896 LOOP compute BUNDLEDNAME {} DSP 1 BRAM 0 URAM 0 DISPNAME {bind_op add}} {BINDTYPE op ID {} IMPL dsp48 LATENCY 3 OPTYPE mul PRAGMA {} RTLNAME mac_muladd_8s_8s_32s_32_4_1_U5083 SOURCE mmult_accel.cpp:210 VARIABLE mul_ln210_897 LOOP compute BUNDLEDNAME {} DSP 1 BRAM 0 URAM 0 DISPNAME {bind_op mul}} {BINDTYPE op ID {} IMPL dsp48 LATENCY 3 OPTYPE add PRAGMA {} RTLNAME mac_muladd_8s_8s_32s_32_4_1_U5083 SOURCE mmult_accel.cpp:210 VARIABLE add_ln210_897 LOOP compute BUNDLEDNAME {} DSP 1 BRAM 0 URAM 0 DISPNAME {bind_op add}} {BINDTYPE op ID {} IMPL dsp48 LATENCY 3 OPTYPE mul PRAGMA {} RTLNAME mac_muladd_8s_8s_32s_32_4_1_U5084 SOURCE mmult_accel.cpp:210 VARIABLE mul_ln210_898 LOOP compute BUNDLEDNAME {} DSP 1 BRAM 0 URAM 0 DISPNAME {bind_op mul}} {BINDTYPE op ID {} IMPL dsp48 LATENCY 3 OPTYPE add PRAGMA {} RTLNAME mac_muladd_8s_8s_32s_32_4_1_U5084 SOURCE mmult_accel.cpp:210 VARIABLE add_ln210_898 LOOP compute BUNDLEDNAME {} DSP 1 BRAM 0 URAM 0 DISPNAME {bind_op add}} {BINDTYPE op ID {} IMPL dsp48 LATENCY 3 OPTYPE mul PRAGMA {} RTLNAME mac_muladd_8s_8s_32s_32_4_1_U5085 SOURCE mmult_accel.cpp:210 VARIABLE mul_ln210_899 LOOP compute BUNDLEDNAME {} DSP 1 BRAM 0 URAM 0 DISPNAME {bind_op mul}} {BINDTYPE op ID {} IMPL dsp48 LATENCY 3 OPTYPE add PRAGMA {} RTLNAME mac_muladd_8s_8s_32s_32_4_1_U5085 SOURCE mmult_accel.cpp:210 VARIABLE add_ln210_899 LOOP compute BUNDLEDNAME {} DSP 1 BRAM 0 URAM 0 DISPNAME {bind_op add}} {BINDTYPE op ID {} IMPL dsp48 LATENCY 3 OPTYPE mul PRAGMA {} RTLNAME mac_muladd_8s_8s_32s_32_4_1_U5086 SOURCE mmult_accel.cpp:210 VARIABLE mul_ln210_900 LOOP compute BUNDLEDNAME {} DSP 1 BRAM 0 URAM 0 DISPNAME {bind_op mul}} {BINDTYPE op ID {} IMPL dsp48 LATENCY 3 OPTYPE add PRAGMA {} RTLNAME mac_muladd_8s_8s_32s_32_4_1_U5086 SOURCE mmult_accel.cpp:210 VARIABLE add_ln210_900 LOOP compute BUNDLEDNAME {} DSP 1 BRAM 0 URAM 0 DISPNAME {bind_op add}} {BINDTYPE op ID {} IMPL dsp48 LATENCY 3 OPTYPE mul PRAGMA {} RTLNAME mac_muladd_8s_8s_32s_32_4_1_U5087 SOURCE mmult_accel.cpp:210 VARIABLE mul_ln210_901 LOOP compute BUNDLEDNAME {} DSP 1 BRAM 0 URAM 0 DISPNAME {bind_op mul}} {BINDTYPE op ID {} IMPL dsp48 LATENCY 3 OPTYPE add PRAGMA {} RTLNAME mac_muladd_8s_8s_32s_32_4_1_U5087 SOURCE mmult_accel.cpp:210 VARIABLE add_ln210_901 LOOP compute BUNDLEDNAME {} DSP 1 BRAM 0 URAM 0 DISPNAME {bind_op add}} {BINDTYPE op ID {} IMPL dsp48 LATENCY 3 OPTYPE mul PRAGMA {} RTLNAME mac_muladd_8s_8s_32s_32_4_1_U5088 SOURCE mmult_accel.cpp:210 VARIABLE mul_ln210_902 LOOP compute BUNDLEDNAME {} DSP 1 BRAM 0 URAM 0 DISPNAME {bind_op mul}} {BINDTYPE op ID {} IMPL dsp48 LATENCY 3 OPTYPE add PRAGMA {} RTLNAME mac_muladd_8s_8s_32s_32_4_1_U5088 SOURCE mmult_accel.cpp:210 VARIABLE add_ln210_902 LOOP compute BUNDLEDNAME {} DSP 1 BRAM 0 URAM 0 DISPNAME {bind_op add}} {BINDTYPE op ID {} IMPL dsp48 LATENCY 3 OPTYPE mul PRAGMA {} RTLNAME mac_muladd_8s_8s_32s_32_4_1_U5089 SOURCE mmult_accel.cpp:210 VARIABLE mul_ln210_903 LOOP compute BUNDLEDNAME {} DSP 1 BRAM 0 URAM 0 DISPNAME {bind_op mul}} {BINDTYPE op ID {} IMPL dsp48 LATENCY 3 OPTYPE add PRAGMA {} RTLNAME mac_muladd_8s_8s_32s_32_4_1_U5089 SOURCE mmult_accel.cpp:210 VARIABLE add_ln210_903 LOOP compute BUNDLEDNAME {} DSP 1 BRAM 0 URAM 0 DISPNAME {bind_op add}} {BINDTYPE op ID {} IMPL dsp48 LATENCY 3 OPTYPE mul PRAGMA {} RTLNAME mac_muladd_8s_8s_32s_32_4_1_U5090 SOURCE mmult_accel.cpp:210 VARIABLE mul_ln210_904 LOOP compute BUNDLEDNAME {} DSP 1 BRAM 0 URAM 0 DISPNAME {bind_op mul}} {BINDTYPE op ID {} IMPL dsp48 LATENCY 3 OPTYPE add PRAGMA {} RTLNAME mac_muladd_8s_8s_32s_32_4_1_U5090 SOURCE mmult_accel.cpp:210 VARIABLE add_ln210_904 LOOP compute BUNDLEDNAME {} DSP 1 BRAM 0 URAM 0 DISPNAME {bind_op add}} {BINDTYPE op ID {} IMPL dsp48 LATENCY 3 OPTYPE mul PRAGMA {} RTLNAME mac_muladd_8s_8s_32s_32_4_1_U5091 SOURCE mmult_accel.cpp:210 VARIABLE mul_ln210_905 LOOP compute BUNDLEDNAME {} DSP 1 BRAM 0 URAM 0 DISPNAME {bind_op mul}} {BINDTYPE op ID {} IMPL dsp48 LATENCY 3 OPTYPE add PRAGMA {} RTLNAME mac_muladd_8s_8s_32s_32_4_1_U5091 SOURCE mmult_accel.cpp:210 VARIABLE add_ln210_905 LOOP compute BUNDLEDNAME {} DSP 1 BRAM 0 URAM 0 DISPNAME {bind_op add}} {BINDTYPE op ID {} IMPL dsp48 LATENCY 3 OPTYPE mul PRAGMA {} RTLNAME mac_muladd_8s_8s_32s_32_4_1_U5092 SOURCE mmult_accel.cpp:210 VARIABLE mul_ln210_906 LOOP compute BUNDLEDNAME {} DSP 1 BRAM 0 URAM 0 DISPNAME {bind_op mul}} {BINDTYPE op ID {} IMPL dsp48 LATENCY 3 OPTYPE add PRAGMA {} RTLNAME mac_muladd_8s_8s_32s_32_4_1_U5092 SOURCE mmult_accel.cpp:210 VARIABLE add_ln210_906 LOOP compute BUNDLEDNAME {} DSP 1 BRAM 0 URAM 0 DISPNAME {bind_op add}} {BINDTYPE op ID {} IMPL dsp48 LATENCY 3 OPTYPE mul PRAGMA {} RTLNAME mac_muladd_8s_8s_32s_32_4_1_U5093 SOURCE mmult_accel.cpp:210 VARIABLE mul_ln210_907 LOOP compute BUNDLEDNAME {} DSP 1 BRAM 0 URAM 0 DISPNAME {bind_op mul}} {BINDTYPE op ID {} IMPL dsp48 LATENCY 3 OPTYPE add PRAGMA {} RTLNAME mac_muladd_8s_8s_32s_32_4_1_U5093 SOURCE mmult_accel.cpp:210 VARIABLE add_ln210_907 LOOP compute BUNDLEDNAME {} DSP 1 BRAM 0 URAM 0 DISPNAME {bind_op add}} {BINDTYPE op ID {} IMPL dsp48 LATENCY 3 OPTYPE mul PRAGMA {} RTLNAME mac_muladd_8s_8s_32s_32_4_1_U5094 SOURCE mmult_accel.cpp:210 VARIABLE mul_ln210_908 LOOP compute BUNDLEDNAME {} DSP 1 BRAM 0 URAM 0 DISPNAME {bind_op mul}} {BINDTYPE op ID {} IMPL dsp48 LATENCY 3 OPTYPE add PRAGMA {} RTLNAME mac_muladd_8s_8s_32s_32_4_1_U5094 SOURCE mmult_accel.cpp:210 VARIABLE add_ln210_908 LOOP compute BUNDLEDNAME {} DSP 1 BRAM 0 URAM 0 DISPNAME {bind_op add}} {BINDTYPE op ID {} IMPL dsp48 LATENCY 3 OPTYPE mul PRAGMA {} RTLNAME mac_muladd_8s_8s_32s_32_4_1_U5095 SOURCE mmult_accel.cpp:210 VARIABLE mul_ln210_909 LOOP compute BUNDLEDNAME {} DSP 1 BRAM 0 URAM 0 DISPNAME {bind_op mul}} {BINDTYPE op ID {} IMPL dsp48 LATENCY 3 OPTYPE add PRAGMA {} RTLNAME mac_muladd_8s_8s_32s_32_4_1_U5095 SOURCE mmult_accel.cpp:210 VARIABLE add_ln210_909 LOOP compute BUNDLEDNAME {} DSP 1 BRAM 0 URAM 0 DISPNAME {bind_op add}} {BINDTYPE op ID {} IMPL dsp48 LATENCY 3 OPTYPE mul PRAGMA {} RTLNAME mac_muladd_8s_8s_32s_32_4_1_U5096 SOURCE mmult_accel.cpp:210 VARIABLE mul_ln210_910 LOOP compute BUNDLEDNAME {} DSP 1 BRAM 0 URAM 0 DISPNAME {bind_op mul}} {BINDTYPE op ID {} IMPL dsp48 LATENCY 3 OPTYPE add PRAGMA {} RTLNAME mac_muladd_8s_8s_32s_32_4_1_U5096 SOURCE mmult_accel.cpp:210 VARIABLE add_ln210_910 LOOP compute BUNDLEDNAME {} DSP 1 BRAM 0 URAM 0 DISPNAME {bind_op add}} {BINDTYPE op ID {} IMPL dsp48 LATENCY 3 OPTYPE mul PRAGMA {} RTLNAME mac_muladd_8s_8s_32s_32_4_1_U5097 SOURCE mmult_accel.cpp:210 VARIABLE mul_ln210_911 LOOP compute BUNDLEDNAME {} DSP 1 BRAM 0 URAM 0 DISPNAME {bind_op mul}} {BINDTYPE op ID {} IMPL dsp48 LATENCY 3 OPTYPE add PRAGMA {} RTLNAME mac_muladd_8s_8s_32s_32_4_1_U5097 SOURCE mmult_accel.cpp:210 VARIABLE add_ln210_911 LOOP compute BUNDLEDNAME {} DSP 1 BRAM 0 URAM 0 DISPNAME {bind_op add}} {BINDTYPE op ID {} IMPL dsp48 LATENCY 3 OPTYPE mul PRAGMA {} RTLNAME mac_muladd_8s_8s_32s_32_4_1_U5098 SOURCE mmult_accel.cpp:210 VARIABLE mul_ln210_912 LOOP compute BUNDLEDNAME {} DSP 1 BRAM 0 URAM 0 DISPNAME {bind_op mul}} {BINDTYPE op ID {} IMPL dsp48 LATENCY 3 OPTYPE add PRAGMA {} RTLNAME mac_muladd_8s_8s_32s_32_4_1_U5098 SOURCE mmult_accel.cpp:210 VARIABLE add_ln210_912 LOOP compute BUNDLEDNAME {} DSP 1 BRAM 0 URAM 0 DISPNAME {bind_op add}} {BINDTYPE op ID {} IMPL dsp48 LATENCY 3 OPTYPE mul PRAGMA {} RTLNAME mac_muladd_8s_8s_32s_32_4_1_U5099 SOURCE mmult_accel.cpp:210 VARIABLE mul_ln210_913 LOOP compute BUNDLEDNAME {} DSP 1 BRAM 0 URAM 0 DISPNAME {bind_op mul}} {BINDTYPE op ID {} IMPL dsp48 LATENCY 3 OPTYPE add PRAGMA {} RTLNAME mac_muladd_8s_8s_32s_32_4_1_U5099 SOURCE mmult_accel.cpp:210 VARIABLE add_ln210_913 LOOP compute BUNDLEDNAME {} DSP 1 BRAM 0 URAM 0 DISPNAME {bind_op add}} {BINDTYPE op ID {} IMPL dsp48 LATENCY 3 OPTYPE mul PRAGMA {} RTLNAME mac_muladd_8s_8s_32s_32_4_1_U5100 SOURCE mmult_accel.cpp:210 VARIABLE mul_ln210_914 LOOP compute BUNDLEDNAME {} DSP 1 BRAM 0 URAM 0 DISPNAME {bind_op mul}} {BINDTYPE op ID {} IMPL dsp48 LATENCY 3 OPTYPE add PRAGMA {} RTLNAME mac_muladd_8s_8s_32s_32_4_1_U5100 SOURCE mmult_accel.cpp:210 VARIABLE add_ln210_914 LOOP compute BUNDLEDNAME {} DSP 1 BRAM 0 URAM 0 DISPNAME {bind_op add}} {BINDTYPE op ID {} IMPL dsp48 LATENCY 3 OPTYPE mul PRAGMA {} RTLNAME mac_muladd_8s_8s_32s_32_4_1_U5101 SOURCE mmult_accel.cpp:210 VARIABLE mul_ln210_915 LOOP compute BUNDLEDNAME {} DSP 1 BRAM 0 URAM 0 DISPNAME {bind_op mul}} {BINDTYPE op ID {} IMPL dsp48 LATENCY 3 OPTYPE add PRAGMA {} RTLNAME mac_muladd_8s_8s_32s_32_4_1_U5101 SOURCE mmult_accel.cpp:210 VARIABLE add_ln210_915 LOOP compute BUNDLEDNAME {} DSP 1 BRAM 0 URAM 0 DISPNAME {bind_op add}} {BINDTYPE op ID {} IMPL dsp48 LATENCY 3 OPTYPE mul PRAGMA {} RTLNAME mac_muladd_8s_8s_32s_32_4_1_U5102 SOURCE mmult_accel.cpp:210 VARIABLE mul_ln210_916 LOOP compute BUNDLEDNAME {} DSP 1 BRAM 0 URAM 0 DISPNAME {bind_op mul}} {BINDTYPE op ID {} IMPL dsp48 LATENCY 3 OPTYPE add PRAGMA {} RTLNAME mac_muladd_8s_8s_32s_32_4_1_U5102 SOURCE mmult_accel.cpp:210 VARIABLE add_ln210_916 LOOP compute BUNDLEDNAME {} DSP 1 BRAM 0 URAM 0 DISPNAME {bind_op add}} {BINDTYPE op ID {} IMPL dsp48 LATENCY 3 OPTYPE mul PRAGMA {} RTLNAME mac_muladd_8s_8s_32s_32_4_1_U5103 SOURCE mmult_accel.cpp:210 VARIABLE mul_ln210_917 LOOP compute BUNDLEDNAME {} DSP 1 BRAM 0 URAM 0 DISPNAME {bind_op mul}} {BINDTYPE op ID {} IMPL dsp48 LATENCY 3 OPTYPE add PRAGMA {} RTLNAME mac_muladd_8s_8s_32s_32_4_1_U5103 SOURCE mmult_accel.cpp:210 VARIABLE add_ln210_917 LOOP compute BUNDLEDNAME {} DSP 1 BRAM 0 URAM 0 DISPNAME {bind_op add}} {BINDTYPE op ID {} IMPL dsp48 LATENCY 3 OPTYPE mul PRAGMA {} RTLNAME mac_muladd_8s_8s_32s_32_4_1_U5104 SOURCE mmult_accel.cpp:210 VARIABLE mul_ln210_918 LOOP compute BUNDLEDNAME {} DSP 1 BRAM 0 URAM 0 DISPNAME {bind_op mul}} {BINDTYPE op ID {} IMPL dsp48 LATENCY 3 OPTYPE add PRAGMA {} RTLNAME mac_muladd_8s_8s_32s_32_4_1_U5104 SOURCE mmult_accel.cpp:210 VARIABLE add_ln210_918 LOOP compute BUNDLEDNAME {} DSP 1 BRAM 0 URAM 0 DISPNAME {bind_op add}} {BINDTYPE op ID {} IMPL dsp48 LATENCY 3 OPTYPE mul PRAGMA {} RTLNAME mac_muladd_8s_8s_32s_32_4_1_U5105 SOURCE mmult_accel.cpp:210 VARIABLE mul_ln210_919 LOOP compute BUNDLEDNAME {} DSP 1 BRAM 0 URAM 0 DISPNAME {bind_op mul}} {BINDTYPE op ID {} IMPL dsp48 LATENCY 3 OPTYPE add PRAGMA {} RTLNAME mac_muladd_8s_8s_32s_32_4_1_U5105 SOURCE mmult_accel.cpp:210 VARIABLE add_ln210_919 LOOP compute BUNDLEDNAME {} DSP 1 BRAM 0 URAM 0 DISPNAME {bind_op add}} {BINDTYPE op ID {} IMPL dsp48 LATENCY 3 OPTYPE mul PRAGMA {} RTLNAME mac_muladd_8s_8s_32s_32_4_1_U5106 SOURCE mmult_accel.cpp:210 VARIABLE mul_ln210_920 LOOP compute BUNDLEDNAME {} DSP 1 BRAM 0 URAM 0 DISPNAME {bind_op mul}} {BINDTYPE op ID {} IMPL dsp48 LATENCY 3 OPTYPE add PRAGMA {} RTLNAME mac_muladd_8s_8s_32s_32_4_1_U5106 SOURCE mmult_accel.cpp:210 VARIABLE add_ln210_920 LOOP compute BUNDLEDNAME {} DSP 1 BRAM 0 URAM 0 DISPNAME {bind_op add}} {BINDTYPE op ID {} IMPL dsp48 LATENCY 3 OPTYPE mul PRAGMA {} RTLNAME mac_muladd_8s_8s_32s_32_4_1_U5107 SOURCE mmult_accel.cpp:210 VARIABLE mul_ln210_921 LOOP compute BUNDLEDNAME {} DSP 1 BRAM 0 URAM 0 DISPNAME {bind_op mul}} {BINDTYPE op ID {} IMPL dsp48 LATENCY 3 OPTYPE add PRAGMA {} RTLNAME mac_muladd_8s_8s_32s_32_4_1_U5107 SOURCE mmult_accel.cpp:210 VARIABLE add_ln210_921 LOOP compute BUNDLEDNAME {} DSP 1 BRAM 0 URAM 0 DISPNAME {bind_op add}} {BINDTYPE op ID {} IMPL dsp48 LATENCY 3 OPTYPE mul PRAGMA {} RTLNAME mac_muladd_8s_8s_32s_32_4_1_U5108 SOURCE mmult_accel.cpp:210 VARIABLE mul_ln210_922 LOOP compute BUNDLEDNAME {} DSP 1 BRAM 0 URAM 0 DISPNAME {bind_op mul}} {BINDTYPE op ID {} IMPL dsp48 LATENCY 3 OPTYPE add PRAGMA {} RTLNAME mac_muladd_8s_8s_32s_32_4_1_U5108 SOURCE mmult_accel.cpp:210 VARIABLE add_ln210_922 LOOP compute BUNDLEDNAME {} DSP 1 BRAM 0 URAM 0 DISPNAME {bind_op add}} {BINDTYPE op ID {} IMPL dsp48 LATENCY 3 OPTYPE mul PRAGMA {} RTLNAME mac_muladd_8s_8s_32s_32_4_1_U5109 SOURCE mmult_accel.cpp:210 VARIABLE mul_ln210_923 LOOP compute BUNDLEDNAME {} DSP 1 BRAM 0 URAM 0 DISPNAME {bind_op mul}} {BINDTYPE op ID {} IMPL dsp48 LATENCY 3 OPTYPE add PRAGMA {} RTLNAME mac_muladd_8s_8s_32s_32_4_1_U5109 SOURCE mmult_accel.cpp:210 VARIABLE add_ln210_923 LOOP compute BUNDLEDNAME {} DSP 1 BRAM 0 URAM 0 DISPNAME {bind_op add}} {BINDTYPE op ID {} IMPL dsp48 LATENCY 3 OPTYPE mul PRAGMA {} RTLNAME mac_muladd_8s_8s_32s_32_4_1_U5110 SOURCE mmult_accel.cpp:210 VARIABLE mul_ln210_924 LOOP compute BUNDLEDNAME {} DSP 1 BRAM 0 URAM 0 DISPNAME {bind_op mul}} {BINDTYPE op ID {} IMPL dsp48 LATENCY 3 OPTYPE add PRAGMA {} RTLNAME mac_muladd_8s_8s_32s_32_4_1_U5110 SOURCE mmult_accel.cpp:210 VARIABLE add_ln210_924 LOOP compute BUNDLEDNAME {} DSP 1 BRAM 0 URAM 0 DISPNAME {bind_op add}} {BINDTYPE op ID {} IMPL dsp48 LATENCY 3 OPTYPE mul PRAGMA {} RTLNAME mac_muladd_8s_8s_32s_32_4_1_U5111 SOURCE mmult_accel.cpp:210 VARIABLE mul_ln210_925 LOOP compute BUNDLEDNAME {} DSP 1 BRAM 0 URAM 0 DISPNAME {bind_op mul}} {BINDTYPE op ID {} IMPL dsp48 LATENCY 3 OPTYPE add PRAGMA {} RTLNAME mac_muladd_8s_8s_32s_32_4_1_U5111 SOURCE mmult_accel.cpp:210 VARIABLE add_ln210_925 LOOP compute BUNDLEDNAME {} DSP 1 BRAM 0 URAM 0 DISPNAME {bind_op add}} {BINDTYPE op ID {} IMPL dsp48 LATENCY 3 OPTYPE mul PRAGMA {} RTLNAME mac_muladd_8s_8s_32s_32_4_1_U5112 SOURCE mmult_accel.cpp:210 VARIABLE mul_ln210_926 LOOP compute BUNDLEDNAME {} DSP 1 BRAM 0 URAM 0 DISPNAME {bind_op mul}} {BINDTYPE op ID {} IMPL dsp48 LATENCY 3 OPTYPE add PRAGMA {} RTLNAME mac_muladd_8s_8s_32s_32_4_1_U5112 SOURCE mmult_accel.cpp:210 VARIABLE add_ln210_926 LOOP compute BUNDLEDNAME {} DSP 1 BRAM 0 URAM 0 DISPNAME {bind_op add}} {BINDTYPE op ID {} IMPL dsp48 LATENCY 3 OPTYPE mul PRAGMA {} RTLNAME mac_muladd_8s_8s_32s_32_4_1_U5113 SOURCE mmult_accel.cpp:210 VARIABLE mul_ln210_927 LOOP compute BUNDLEDNAME {} DSP 1 BRAM 0 URAM 0 DISPNAME {bind_op mul}} {BINDTYPE op ID {} IMPL dsp48 LATENCY 3 OPTYPE add PRAGMA {} RTLNAME mac_muladd_8s_8s_32s_32_4_1_U5113 SOURCE mmult_accel.cpp:210 VARIABLE add_ln210_927 LOOP compute BUNDLEDNAME {} DSP 1 BRAM 0 URAM 0 DISPNAME {bind_op add}} {BINDTYPE op ID {} IMPL dsp48 LATENCY 3 OPTYPE mul PRAGMA {} RTLNAME mac_muladd_8s_8s_32s_32_4_1_U5114 SOURCE mmult_accel.cpp:210 VARIABLE mul_ln210_928 LOOP compute BUNDLEDNAME {} DSP 1 BRAM 0 URAM 0 DISPNAME {bind_op mul}} {BINDTYPE op ID {} IMPL dsp48 LATENCY 3 OPTYPE add PRAGMA {} RTLNAME mac_muladd_8s_8s_32s_32_4_1_U5114 SOURCE mmult_accel.cpp:210 VARIABLE add_ln210_928 LOOP compute BUNDLEDNAME {} DSP 1 BRAM 0 URAM 0 DISPNAME {bind_op add}} {BINDTYPE op ID {} IMPL dsp48 LATENCY 3 OPTYPE mul PRAGMA {} RTLNAME mac_muladd_8s_8s_32s_32_4_1_U5115 SOURCE mmult_accel.cpp:210 VARIABLE mul_ln210_929 LOOP compute BUNDLEDNAME {} DSP 1 BRAM 0 URAM 0 DISPNAME {bind_op mul}} {BINDTYPE op ID {} IMPL dsp48 LATENCY 3 OPTYPE add PRAGMA {} RTLNAME mac_muladd_8s_8s_32s_32_4_1_U5115 SOURCE mmult_accel.cpp:210 VARIABLE add_ln210_929 LOOP compute BUNDLEDNAME {} DSP 1 BRAM 0 URAM 0 DISPNAME {bind_op add}} {BINDTYPE op ID {} IMPL dsp48 LATENCY 3 OPTYPE mul PRAGMA {} RTLNAME mac_muladd_8s_8s_32s_32_4_1_U5116 SOURCE mmult_accel.cpp:210 VARIABLE mul_ln210_930 LOOP compute BUNDLEDNAME {} DSP 1 BRAM 0 URAM 0 DISPNAME {bind_op mul}} {BINDTYPE op ID {} IMPL dsp48 LATENCY 3 OPTYPE add PRAGMA {} RTLNAME mac_muladd_8s_8s_32s_32_4_1_U5116 SOURCE mmult_accel.cpp:210 VARIABLE add_ln210_930 LOOP compute BUNDLEDNAME {} DSP 1 BRAM 0 URAM 0 DISPNAME {bind_op add}} {BINDTYPE op ID {} IMPL dsp48 LATENCY 3 OPTYPE mul PRAGMA {} RTLNAME mac_muladd_8s_8s_32s_32_4_1_U5117 SOURCE mmult_accel.cpp:210 VARIABLE mul_ln210_931 LOOP compute BUNDLEDNAME {} DSP 1 BRAM 0 URAM 0 DISPNAME {bind_op mul}} {BINDTYPE op ID {} IMPL dsp48 LATENCY 3 OPTYPE add PRAGMA {} RTLNAME mac_muladd_8s_8s_32s_32_4_1_U5117 SOURCE mmult_accel.cpp:210 VARIABLE add_ln210_931 LOOP compute BUNDLEDNAME {} DSP 1 BRAM 0 URAM 0 DISPNAME {bind_op add}} {BINDTYPE op ID {} IMPL dsp48 LATENCY 3 OPTYPE mul PRAGMA {} RTLNAME mac_muladd_8s_8s_32s_32_4_1_U5118 SOURCE mmult_accel.cpp:210 VARIABLE mul_ln210_932 LOOP compute BUNDLEDNAME {} DSP 1 BRAM 0 URAM 0 DISPNAME {bind_op mul}} {BINDTYPE op ID {} IMPL dsp48 LATENCY 3 OPTYPE add PRAGMA {} RTLNAME mac_muladd_8s_8s_32s_32_4_1_U5118 SOURCE mmult_accel.cpp:210 VARIABLE add_ln210_932 LOOP compute BUNDLEDNAME {} DSP 1 BRAM 0 URAM 0 DISPNAME {bind_op add}} {BINDTYPE op ID {} IMPL dsp48 LATENCY 3 OPTYPE mul PRAGMA {} RTLNAME mac_muladd_8s_8s_32s_32_4_1_U5119 SOURCE mmult_accel.cpp:210 VARIABLE mul_ln210_933 LOOP compute BUNDLEDNAME {} DSP 1 BRAM 0 URAM 0 DISPNAME {bind_op mul}} {BINDTYPE op ID {} IMPL dsp48 LATENCY 3 OPTYPE add PRAGMA {} RTLNAME mac_muladd_8s_8s_32s_32_4_1_U5119 SOURCE mmult_accel.cpp:210 VARIABLE add_ln210_933 LOOP compute BUNDLEDNAME {} DSP 1 BRAM 0 URAM 0 DISPNAME {bind_op add}} {BINDTYPE op ID {} IMPL dsp48 LATENCY 3 OPTYPE mul PRAGMA {} RTLNAME mac_muladd_8s_8s_32s_32_4_1_U5120 SOURCE mmult_accel.cpp:210 VARIABLE mul_ln210_934 LOOP compute BUNDLEDNAME {} DSP 1 BRAM 0 URAM 0 DISPNAME {bind_op mul}} {BINDTYPE op ID {} IMPL dsp48 LATENCY 3 OPTYPE add PRAGMA {} RTLNAME mac_muladd_8s_8s_32s_32_4_1_U5120 SOURCE mmult_accel.cpp:210 VARIABLE add_ln210_934 LOOP compute BUNDLEDNAME {} DSP 1 BRAM 0 URAM 0 DISPNAME {bind_op add}} {BINDTYPE op ID {} IMPL dsp48 LATENCY 3 OPTYPE mul PRAGMA {} RTLNAME mac_muladd_8s_8s_32s_32_4_1_U5121 SOURCE mmult_accel.cpp:210 VARIABLE mul_ln210_935 LOOP compute BUNDLEDNAME {} DSP 1 BRAM 0 URAM 0 DISPNAME {bind_op mul}} {BINDTYPE op ID {} IMPL dsp48 LATENCY 3 OPTYPE add PRAGMA {} RTLNAME mac_muladd_8s_8s_32s_32_4_1_U5121 SOURCE mmult_accel.cpp:210 VARIABLE add_ln210_935 LOOP compute BUNDLEDNAME {} DSP 1 BRAM 0 URAM 0 DISPNAME {bind_op add}} {BINDTYPE op ID {} IMPL dsp48 LATENCY 3 OPTYPE mul PRAGMA {} RTLNAME mac_muladd_8s_8s_32s_32_4_1_U5122 SOURCE mmult_accel.cpp:210 VARIABLE mul_ln210_936 LOOP compute BUNDLEDNAME {} DSP 1 BRAM 0 URAM 0 DISPNAME {bind_op mul}} {BINDTYPE op ID {} IMPL dsp48 LATENCY 3 OPTYPE add PRAGMA {} RTLNAME mac_muladd_8s_8s_32s_32_4_1_U5122 SOURCE mmult_accel.cpp:210 VARIABLE add_ln210_936 LOOP compute BUNDLEDNAME {} DSP 1 BRAM 0 URAM 0 DISPNAME {bind_op add}} {BINDTYPE op ID {} IMPL dsp48 LATENCY 3 OPTYPE mul PRAGMA {} RTLNAME mac_muladd_8s_8s_32s_32_4_1_U5123 SOURCE mmult_accel.cpp:210 VARIABLE mul_ln210_937 LOOP compute BUNDLEDNAME {} DSP 1 BRAM 0 URAM 0 DISPNAME {bind_op mul}} {BINDTYPE op ID {} IMPL dsp48 LATENCY 3 OPTYPE add PRAGMA {} RTLNAME mac_muladd_8s_8s_32s_32_4_1_U5123 SOURCE mmult_accel.cpp:210 VARIABLE add_ln210_937 LOOP compute BUNDLEDNAME {} DSP 1 BRAM 0 URAM 0 DISPNAME {bind_op add}} {BINDTYPE op ID {} IMPL dsp48 LATENCY 3 OPTYPE mul PRAGMA {} RTLNAME mac_muladd_8s_8s_32s_32_4_1_U5124 SOURCE mmult_accel.cpp:210 VARIABLE mul_ln210_938 LOOP compute BUNDLEDNAME {} DSP 1 BRAM 0 URAM 0 DISPNAME {bind_op mul}} {BINDTYPE op ID {} IMPL dsp48 LATENCY 3 OPTYPE add PRAGMA {} RTLNAME mac_muladd_8s_8s_32s_32_4_1_U5124 SOURCE mmult_accel.cpp:210 VARIABLE add_ln210_938 LOOP compute BUNDLEDNAME {} DSP 1 BRAM 0 URAM 0 DISPNAME {bind_op add}} {BINDTYPE op ID {} IMPL dsp48 LATENCY 3 OPTYPE mul PRAGMA {} RTLNAME mac_muladd_8s_8s_32s_32_4_1_U5125 SOURCE mmult_accel.cpp:210 VARIABLE mul_ln210_939 LOOP compute BUNDLEDNAME {} DSP 1 BRAM 0 URAM 0 DISPNAME {bind_op mul}} {BINDTYPE op ID {} IMPL dsp48 LATENCY 3 OPTYPE add PRAGMA {} RTLNAME mac_muladd_8s_8s_32s_32_4_1_U5125 SOURCE mmult_accel.cpp:210 VARIABLE add_ln210_939 LOOP compute BUNDLEDNAME {} DSP 1 BRAM 0 URAM 0 DISPNAME {bind_op add}} {BINDTYPE op ID {} IMPL dsp48 LATENCY 3 OPTYPE mul PRAGMA {} RTLNAME mac_muladd_8s_8s_32s_32_4_1_U5126 SOURCE mmult_accel.cpp:210 VARIABLE mul_ln210_940 LOOP compute BUNDLEDNAME {} DSP 1 BRAM 0 URAM 0 DISPNAME {bind_op mul}} {BINDTYPE op ID {} IMPL dsp48 LATENCY 3 OPTYPE add PRAGMA {} RTLNAME mac_muladd_8s_8s_32s_32_4_1_U5126 SOURCE mmult_accel.cpp:210 VARIABLE add_ln210_940 LOOP compute BUNDLEDNAME {} DSP 1 BRAM 0 URAM 0 DISPNAME {bind_op add}} {BINDTYPE op ID {} IMPL dsp48 LATENCY 3 OPTYPE mul PRAGMA {} RTLNAME mac_muladd_8s_8s_32s_32_4_1_U5127 SOURCE mmult_accel.cpp:210 VARIABLE mul_ln210_941 LOOP compute BUNDLEDNAME {} DSP 1 BRAM 0 URAM 0 DISPNAME {bind_op mul}} {BINDTYPE op ID {} IMPL dsp48 LATENCY 3 OPTYPE add PRAGMA {} RTLNAME mac_muladd_8s_8s_32s_32_4_1_U5127 SOURCE mmult_accel.cpp:210 VARIABLE add_ln210_941 LOOP compute BUNDLEDNAME {} DSP 1 BRAM 0 URAM 0 DISPNAME {bind_op add}} {BINDTYPE op ID {} IMPL dsp48 LATENCY 3 OPTYPE mul PRAGMA {} RTLNAME mac_muladd_8s_8s_32s_32_4_1_U5128 SOURCE mmult_accel.cpp:210 VARIABLE mul_ln210_942 LOOP compute BUNDLEDNAME {} DSP 1 BRAM 0 URAM 0 DISPNAME {bind_op mul}} {BINDTYPE op ID {} IMPL dsp48 LATENCY 3 OPTYPE add PRAGMA {} RTLNAME mac_muladd_8s_8s_32s_32_4_1_U5128 SOURCE mmult_accel.cpp:210 VARIABLE add_ln210_942 LOOP compute BUNDLEDNAME {} DSP 1 BRAM 0 URAM 0 DISPNAME {bind_op add}} {BINDTYPE op ID {} IMPL dsp48 LATENCY 3 OPTYPE mul PRAGMA {} RTLNAME mac_muladd_8s_8s_32s_32_4_1_U5129 SOURCE mmult_accel.cpp:210 VARIABLE mul_ln210_943 LOOP compute BUNDLEDNAME {} DSP 1 BRAM 0 URAM 0 DISPNAME {bind_op mul}} {BINDTYPE op ID {} IMPL dsp48 LATENCY 3 OPTYPE add PRAGMA {} RTLNAME mac_muladd_8s_8s_32s_32_4_1_U5129 SOURCE mmult_accel.cpp:210 VARIABLE add_ln210_943 LOOP compute BUNDLEDNAME {} DSP 1 BRAM 0 URAM 0 DISPNAME {bind_op add}} {BINDTYPE op ID {} IMPL dsp48 LATENCY 3 OPTYPE mul PRAGMA {} RTLNAME mac_muladd_8s_8s_32s_32_4_1_U5130 SOURCE mmult_accel.cpp:210 VARIABLE mul_ln210_944 LOOP compute BUNDLEDNAME {} DSP 1 BRAM 0 URAM 0 DISPNAME {bind_op mul}} {BINDTYPE op ID {} IMPL dsp48 LATENCY 3 OPTYPE add PRAGMA {} RTLNAME mac_muladd_8s_8s_32s_32_4_1_U5130 SOURCE mmult_accel.cpp:210 VARIABLE add_ln210_944 LOOP compute BUNDLEDNAME {} DSP 1 BRAM 0 URAM 0 DISPNAME {bind_op add}} {BINDTYPE op ID {} IMPL dsp48 LATENCY 3 OPTYPE mul PRAGMA {} RTLNAME mac_muladd_8s_8s_32s_32_4_1_U5131 SOURCE mmult_accel.cpp:210 VARIABLE mul_ln210_945 LOOP compute BUNDLEDNAME {} DSP 1 BRAM 0 URAM 0 DISPNAME {bind_op mul}} {BINDTYPE op ID {} IMPL dsp48 LATENCY 3 OPTYPE add PRAGMA {} RTLNAME mac_muladd_8s_8s_32s_32_4_1_U5131 SOURCE mmult_accel.cpp:210 VARIABLE add_ln210_945 LOOP compute BUNDLEDNAME {} DSP 1 BRAM 0 URAM 0 DISPNAME {bind_op add}} {BINDTYPE op ID {} IMPL dsp48 LATENCY 3 OPTYPE mul PRAGMA {} RTLNAME mac_muladd_8s_8s_32s_32_4_1_U5132 SOURCE mmult_accel.cpp:210 VARIABLE mul_ln210_946 LOOP compute BUNDLEDNAME {} DSP 1 BRAM 0 URAM 0 DISPNAME {bind_op mul}} {BINDTYPE op ID {} IMPL dsp48 LATENCY 3 OPTYPE add PRAGMA {} RTLNAME mac_muladd_8s_8s_32s_32_4_1_U5132 SOURCE mmult_accel.cpp:210 VARIABLE add_ln210_946 LOOP compute BUNDLEDNAME {} DSP 1 BRAM 0 URAM 0 DISPNAME {bind_op add}} {BINDTYPE op ID {} IMPL dsp48 LATENCY 3 OPTYPE mul PRAGMA {} RTLNAME mac_muladd_8s_8s_32s_32_4_1_U5133 SOURCE mmult_accel.cpp:210 VARIABLE mul_ln210_947 LOOP compute BUNDLEDNAME {} DSP 1 BRAM 0 URAM 0 DISPNAME {bind_op mul}} {BINDTYPE op ID {} IMPL dsp48 LATENCY 3 OPTYPE add PRAGMA {} RTLNAME mac_muladd_8s_8s_32s_32_4_1_U5133 SOURCE mmult_accel.cpp:210 VARIABLE add_ln210_947 LOOP compute BUNDLEDNAME {} DSP 1 BRAM 0 URAM 0 DISPNAME {bind_op add}} {BINDTYPE op ID {} IMPL dsp48 LATENCY 3 OPTYPE mul PRAGMA {} RTLNAME mac_muladd_8s_8s_32s_32_4_1_U5134 SOURCE mmult_accel.cpp:210 VARIABLE mul_ln210_948 LOOP compute BUNDLEDNAME {} DSP 1 BRAM 0 URAM 0 DISPNAME {bind_op mul}} {BINDTYPE op ID {} IMPL dsp48 LATENCY 3 OPTYPE add PRAGMA {} RTLNAME mac_muladd_8s_8s_32s_32_4_1_U5134 SOURCE mmult_accel.cpp:210 VARIABLE add_ln210_948 LOOP compute BUNDLEDNAME {} DSP 1 BRAM 0 URAM 0 DISPNAME {bind_op add}} {BINDTYPE op ID {} IMPL dsp48 LATENCY 3 OPTYPE mul PRAGMA {} RTLNAME mac_muladd_8s_8s_32s_32_4_1_U5135 SOURCE mmult_accel.cpp:210 VARIABLE mul_ln210_949 LOOP compute BUNDLEDNAME {} DSP 1 BRAM 0 URAM 0 DISPNAME {bind_op mul}} {BINDTYPE op ID {} IMPL dsp48 LATENCY 3 OPTYPE add PRAGMA {} RTLNAME mac_muladd_8s_8s_32s_32_4_1_U5135 SOURCE mmult_accel.cpp:210 VARIABLE add_ln210_949 LOOP compute BUNDLEDNAME {} DSP 1 BRAM 0 URAM 0 DISPNAME {bind_op add}} {BINDTYPE op ID {} IMPL dsp48 LATENCY 3 OPTYPE mul PRAGMA {} RTLNAME mac_muladd_8s_8s_32s_32_4_1_U5136 SOURCE mmult_accel.cpp:210 VARIABLE mul_ln210_950 LOOP compute BUNDLEDNAME {} DSP 1 BRAM 0 URAM 0 DISPNAME {bind_op mul}} {BINDTYPE op ID {} IMPL dsp48 LATENCY 3 OPTYPE add PRAGMA {} RTLNAME mac_muladd_8s_8s_32s_32_4_1_U5136 SOURCE mmult_accel.cpp:210 VARIABLE add_ln210_950 LOOP compute BUNDLEDNAME {} DSP 1 BRAM 0 URAM 0 DISPNAME {bind_op add}} {BINDTYPE op ID {} IMPL dsp48 LATENCY 3 OPTYPE mul PRAGMA {} RTLNAME mac_muladd_8s_8s_32s_32_4_1_U5137 SOURCE mmult_accel.cpp:210 VARIABLE mul_ln210_951 LOOP compute BUNDLEDNAME {} DSP 1 BRAM 0 URAM 0 DISPNAME {bind_op mul}} {BINDTYPE op ID {} IMPL dsp48 LATENCY 3 OPTYPE add PRAGMA {} RTLNAME mac_muladd_8s_8s_32s_32_4_1_U5137 SOURCE mmult_accel.cpp:210 VARIABLE add_ln210_951 LOOP compute BUNDLEDNAME {} DSP 1 BRAM 0 URAM 0 DISPNAME {bind_op add}} {BINDTYPE op ID {} IMPL dsp48 LATENCY 3 OPTYPE mul PRAGMA {} RTLNAME mac_muladd_8s_8s_32s_32_4_1_U5138 SOURCE mmult_accel.cpp:210 VARIABLE mul_ln210_952 LOOP compute BUNDLEDNAME {} DSP 1 BRAM 0 URAM 0 DISPNAME {bind_op mul}} {BINDTYPE op ID {} IMPL dsp48 LATENCY 3 OPTYPE add PRAGMA {} RTLNAME mac_muladd_8s_8s_32s_32_4_1_U5138 SOURCE mmult_accel.cpp:210 VARIABLE add_ln210_952 LOOP compute BUNDLEDNAME {} DSP 1 BRAM 0 URAM 0 DISPNAME {bind_op add}} {BINDTYPE op ID {} IMPL dsp48 LATENCY 3 OPTYPE mul PRAGMA {} RTLNAME mac_muladd_8s_8s_32s_32_4_1_U5139 SOURCE mmult_accel.cpp:210 VARIABLE mul_ln210_953 LOOP compute BUNDLEDNAME {} DSP 1 BRAM 0 URAM 0 DISPNAME {bind_op mul}} {BINDTYPE op ID {} IMPL dsp48 LATENCY 3 OPTYPE add PRAGMA {} RTLNAME mac_muladd_8s_8s_32s_32_4_1_U5139 SOURCE mmult_accel.cpp:210 VARIABLE add_ln210_953 LOOP compute BUNDLEDNAME {} DSP 1 BRAM 0 URAM 0 DISPNAME {bind_op add}} {BINDTYPE op ID {} IMPL dsp48 LATENCY 3 OPTYPE mul PRAGMA {} RTLNAME mac_muladd_8s_8s_32s_32_4_1_U5140 SOURCE mmult_accel.cpp:210 VARIABLE mul_ln210_954 LOOP compute BUNDLEDNAME {} DSP 1 BRAM 0 URAM 0 DISPNAME {bind_op mul}} {BINDTYPE op ID {} IMPL dsp48 LATENCY 3 OPTYPE add PRAGMA {} RTLNAME mac_muladd_8s_8s_32s_32_4_1_U5140 SOURCE mmult_accel.cpp:210 VARIABLE add_ln210_954 LOOP compute BUNDLEDNAME {} DSP 1 BRAM 0 URAM 0 DISPNAME {bind_op add}} {BINDTYPE op ID {} IMPL dsp48 LATENCY 3 OPTYPE mul PRAGMA {} RTLNAME mac_muladd_8s_8s_32s_32_4_1_U5141 SOURCE mmult_accel.cpp:210 VARIABLE mul_ln210_955 LOOP compute BUNDLEDNAME {} DSP 1 BRAM 0 URAM 0 DISPNAME {bind_op mul}} {BINDTYPE op ID {} IMPL dsp48 LATENCY 3 OPTYPE add PRAGMA {} RTLNAME mac_muladd_8s_8s_32s_32_4_1_U5141 SOURCE mmult_accel.cpp:210 VARIABLE add_ln210_955 LOOP compute BUNDLEDNAME {} DSP 1 BRAM 0 URAM 0 DISPNAME {bind_op add}} {BINDTYPE op ID {} IMPL dsp48 LATENCY 3 OPTYPE mul PRAGMA {} RTLNAME mac_muladd_8s_8s_32s_32_4_1_U5142 SOURCE mmult_accel.cpp:210 VARIABLE mul_ln210_956 LOOP compute BUNDLEDNAME {} DSP 1 BRAM 0 URAM 0 DISPNAME {bind_op mul}} {BINDTYPE op ID {} IMPL dsp48 LATENCY 3 OPTYPE add PRAGMA {} RTLNAME mac_muladd_8s_8s_32s_32_4_1_U5142 SOURCE mmult_accel.cpp:210 VARIABLE add_ln210_956 LOOP compute BUNDLEDNAME {} DSP 1 BRAM 0 URAM 0 DISPNAME {bind_op add}} {BINDTYPE op ID {} IMPL dsp48 LATENCY 3 OPTYPE mul PRAGMA {} RTLNAME mac_muladd_8s_8s_32s_32_4_1_U5143 SOURCE mmult_accel.cpp:210 VARIABLE mul_ln210_957 LOOP compute BUNDLEDNAME {} DSP 1 BRAM 0 URAM 0 DISPNAME {bind_op mul}} {BINDTYPE op ID {} IMPL dsp48 LATENCY 3 OPTYPE add PRAGMA {} RTLNAME mac_muladd_8s_8s_32s_32_4_1_U5143 SOURCE mmult_accel.cpp:210 VARIABLE add_ln210_957 LOOP compute BUNDLEDNAME {} DSP 1 BRAM 0 URAM 0 DISPNAME {bind_op add}} {BINDTYPE op ID {} IMPL dsp48 LATENCY 3 OPTYPE mul PRAGMA {} RTLNAME mac_muladd_8s_8s_32s_32_4_1_U5144 SOURCE mmult_accel.cpp:210 VARIABLE mul_ln210_958 LOOP compute BUNDLEDNAME {} DSP 1 BRAM 0 URAM 0 DISPNAME {bind_op mul}} {BINDTYPE op ID {} IMPL dsp48 LATENCY 3 OPTYPE add PRAGMA {} RTLNAME mac_muladd_8s_8s_32s_32_4_1_U5144 SOURCE mmult_accel.cpp:210 VARIABLE add_ln210_958 LOOP compute BUNDLEDNAME {} DSP 1 BRAM 0 URAM 0 DISPNAME {bind_op add}} {BINDTYPE op ID {} IMPL dsp48 LATENCY 3 OPTYPE mul PRAGMA {} RTLNAME mac_muladd_8s_8s_32s_32_4_1_U5145 SOURCE mmult_accel.cpp:210 VARIABLE mul_ln210_959 LOOP compute BUNDLEDNAME {} DSP 1 BRAM 0 URAM 0 DISPNAME {bind_op mul}} {BINDTYPE op ID {} IMPL dsp48 LATENCY 3 OPTYPE add PRAGMA {} RTLNAME mac_muladd_8s_8s_32s_32_4_1_U5145 SOURCE mmult_accel.cpp:210 VARIABLE add_ln210_959 LOOP compute BUNDLEDNAME {} DSP 1 BRAM 0 URAM 0 DISPNAME {bind_op add}} {BINDTYPE op ID {} IMPL dsp48 LATENCY 3 OPTYPE mul PRAGMA {} RTLNAME mac_muladd_8s_8s_32s_32_4_1_U5146 SOURCE mmult_accel.cpp:210 VARIABLE mul_ln210_960 LOOP compute BUNDLEDNAME {} DSP 1 BRAM 0 URAM 0 DISPNAME {bind_op mul}} {BINDTYPE op ID {} IMPL dsp48 LATENCY 3 OPTYPE add PRAGMA {} RTLNAME mac_muladd_8s_8s_32s_32_4_1_U5146 SOURCE mmult_accel.cpp:210 VARIABLE add_ln210_960 LOOP compute BUNDLEDNAME {} DSP 1 BRAM 0 URAM 0 DISPNAME {bind_op add}} {BINDTYPE op ID {} IMPL dsp48 LATENCY 3 OPTYPE mul PRAGMA {} RTLNAME mac_muladd_8s_8s_32s_32_4_1_U5147 SOURCE mmult_accel.cpp:210 VARIABLE mul_ln210_961 LOOP compute BUNDLEDNAME {} DSP 1 BRAM 0 URAM 0 DISPNAME {bind_op mul}} {BINDTYPE op ID {} IMPL dsp48 LATENCY 3 OPTYPE add PRAGMA {} RTLNAME mac_muladd_8s_8s_32s_32_4_1_U5147 SOURCE mmult_accel.cpp:210 VARIABLE add_ln210_961 LOOP compute BUNDLEDNAME {} DSP 1 BRAM 0 URAM 0 DISPNAME {bind_op add}} {BINDTYPE op ID {} IMPL dsp48 LATENCY 3 OPTYPE mul PRAGMA {} RTLNAME mac_muladd_8s_8s_32s_32_4_1_U5148 SOURCE mmult_accel.cpp:210 VARIABLE mul_ln210_962 LOOP compute BUNDLEDNAME {} DSP 1 BRAM 0 URAM 0 DISPNAME {bind_op mul}} {BINDTYPE op ID {} IMPL dsp48 LATENCY 3 OPTYPE add PRAGMA {} RTLNAME mac_muladd_8s_8s_32s_32_4_1_U5148 SOURCE mmult_accel.cpp:210 VARIABLE add_ln210_962 LOOP compute BUNDLEDNAME {} DSP 1 BRAM 0 URAM 0 DISPNAME {bind_op add}} {BINDTYPE op ID {} IMPL dsp48 LATENCY 3 OPTYPE mul PRAGMA {} RTLNAME mac_muladd_8s_8s_32s_32_4_1_U5149 SOURCE mmult_accel.cpp:210 VARIABLE mul_ln210_963 LOOP compute BUNDLEDNAME {} DSP 1 BRAM 0 URAM 0 DISPNAME {bind_op mul}} {BINDTYPE op ID {} IMPL dsp48 LATENCY 3 OPTYPE add PRAGMA {} RTLNAME mac_muladd_8s_8s_32s_32_4_1_U5149 SOURCE mmult_accel.cpp:210 VARIABLE add_ln210_963 LOOP compute BUNDLEDNAME {} DSP 1 BRAM 0 URAM 0 DISPNAME {bind_op add}} {BINDTYPE op ID {} IMPL dsp48 LATENCY 3 OPTYPE mul PRAGMA {} RTLNAME mac_muladd_8s_8s_32s_32_4_1_U5150 SOURCE mmult_accel.cpp:210 VARIABLE mul_ln210_964 LOOP compute BUNDLEDNAME {} DSP 1 BRAM 0 URAM 0 DISPNAME {bind_op mul}} {BINDTYPE op ID {} IMPL dsp48 LATENCY 3 OPTYPE add PRAGMA {} RTLNAME mac_muladd_8s_8s_32s_32_4_1_U5150 SOURCE mmult_accel.cpp:210 VARIABLE add_ln210_964 LOOP compute BUNDLEDNAME {} DSP 1 BRAM 0 URAM 0 DISPNAME {bind_op add}} {BINDTYPE op ID {} IMPL dsp48 LATENCY 3 OPTYPE mul PRAGMA {} RTLNAME mac_muladd_8s_8s_32s_32_4_1_U5151 SOURCE mmult_accel.cpp:210 VARIABLE mul_ln210_965 LOOP compute BUNDLEDNAME {} DSP 1 BRAM 0 URAM 0 DISPNAME {bind_op mul}} {BINDTYPE op ID {} IMPL dsp48 LATENCY 3 OPTYPE add PRAGMA {} RTLNAME mac_muladd_8s_8s_32s_32_4_1_U5151 SOURCE mmult_accel.cpp:210 VARIABLE add_ln210_965 LOOP compute BUNDLEDNAME {} DSP 1 BRAM 0 URAM 0 DISPNAME {bind_op add}} {BINDTYPE op ID {} IMPL dsp48 LATENCY 3 OPTYPE mul PRAGMA {} RTLNAME mac_muladd_8s_8s_32s_32_4_1_U5152 SOURCE mmult_accel.cpp:210 VARIABLE mul_ln210_966 LOOP compute BUNDLEDNAME {} DSP 1 BRAM 0 URAM 0 DISPNAME {bind_op mul}} {BINDTYPE op ID {} IMPL dsp48 LATENCY 3 OPTYPE add PRAGMA {} RTLNAME mac_muladd_8s_8s_32s_32_4_1_U5152 SOURCE mmult_accel.cpp:210 VARIABLE add_ln210_966 LOOP compute BUNDLEDNAME {} DSP 1 BRAM 0 URAM 0 DISPNAME {bind_op add}} {BINDTYPE op ID {} IMPL dsp48 LATENCY 3 OPTYPE mul PRAGMA {} RTLNAME mac_muladd_8s_8s_32s_32_4_1_U5153 SOURCE mmult_accel.cpp:210 VARIABLE mul_ln210_967 LOOP compute BUNDLEDNAME {} DSP 1 BRAM 0 URAM 0 DISPNAME {bind_op mul}} {BINDTYPE op ID {} IMPL dsp48 LATENCY 3 OPTYPE add PRAGMA {} RTLNAME mac_muladd_8s_8s_32s_32_4_1_U5153 SOURCE mmult_accel.cpp:210 VARIABLE add_ln210_967 LOOP compute BUNDLEDNAME {} DSP 1 BRAM 0 URAM 0 DISPNAME {bind_op add}} {BINDTYPE op ID {} IMPL dsp48 LATENCY 3 OPTYPE mul PRAGMA {} RTLNAME mac_muladd_8s_8s_32s_32_4_1_U5154 SOURCE mmult_accel.cpp:210 VARIABLE mul_ln210_968 LOOP compute BUNDLEDNAME {} DSP 1 BRAM 0 URAM 0 DISPNAME {bind_op mul}} {BINDTYPE op ID {} IMPL dsp48 LATENCY 3 OPTYPE add PRAGMA {} RTLNAME mac_muladd_8s_8s_32s_32_4_1_U5154 SOURCE mmult_accel.cpp:210 VARIABLE add_ln210_968 LOOP compute BUNDLEDNAME {} DSP 1 BRAM 0 URAM 0 DISPNAME {bind_op add}} {BINDTYPE op ID {} IMPL dsp48 LATENCY 3 OPTYPE mul PRAGMA {} RTLNAME mac_muladd_8s_8s_32s_32_4_1_U5155 SOURCE mmult_accel.cpp:210 VARIABLE mul_ln210_969 LOOP compute BUNDLEDNAME {} DSP 1 BRAM 0 URAM 0 DISPNAME {bind_op mul}} {BINDTYPE op ID {} IMPL dsp48 LATENCY 3 OPTYPE add PRAGMA {} RTLNAME mac_muladd_8s_8s_32s_32_4_1_U5155 SOURCE mmult_accel.cpp:210 VARIABLE add_ln210_969 LOOP compute BUNDLEDNAME {} DSP 1 BRAM 0 URAM 0 DISPNAME {bind_op add}} {BINDTYPE op ID {} IMPL dsp48 LATENCY 3 OPTYPE mul PRAGMA {} RTLNAME mac_muladd_8s_8s_32s_32_4_1_U5156 SOURCE mmult_accel.cpp:210 VARIABLE mul_ln210_970 LOOP compute BUNDLEDNAME {} DSP 1 BRAM 0 URAM 0 DISPNAME {bind_op mul}} {BINDTYPE op ID {} IMPL dsp48 LATENCY 3 OPTYPE add PRAGMA {} RTLNAME mac_muladd_8s_8s_32s_32_4_1_U5156 SOURCE mmult_accel.cpp:210 VARIABLE add_ln210_970 LOOP compute BUNDLEDNAME {} DSP 1 BRAM 0 URAM 0 DISPNAME {bind_op add}} {BINDTYPE op ID {} IMPL dsp48 LATENCY 3 OPTYPE mul PRAGMA {} RTLNAME mac_muladd_8s_8s_32s_32_4_1_U5157 SOURCE mmult_accel.cpp:210 VARIABLE mul_ln210_971 LOOP compute BUNDLEDNAME {} DSP 1 BRAM 0 URAM 0 DISPNAME {bind_op mul}} {BINDTYPE op ID {} IMPL dsp48 LATENCY 3 OPTYPE add PRAGMA {} RTLNAME mac_muladd_8s_8s_32s_32_4_1_U5157 SOURCE mmult_accel.cpp:210 VARIABLE add_ln210_971 LOOP compute BUNDLEDNAME {} DSP 1 BRAM 0 URAM 0 DISPNAME {bind_op add}} {BINDTYPE op ID {} IMPL dsp48 LATENCY 3 OPTYPE mul PRAGMA {} RTLNAME mac_muladd_8s_8s_32s_32_4_1_U5158 SOURCE mmult_accel.cpp:210 VARIABLE mul_ln210_972 LOOP compute BUNDLEDNAME {} DSP 1 BRAM 0 URAM 0 DISPNAME {bind_op mul}} {BINDTYPE op ID {} IMPL dsp48 LATENCY 3 OPTYPE add PRAGMA {} RTLNAME mac_muladd_8s_8s_32s_32_4_1_U5158 SOURCE mmult_accel.cpp:210 VARIABLE add_ln210_972 LOOP compute BUNDLEDNAME {} DSP 1 BRAM 0 URAM 0 DISPNAME {bind_op add}} {BINDTYPE op ID {} IMPL dsp48 LATENCY 3 OPTYPE mul PRAGMA {} RTLNAME mac_muladd_8s_8s_32s_32_4_1_U5159 SOURCE mmult_accel.cpp:210 VARIABLE mul_ln210_973 LOOP compute BUNDLEDNAME {} DSP 1 BRAM 0 URAM 0 DISPNAME {bind_op mul}} {BINDTYPE op ID {} IMPL dsp48 LATENCY 3 OPTYPE add PRAGMA {} RTLNAME mac_muladd_8s_8s_32s_32_4_1_U5159 SOURCE mmult_accel.cpp:210 VARIABLE add_ln210_973 LOOP compute BUNDLEDNAME {} DSP 1 BRAM 0 URAM 0 DISPNAME {bind_op add}} {BINDTYPE op ID {} IMPL dsp48 LATENCY 3 OPTYPE mul PRAGMA {} RTLNAME mac_muladd_8s_8s_32s_32_4_1_U5160 SOURCE mmult_accel.cpp:210 VARIABLE mul_ln210_974 LOOP compute BUNDLEDNAME {} DSP 1 BRAM 0 URAM 0 DISPNAME {bind_op mul}} {BINDTYPE op ID {} IMPL dsp48 LATENCY 3 OPTYPE add PRAGMA {} RTLNAME mac_muladd_8s_8s_32s_32_4_1_U5160 SOURCE mmult_accel.cpp:210 VARIABLE add_ln210_974 LOOP compute BUNDLEDNAME {} DSP 1 BRAM 0 URAM 0 DISPNAME {bind_op add}} {BINDTYPE op ID {} IMPL dsp48 LATENCY 3 OPTYPE mul PRAGMA {} RTLNAME mac_muladd_8s_8s_32s_32_4_1_U5161 SOURCE mmult_accel.cpp:210 VARIABLE mul_ln210_975 LOOP compute BUNDLEDNAME {} DSP 1 BRAM 0 URAM 0 DISPNAME {bind_op mul}} {BINDTYPE op ID {} IMPL dsp48 LATENCY 3 OPTYPE add PRAGMA {} RTLNAME mac_muladd_8s_8s_32s_32_4_1_U5161 SOURCE mmult_accel.cpp:210 VARIABLE add_ln210_975 LOOP compute BUNDLEDNAME {} DSP 1 BRAM 0 URAM 0 DISPNAME {bind_op add}} {BINDTYPE op ID {} IMPL dsp48 LATENCY 3 OPTYPE mul PRAGMA {} RTLNAME mac_muladd_8s_8s_32s_32_4_1_U5162 SOURCE mmult_accel.cpp:210 VARIABLE mul_ln210_976 LOOP compute BUNDLEDNAME {} DSP 1 BRAM 0 URAM 0 DISPNAME {bind_op mul}} {BINDTYPE op ID {} IMPL dsp48 LATENCY 3 OPTYPE add PRAGMA {} RTLNAME mac_muladd_8s_8s_32s_32_4_1_U5162 SOURCE mmult_accel.cpp:210 VARIABLE add_ln210_976 LOOP compute BUNDLEDNAME {} DSP 1 BRAM 0 URAM 0 DISPNAME {bind_op add}} {BINDTYPE op ID {} IMPL dsp48 LATENCY 3 OPTYPE mul PRAGMA {} RTLNAME mac_muladd_8s_8s_32s_32_4_1_U5163 SOURCE mmult_accel.cpp:210 VARIABLE mul_ln210_977 LOOP compute BUNDLEDNAME {} DSP 1 BRAM 0 URAM 0 DISPNAME {bind_op mul}} {BINDTYPE op ID {} IMPL dsp48 LATENCY 3 OPTYPE add PRAGMA {} RTLNAME mac_muladd_8s_8s_32s_32_4_1_U5163 SOURCE mmult_accel.cpp:210 VARIABLE add_ln210_977 LOOP compute BUNDLEDNAME {} DSP 1 BRAM 0 URAM 0 DISPNAME {bind_op add}} {BINDTYPE op ID {} IMPL dsp48 LATENCY 3 OPTYPE mul PRAGMA {} RTLNAME mac_muladd_8s_8s_32s_32_4_1_U5164 SOURCE mmult_accel.cpp:210 VARIABLE mul_ln210_978 LOOP compute BUNDLEDNAME {} DSP 1 BRAM 0 URAM 0 DISPNAME {bind_op mul}} {BINDTYPE op ID {} IMPL dsp48 LATENCY 3 OPTYPE add PRAGMA {} RTLNAME mac_muladd_8s_8s_32s_32_4_1_U5164 SOURCE mmult_accel.cpp:210 VARIABLE add_ln210_978 LOOP compute BUNDLEDNAME {} DSP 1 BRAM 0 URAM 0 DISPNAME {bind_op add}} {BINDTYPE op ID {} IMPL dsp48 LATENCY 3 OPTYPE mul PRAGMA {} RTLNAME mac_muladd_8s_8s_32s_32_4_1_U5165 SOURCE mmult_accel.cpp:210 VARIABLE mul_ln210_979 LOOP compute BUNDLEDNAME {} DSP 1 BRAM 0 URAM 0 DISPNAME {bind_op mul}} {BINDTYPE op ID {} IMPL dsp48 LATENCY 3 OPTYPE add PRAGMA {} RTLNAME mac_muladd_8s_8s_32s_32_4_1_U5165 SOURCE mmult_accel.cpp:210 VARIABLE add_ln210_979 LOOP compute BUNDLEDNAME {} DSP 1 BRAM 0 URAM 0 DISPNAME {bind_op add}} {BINDTYPE op ID {} IMPL dsp48 LATENCY 3 OPTYPE mul PRAGMA {} RTLNAME mac_muladd_8s_8s_32s_32_4_1_U5166 SOURCE mmult_accel.cpp:210 VARIABLE mul_ln210_980 LOOP compute BUNDLEDNAME {} DSP 1 BRAM 0 URAM 0 DISPNAME {bind_op mul}} {BINDTYPE op ID {} IMPL dsp48 LATENCY 3 OPTYPE add PRAGMA {} RTLNAME mac_muladd_8s_8s_32s_32_4_1_U5166 SOURCE mmult_accel.cpp:210 VARIABLE add_ln210_980 LOOP compute BUNDLEDNAME {} DSP 1 BRAM 0 URAM 0 DISPNAME {bind_op add}} {BINDTYPE op ID {} IMPL dsp48 LATENCY 3 OPTYPE mul PRAGMA {} RTLNAME mac_muladd_8s_8s_32s_32_4_1_U5167 SOURCE mmult_accel.cpp:210 VARIABLE mul_ln210_981 LOOP compute BUNDLEDNAME {} DSP 1 BRAM 0 URAM 0 DISPNAME {bind_op mul}} {BINDTYPE op ID {} IMPL dsp48 LATENCY 3 OPTYPE add PRAGMA {} RTLNAME mac_muladd_8s_8s_32s_32_4_1_U5167 SOURCE mmult_accel.cpp:210 VARIABLE add_ln210_981 LOOP compute BUNDLEDNAME {} DSP 1 BRAM 0 URAM 0 DISPNAME {bind_op add}} {BINDTYPE op ID {} IMPL dsp48 LATENCY 3 OPTYPE mul PRAGMA {} RTLNAME mac_muladd_8s_8s_32s_32_4_1_U5168 SOURCE mmult_accel.cpp:210 VARIABLE mul_ln210_982 LOOP compute BUNDLEDNAME {} DSP 1 BRAM 0 URAM 0 DISPNAME {bind_op mul}} {BINDTYPE op ID {} IMPL dsp48 LATENCY 3 OPTYPE add PRAGMA {} RTLNAME mac_muladd_8s_8s_32s_32_4_1_U5168 SOURCE mmult_accel.cpp:210 VARIABLE add_ln210_982 LOOP compute BUNDLEDNAME {} DSP 1 BRAM 0 URAM 0 DISPNAME {bind_op add}} {BINDTYPE op ID {} IMPL dsp48 LATENCY 3 OPTYPE mul PRAGMA {} RTLNAME mac_muladd_8s_8s_32s_32_4_1_U5169 SOURCE mmult_accel.cpp:210 VARIABLE mul_ln210_983 LOOP compute BUNDLEDNAME {} DSP 1 BRAM 0 URAM 0 DISPNAME {bind_op mul}} {BINDTYPE op ID {} IMPL dsp48 LATENCY 3 OPTYPE add PRAGMA {} RTLNAME mac_muladd_8s_8s_32s_32_4_1_U5169 SOURCE mmult_accel.cpp:210 VARIABLE add_ln210_983 LOOP compute BUNDLEDNAME {} DSP 1 BRAM 0 URAM 0 DISPNAME {bind_op add}} {BINDTYPE op ID {} IMPL dsp48 LATENCY 3 OPTYPE mul PRAGMA {} RTLNAME mac_muladd_8s_8s_32s_32_4_1_U5170 SOURCE mmult_accel.cpp:210 VARIABLE mul_ln210_984 LOOP compute BUNDLEDNAME {} DSP 1 BRAM 0 URAM 0 DISPNAME {bind_op mul}} {BINDTYPE op ID {} IMPL dsp48 LATENCY 3 OPTYPE add PRAGMA {} RTLNAME mac_muladd_8s_8s_32s_32_4_1_U5170 SOURCE mmult_accel.cpp:210 VARIABLE add_ln210_984 LOOP compute BUNDLEDNAME {} DSP 1 BRAM 0 URAM 0 DISPNAME {bind_op add}} {BINDTYPE op ID {} IMPL dsp48 LATENCY 3 OPTYPE mul PRAGMA {} RTLNAME mac_muladd_8s_8s_32s_32_4_1_U5171 SOURCE mmult_accel.cpp:210 VARIABLE mul_ln210_985 LOOP compute BUNDLEDNAME {} DSP 1 BRAM 0 URAM 0 DISPNAME {bind_op mul}} {BINDTYPE op ID {} IMPL dsp48 LATENCY 3 OPTYPE add PRAGMA {} RTLNAME mac_muladd_8s_8s_32s_32_4_1_U5171 SOURCE mmult_accel.cpp:210 VARIABLE add_ln210_985 LOOP compute BUNDLEDNAME {} DSP 1 BRAM 0 URAM 0 DISPNAME {bind_op add}} {BINDTYPE op ID {} IMPL dsp48 LATENCY 3 OPTYPE mul PRAGMA {} RTLNAME mac_muladd_8s_8s_32s_32_4_1_U5172 SOURCE mmult_accel.cpp:210 VARIABLE mul_ln210_986 LOOP compute BUNDLEDNAME {} DSP 1 BRAM 0 URAM 0 DISPNAME {bind_op mul}} {BINDTYPE op ID {} IMPL dsp48 LATENCY 3 OPTYPE add PRAGMA {} RTLNAME mac_muladd_8s_8s_32s_32_4_1_U5172 SOURCE mmult_accel.cpp:210 VARIABLE add_ln210_986 LOOP compute BUNDLEDNAME {} DSP 1 BRAM 0 URAM 0 DISPNAME {bind_op add}} {BINDTYPE op ID {} IMPL dsp48 LATENCY 3 OPTYPE mul PRAGMA {} RTLNAME mac_muladd_8s_8s_32s_32_4_1_U5173 SOURCE mmult_accel.cpp:210 VARIABLE mul_ln210_987 LOOP compute BUNDLEDNAME {} DSP 1 BRAM 0 URAM 0 DISPNAME {bind_op mul}} {BINDTYPE op ID {} IMPL dsp48 LATENCY 3 OPTYPE add PRAGMA {} RTLNAME mac_muladd_8s_8s_32s_32_4_1_U5173 SOURCE mmult_accel.cpp:210 VARIABLE add_ln210_987 LOOP compute BUNDLEDNAME {} DSP 1 BRAM 0 URAM 0 DISPNAME {bind_op add}} {BINDTYPE op ID {} IMPL dsp48 LATENCY 3 OPTYPE mul PRAGMA {} RTLNAME mac_muladd_8s_8s_32s_32_4_1_U5174 SOURCE mmult_accel.cpp:210 VARIABLE mul_ln210_988 LOOP compute BUNDLEDNAME {} DSP 1 BRAM 0 URAM 0 DISPNAME {bind_op mul}} {BINDTYPE op ID {} IMPL dsp48 LATENCY 3 OPTYPE add PRAGMA {} RTLNAME mac_muladd_8s_8s_32s_32_4_1_U5174 SOURCE mmult_accel.cpp:210 VARIABLE add_ln210_988 LOOP compute BUNDLEDNAME {} DSP 1 BRAM 0 URAM 0 DISPNAME {bind_op add}} {BINDTYPE op ID {} IMPL dsp48 LATENCY 3 OPTYPE mul PRAGMA {} RTLNAME mac_muladd_8s_8s_32s_32_4_1_U5175 SOURCE mmult_accel.cpp:210 VARIABLE mul_ln210_989 LOOP compute BUNDLEDNAME {} DSP 1 BRAM 0 URAM 0 DISPNAME {bind_op mul}} {BINDTYPE op ID {} IMPL dsp48 LATENCY 3 OPTYPE add PRAGMA {} RTLNAME mac_muladd_8s_8s_32s_32_4_1_U5175 SOURCE mmult_accel.cpp:210 VARIABLE add_ln210_989 LOOP compute BUNDLEDNAME {} DSP 1 BRAM 0 URAM 0 DISPNAME {bind_op add}} {BINDTYPE op ID {} IMPL dsp48 LATENCY 3 OPTYPE mul PRAGMA {} RTLNAME mac_muladd_8s_8s_32s_32_4_1_U5176 SOURCE mmult_accel.cpp:210 VARIABLE mul_ln210_990 LOOP compute BUNDLEDNAME {} DSP 1 BRAM 0 URAM 0 DISPNAME {bind_op mul}} {BINDTYPE op ID {} IMPL dsp48 LATENCY 3 OPTYPE add PRAGMA {} RTLNAME mac_muladd_8s_8s_32s_32_4_1_U5176 SOURCE mmult_accel.cpp:210 VARIABLE add_ln210_990 LOOP compute BUNDLEDNAME {} DSP 1 BRAM 0 URAM 0 DISPNAME {bind_op add}} {BINDTYPE op ID {} IMPL dsp48 LATENCY 3 OPTYPE mul PRAGMA {} RTLNAME mac_muladd_8s_8s_32s_32_4_1_U5177 SOURCE mmult_accel.cpp:210 VARIABLE mul_ln210_991 LOOP compute BUNDLEDNAME {} DSP 1 BRAM 0 URAM 0 DISPNAME {bind_op mul}} {BINDTYPE op ID {} IMPL dsp48 LATENCY 3 OPTYPE add PRAGMA {} RTLNAME mac_muladd_8s_8s_32s_32_4_1_U5177 SOURCE mmult_accel.cpp:210 VARIABLE add_ln210_991 LOOP compute BUNDLEDNAME {} DSP 1 BRAM 0 URAM 0 DISPNAME {bind_op add}} {BINDTYPE op ID {} IMPL dsp48 LATENCY 3 OPTYPE mul PRAGMA {} RTLNAME mac_muladd_8s_8s_32s_32_4_1_U5178 SOURCE mmult_accel.cpp:210 VARIABLE mul_ln210_992 LOOP compute BUNDLEDNAME {} DSP 1 BRAM 0 URAM 0 DISPNAME {bind_op mul}} {BINDTYPE op ID {} IMPL dsp48 LATENCY 3 OPTYPE add PRAGMA {} RTLNAME mac_muladd_8s_8s_32s_32_4_1_U5178 SOURCE mmult_accel.cpp:210 VARIABLE add_ln210_992 LOOP compute BUNDLEDNAME {} DSP 1 BRAM 0 URAM 0 DISPNAME {bind_op add}} {BINDTYPE op ID {} IMPL dsp48 LATENCY 3 OPTYPE mul PRAGMA {} RTLNAME mac_muladd_8s_8s_32s_32_4_1_U5179 SOURCE mmult_accel.cpp:210 VARIABLE mul_ln210_993 LOOP compute BUNDLEDNAME {} DSP 1 BRAM 0 URAM 0 DISPNAME {bind_op mul}} {BINDTYPE op ID {} IMPL dsp48 LATENCY 3 OPTYPE add PRAGMA {} RTLNAME mac_muladd_8s_8s_32s_32_4_1_U5179 SOURCE mmult_accel.cpp:210 VARIABLE add_ln210_993 LOOP compute BUNDLEDNAME {} DSP 1 BRAM 0 URAM 0 DISPNAME {bind_op add}} {BINDTYPE op ID {} IMPL dsp48 LATENCY 3 OPTYPE mul PRAGMA {} RTLNAME mac_muladd_8s_8s_32s_32_4_1_U5180 SOURCE mmult_accel.cpp:210 VARIABLE mul_ln210_994 LOOP compute BUNDLEDNAME {} DSP 1 BRAM 0 URAM 0 DISPNAME {bind_op mul}} {BINDTYPE op ID {} IMPL dsp48 LATENCY 3 OPTYPE add PRAGMA {} RTLNAME mac_muladd_8s_8s_32s_32_4_1_U5180 SOURCE mmult_accel.cpp:210 VARIABLE add_ln210_994 LOOP compute BUNDLEDNAME {} DSP 1 BRAM 0 URAM 0 DISPNAME {bind_op add}} {BINDTYPE op ID {} IMPL dsp48 LATENCY 3 OPTYPE mul PRAGMA {} RTLNAME mac_muladd_8s_8s_32s_32_4_1_U5181 SOURCE mmult_accel.cpp:210 VARIABLE mul_ln210_995 LOOP compute BUNDLEDNAME {} DSP 1 BRAM 0 URAM 0 DISPNAME {bind_op mul}} {BINDTYPE op ID {} IMPL dsp48 LATENCY 3 OPTYPE add PRAGMA {} RTLNAME mac_muladd_8s_8s_32s_32_4_1_U5181 SOURCE mmult_accel.cpp:210 VARIABLE add_ln210_995 LOOP compute BUNDLEDNAME {} DSP 1 BRAM 0 URAM 0 DISPNAME {bind_op add}} {BINDTYPE op ID {} IMPL dsp48 LATENCY 3 OPTYPE mul PRAGMA {} RTLNAME mac_muladd_8s_8s_32s_32_4_1_U5182 SOURCE mmult_accel.cpp:210 VARIABLE mul_ln210_996 LOOP compute BUNDLEDNAME {} DSP 1 BRAM 0 URAM 0 DISPNAME {bind_op mul}} {BINDTYPE op ID {} IMPL dsp48 LATENCY 3 OPTYPE add PRAGMA {} RTLNAME mac_muladd_8s_8s_32s_32_4_1_U5182 SOURCE mmult_accel.cpp:210 VARIABLE add_ln210_996 LOOP compute BUNDLEDNAME {} DSP 1 BRAM 0 URAM 0 DISPNAME {bind_op add}} {BINDTYPE op ID {} IMPL dsp48 LATENCY 3 OPTYPE mul PRAGMA {} RTLNAME mac_muladd_8s_8s_32s_32_4_1_U5183 SOURCE mmult_accel.cpp:210 VARIABLE mul_ln210_997 LOOP compute BUNDLEDNAME {} DSP 1 BRAM 0 URAM 0 DISPNAME {bind_op mul}} {BINDTYPE op ID {} IMPL dsp48 LATENCY 3 OPTYPE add PRAGMA {} RTLNAME mac_muladd_8s_8s_32s_32_4_1_U5183 SOURCE mmult_accel.cpp:210 VARIABLE add_ln210_997 LOOP compute BUNDLEDNAME {} DSP 1 BRAM 0 URAM 0 DISPNAME {bind_op add}} {BINDTYPE op ID {} IMPL dsp48 LATENCY 3 OPTYPE mul PRAGMA {} RTLNAME mac_muladd_8s_8s_32s_32_4_1_U5184 SOURCE mmult_accel.cpp:210 VARIABLE mul_ln210_998 LOOP compute BUNDLEDNAME {} DSP 1 BRAM 0 URAM 0 DISPNAME {bind_op mul}} {BINDTYPE op ID {} IMPL dsp48 LATENCY 3 OPTYPE add PRAGMA {} RTLNAME mac_muladd_8s_8s_32s_32_4_1_U5184 SOURCE mmult_accel.cpp:210 VARIABLE add_ln210_998 LOOP compute BUNDLEDNAME {} DSP 1 BRAM 0 URAM 0 DISPNAME {bind_op add}} {BINDTYPE op ID {} IMPL dsp48 LATENCY 3 OPTYPE mul PRAGMA {} RTLNAME mac_muladd_8s_8s_32s_32_4_1_U5185 SOURCE mmult_accel.cpp:210 VARIABLE mul_ln210_999 LOOP compute BUNDLEDNAME {} DSP 1 BRAM 0 URAM 0 DISPNAME {bind_op mul}} {BINDTYPE op ID {} IMPL dsp48 LATENCY 3 OPTYPE add PRAGMA {} RTLNAME mac_muladd_8s_8s_32s_32_4_1_U5185 SOURCE mmult_accel.cpp:210 VARIABLE add_ln210_999 LOOP compute BUNDLEDNAME {} DSP 1 BRAM 0 URAM 0 DISPNAME {bind_op add}} {BINDTYPE op ID {} IMPL dsp48 LATENCY 3 OPTYPE mul PRAGMA {} RTLNAME mac_muladd_8s_8s_32s_32_4_1_U5186 SOURCE mmult_accel.cpp:210 VARIABLE mul_ln210_1000 LOOP compute BUNDLEDNAME {} DSP 1 BRAM 0 URAM 0 DISPNAME {bind_op mul}} {BINDTYPE op ID {} IMPL dsp48 LATENCY 3 OPTYPE add PRAGMA {} RTLNAME mac_muladd_8s_8s_32s_32_4_1_U5186 SOURCE mmult_accel.cpp:210 VARIABLE add_ln210_1000 LOOP compute BUNDLEDNAME {} DSP 1 BRAM 0 URAM 0 DISPNAME {bind_op add}} {BINDTYPE op ID {} IMPL dsp48 LATENCY 3 OPTYPE mul PRAGMA {} RTLNAME mac_muladd_8s_8s_32s_32_4_1_U5187 SOURCE mmult_accel.cpp:210 VARIABLE mul_ln210_1001 LOOP compute BUNDLEDNAME {} DSP 1 BRAM 0 URAM 0 DISPNAME {bind_op mul}} {BINDTYPE op ID {} IMPL dsp48 LATENCY 3 OPTYPE add PRAGMA {} RTLNAME mac_muladd_8s_8s_32s_32_4_1_U5187 SOURCE mmult_accel.cpp:210 VARIABLE add_ln210_1001 LOOP compute BUNDLEDNAME {} DSP 1 BRAM 0 URAM 0 DISPNAME {bind_op add}} {BINDTYPE op ID {} IMPL dsp48 LATENCY 3 OPTYPE mul PRAGMA {} RTLNAME mac_muladd_8s_8s_32s_32_4_1_U5188 SOURCE mmult_accel.cpp:210 VARIABLE mul_ln210_1002 LOOP compute BUNDLEDNAME {} DSP 1 BRAM 0 URAM 0 DISPNAME {bind_op mul}} {BINDTYPE op ID {} IMPL dsp48 LATENCY 3 OPTYPE add PRAGMA {} RTLNAME mac_muladd_8s_8s_32s_32_4_1_U5188 SOURCE mmult_accel.cpp:210 VARIABLE add_ln210_1002 LOOP compute BUNDLEDNAME {} DSP 1 BRAM 0 URAM 0 DISPNAME {bind_op add}} {BINDTYPE op ID {} IMPL dsp48 LATENCY 3 OPTYPE mul PRAGMA {} RTLNAME mac_muladd_8s_8s_32s_32_4_1_U5189 SOURCE mmult_accel.cpp:210 VARIABLE mul_ln210_1003 LOOP compute BUNDLEDNAME {} DSP 1 BRAM 0 URAM 0 DISPNAME {bind_op mul}} {BINDTYPE op ID {} IMPL dsp48 LATENCY 3 OPTYPE add PRAGMA {} RTLNAME mac_muladd_8s_8s_32s_32_4_1_U5189 SOURCE mmult_accel.cpp:210 VARIABLE add_ln210_1003 LOOP compute BUNDLEDNAME {} DSP 1 BRAM 0 URAM 0 DISPNAME {bind_op add}} {BINDTYPE op ID {} IMPL dsp48 LATENCY 3 OPTYPE mul PRAGMA {} RTLNAME mac_muladd_8s_8s_32s_32_4_1_U5190 SOURCE mmult_accel.cpp:210 VARIABLE mul_ln210_1004 LOOP compute BUNDLEDNAME {} DSP 1 BRAM 0 URAM 0 DISPNAME {bind_op mul}} {BINDTYPE op ID {} IMPL dsp48 LATENCY 3 OPTYPE add PRAGMA {} RTLNAME mac_muladd_8s_8s_32s_32_4_1_U5190 SOURCE mmult_accel.cpp:210 VARIABLE add_ln210_1004 LOOP compute BUNDLEDNAME {} DSP 1 BRAM 0 URAM 0 DISPNAME {bind_op add}} {BINDTYPE op ID {} IMPL dsp48 LATENCY 3 OPTYPE mul PRAGMA {} RTLNAME mac_muladd_8s_8s_32s_32_4_1_U5191 SOURCE mmult_accel.cpp:210 VARIABLE mul_ln210_1005 LOOP compute BUNDLEDNAME {} DSP 1 BRAM 0 URAM 0 DISPNAME {bind_op mul}} {BINDTYPE op ID {} IMPL dsp48 LATENCY 3 OPTYPE add PRAGMA {} RTLNAME mac_muladd_8s_8s_32s_32_4_1_U5191 SOURCE mmult_accel.cpp:210 VARIABLE add_ln210_1005 LOOP compute BUNDLEDNAME {} DSP 1 BRAM 0 URAM 0 DISPNAME {bind_op add}} {BINDTYPE op ID {} IMPL dsp48 LATENCY 3 OPTYPE mul PRAGMA {} RTLNAME mac_muladd_8s_8s_32s_32_4_1_U5192 SOURCE mmult_accel.cpp:210 VARIABLE mul_ln210_1006 LOOP compute BUNDLEDNAME {} DSP 1 BRAM 0 URAM 0 DISPNAME {bind_op mul}} {BINDTYPE op ID {} IMPL dsp48 LATENCY 3 OPTYPE add PRAGMA {} RTLNAME mac_muladd_8s_8s_32s_32_4_1_U5192 SOURCE mmult_accel.cpp:210 VARIABLE add_ln210_1006 LOOP compute BUNDLEDNAME {} DSP 1 BRAM 0 URAM 0 DISPNAME {bind_op add}} {BINDTYPE op ID {} IMPL dsp48 LATENCY 3 OPTYPE mul PRAGMA {} RTLNAME mac_muladd_8s_8s_32s_32_4_1_U5193 SOURCE mmult_accel.cpp:210 VARIABLE mul_ln210_1007 LOOP compute BUNDLEDNAME {} DSP 1 BRAM 0 URAM 0 DISPNAME {bind_op mul}} {BINDTYPE op ID {} IMPL dsp48 LATENCY 3 OPTYPE add PRAGMA {} RTLNAME mac_muladd_8s_8s_32s_32_4_1_U5193 SOURCE mmult_accel.cpp:210 VARIABLE add_ln210_1007 LOOP compute BUNDLEDNAME {} DSP 1 BRAM 0 URAM 0 DISPNAME {bind_op add}} {BINDTYPE op ID {} IMPL dsp48 LATENCY 3 OPTYPE mul PRAGMA {} RTLNAME mac_muladd_8s_8s_32s_32_4_1_U5194 SOURCE mmult_accel.cpp:210 VARIABLE mul_ln210_1008 LOOP compute BUNDLEDNAME {} DSP 1 BRAM 0 URAM 0 DISPNAME {bind_op mul}} {BINDTYPE op ID {} IMPL dsp48 LATENCY 3 OPTYPE add PRAGMA {} RTLNAME mac_muladd_8s_8s_32s_32_4_1_U5194 SOURCE mmult_accel.cpp:210 VARIABLE add_ln210_1008 LOOP compute BUNDLEDNAME {} DSP 1 BRAM 0 URAM 0 DISPNAME {bind_op add}} {BINDTYPE op ID {} IMPL dsp48 LATENCY 3 OPTYPE mul PRAGMA {} RTLNAME mac_muladd_8s_8s_32s_32_4_1_U5195 SOURCE mmult_accel.cpp:210 VARIABLE mul_ln210_1009 LOOP compute BUNDLEDNAME {} DSP 1 BRAM 0 URAM 0 DISPNAME {bind_op mul}} {BINDTYPE op ID {} IMPL dsp48 LATENCY 3 OPTYPE add PRAGMA {} RTLNAME mac_muladd_8s_8s_32s_32_4_1_U5195 SOURCE mmult_accel.cpp:210 VARIABLE add_ln210_1009 LOOP compute BUNDLEDNAME {} DSP 1 BRAM 0 URAM 0 DISPNAME {bind_op add}} {BINDTYPE op ID {} IMPL dsp48 LATENCY 3 OPTYPE mul PRAGMA {} RTLNAME mac_muladd_8s_8s_32s_32_4_1_U5196 SOURCE mmult_accel.cpp:210 VARIABLE mul_ln210_1010 LOOP compute BUNDLEDNAME {} DSP 1 BRAM 0 URAM 0 DISPNAME {bind_op mul}} {BINDTYPE op ID {} IMPL dsp48 LATENCY 3 OPTYPE add PRAGMA {} RTLNAME mac_muladd_8s_8s_32s_32_4_1_U5196 SOURCE mmult_accel.cpp:210 VARIABLE add_ln210_1010 LOOP compute BUNDLEDNAME {} DSP 1 BRAM 0 URAM 0 DISPNAME {bind_op add}} {BINDTYPE op ID {} IMPL dsp48 LATENCY 3 OPTYPE mul PRAGMA {} RTLNAME mac_muladd_8s_8s_32s_32_4_1_U5197 SOURCE mmult_accel.cpp:210 VARIABLE mul_ln210_1011 LOOP compute BUNDLEDNAME {} DSP 1 BRAM 0 URAM 0 DISPNAME {bind_op mul}} {BINDTYPE op ID {} IMPL dsp48 LATENCY 3 OPTYPE add PRAGMA {} RTLNAME mac_muladd_8s_8s_32s_32_4_1_U5197 SOURCE mmult_accel.cpp:210 VARIABLE add_ln210_1011 LOOP compute BUNDLEDNAME {} DSP 1 BRAM 0 URAM 0 DISPNAME {bind_op add}} {BINDTYPE op ID {} IMPL dsp48 LATENCY 3 OPTYPE mul PRAGMA {} RTLNAME mac_muladd_8s_8s_32s_32_4_1_U5198 SOURCE mmult_accel.cpp:210 VARIABLE mul_ln210_1012 LOOP compute BUNDLEDNAME {} DSP 1 BRAM 0 URAM 0 DISPNAME {bind_op mul}} {BINDTYPE op ID {} IMPL dsp48 LATENCY 3 OPTYPE add PRAGMA {} RTLNAME mac_muladd_8s_8s_32s_32_4_1_U5198 SOURCE mmult_accel.cpp:210 VARIABLE add_ln210_1012 LOOP compute BUNDLEDNAME {} DSP 1 BRAM 0 URAM 0 DISPNAME {bind_op add}} {BINDTYPE op ID {} IMPL dsp48 LATENCY 3 OPTYPE mul PRAGMA {} RTLNAME mac_muladd_8s_8s_32s_32_4_1_U5199 SOURCE mmult_accel.cpp:210 VARIABLE mul_ln210_1013 LOOP compute BUNDLEDNAME {} DSP 1 BRAM 0 URAM 0 DISPNAME {bind_op mul}} {BINDTYPE op ID {} IMPL dsp48 LATENCY 3 OPTYPE add PRAGMA {} RTLNAME mac_muladd_8s_8s_32s_32_4_1_U5199 SOURCE mmult_accel.cpp:210 VARIABLE add_ln210_1013 LOOP compute BUNDLEDNAME {} DSP 1 BRAM 0 URAM 0 DISPNAME {bind_op add}} {BINDTYPE op ID {} IMPL dsp48 LATENCY 3 OPTYPE mul PRAGMA {} RTLNAME mac_muladd_8s_8s_32s_32_4_1_U5200 SOURCE mmult_accel.cpp:210 VARIABLE mul_ln210_1014 LOOP compute BUNDLEDNAME {} DSP 1 BRAM 0 URAM 0 DISPNAME {bind_op mul}} {BINDTYPE op ID {} IMPL dsp48 LATENCY 3 OPTYPE add PRAGMA {} RTLNAME mac_muladd_8s_8s_32s_32_4_1_U5200 SOURCE mmult_accel.cpp:210 VARIABLE add_ln210_1014 LOOP compute BUNDLEDNAME {} DSP 1 BRAM 0 URAM 0 DISPNAME {bind_op add}} {BINDTYPE op ID {} IMPL dsp48 LATENCY 3 OPTYPE mul PRAGMA {} RTLNAME mac_muladd_8s_8s_32s_32_4_1_U5201 SOURCE mmult_accel.cpp:210 VARIABLE mul_ln210_1015 LOOP compute BUNDLEDNAME {} DSP 1 BRAM 0 URAM 0 DISPNAME {bind_op mul}} {BINDTYPE op ID {} IMPL dsp48 LATENCY 3 OPTYPE add PRAGMA {} RTLNAME mac_muladd_8s_8s_32s_32_4_1_U5201 SOURCE mmult_accel.cpp:210 VARIABLE add_ln210_1015 LOOP compute BUNDLEDNAME {} DSP 1 BRAM 0 URAM 0 DISPNAME {bind_op add}} {BINDTYPE op ID {} IMPL dsp48 LATENCY 3 OPTYPE mul PRAGMA {} RTLNAME mac_muladd_8s_8s_32s_32_4_1_U5202 SOURCE mmult_accel.cpp:210 VARIABLE mul_ln210_1016 LOOP compute BUNDLEDNAME {} DSP 1 BRAM 0 URAM 0 DISPNAME {bind_op mul}} {BINDTYPE op ID {} IMPL dsp48 LATENCY 3 OPTYPE add PRAGMA {} RTLNAME mac_muladd_8s_8s_32s_32_4_1_U5202 SOURCE mmult_accel.cpp:210 VARIABLE add_ln210_1016 LOOP compute BUNDLEDNAME {} DSP 1 BRAM 0 URAM 0 DISPNAME {bind_op add}} {BINDTYPE op ID {} IMPL dsp48 LATENCY 3 OPTYPE mul PRAGMA {} RTLNAME mac_muladd_8s_8s_32s_32_4_1_U5203 SOURCE mmult_accel.cpp:210 VARIABLE mul_ln210_1017 LOOP compute BUNDLEDNAME {} DSP 1 BRAM 0 URAM 0 DISPNAME {bind_op mul}} {BINDTYPE op ID {} IMPL dsp48 LATENCY 3 OPTYPE add PRAGMA {} RTLNAME mac_muladd_8s_8s_32s_32_4_1_U5203 SOURCE mmult_accel.cpp:210 VARIABLE add_ln210_1017 LOOP compute BUNDLEDNAME {} DSP 1 BRAM 0 URAM 0 DISPNAME {bind_op add}} {BINDTYPE op ID {} IMPL dsp48 LATENCY 3 OPTYPE mul PRAGMA {} RTLNAME mac_muladd_8s_8s_32s_32_4_1_U5204 SOURCE mmult_accel.cpp:210 VARIABLE mul_ln210_1018 LOOP compute BUNDLEDNAME {} DSP 1 BRAM 0 URAM 0 DISPNAME {bind_op mul}} {BINDTYPE op ID {} IMPL dsp48 LATENCY 3 OPTYPE add PRAGMA {} RTLNAME mac_muladd_8s_8s_32s_32_4_1_U5204 SOURCE mmult_accel.cpp:210 VARIABLE add_ln210_1018 LOOP compute BUNDLEDNAME {} DSP 1 BRAM 0 URAM 0 DISPNAME {bind_op add}} {BINDTYPE op ID {} IMPL dsp48 LATENCY 3 OPTYPE mul PRAGMA {} RTLNAME mac_muladd_8s_8s_32s_32_4_1_U5205 SOURCE mmult_accel.cpp:210 VARIABLE mul_ln210_1019 LOOP compute BUNDLEDNAME {} DSP 1 BRAM 0 URAM 0 DISPNAME {bind_op mul}} {BINDTYPE op ID {} IMPL dsp48 LATENCY 3 OPTYPE add PRAGMA {} RTLNAME mac_muladd_8s_8s_32s_32_4_1_U5205 SOURCE mmult_accel.cpp:210 VARIABLE add_ln210_1019 LOOP compute BUNDLEDNAME {} DSP 1 BRAM 0 URAM 0 DISPNAME {bind_op add}} {BINDTYPE op ID {} IMPL dsp48 LATENCY 3 OPTYPE mul PRAGMA {} RTLNAME mac_muladd_8s_8s_32s_32_4_1_U5206 SOURCE mmult_accel.cpp:210 VARIABLE mul_ln210_1020 LOOP compute BUNDLEDNAME {} DSP 1 BRAM 0 URAM 0 DISPNAME {bind_op mul}} {BINDTYPE op ID {} IMPL dsp48 LATENCY 3 OPTYPE add PRAGMA {} RTLNAME mac_muladd_8s_8s_32s_32_4_1_U5206 SOURCE mmult_accel.cpp:210 VARIABLE add_ln210_1020 LOOP compute BUNDLEDNAME {} DSP 1 BRAM 0 URAM 0 DISPNAME {bind_op add}} {BINDTYPE op ID {} IMPL dsp48 LATENCY 3 OPTYPE mul PRAGMA {} RTLNAME mac_muladd_8s_8s_32s_32_4_1_U5207 SOURCE mmult_accel.cpp:210 VARIABLE mul_ln210_1021 LOOP compute BUNDLEDNAME {} DSP 1 BRAM 0 URAM 0 DISPNAME {bind_op mul}} {BINDTYPE op ID {} IMPL dsp48 LATENCY 3 OPTYPE add PRAGMA {} RTLNAME mac_muladd_8s_8s_32s_32_4_1_U5207 SOURCE mmult_accel.cpp:210 VARIABLE add_ln210_1021 LOOP compute BUNDLEDNAME {} DSP 1 BRAM 0 URAM 0 DISPNAME {bind_op add}} {BINDTYPE op ID {} IMPL dsp48 LATENCY 3 OPTYPE mul PRAGMA {} RTLNAME mac_muladd_8s_8s_32s_32_4_1_U5208 SOURCE mmult_accel.cpp:210 VARIABLE mul_ln210_1022 LOOP compute BUNDLEDNAME {} DSP 1 BRAM 0 URAM 0 DISPNAME {bind_op mul}} {BINDTYPE op ID {} IMPL dsp48 LATENCY 3 OPTYPE add PRAGMA {} RTLNAME mac_muladd_8s_8s_32s_32_4_1_U5208 SOURCE mmult_accel.cpp:210 VARIABLE add_ln210_1022 LOOP compute BUNDLEDNAME {} DSP 1 BRAM 0 URAM 0 DISPNAME {bind_op add}} {BINDTYPE op ID {} IMPL dsp48 LATENCY 3 OPTYPE mul PRAGMA {} RTLNAME mac_muladd_8s_8s_32s_32_4_1_U5209 SOURCE mmult_accel.cpp:210 VARIABLE mul_ln210_1023 LOOP compute BUNDLEDNAME {} DSP 1 BRAM 0 URAM 0 DISPNAME {bind_op mul}} {BINDTYPE op ID {} IMPL dsp48 LATENCY 3 OPTYPE add PRAGMA {} RTLNAME mac_muladd_8s_8s_32s_32_4_1_U5209 SOURCE mmult_accel.cpp:210 VARIABLE add_ln210_1023 LOOP compute BUNDLEDNAME {} DSP 1 BRAM 0 URAM 0 DISPNAME {bind_op add}}} AREA {DSP 1024 BRAM 0 URAM 0}} mmult_accel_Pipeline_writeC_VITIS_LOOP_220_8 {BINDINFO {{BINDTYPE op ID {} IMPL fabric LATENCY 0 OPTYPE add PRAGMA {} RTLNAME empty_fu_8403_p2 SOURCE mmult_accel.cpp:219 VARIABLE empty LOOP writeC_VITIS_LOOP_220_8 BUNDLEDNAME {} DSP 0 BRAM 0 URAM 0 DISPNAME {bind_op add}} {BINDTYPE op ID {} IMPL fabric LATENCY 0 OPTYPE add PRAGMA {} RTLNAME add_ln219_4_fu_8421_p2 SOURCE mmult_accel.cpp:219 VARIABLE add_ln219_4 LOOP writeC_VITIS_LOOP_220_8 BUNDLEDNAME {} DSP 0 BRAM 0 URAM 0 DISPNAME {bind_op add}} {BINDTYPE op ID {} IMPL fabric LATENCY 0 OPTYPE add PRAGMA {} RTLNAME add_ln219_fu_8430_p2 SOURCE mmult_accel.cpp:219 VARIABLE add_ln219 LOOP writeC_VITIS_LOOP_220_8 BUNDLEDNAME {} DSP 0 BRAM 0 URAM 0 DISPNAME {bind_op add}} {BINDTYPE op ID {} IMPL fabric LATENCY 0 OPTYPE add PRAGMA {} RTLNAME p_mid149_fu_8454_p2 SOURCE mmult_accel.cpp:219 VARIABLE p_mid149 LOOP writeC_VITIS_LOOP_220_8 BUNDLEDNAME {} DSP 0 BRAM 0 URAM 0 DISPNAME {bind_op add}} {BINDTYPE op ID {} IMPL fabric LATENCY 0 OPTYPE add PRAGMA {} RTLNAME mul_ln219_fu_8496_p0 SOURCE mmult_accel.cpp:219 VARIABLE add_ln219_1 LOOP writeC_VITIS_LOOP_220_8 BUNDLEDNAME {} DSP 0 BRAM 0 URAM 0 DISPNAME {bind_op add}} {BINDTYPE op ID {} IMPL auto LATENCY 0 OPTYPE mul PRAGMA {} RTLNAME mul_62s_32s_62_1_1_U9308 SOURCE mmult_accel.cpp:219 VARIABLE mul_ln219 LOOP writeC_VITIS_LOOP_220_8 BUNDLEDNAME {} DSP 7 BRAM 0 URAM 0 DISPNAME {bind_op mul}} {BINDTYPE op ID {} IMPL fabric LATENCY 0 OPTYPE add PRAGMA {} RTLNAME add_ln223_fu_8510_p2 SOURCE mmult_accel.cpp:223 VARIABLE add_ln223 LOOP writeC_VITIS_LOOP_220_8 BUNDLEDNAME {} DSP 0 BRAM 0 URAM 0 DISPNAME {bind_op add}} {BINDTYPE op ID {} IMPL fabric LATENCY 0 OPTYPE add PRAGMA {} RTLNAME add_ln225_fu_10871_p2 SOURCE mmult_accel.cpp:225 VARIABLE add_ln225 LOOP writeC_VITIS_LOOP_220_8 BUNDLEDNAME {} DSP 0 BRAM 0 URAM 0 DISPNAME {bind_op add}} {BINDTYPE op ID {} IMPL fabric LATENCY 0 OPTYPE add PRAGMA {} RTLNAME add_ln225_1_fu_10885_p2 SOURCE mmult_accel.cpp:225 VARIABLE add_ln225_1 LOOP writeC_VITIS_LOOP_220_8 BUNDLEDNAME {} DSP 0 BRAM 0 URAM 0 DISPNAME {bind_op add}} {BINDTYPE op ID {} IMPL fabric LATENCY 0 OPTYPE add PRAGMA {} RTLNAME add_ln220_fu_10838_p2 SOURCE mmult_accel.cpp:220 VARIABLE add_ln220 LOOP writeC_VITIS_LOOP_220_8 BUNDLEDNAME {} DSP 0 BRAM 0 URAM 0 DISPNAME {bind_op add}}} AREA {DSP 7 BRAM 0 URAM 0}} mmult_accel {BINDINFO {{BINDTYPE storage ID {} IMPL bram LATENCY 1 OPTYPE ram_2p PRAGMA yes RTLNAME B_bram_U SOURCE mmult_accel.cpp:114 VARIABLE B_bram LOOP {} BUNDLEDNAME {} DSP 0 BRAM 96 URAM 0 DISPNAME {bind_storage ram_2p}} {BINDTYPE op ID {} IMPL auto LATENCY 0 OPTYPE mul PRAGMA {} RTLNAME mul_32s_32s_32_1_1_U10378 SOURCE mmult_accel.cpp:96 VARIABLE mul_ln96 LOOP {} BUNDLEDNAME {} DSP 3 BRAM 0 URAM 0 DISPNAME {bind_op mul}} {BINDTYPE op ID {} IMPL auto LATENCY 0 OPTYPE mul PRAGMA {} RTLNAME mul_32ns_32ns_64_1_1_U10379 SOURCE mmult_accel.cpp:96 VARIABLE mul_ln96_1 LOOP {} BUNDLEDNAME {} DSP 3 BRAM 0 URAM 0 DISPNAME {bind_op mul}} {BINDTYPE op ID {} IMPL fabric LATENCY 0 OPTYPE add PRAGMA {} RTLNAME add_ln110_fu_44432_p2 SOURCE mmult_accel.cpp:110 VARIABLE add_ln110 LOOP {} BUNDLEDNAME {} DSP 0 BRAM 0 URAM 0 DISPNAME {bind_op add}} {BINDTYPE op ID {} IMPL fabric LATENCY 0 OPTYPE add PRAGMA {} RTLNAME add_ln110_1_fu_44474_p2 SOURCE mmult_accel.cpp:110 VARIABLE add_ln110_1 LOOP {} BUNDLEDNAME {} DSP 0 BRAM 0 URAM 0 DISPNAME {bind_op add}} {BINDTYPE op ID {} IMPL fabric LATENCY 0 OPTYPE sub PRAGMA {} RTLNAME sub_ln110_fu_44488_p2 SOURCE mmult_accel.cpp:110 VARIABLE sub_ln110 LOOP {} BUNDLEDNAME {} DSP 0 BRAM 0 URAM 0 DISPNAME {bind_op sub}} {BINDTYPE op ID {} IMPL fabric LATENCY 0 OPTYPE sub PRAGMA {} RTLNAME sub_ln110_1_fu_44504_p2 SOURCE mmult_accel.cpp:110 VARIABLE sub_ln110_1 LOOP {} BUNDLEDNAME {} DSP 0 BRAM 0 URAM 0 DISPNAME {bind_op sub}} {BINDTYPE op ID {} IMPL fabric LATENCY 0 OPTYPE add PRAGMA {} RTLNAME add_ln111_fu_44561_p2 SOURCE mmult_accel.cpp:111 VARIABLE add_ln111 LOOP outer_j_block BUNDLEDNAME {} DSP 0 BRAM 0 URAM 0 DISPNAME {bind_op add}} {BINDTYPE op ID {} IMPL fabric LATENCY 0 OPTYPE sub PRAGMA {} RTLNAME sub_ln111_fu_44582_p2 SOURCE mmult_accel.cpp:111 VARIABLE sub_ln111 LOOP outer_j_block BUNDLEDNAME {} DSP 0 BRAM 0 URAM 0 DISPNAME {bind_op sub}} {BINDTYPE op ID {} IMPL auto LATENCY 0 OPTYPE mul PRAGMA {} RTLNAME mul_32ns_32ns_64_1_1_U10380 SOURCE mmult_accel.cpp:110 VARIABLE mul_ln110 LOOP outer_j_block BUNDLEDNAME {} DSP 3 BRAM 0 URAM 0 DISPNAME {bind_op mul}} {BINDTYPE op ID {} IMPL fabric LATENCY 0 OPTYPE add PRAGMA {} RTLNAME add_ln132_1_fu_44627_p2 SOURCE mmult_accel.cpp:132 VARIABLE add_ln132_1 LOOP outer_j_block BUNDLEDNAME {} DSP 0 BRAM 0 URAM 0 DISPNAME {bind_op add}} {BINDTYPE op ID {} IMPL auto LATENCY 0 OPTYPE mul PRAGMA {} RTLNAME mul_28ns_28ns_118_1_1_U10381 SOURCE mmult_accel.cpp:119 VARIABLE mul_ln119 LOOP outer_j_block BUNDLEDNAME {} DSP 3 BRAM 0 URAM 0 DISPNAME {bind_op mul}} {BINDTYPE op ID {} IMPL fabric LATENCY 0 OPTYPE add PRAGMA {} RTLNAME add_ln132_2_fu_44672_p2 SOURCE mmult_accel.cpp:132 VARIABLE add_ln132_2 LOOP tile_i_tile_j BUNDLEDNAME {} DSP 0 BRAM 0 URAM 0 DISPNAME {bind_op add}} {BINDTYPE op ID {} IMPL fabric LATENCY 0 OPTYPE add PRAGMA {} RTLNAME add_ln132_fu_44678_p2 SOURCE mmult_accel.cpp:132 VARIABLE add_ln132 LOOP tile_i_tile_j BUNDLEDNAME {} DSP 0 BRAM 0 URAM 0 DISPNAME {bind_op add}} {BINDTYPE op ID {} IMPL fabric LATENCY 0 OPTYPE add PRAGMA {} RTLNAME add_ln166_1_fu_44716_p2 SOURCE mmult_accel.cpp:166 VARIABLE add_ln166_1 LOOP tile_i_tile_j BUNDLEDNAME {} DSP 0 BRAM 0 URAM 0 DISPNAME {bind_op add}} {BINDTYPE op ID {} IMPL fabric LATENCY 0 OPTYPE sub PRAGMA {} RTLNAME sub_ln166_fu_44729_p2 SOURCE mmult_accel.cpp:166 VARIABLE sub_ln166 LOOP tile_i_tile_j BUNDLEDNAME {} DSP 0 BRAM 0 URAM 0 DISPNAME {bind_op sub}} {BINDTYPE op ID {} IMPL fabric LATENCY 0 OPTYPE sub PRAGMA {} RTLNAME sub_ln166_1_fu_44744_p2 SOURCE mmult_accel.cpp:166 VARIABLE sub_ln166_1 LOOP tile_i_tile_j BUNDLEDNAME {} DSP 0 BRAM 0 URAM 0 DISPNAME {bind_op sub}} {BINDTYPE op ID {} IMPL fabric LATENCY 0 OPTYPE add PRAGMA {} RTLNAME add_ln166_fu_52989_p2 SOURCE mmult_accel.cpp:166 VARIABLE add_ln166 LOOP k_loop BUNDLEDNAME {} DSP 0 BRAM 0 URAM 0 DISPNAME {bind_op add}} {BINDTYPE op ID {} IMPL fabric LATENCY 0 OPTYPE add PRAGMA {} RTLNAME add_ln134_fu_52999_p2 SOURCE mmult_accel.cpp:134 VARIABLE add_ln134 LOOP tile_i_tile_j BUNDLEDNAME {} DSP 0 BRAM 0 URAM 0 DISPNAME {bind_op add}} {BINDTYPE storage ID {} IMPL bram LATENCY 1 OPTYPE ram_2p PRAGMA pragma RTLNAME A_bram_U SOURCE mmult_accel.cpp:89 VARIABLE A_bram LOOP {} BUNDLEDNAME {} DSP 0 BRAM 24 URAM 0 DISPNAME {bind_storage ram_2p}}} AREA {DSP 1046 BRAM 120 URAM 0}}}}'
INFO-FLOW: DBG:PUTS:      update_csynth_reports json2rpt_hw_sw_interfaces
Execute       send_msg_by_id INFO @200-1603@%s  and missed bursts 
INFO: [HLS 200-1603] Design has inferred MAXI bursts and missed bursts, see Vitis HLS GUI synthesis summary report for detailed information.
INFO-FLOW: Running: gen_csynth_sec_pragma
INFO-FLOW: Done: gen_csynth_sec_pragma time: 0 seconds per iteration
INFO-FLOW: DBG:PUTS:      update_csynth_reports wrote xml
INFO-FLOW: DBG:PUTS:      update_csynth_reports appended to csynth rpt file
INFO: [HLS 200-111] Finished Updating report files: CPU user time: 20 seconds. CPU system time: 1 seconds. Elapsed time: 22.644 seconds; current allocated memory: 1.814 GB.
INFO: [VHDL 208-304] Generating VHDL RTL for mmult_accel.
INFO: [VLOG 209-307] Generating Verilog RTL for mmult_accel.
Execute       syn_report -model mmult_accel -printsummary 
INFO: [HLS 200-790] **** Loop Constraint Status: All loop constraints were satisfied.
INFO: [HLS 200-789] **** Estimated Fmax: 136.99 MHz
Command       syn_report done; 0.105 sec.
Command     autosyn done; 900.346 sec.
Command   csynth_design done; 1534.22 sec.
INFO: [HLS 200-111] Finished Command csynth_design CPU user time: 1221 seconds. CPU system time: 32 seconds. Elapsed time: 1534.22 seconds; current allocated memory: 1.710 GB.
Command ap_source done; 1545.5 sec.
Execute cleanup_all 
Command cleanup_all done; 1.197 sec.
INFO-FLOW: Workspace E:/CENTOS7/shared/tiled_matmul_accelerator/mmult_accel_hls/solution1 opened at Thu Jul 23 15:15:49 +0700 2026
Execute     ap_set_clock -name default -period 10 -default=false 
INFO: [SYN 201-201] Setting up clock 'default' with a period of 10ns.
Execute     set_part xck26-sfvc784-2LV-c 
Execute       create_platform xck26-sfvc784-2LV-c -board  
DBG:HLSDevice: Trying to load device library: E:/VIVADO/Vitis_HLS/2022.2\lib\win64.o\xv_hlsvwrap.dll
DBG:HLSDevice: first parts/arch.xml in RDI_DATADIR: E:/VIVADO/Vivado/2022.2/data/parts/arch.xml
DBG:HLSDevice: init success
INFO: [HLS 200-1611] Setting target device to 'xck26-sfvc784-2LV-c'
Command       create_platform done; 0.799 sec.
Execute       source E:/VIVADO/Vitis_HLS/2022.2/common/technology/xilinx/common/xilinx.gen 
Execute         source E:/VIVADO/Vitis_HLS/2022.2/common/technology/xilinx/interface/plb46.gen 
Execute         source E:/VIVADO/Vitis_HLS/2022.2/common/technology/xilinx/interface/axi4.gen 
Execute         source E:/VIVADO/Vitis_HLS/2022.2/common/technology/xilinx/interface/nativeAXI4.gen 
Execute           source E:/VIVADO/Vitis_HLS/2022.2/common/technology/xilinx/interface/saxilite.gen 
Execute         source E:/VIVADO/Vitis_HLS/2022.2/common/technology/xilinx/scripts/xilinxcoregen.gen 
Execute         source E:/VIVADO/Vitis_HLS/2022.2/common/technology/xilinx/interface/XilEDKCoreGen.gen 
Execute         source E:/VIVADO/Vitis_HLS/2022.2/common/technology/xilinx/ip/dds_compiler.gen 
Execute         source E:/VIVADO/Vitis_HLS/2022.2/common/technology/xilinx/ip/util.gen 
Execute         source E:/VIVADO/Vitis_HLS/2022.2/common/technology/xilinx/ip/xfft.gen 
Command         ap_source done; 0.105 sec.
Execute         source E:/VIVADO/Vitis_HLS/2022.2/common/technology/xilinx/ip/xfir.gen 
Execute         source E:/VIVADO/Vitis_HLS/2022.2/common/technology/xilinx/DSP48/dsp48.gen 
Command       ap_source done; 0.159 sec.
Execute       ap_part_info -name xck26-sfvc784-2LV-c -data info 
Execute       config_compile -quiet -complex-mul-dsp=0 
Command     set_part done; 1.001 sec.
Execute     send_msg_by_id INFO @200-1505@%s%s  vivado 
INFO: [HLS 200-1505] Using flow_target 'vivado'
Command   open_solution done; 1.207 sec.
Execute   set_part xck26-sfvc784-2LV-c 
INFO: [HLS 200-1510] Running: set_part xck26-sfvc784-2LV-c 
Execute     create_platform xck26-sfvc784-2LV-c -board  
Execute     source E:/VIVADO/Vitis_HLS/2022.2/common/technology/xilinx/common/xilinx.gen 
Execute       source E:/VIVADO/Vitis_HLS/2022.2/common/technology/xilinx/interface/plb46.gen 
Execute       source E:/VIVADO/Vitis_HLS/2022.2/common/technology/xilinx/interface/axi4.gen 
Execute       source E:/VIVADO/Vitis_HLS/2022.2/common/technology/xilinx/interface/nativeAXI4.gen 
Execute         source E:/VIVADO/Vitis_HLS/2022.2/common/technology/xilinx/interface/saxilite.gen 
Execute       source E:/VIVADO/Vitis_HLS/2022.2/common/technology/xilinx/scripts/xilinxcoregen.gen 
Execute       source E:/VIVADO/Vitis_HLS/2022.2/common/technology/xilinx/interface/XilEDKCoreGen.gen 
Execute       source E:/VIVADO/Vitis_HLS/2022.2/common/technology/xilinx/ip/dds_compiler.gen 
Execute       source E:/VIVADO/Vitis_HLS/2022.2/common/technology/xilinx/ip/util.gen 
Execute       source E:/VIVADO/Vitis_HLS/2022.2/common/technology/xilinx/ip/xfft.gen 
Command       ap_source done; 0.125 sec.
Execute       source E:/VIVADO/Vitis_HLS/2022.2/common/technology/xilinx/ip/xfir.gen 
Execute       source E:/VIVADO/Vitis_HLS/2022.2/common/technology/xilinx/DSP48/dsp48.gen 
Command     ap_source done; 0.175 sec.
Execute     ap_part_info -name xck26-sfvc784-2LV-c -data info 
Execute     config_compile -quiet -complex-mul-dsp=0 
Command   set_part done; 0.237 sec.
Execute   create_clock -period 10 -name default 
INFO: [HLS 200-1510] Running: create_clock -period 10 -name default 
Execute     ap_set_clock -name default -period 10 -default=false 
INFO: [SYN 201-201] Setting up clock 'default' with a period of 10ns.
Execute   export_design -rtl verilog -format ip_catalog 
INFO: [HLS 200-1510] Running: export_design -rtl verilog -format ip_catalog 
Execute     config_export -format=ip_catalog -rtl=verilog 
INFO-FLOW: DBG:PUTS: export_design_wrap: -format ip_catalog -rtl verilog
Execute     source E:/CENTOS7/shared/tiled_matmul_accelerator/mmult_accel_hls/solution1/.autopilot/db/global.setting.tcl 
INFO-FLOW: DBG:PUTS:   auto_impl: pack: -export -rtl verilog
INFO-FLOW: DBG:PROC: ::AESL_AUTOIMPL::auto_impl args='-export -rtl verilog'
Execute     source E:/CENTOS7/shared/tiled_matmul_accelerator/mmult_accel_hls/solution1/.autopilot/db/global.setting.tcl 
INFO: [IMPL 213-8] Exporting RTL as a Vivado IP.
Execute     source E:/CENTOS7/shared/tiled_matmul_accelerator/mmult_accel_hls/solution1/.autopilot/db/global.setting.tcl 
INFO-FLOW: DBG:PUTS: automg_wrap -export -pcore_version 1.00.a -rtl vlog -tool Vivado -impltomg_flag
INFO-FLOW: DBG:PROC: ::AESL_AUTOMG::auto_generate args='-export -pcore_version 1.00.a -rtl vlog -tool Vivado -impltomg_flag'
INFO-FLOW: DBG:PUTS:     auto_generate -export -pcore_version 1.00.a -rtl vlog -tool Vivado -impltomg_flag
Execute     source E:/CENTOS7/shared/tiled_matmul_accelerator/mmult_accel_hls/solution1/.autopilot/db/global.setting.tcl 
INFO-FLOW: DBG:PUTS: read_platform_lib E:/CENTOS7/shared/tiled_matmul_accelerator/mmult_accel_hls/solution1/.autopilot/db/global.setting.tcl
Execute     source E:/VIVADO/Vitis_HLS/2022.2/common/technology/generic/autopilot/common.gen 
Execute       source E:/VIVADO/Vitis_HLS/2022.2/common/technology/generic/autopilot/APCoreGen.gen 
Execute     source E:/VIVADO/Vitis_HLS/2022.2/common/technology/generic/autopilot/op.gen 
Execute     source E:/VIVADO/Vitis_HLS/2022.2/common/technology/generic/autopilot/op_simcore.gen 
Execute     source E:/VIVADO/Vitis_HLS/2022.2/common/technology/generic/autopilot/interface.gen 
Execute     source E:/CENTOS7/shared/tiled_matmul_accelerator/mmult_accel_hls/solution1/.autopilot/db/global.setting.tcl 
Execute     source E:/VIVADO/Vitis_HLS/2022.2/common/technology/xilinx/common/xilinx.gen 
Execute       source E:/VIVADO/Vitis_HLS/2022.2/common/technology/xilinx/interface/plb46.gen 
Execute       source E:/VIVADO/Vitis_HLS/2022.2/common/technology/xilinx/interface/axi4.gen 
Execute       source E:/VIVADO/Vitis_HLS/2022.2/common/technology/xilinx/interface/nativeAXI4.gen 
Execute         source E:/VIVADO/Vitis_HLS/2022.2/common/technology/xilinx/interface/saxilite.gen 
Execute       source E:/VIVADO/Vitis_HLS/2022.2/common/technology/xilinx/scripts/xilinxcoregen.gen 
Execute       source E:/VIVADO/Vitis_HLS/2022.2/common/technology/xilinx/interface/XilEDKCoreGen.gen 
Execute       source E:/VIVADO/Vitis_HLS/2022.2/common/technology/xilinx/ip/dds_compiler.gen 
Execute       source E:/VIVADO/Vitis_HLS/2022.2/common/technology/xilinx/ip/util.gen 
Execute       source E:/VIVADO/Vitis_HLS/2022.2/common/technology/xilinx/ip/xfft.gen 
Command       ap_source done; 0.102 sec.
Execute       source E:/VIVADO/Vitis_HLS/2022.2/common/technology/xilinx/ip/xfir.gen 
Execute       source E:/VIVADO/Vitis_HLS/2022.2/common/technology/xilinx/DSP48/dsp48.gen 
Command     ap_source done; 0.143 sec.
INFO-FLOW: DBG:PUTS:   using AESL_AUTOCG::g_clock_period=10.000 (was NA)
INFO-FLOW: DBG:PUTS:       initCTypeInfo top_module=mmult_accel xml_exists=0
Execute     source E:/CENTOS7/shared/tiled_matmul_accelerator/mmult_accel_hls/solution1/.autopilot/db/mmult_accel.rtl_wrap.cfg.tcl 
Execute     source E:/CENTOS7/shared/tiled_matmul_accelerator/mmult_accel_hls/solution1/.autopilot/db/mmult_accel.rtl_wrap.cfg.tcl 
Execute     source E:/CENTOS7/shared/tiled_matmul_accelerator/mmult_accel_hls/solution1/.autopilot/db/mmult_accel.rtl_wrap.cfg.tcl 
Execute     source E:/CENTOS7/shared/tiled_matmul_accelerator/mmult_accel_hls/solution1/.autopilot/db/mmult_accel.tbgen.tcl 
Execute     source E:/CENTOS7/shared/tiled_matmul_accelerator/mmult_accel_hls/solution1/.autopilot/db/mmult_accel.tbgen.tcl 
Execute     source E:/CENTOS7/shared/tiled_matmul_accelerator/mmult_accel_hls/solution1/.autopilot/db/global.setting.tcl 
Execute     source E:/CENTOS7/shared/tiled_matmul_accelerator/mmult_accel_hls/solution1/.autopilot/db/mmult_accel.tbgen.tcl 
INFO-FLOW: DBG:PUTS:       cosim_export_main adding deadlock detection to mmult_accel
INFO-FLOW: DBG:PUTS: Skipping loadAnalyze_DB, #g_database=10
INFO-FLOW: DBG:PUTS:       generate_json generate_bd_files=0 generate_xo_files=false #modelList=27 #gSsdmPorts=0
INFO-FLOW: DBG:PROC: ::AP::DESIGN_DATA::generate_json generate_bd_files='0' generate_xo_files='false' modelList='mmult_accel_flow_control_loop_pipe_sequential_init
mmult_accel_mul_31ns_32ns_63_1_1
mmult_accel_flow_control_loop_pipe_sequential_init
mmult_accel_flow_control_loop_pipe_sequential_init
mmult_accel_flow_control_loop_pipe_sequential_init
mmult_accel_mux_325_8_1_1
mmult_accel_mac_muladd_8s_8s_32s_32_4_1
mmult_accel_flow_control_loop_pipe_sequential_init
mmult_accel_mul_62s_32s_62_1_1
mmult_accel_mux_325_32_1_1
mmult_accel_flow_control_loop_pipe_sequential_init
mmult_accel_mul_32s_32s_32_1_1
mmult_accel_mul_32ns_32ns_64_1_1
mmult_accel_mul_28ns_28ns_118_1_1
mmult_accel_A_bram_RAM_2P_BRAM_1R1W
mmult_accel_B_bram_RAM_2P_BRAM_1R1W
mmult_accel_gmemA_m_axi
mmult_accel_gmemB_m_axi
mmult_accel_gmemC_m_axi
mmult_accel_control_s_axi
mmult_accel_Pipeline_copy_A_VITIS_LOOP_97_1
mmult_accel_Pipeline_VITIS_LOOP_120_2
mmult_accel_Pipeline_loadA_VITIS_LOOP_171_4
mmult_accel_Pipeline_loadB_VITIS_LOOP_186_5
mmult_accel_Pipeline_compute
mmult_accel_Pipeline_writeC_VITIS_LOOP_220_8
mmult_accel
' rtl_lang='vlog' bootstrap_tcl='false' outdir='' outfilename=''
Execute     source E:/VIVADO/Vitis_HLS/2022.2/tps/tcl/tcllib1.11.1/yaml/huddle.tcl 
Execute     source E:/VIVADO/Vitis_HLS/2022.2/tps/tcl/tcllib1.11.1/yaml/json2huddle.tcl 
Execute     source E:/CENTOS7/shared/tiled_matmul_accelerator/mmult_accel_hls/solution1/.autopilot/db/global.setting.tcl 
Execute     source E:/CENTOS7/shared/tiled_matmul_accelerator/mmult_accel_hls/solution1/.autopilot/db/global.setting.tcl 
Execute     source E:/CENTOS7/shared/tiled_matmul_accelerator/mmult_accel_hls/solution1/.autopilot/db/top-io-be.tcl 
Execute     source E:/CENTOS7/shared/tiled_matmul_accelerator/mmult_accel_hls/solution1/.autopilot/db/mmult_accel.tbgen.tcl 
Execute     source E:/CENTOS7/shared/tiled_matmul_accelerator/mmult_accel_hls/solution1/.autopilot/db/mmult_accel.compgen.dataonly.tcl 
Execute     source E:/CENTOS7/shared/tiled_matmul_accelerator/mmult_accel_hls/solution1/.autopilot/db/mmult_accel.compgen.dataonly.tcl 
Execute     source E:/CENTOS7/shared/tiled_matmul_accelerator/mmult_accel_hls/solution1/.autopilot/db/mmult_accel.rtl_wrap.cfg.tcl 
Execute     source E:/CENTOS7/shared/tiled_matmul_accelerator/mmult_accel_hls/solution1/.autopilot/db/mmult_accel.compgen.dataonly.tcl 
Execute     source E:/CENTOS7/shared/tiled_matmul_accelerator/mmult_accel_hls/solution1/.autopilot/db/mmult_accel_Pipeline_copy_A_VITIS_LOOP_97_1.tbgen.tcl 
Execute     source E:/CENTOS7/shared/tiled_matmul_accelerator/mmult_accel_hls/solution1/.autopilot/db/mmult_accel_Pipeline_VITIS_LOOP_120_2.tbgen.tcl 
Execute     source E:/CENTOS7/shared/tiled_matmul_accelerator/mmult_accel_hls/solution1/.autopilot/db/mmult_accel_Pipeline_loadA_VITIS_LOOP_171_4.tbgen.tcl 
Execute     source E:/CENTOS7/shared/tiled_matmul_accelerator/mmult_accel_hls/solution1/.autopilot/db/mmult_accel_Pipeline_loadB_VITIS_LOOP_186_5.tbgen.tcl 
Execute     source E:/CENTOS7/shared/tiled_matmul_accelerator/mmult_accel_hls/solution1/.autopilot/db/mmult_accel_Pipeline_compute.tbgen.tcl 
Execute     source E:/CENTOS7/shared/tiled_matmul_accelerator/mmult_accel_hls/solution1/.autopilot/db/mmult_accel_Pipeline_writeC_VITIS_LOOP_220_8.tbgen.tcl 
Execute     source E:/CENTOS7/shared/tiled_matmul_accelerator/mmult_accel_hls/solution1/.autopilot/db/mmult_accel.tbgen.tcl 
Execute     source E:/CENTOS7/shared/tiled_matmul_accelerator/mmult_accel_hls/solution1/.autopilot/db/global.setting.tcl 
Execute     ap_part_info -name xck26-sfvc784-2LV-c -data names -quiet 
Execute     ap_part_info -name xck26-sfvc784-2LV-c -data info -quiet 
Execute     source E:/CENTOS7/shared/tiled_matmul_accelerator/mmult_accel_hls/solution1/.autopilot/db/mmult_accel.constraint.tcl 
Execute     sc_get_clocks mmult_accel 
Execute     source E:/CENTOS7/shared/tiled_matmul_accelerator/mmult_accel_hls/solution1/.autopilot/db/global.setting.tcl 
Execute     source E:/CENTOS7/shared/tiled_matmul_accelerator/mmult_accel_hls/solution1/.autopilot/db/global.setting.tcl 
Execute     source E:/CENTOS7/shared/tiled_matmul_accelerator/mmult_accel_hls/solution1/.autopilot/db/mmult_accel.tbgen.tcl 
INFO-FLOW: DBG:PUTS:       cosim_export_main adding deadlock detection to mmult_accel
INFO-FLOW: DBG:PUTS:       copy ip_driver_dir 1_0 E:/CENTOS7/shared/tiled_matmul_accelerator/mmult_accel_hls/solution1/.autopilot/db/driver
INFO-FLOW: DBG:PUTS:       generate_ip_script #gSsdmPorts=0 g_lang=vlog is_sdaccel=false is_sdsoc=true xo_file=
Execute     ap_part_info -name xck26-sfvc784-2LV-c -data names -quiet 
Execute     ap_part_info -name xck26-sfvc784-2LV-c -data info -quiet 
Execute     ap_part_info -name xck26-sfvc784-2LV-c -data names -quiet 
Execute     ap_part_info -name xck26-sfvc784-2LV-c -data info -quiet 
Execute     source E:/CENTOS7/shared/tiled_matmul_accelerator/mmult_accel_hls/solution1/.autopilot/db/mmult_accel.tbgen.tcl 
Execute     source E:/CENTOS7/shared/tiled_matmul_accelerator/mmult_accel_hls/solution1/.autopilot/db/mmult_accel.compgen.dataonly.tcl 
Execute     source E:/CENTOS7/shared/tiled_matmul_accelerator/mmult_accel_hls/solution1/.autopilot/db/mmult_accel.compgen.dataonly.tcl 
Execute     source E:/CENTOS7/shared/tiled_matmul_accelerator/mmult_accel_hls/solution1/.autopilot/db/global.setting.tcl 
INFO-FLOW: DBG:PUTS:       generate_top_info
INFO-FLOW: DBG:PUTS:       prepArgInfo -> loadAnalyze_DB top_module=mmult_accel
Execute     source E:/CENTOS7/shared/tiled_matmul_accelerator/mmult_accel_hls/solution1/.autopilot/db/mmult_accel.rtl_wrap.cfg.tcl 
Execute     source E:/CENTOS7/shared/tiled_matmul_accelerator/mmult_accel_hls/solution1/.autopilot/db/mmult_accel.rtl_wrap.cfg.tcl 
Execute     source E:/CENTOS7/shared/tiled_matmul_accelerator/mmult_accel_hls/solution1/.autopilot/db/mmult_accel.rtl_wrap.cfg.tcl 
Execute     source E:/CENTOS7/shared/tiled_matmul_accelerator/mmult_accel_hls/solution1/.autopilot/db/mmult_accel.tbgen.tcl 
Execute     source E:/CENTOS7/shared/tiled_matmul_accelerator/mmult_accel_hls/solution1/.autopilot/db/mmult_accel.tbgen.tcl 
Execute     ap_part_info -name xck26-sfvc784-2LV-c -data names -quiet 
Execute     ap_part_info -name xck26-sfvc784-2LV-c -data info -quiet 
Execute     source E:/CENTOS7/shared/tiled_matmul_accelerator/mmult_accel_hls/solution1/.autopilot/db/global.setting.tcl 
Execute     ap_part_info -name xck26-sfvc784-2LV-c -data names -quiet 
Execute     ap_part_info -name xck26-sfvc784-2LV-c -data info -quiet 
Execute     ap_part_info -name xck26-sfvc784-2LV-c -data names -quiet 
Execute     ap_part_info -name xck26-sfvc784-2LV-c -data info -quiet 
Execute     source E:/CENTOS7/shared/tiled_matmul_accelerator/mmult_accel_hls/solution1/.autopilot/db/mmult_accel.tbgen.tcl 
Execute     source E:/CENTOS7/shared/tiled_matmul_accelerator/mmult_accel_hls/solution1/.autopilot/db/global.setting.tcl 
Execute     source E:/CENTOS7/shared/tiled_matmul_accelerator/mmult_accel_hls/solution1/.autopilot/db/mmult_accel.constraint.tcl 
INFO-FLOW: DBG:PUTS:       generate_ipi_example_script
Execute     ap_part_info -name xck26-sfvc784-2LV-c -data names -quiet 
Execute     ap_part_info -name xck26-sfvc784-2LV-c -data info -quiet 
Execute     ap_part_info -name xck26-sfvc784-2LV-c -data names -quiet 
Execute     ap_part_info -name xck26-sfvc784-2LV-c -data info -quiet 
INFO-FLOW: DBG:PUTS:       generate_syn_sh
Execute     ap_part_info -name xck26-sfvc784-2LV-c -data names -quiet 
Execute     ap_part_info -name xck26-sfvc784-2LV-c -data info -quiet 
Execute     source E:/CENTOS7/shared/tiled_matmul_accelerator/mmult_accel_hls/solution1/.autopilot/db/global.setting.tcl 
INFO-FLOW: DBG:PUTS:       generate_imp_constraints
Execute     ap_part_info -name xck26-sfvc784-2LV-c -data names -quiet 
Execute     ap_part_info -name xck26-sfvc784-2LV-c -data info -quiet 
Execute     source E:/CENTOS7/shared/tiled_matmul_accelerator/mmult_accel_hls/solution1/.autopilot/db/mmult_accel.constraint.tcl 
Execute     source E:/CENTOS7/shared/tiled_matmul_accelerator/mmult_accel_hls/solution1/.autopilot/db/mmult_accel.tbgen.tcl 
INFO-FLOW: DBG:PUTS:       delete-temp-dirs (skipped for debug)
Execute     ap_part_info -name xck26-sfvc784-2LV-c -data names -quiet 
Execute     ap_part_info -name xck26-sfvc784-2LV-c -data info -quiet 
INFO-FLOW: DBG:PUTS: read_platform_lib E:/CENTOS7/shared/tiled_matmul_accelerator/mmult_accel_hls/solution1/.autopilot/db/global.setting.tcl
Execute     source E:/VIVADO/Vitis_HLS/2022.2/common/technology/generic/autopilot/common.gen 
Execute       source E:/VIVADO/Vitis_HLS/2022.2/common/technology/generic/autopilot/APCoreGen.gen 
Execute     source E:/VIVADO/Vitis_HLS/2022.2/common/technology/generic/autopilot/op.gen 
Execute     source E:/VIVADO/Vitis_HLS/2022.2/common/technology/generic/autopilot/op_simcore.gen 
Execute     source E:/VIVADO/Vitis_HLS/2022.2/common/technology/generic/autopilot/interface.gen 
Execute     source E:/CENTOS7/shared/tiled_matmul_accelerator/mmult_accel_hls/solution1/.autopilot/db/global.setting.tcl 
Execute     source E:/VIVADO/Vitis_HLS/2022.2/common/technology/xilinx/common/xilinx.gen 
Execute       source E:/VIVADO/Vitis_HLS/2022.2/common/technology/xilinx/interface/plb46.gen 
Execute       source E:/VIVADO/Vitis_HLS/2022.2/common/technology/xilinx/interface/axi4.gen 
Execute       source E:/VIVADO/Vitis_HLS/2022.2/common/technology/xilinx/interface/nativeAXI4.gen 
Execute         source E:/VIVADO/Vitis_HLS/2022.2/common/technology/xilinx/interface/saxilite.gen 
Execute       source E:/VIVADO/Vitis_HLS/2022.2/common/technology/xilinx/scripts/xilinxcoregen.gen 
Execute       source E:/VIVADO/Vitis_HLS/2022.2/common/technology/xilinx/interface/XilEDKCoreGen.gen 
Execute       source E:/VIVADO/Vitis_HLS/2022.2/common/technology/xilinx/ip/dds_compiler.gen 
Execute       source E:/VIVADO/Vitis_HLS/2022.2/common/technology/xilinx/ip/util.gen 
Execute       source E:/VIVADO/Vitis_HLS/2022.2/common/technology/xilinx/ip/xfft.gen 
Command       ap_source done; 0.103 sec.
Execute       source E:/VIVADO/Vitis_HLS/2022.2/common/technology/xilinx/ip/xfir.gen 
Execute       source E:/VIVADO/Vitis_HLS/2022.2/common/technology/xilinx/DSP48/dsp48.gen 
Command     ap_source done; 0.152 sec.
INFO-FLOW: DBG:PUTS:     IP package: exec E:/CENTOS7/shared/tiled_matmul_accelerator/mmult_accel_hls/solution1/impl/ip/pack.bat
INFO-FLOW: DBG:PUTS:     IP package: success E:/CENTOS7/shared/tiled_matmul_accelerator/mmult_accel_hls/solution1/impl/ip/pack.bat
Execute     send_msg_by_id INFO @200-802@%s mmult_accel_hls/solution1/impl/export.zip 
INFO: [HLS 200-802] Generated output file mmult_accel_hls/solution1/impl/export.zip
Command   export_design done; 96.527 sec.
INFO: [HLS 200-111] Finished Command export_design CPU user time: 62 seconds. CPU system time: 10 seconds. Elapsed time: 96.527 seconds; current allocated memory: 41.789 MB.
Command ap_source done; 108.135 sec.
Execute cleanup_all 
