

================================================================
== Vitis HLS Report for 'mmult_accel_Pipeline_writeC_VITIS_LOOP_220_8'
================================================================
* Date:           Thu Jul 23 14:51:33 2026

* Version:        2022.2 (Build 3670227 on Oct 13 2022)
* Project:        mmult_accel_hls
* Solution:       solution1 (Vivado IP Flow Target)
* Product family: zynquplus
* Target device:  xck26-sfvc784-2LV-c


================================================================
== Performance Estimates
================================================================
+ Timing: 
    * Summary: 
    +--------+----------+----------+------------+
    |  Clock |  Target  | Estimated| Uncertainty|
    +--------+----------+----------+------------+
    |ap_clk  |  10.00 ns|  7.300 ns|     2.70 ns|
    +--------+----------+----------+------------+

+ Latency: 
    * Summary: 
    +---------+---------+-----------+-----------+------+------+---------+
    |  Latency (cycles) |   Latency (absolute)  |   Interval  | Pipeline|
    |   min   |   max   |    min    |    max    |  min |  max |   Type  |
    +---------+---------+-----------+-----------+------+------+---------+
    |     1033|     1033|  10.330 us|  10.330 us|  1033|  1033|       no|
    +---------+---------+-----------+-----------+------+------+---------+

    + Detail: 
        * Instance: 
        N/A

        * Loop: 
        +---------------------------+---------+---------+----------+-----------+-----------+------+----------+
        |                           |  Latency (cycles) | Iteration|  Initiation Interval  | Trip |          |
        |         Loop Name         |   min   |   max   |  Latency |  achieved |   target  | Count| Pipelined|
        +---------------------------+---------+---------+----------+-----------+-----------+------+----------+
        |- writeC_VITIS_LOOP_220_8  |     1031|     1031|         9|          1|          1|  1024|       yes|
        +---------------------------+---------+---------+----------+-----------+-----------+------+----------+

============================================================
+ Verbose Summary: Synthesis Manager
============================================================
InlineROM: 1
ExposeGlobal: 0
============================================================
+ Verbose Summary: CDFG Model
============================================================
IsTopModel: 0
ResetActiveHigh: 1
IsCombinational: 0
IsDatapathOnly: 0
HasWiredReturn: 1
HasMFsm: 2
HasVarLatency: 1
IsPipeline: 0
IsRtlPipelined: 0
IsInstanceOverlapped: 0
IsDontTouch: 0
HasImplIP: 0
IsGatedGlobalClock: 0

+ Individual pipeline summary: 
  * Pipeline-0: initiation interval (II) = 1, depth = 9


============================================================
+ Verbose Summary: Schedule
============================================================
* Number of FSM states : 9
* Pipeline : 1
  Pipeline-0 : II = 1, D = 9, States = { 1 2 3 4 5 6 7 8 9 }
* Dataflow Pipeline: 0

* FSM state transitions: 
1 --> 2 
2 --> 3 
3 --> 4 
4 --> 5 
5 --> 6 
6 --> 7 
7 --> 8 
8 --> 9 
9 --> 

* FSM state operations: 

State 1 <SV = 0> <Delay = 6.51>
ST_1 : Operation 12 [1/1] (0.00ns)   --->   "%jj = alloca i32 1"   --->   Operation 12 'alloca' 'jj' <Predicate = true> <Delay = 0.00>
ST_1 : Operation 13 [1/1] (0.00ns)   --->   "%ii = alloca i32 1"   --->   Operation 13 'alloca' 'ii' <Predicate = true> <Delay = 0.00>
ST_1 : Operation 14 [1/1] (0.00ns)   --->   "%indvar_flatten53 = alloca i32 1"   --->   Operation 14 'alloca' 'indvar_flatten53' <Predicate = true> <Delay = 0.00>
ST_1 : Operation 15 [1/1] (0.00ns)   --->   "%C_read = read i64 @_ssdm_op_Read.ap_auto.i64, i64 %C"   --->   Operation 15 'read' 'C_read' <Predicate = true> <Delay = 0.00>
ST_1 : Operation 16 [1/1] (0.00ns)   --->   "%localC_read = read i32 @_ssdm_op_Read.ap_auto.i32, i32 %localC"   --->   Operation 16 'read' 'localC_read' <Predicate = true> <Delay = 0.00>
ST_1 : Operation 17 [1/1] (0.00ns)   --->   "%localC_1_read = read i32 @_ssdm_op_Read.ap_auto.i32, i32 %localC_1"   --->   Operation 17 'read' 'localC_1_read' <Predicate = true> <Delay = 0.00>
ST_1 : Operation 18 [1/1] (0.00ns)   --->   "%localC_2_read = read i32 @_ssdm_op_Read.ap_auto.i32, i32 %localC_2"   --->   Operation 18 'read' 'localC_2_read' <Predicate = true> <Delay = 0.00>
ST_1 : Operation 19 [1/1] (0.00ns)   --->   "%localC_3_read = read i32 @_ssdm_op_Read.ap_auto.i32, i32 %localC_3"   --->   Operation 19 'read' 'localC_3_read' <Predicate = true> <Delay = 0.00>
ST_1 : Operation 20 [1/1] (0.00ns)   --->   "%localC_4_read = read i32 @_ssdm_op_Read.ap_auto.i32, i32 %localC_4"   --->   Operation 20 'read' 'localC_4_read' <Predicate = true> <Delay = 0.00>
ST_1 : Operation 21 [1/1] (0.00ns)   --->   "%localC_5_read = read i32 @_ssdm_op_Read.ap_auto.i32, i32 %localC_5"   --->   Operation 21 'read' 'localC_5_read' <Predicate = true> <Delay = 0.00>
ST_1 : Operation 22 [1/1] (0.00ns)   --->   "%localC_6_read = read i32 @_ssdm_op_Read.ap_auto.i32, i32 %localC_6"   --->   Operation 22 'read' 'localC_6_read' <Predicate = true> <Delay = 0.00>
ST_1 : Operation 23 [1/1] (0.00ns)   --->   "%localC_7_read = read i32 @_ssdm_op_Read.ap_auto.i32, i32 %localC_7"   --->   Operation 23 'read' 'localC_7_read' <Predicate = true> <Delay = 0.00>
ST_1 : Operation 24 [1/1] (0.00ns)   --->   "%localC_8_read = read i32 @_ssdm_op_Read.ap_auto.i32, i32 %localC_8"   --->   Operation 24 'read' 'localC_8_read' <Predicate = true> <Delay = 0.00>
ST_1 : Operation 25 [1/1] (0.00ns)   --->   "%localC_9_read = read i32 @_ssdm_op_Read.ap_auto.i32, i32 %localC_9"   --->   Operation 25 'read' 'localC_9_read' <Predicate = true> <Delay = 0.00>
ST_1 : Operation 26 [1/1] (0.00ns)   --->   "%localC_10_read = read i32 @_ssdm_op_Read.ap_auto.i32, i32 %localC_10"   --->   Operation 26 'read' 'localC_10_read' <Predicate = true> <Delay = 0.00>
ST_1 : Operation 27 [1/1] (0.00ns)   --->   "%localC_11_read = read i32 @_ssdm_op_Read.ap_auto.i32, i32 %localC_11"   --->   Operation 27 'read' 'localC_11_read' <Predicate = true> <Delay = 0.00>
ST_1 : Operation 28 [1/1] (0.00ns)   --->   "%localC_12_read = read i32 @_ssdm_op_Read.ap_auto.i32, i32 %localC_12"   --->   Operation 28 'read' 'localC_12_read' <Predicate = true> <Delay = 0.00>
ST_1 : Operation 29 [1/1] (0.00ns)   --->   "%localC_13_read = read i32 @_ssdm_op_Read.ap_auto.i32, i32 %localC_13"   --->   Operation 29 'read' 'localC_13_read' <Predicate = true> <Delay = 0.00>
ST_1 : Operation 30 [1/1] (0.00ns)   --->   "%localC_14_read = read i32 @_ssdm_op_Read.ap_auto.i32, i32 %localC_14"   --->   Operation 30 'read' 'localC_14_read' <Predicate = true> <Delay = 0.00>
ST_1 : Operation 31 [1/1] (0.00ns)   --->   "%localC_15_read = read i32 @_ssdm_op_Read.ap_auto.i32, i32 %localC_15"   --->   Operation 31 'read' 'localC_15_read' <Predicate = true> <Delay = 0.00>
ST_1 : Operation 32 [1/1] (0.00ns)   --->   "%localC_16_read = read i32 @_ssdm_op_Read.ap_auto.i32, i32 %localC_16"   --->   Operation 32 'read' 'localC_16_read' <Predicate = true> <Delay = 0.00>
ST_1 : Operation 33 [1/1] (0.00ns)   --->   "%localC_17_read = read i32 @_ssdm_op_Read.ap_auto.i32, i32 %localC_17"   --->   Operation 33 'read' 'localC_17_read' <Predicate = true> <Delay = 0.00>
ST_1 : Operation 34 [1/1] (0.00ns)   --->   "%localC_18_read = read i32 @_ssdm_op_Read.ap_auto.i32, i32 %localC_18"   --->   Operation 34 'read' 'localC_18_read' <Predicate = true> <Delay = 0.00>
ST_1 : Operation 35 [1/1] (0.00ns)   --->   "%localC_19_read = read i32 @_ssdm_op_Read.ap_auto.i32, i32 %localC_19"   --->   Operation 35 'read' 'localC_19_read' <Predicate = true> <Delay = 0.00>
ST_1 : Operation 36 [1/1] (0.00ns)   --->   "%localC_20_read = read i32 @_ssdm_op_Read.ap_auto.i32, i32 %localC_20"   --->   Operation 36 'read' 'localC_20_read' <Predicate = true> <Delay = 0.00>
ST_1 : Operation 37 [1/1] (0.00ns)   --->   "%localC_21_read = read i32 @_ssdm_op_Read.ap_auto.i32, i32 %localC_21"   --->   Operation 37 'read' 'localC_21_read' <Predicate = true> <Delay = 0.00>
ST_1 : Operation 38 [1/1] (0.00ns)   --->   "%localC_22_read = read i32 @_ssdm_op_Read.ap_auto.i32, i32 %localC_22"   --->   Operation 38 'read' 'localC_22_read' <Predicate = true> <Delay = 0.00>
ST_1 : Operation 39 [1/1] (0.00ns)   --->   "%localC_23_read = read i32 @_ssdm_op_Read.ap_auto.i32, i32 %localC_23"   --->   Operation 39 'read' 'localC_23_read' <Predicate = true> <Delay = 0.00>
ST_1 : Operation 40 [1/1] (0.00ns)   --->   "%localC_24_read = read i32 @_ssdm_op_Read.ap_auto.i32, i32 %localC_24"   --->   Operation 40 'read' 'localC_24_read' <Predicate = true> <Delay = 0.00>
ST_1 : Operation 41 [1/1] (0.00ns)   --->   "%localC_25_read = read i32 @_ssdm_op_Read.ap_auto.i32, i32 %localC_25"   --->   Operation 41 'read' 'localC_25_read' <Predicate = true> <Delay = 0.00>
ST_1 : Operation 42 [1/1] (0.00ns)   --->   "%localC_26_read = read i32 @_ssdm_op_Read.ap_auto.i32, i32 %localC_26"   --->   Operation 42 'read' 'localC_26_read' <Predicate = true> <Delay = 0.00>
ST_1 : Operation 43 [1/1] (0.00ns)   --->   "%localC_27_read = read i32 @_ssdm_op_Read.ap_auto.i32, i32 %localC_27"   --->   Operation 43 'read' 'localC_27_read' <Predicate = true> <Delay = 0.00>
ST_1 : Operation 44 [1/1] (0.00ns)   --->   "%localC_28_read = read i32 @_ssdm_op_Read.ap_auto.i32, i32 %localC_28"   --->   Operation 44 'read' 'localC_28_read' <Predicate = true> <Delay = 0.00>
ST_1 : Operation 45 [1/1] (0.00ns)   --->   "%localC_29_read = read i32 @_ssdm_op_Read.ap_auto.i32, i32 %localC_29"   --->   Operation 45 'read' 'localC_29_read' <Predicate = true> <Delay = 0.00>
ST_1 : Operation 46 [1/1] (0.00ns)   --->   "%localC_30_read = read i32 @_ssdm_op_Read.ap_auto.i32, i32 %localC_30"   --->   Operation 46 'read' 'localC_30_read' <Predicate = true> <Delay = 0.00>
ST_1 : Operation 47 [1/1] (0.00ns)   --->   "%localC_31_read = read i32 @_ssdm_op_Read.ap_auto.i32, i32 %localC_31"   --->   Operation 47 'read' 'localC_31_read' <Predicate = true> <Delay = 0.00>
ST_1 : Operation 48 [1/1] (0.00ns)   --->   "%localC_32_read = read i32 @_ssdm_op_Read.ap_auto.i32, i32 %localC_32"   --->   Operation 48 'read' 'localC_32_read' <Predicate = true> <Delay = 0.00>
ST_1 : Operation 49 [1/1] (0.00ns)   --->   "%localC_33_read = read i32 @_ssdm_op_Read.ap_auto.i32, i32 %localC_33"   --->   Operation 49 'read' 'localC_33_read' <Predicate = true> <Delay = 0.00>
ST_1 : Operation 50 [1/1] (0.00ns)   --->   "%localC_34_read = read i32 @_ssdm_op_Read.ap_auto.i32, i32 %localC_34"   --->   Operation 50 'read' 'localC_34_read' <Predicate = true> <Delay = 0.00>
ST_1 : Operation 51 [1/1] (0.00ns)   --->   "%localC_35_read = read i32 @_ssdm_op_Read.ap_auto.i32, i32 %localC_35"   --->   Operation 51 'read' 'localC_35_read' <Predicate = true> <Delay = 0.00>
ST_1 : Operation 52 [1/1] (0.00ns)   --->   "%localC_36_read = read i32 @_ssdm_op_Read.ap_auto.i32, i32 %localC_36"   --->   Operation 52 'read' 'localC_36_read' <Predicate = true> <Delay = 0.00>
ST_1 : Operation 53 [1/1] (0.00ns)   --->   "%localC_37_read = read i32 @_ssdm_op_Read.ap_auto.i32, i32 %localC_37"   --->   Operation 53 'read' 'localC_37_read' <Predicate = true> <Delay = 0.00>
ST_1 : Operation 54 [1/1] (0.00ns)   --->   "%localC_38_read = read i32 @_ssdm_op_Read.ap_auto.i32, i32 %localC_38"   --->   Operation 54 'read' 'localC_38_read' <Predicate = true> <Delay = 0.00>
ST_1 : Operation 55 [1/1] (0.00ns)   --->   "%localC_39_read = read i32 @_ssdm_op_Read.ap_auto.i32, i32 %localC_39"   --->   Operation 55 'read' 'localC_39_read' <Predicate = true> <Delay = 0.00>
ST_1 : Operation 56 [1/1] (0.00ns)   --->   "%localC_40_read = read i32 @_ssdm_op_Read.ap_auto.i32, i32 %localC_40"   --->   Operation 56 'read' 'localC_40_read' <Predicate = true> <Delay = 0.00>
ST_1 : Operation 57 [1/1] (0.00ns)   --->   "%localC_41_read = read i32 @_ssdm_op_Read.ap_auto.i32, i32 %localC_41"   --->   Operation 57 'read' 'localC_41_read' <Predicate = true> <Delay = 0.00>
ST_1 : Operation 58 [1/1] (0.00ns)   --->   "%localC_42_read = read i32 @_ssdm_op_Read.ap_auto.i32, i32 %localC_42"   --->   Operation 58 'read' 'localC_42_read' <Predicate = true> <Delay = 0.00>
ST_1 : Operation 59 [1/1] (0.00ns)   --->   "%localC_43_read = read i32 @_ssdm_op_Read.ap_auto.i32, i32 %localC_43"   --->   Operation 59 'read' 'localC_43_read' <Predicate = true> <Delay = 0.00>
ST_1 : Operation 60 [1/1] (0.00ns)   --->   "%localC_44_read = read i32 @_ssdm_op_Read.ap_auto.i32, i32 %localC_44"   --->   Operation 60 'read' 'localC_44_read' <Predicate = true> <Delay = 0.00>
ST_1 : Operation 61 [1/1] (0.00ns)   --->   "%localC_45_read = read i32 @_ssdm_op_Read.ap_auto.i32, i32 %localC_45"   --->   Operation 61 'read' 'localC_45_read' <Predicate = true> <Delay = 0.00>
ST_1 : Operation 62 [1/1] (0.00ns)   --->   "%localC_46_read = read i32 @_ssdm_op_Read.ap_auto.i32, i32 %localC_46"   --->   Operation 62 'read' 'localC_46_read' <Predicate = true> <Delay = 0.00>
ST_1 : Operation 63 [1/1] (0.00ns)   --->   "%localC_47_read = read i32 @_ssdm_op_Read.ap_auto.i32, i32 %localC_47"   --->   Operation 63 'read' 'localC_47_read' <Predicate = true> <Delay = 0.00>
ST_1 : Operation 64 [1/1] (0.00ns)   --->   "%localC_48_read = read i32 @_ssdm_op_Read.ap_auto.i32, i32 %localC_48"   --->   Operation 64 'read' 'localC_48_read' <Predicate = true> <Delay = 0.00>
ST_1 : Operation 65 [1/1] (0.00ns)   --->   "%localC_49_read = read i32 @_ssdm_op_Read.ap_auto.i32, i32 %localC_49"   --->   Operation 65 'read' 'localC_49_read' <Predicate = true> <Delay = 0.00>
ST_1 : Operation 66 [1/1] (0.00ns)   --->   "%localC_50_read = read i32 @_ssdm_op_Read.ap_auto.i32, i32 %localC_50"   --->   Operation 66 'read' 'localC_50_read' <Predicate = true> <Delay = 0.00>
ST_1 : Operation 67 [1/1] (0.00ns)   --->   "%localC_51_read = read i32 @_ssdm_op_Read.ap_auto.i32, i32 %localC_51"   --->   Operation 67 'read' 'localC_51_read' <Predicate = true> <Delay = 0.00>
ST_1 : Operation 68 [1/1] (0.00ns)   --->   "%localC_52_read = read i32 @_ssdm_op_Read.ap_auto.i32, i32 %localC_52"   --->   Operation 68 'read' 'localC_52_read' <Predicate = true> <Delay = 0.00>
ST_1 : Operation 69 [1/1] (0.00ns)   --->   "%localC_53_read = read i32 @_ssdm_op_Read.ap_auto.i32, i32 %localC_53"   --->   Operation 69 'read' 'localC_53_read' <Predicate = true> <Delay = 0.00>
ST_1 : Operation 70 [1/1] (0.00ns)   --->   "%localC_54_read = read i32 @_ssdm_op_Read.ap_auto.i32, i32 %localC_54"   --->   Operation 70 'read' 'localC_54_read' <Predicate = true> <Delay = 0.00>
ST_1 : Operation 71 [1/1] (0.00ns)   --->   "%localC_55_read = read i32 @_ssdm_op_Read.ap_auto.i32, i32 %localC_55"   --->   Operation 71 'read' 'localC_55_read' <Predicate = true> <Delay = 0.00>
ST_1 : Operation 72 [1/1] (0.00ns)   --->   "%localC_56_read = read i32 @_ssdm_op_Read.ap_auto.i32, i32 %localC_56"   --->   Operation 72 'read' 'localC_56_read' <Predicate = true> <Delay = 0.00>
ST_1 : Operation 73 [1/1] (0.00ns)   --->   "%localC_57_read = read i32 @_ssdm_op_Read.ap_auto.i32, i32 %localC_57"   --->   Operation 73 'read' 'localC_57_read' <Predicate = true> <Delay = 0.00>
ST_1 : Operation 74 [1/1] (0.00ns)   --->   "%localC_58_read = read i32 @_ssdm_op_Read.ap_auto.i32, i32 %localC_58"   --->   Operation 74 'read' 'localC_58_read' <Predicate = true> <Delay = 0.00>
ST_1 : Operation 75 [1/1] (0.00ns)   --->   "%localC_59_read = read i32 @_ssdm_op_Read.ap_auto.i32, i32 %localC_59"   --->   Operation 75 'read' 'localC_59_read' <Predicate = true> <Delay = 0.00>
ST_1 : Operation 76 [1/1] (0.00ns)   --->   "%localC_60_read = read i32 @_ssdm_op_Read.ap_auto.i32, i32 %localC_60"   --->   Operation 76 'read' 'localC_60_read' <Predicate = true> <Delay = 0.00>
ST_1 : Operation 77 [1/1] (0.00ns)   --->   "%localC_61_read = read i32 @_ssdm_op_Read.ap_auto.i32, i32 %localC_61"   --->   Operation 77 'read' 'localC_61_read' <Predicate = true> <Delay = 0.00>
ST_1 : Operation 78 [1/1] (0.00ns)   --->   "%localC_62_read = read i32 @_ssdm_op_Read.ap_auto.i32, i32 %localC_62"   --->   Operation 78 'read' 'localC_62_read' <Predicate = true> <Delay = 0.00>
ST_1 : Operation 79 [1/1] (0.00ns)   --->   "%localC_63_read = read i32 @_ssdm_op_Read.ap_auto.i32, i32 %localC_63"   --->   Operation 79 'read' 'localC_63_read' <Predicate = true> <Delay = 0.00>
ST_1 : Operation 80 [1/1] (0.00ns)   --->   "%localC_64_read = read i32 @_ssdm_op_Read.ap_auto.i32, i32 %localC_64"   --->   Operation 80 'read' 'localC_64_read' <Predicate = true> <Delay = 0.00>
ST_1 : Operation 81 [1/1] (0.00ns)   --->   "%localC_65_read = read i32 @_ssdm_op_Read.ap_auto.i32, i32 %localC_65"   --->   Operation 81 'read' 'localC_65_read' <Predicate = true> <Delay = 0.00>
ST_1 : Operation 82 [1/1] (0.00ns)   --->   "%localC_66_read = read i32 @_ssdm_op_Read.ap_auto.i32, i32 %localC_66"   --->   Operation 82 'read' 'localC_66_read' <Predicate = true> <Delay = 0.00>
ST_1 : Operation 83 [1/1] (0.00ns)   --->   "%localC_67_read = read i32 @_ssdm_op_Read.ap_auto.i32, i32 %localC_67"   --->   Operation 83 'read' 'localC_67_read' <Predicate = true> <Delay = 0.00>
ST_1 : Operation 84 [1/1] (0.00ns)   --->   "%localC_68_read = read i32 @_ssdm_op_Read.ap_auto.i32, i32 %localC_68"   --->   Operation 84 'read' 'localC_68_read' <Predicate = true> <Delay = 0.00>
ST_1 : Operation 85 [1/1] (0.00ns)   --->   "%localC_69_read = read i32 @_ssdm_op_Read.ap_auto.i32, i32 %localC_69"   --->   Operation 85 'read' 'localC_69_read' <Predicate = true> <Delay = 0.00>
ST_1 : Operation 86 [1/1] (0.00ns)   --->   "%localC_70_read = read i32 @_ssdm_op_Read.ap_auto.i32, i32 %localC_70"   --->   Operation 86 'read' 'localC_70_read' <Predicate = true> <Delay = 0.00>
ST_1 : Operation 87 [1/1] (0.00ns)   --->   "%localC_71_read = read i32 @_ssdm_op_Read.ap_auto.i32, i32 %localC_71"   --->   Operation 87 'read' 'localC_71_read' <Predicate = true> <Delay = 0.00>
ST_1 : Operation 88 [1/1] (0.00ns)   --->   "%localC_72_read = read i32 @_ssdm_op_Read.ap_auto.i32, i32 %localC_72"   --->   Operation 88 'read' 'localC_72_read' <Predicate = true> <Delay = 0.00>
ST_1 : Operation 89 [1/1] (0.00ns)   --->   "%localC_73_read = read i32 @_ssdm_op_Read.ap_auto.i32, i32 %localC_73"   --->   Operation 89 'read' 'localC_73_read' <Predicate = true> <Delay = 0.00>
ST_1 : Operation 90 [1/1] (0.00ns)   --->   "%localC_74_read = read i32 @_ssdm_op_Read.ap_auto.i32, i32 %localC_74"   --->   Operation 90 'read' 'localC_74_read' <Predicate = true> <Delay = 0.00>
ST_1 : Operation 91 [1/1] (0.00ns)   --->   "%localC_75_read = read i32 @_ssdm_op_Read.ap_auto.i32, i32 %localC_75"   --->   Operation 91 'read' 'localC_75_read' <Predicate = true> <Delay = 0.00>
ST_1 : Operation 92 [1/1] (0.00ns)   --->   "%localC_76_read = read i32 @_ssdm_op_Read.ap_auto.i32, i32 %localC_76"   --->   Operation 92 'read' 'localC_76_read' <Predicate = true> <Delay = 0.00>
ST_1 : Operation 93 [1/1] (0.00ns)   --->   "%localC_77_read = read i32 @_ssdm_op_Read.ap_auto.i32, i32 %localC_77"   --->   Operation 93 'read' 'localC_77_read' <Predicate = true> <Delay = 0.00>
ST_1 : Operation 94 [1/1] (0.00ns)   --->   "%localC_78_read = read i32 @_ssdm_op_Read.ap_auto.i32, i32 %localC_78"   --->   Operation 94 'read' 'localC_78_read' <Predicate = true> <Delay = 0.00>
ST_1 : Operation 95 [1/1] (0.00ns)   --->   "%localC_79_read = read i32 @_ssdm_op_Read.ap_auto.i32, i32 %localC_79"   --->   Operation 95 'read' 'localC_79_read' <Predicate = true> <Delay = 0.00>
ST_1 : Operation 96 [1/1] (0.00ns)   --->   "%localC_80_read = read i32 @_ssdm_op_Read.ap_auto.i32, i32 %localC_80"   --->   Operation 96 'read' 'localC_80_read' <Predicate = true> <Delay = 0.00>
ST_1 : Operation 97 [1/1] (0.00ns)   --->   "%localC_81_read = read i32 @_ssdm_op_Read.ap_auto.i32, i32 %localC_81"   --->   Operation 97 'read' 'localC_81_read' <Predicate = true> <Delay = 0.00>
ST_1 : Operation 98 [1/1] (0.00ns)   --->   "%localC_82_read = read i32 @_ssdm_op_Read.ap_auto.i32, i32 %localC_82"   --->   Operation 98 'read' 'localC_82_read' <Predicate = true> <Delay = 0.00>
ST_1 : Operation 99 [1/1] (0.00ns)   --->   "%localC_83_read = read i32 @_ssdm_op_Read.ap_auto.i32, i32 %localC_83"   --->   Operation 99 'read' 'localC_83_read' <Predicate = true> <Delay = 0.00>
ST_1 : Operation 100 [1/1] (0.00ns)   --->   "%localC_84_read = read i32 @_ssdm_op_Read.ap_auto.i32, i32 %localC_84"   --->   Operation 100 'read' 'localC_84_read' <Predicate = true> <Delay = 0.00>
ST_1 : Operation 101 [1/1] (0.00ns)   --->   "%localC_85_read = read i32 @_ssdm_op_Read.ap_auto.i32, i32 %localC_85"   --->   Operation 101 'read' 'localC_85_read' <Predicate = true> <Delay = 0.00>
ST_1 : Operation 102 [1/1] (0.00ns)   --->   "%localC_86_read = read i32 @_ssdm_op_Read.ap_auto.i32, i32 %localC_86"   --->   Operation 102 'read' 'localC_86_read' <Predicate = true> <Delay = 0.00>
ST_1 : Operation 103 [1/1] (0.00ns)   --->   "%localC_87_read = read i32 @_ssdm_op_Read.ap_auto.i32, i32 %localC_87"   --->   Operation 103 'read' 'localC_87_read' <Predicate = true> <Delay = 0.00>
ST_1 : Operation 104 [1/1] (0.00ns)   --->   "%localC_88_read = read i32 @_ssdm_op_Read.ap_auto.i32, i32 %localC_88"   --->   Operation 104 'read' 'localC_88_read' <Predicate = true> <Delay = 0.00>
ST_1 : Operation 105 [1/1] (0.00ns)   --->   "%localC_89_read = read i32 @_ssdm_op_Read.ap_auto.i32, i32 %localC_89"   --->   Operation 105 'read' 'localC_89_read' <Predicate = true> <Delay = 0.00>
ST_1 : Operation 106 [1/1] (0.00ns)   --->   "%localC_90_read = read i32 @_ssdm_op_Read.ap_auto.i32, i32 %localC_90"   --->   Operation 106 'read' 'localC_90_read' <Predicate = true> <Delay = 0.00>
ST_1 : Operation 107 [1/1] (0.00ns)   --->   "%localC_91_read = read i32 @_ssdm_op_Read.ap_auto.i32, i32 %localC_91"   --->   Operation 107 'read' 'localC_91_read' <Predicate = true> <Delay = 0.00>
ST_1 : Operation 108 [1/1] (0.00ns)   --->   "%localC_92_read = read i32 @_ssdm_op_Read.ap_auto.i32, i32 %localC_92"   --->   Operation 108 'read' 'localC_92_read' <Predicate = true> <Delay = 0.00>
ST_1 : Operation 109 [1/1] (0.00ns)   --->   "%localC_93_read = read i32 @_ssdm_op_Read.ap_auto.i32, i32 %localC_93"   --->   Operation 109 'read' 'localC_93_read' <Predicate = true> <Delay = 0.00>
ST_1 : Operation 110 [1/1] (0.00ns)   --->   "%localC_94_read = read i32 @_ssdm_op_Read.ap_auto.i32, i32 %localC_94"   --->   Operation 110 'read' 'localC_94_read' <Predicate = true> <Delay = 0.00>
ST_1 : Operation 111 [1/1] (0.00ns)   --->   "%localC_95_read = read i32 @_ssdm_op_Read.ap_auto.i32, i32 %localC_95"   --->   Operation 111 'read' 'localC_95_read' <Predicate = true> <Delay = 0.00>
ST_1 : Operation 112 [1/1] (0.00ns)   --->   "%localC_96_read = read i32 @_ssdm_op_Read.ap_auto.i32, i32 %localC_96"   --->   Operation 112 'read' 'localC_96_read' <Predicate = true> <Delay = 0.00>
ST_1 : Operation 113 [1/1] (0.00ns)   --->   "%localC_97_read = read i32 @_ssdm_op_Read.ap_auto.i32, i32 %localC_97"   --->   Operation 113 'read' 'localC_97_read' <Predicate = true> <Delay = 0.00>
ST_1 : Operation 114 [1/1] (0.00ns)   --->   "%localC_98_read = read i32 @_ssdm_op_Read.ap_auto.i32, i32 %localC_98"   --->   Operation 114 'read' 'localC_98_read' <Predicate = true> <Delay = 0.00>
ST_1 : Operation 115 [1/1] (0.00ns)   --->   "%localC_99_read = read i32 @_ssdm_op_Read.ap_auto.i32, i32 %localC_99"   --->   Operation 115 'read' 'localC_99_read' <Predicate = true> <Delay = 0.00>
ST_1 : Operation 116 [1/1] (0.00ns)   --->   "%localC_100_read = read i32 @_ssdm_op_Read.ap_auto.i32, i32 %localC_100"   --->   Operation 116 'read' 'localC_100_read' <Predicate = true> <Delay = 0.00>
ST_1 : Operation 117 [1/1] (0.00ns)   --->   "%localC_101_read = read i32 @_ssdm_op_Read.ap_auto.i32, i32 %localC_101"   --->   Operation 117 'read' 'localC_101_read' <Predicate = true> <Delay = 0.00>
ST_1 : Operation 118 [1/1] (0.00ns)   --->   "%localC_102_read = read i32 @_ssdm_op_Read.ap_auto.i32, i32 %localC_102"   --->   Operation 118 'read' 'localC_102_read' <Predicate = true> <Delay = 0.00>
ST_1 : Operation 119 [1/1] (0.00ns)   --->   "%localC_103_read = read i32 @_ssdm_op_Read.ap_auto.i32, i32 %localC_103"   --->   Operation 119 'read' 'localC_103_read' <Predicate = true> <Delay = 0.00>
ST_1 : Operation 120 [1/1] (0.00ns)   --->   "%localC_104_read = read i32 @_ssdm_op_Read.ap_auto.i32, i32 %localC_104"   --->   Operation 120 'read' 'localC_104_read' <Predicate = true> <Delay = 0.00>
ST_1 : Operation 121 [1/1] (0.00ns)   --->   "%localC_105_read = read i32 @_ssdm_op_Read.ap_auto.i32, i32 %localC_105"   --->   Operation 121 'read' 'localC_105_read' <Predicate = true> <Delay = 0.00>
ST_1 : Operation 122 [1/1] (0.00ns)   --->   "%localC_106_read = read i32 @_ssdm_op_Read.ap_auto.i32, i32 %localC_106"   --->   Operation 122 'read' 'localC_106_read' <Predicate = true> <Delay = 0.00>
ST_1 : Operation 123 [1/1] (0.00ns)   --->   "%localC_107_read = read i32 @_ssdm_op_Read.ap_auto.i32, i32 %localC_107"   --->   Operation 123 'read' 'localC_107_read' <Predicate = true> <Delay = 0.00>
ST_1 : Operation 124 [1/1] (0.00ns)   --->   "%localC_108_read = read i32 @_ssdm_op_Read.ap_auto.i32, i32 %localC_108"   --->   Operation 124 'read' 'localC_108_read' <Predicate = true> <Delay = 0.00>
ST_1 : Operation 125 [1/1] (0.00ns)   --->   "%localC_109_read = read i32 @_ssdm_op_Read.ap_auto.i32, i32 %localC_109"   --->   Operation 125 'read' 'localC_109_read' <Predicate = true> <Delay = 0.00>
ST_1 : Operation 126 [1/1] (0.00ns)   --->   "%localC_110_read = read i32 @_ssdm_op_Read.ap_auto.i32, i32 %localC_110"   --->   Operation 126 'read' 'localC_110_read' <Predicate = true> <Delay = 0.00>
ST_1 : Operation 127 [1/1] (0.00ns)   --->   "%localC_111_read = read i32 @_ssdm_op_Read.ap_auto.i32, i32 %localC_111"   --->   Operation 127 'read' 'localC_111_read' <Predicate = true> <Delay = 0.00>
ST_1 : Operation 128 [1/1] (0.00ns)   --->   "%localC_112_read = read i32 @_ssdm_op_Read.ap_auto.i32, i32 %localC_112"   --->   Operation 128 'read' 'localC_112_read' <Predicate = true> <Delay = 0.00>
ST_1 : Operation 129 [1/1] (0.00ns)   --->   "%localC_113_read = read i32 @_ssdm_op_Read.ap_auto.i32, i32 %localC_113"   --->   Operation 129 'read' 'localC_113_read' <Predicate = true> <Delay = 0.00>
ST_1 : Operation 130 [1/1] (0.00ns)   --->   "%localC_114_read = read i32 @_ssdm_op_Read.ap_auto.i32, i32 %localC_114"   --->   Operation 130 'read' 'localC_114_read' <Predicate = true> <Delay = 0.00>
ST_1 : Operation 131 [1/1] (0.00ns)   --->   "%localC_115_read = read i32 @_ssdm_op_Read.ap_auto.i32, i32 %localC_115"   --->   Operation 131 'read' 'localC_115_read' <Predicate = true> <Delay = 0.00>
ST_1 : Operation 132 [1/1] (0.00ns)   --->   "%localC_116_read = read i32 @_ssdm_op_Read.ap_auto.i32, i32 %localC_116"   --->   Operation 132 'read' 'localC_116_read' <Predicate = true> <Delay = 0.00>
ST_1 : Operation 133 [1/1] (0.00ns)   --->   "%localC_117_read = read i32 @_ssdm_op_Read.ap_auto.i32, i32 %localC_117"   --->   Operation 133 'read' 'localC_117_read' <Predicate = true> <Delay = 0.00>
ST_1 : Operation 134 [1/1] (0.00ns)   --->   "%localC_118_read = read i32 @_ssdm_op_Read.ap_auto.i32, i32 %localC_118"   --->   Operation 134 'read' 'localC_118_read' <Predicate = true> <Delay = 0.00>
ST_1 : Operation 135 [1/1] (0.00ns)   --->   "%localC_119_read = read i32 @_ssdm_op_Read.ap_auto.i32, i32 %localC_119"   --->   Operation 135 'read' 'localC_119_read' <Predicate = true> <Delay = 0.00>
ST_1 : Operation 136 [1/1] (0.00ns)   --->   "%localC_120_read = read i32 @_ssdm_op_Read.ap_auto.i32, i32 %localC_120"   --->   Operation 136 'read' 'localC_120_read' <Predicate = true> <Delay = 0.00>
ST_1 : Operation 137 [1/1] (0.00ns)   --->   "%localC_121_read = read i32 @_ssdm_op_Read.ap_auto.i32, i32 %localC_121"   --->   Operation 137 'read' 'localC_121_read' <Predicate = true> <Delay = 0.00>
ST_1 : Operation 138 [1/1] (0.00ns)   --->   "%localC_122_read = read i32 @_ssdm_op_Read.ap_auto.i32, i32 %localC_122"   --->   Operation 138 'read' 'localC_122_read' <Predicate = true> <Delay = 0.00>
ST_1 : Operation 139 [1/1] (0.00ns)   --->   "%localC_123_read = read i32 @_ssdm_op_Read.ap_auto.i32, i32 %localC_123"   --->   Operation 139 'read' 'localC_123_read' <Predicate = true> <Delay = 0.00>
ST_1 : Operation 140 [1/1] (0.00ns)   --->   "%localC_124_read = read i32 @_ssdm_op_Read.ap_auto.i32, i32 %localC_124"   --->   Operation 140 'read' 'localC_124_read' <Predicate = true> <Delay = 0.00>
ST_1 : Operation 141 [1/1] (0.00ns)   --->   "%localC_125_read = read i32 @_ssdm_op_Read.ap_auto.i32, i32 %localC_125"   --->   Operation 141 'read' 'localC_125_read' <Predicate = true> <Delay = 0.00>
ST_1 : Operation 142 [1/1] (0.00ns)   --->   "%localC_126_read = read i32 @_ssdm_op_Read.ap_auto.i32, i32 %localC_126"   --->   Operation 142 'read' 'localC_126_read' <Predicate = true> <Delay = 0.00>
ST_1 : Operation 143 [1/1] (0.00ns)   --->   "%localC_127_read = read i32 @_ssdm_op_Read.ap_auto.i32, i32 %localC_127"   --->   Operation 143 'read' 'localC_127_read' <Predicate = true> <Delay = 0.00>
ST_1 : Operation 144 [1/1] (0.00ns)   --->   "%localC_128_read = read i32 @_ssdm_op_Read.ap_auto.i32, i32 %localC_128"   --->   Operation 144 'read' 'localC_128_read' <Predicate = true> <Delay = 0.00>
ST_1 : Operation 145 [1/1] (0.00ns)   --->   "%localC_129_read = read i32 @_ssdm_op_Read.ap_auto.i32, i32 %localC_129"   --->   Operation 145 'read' 'localC_129_read' <Predicate = true> <Delay = 0.00>
ST_1 : Operation 146 [1/1] (0.00ns)   --->   "%localC_130_read = read i32 @_ssdm_op_Read.ap_auto.i32, i32 %localC_130"   --->   Operation 146 'read' 'localC_130_read' <Predicate = true> <Delay = 0.00>
ST_1 : Operation 147 [1/1] (0.00ns)   --->   "%localC_131_read = read i32 @_ssdm_op_Read.ap_auto.i32, i32 %localC_131"   --->   Operation 147 'read' 'localC_131_read' <Predicate = true> <Delay = 0.00>
ST_1 : Operation 148 [1/1] (0.00ns)   --->   "%localC_132_read = read i32 @_ssdm_op_Read.ap_auto.i32, i32 %localC_132"   --->   Operation 148 'read' 'localC_132_read' <Predicate = true> <Delay = 0.00>
ST_1 : Operation 149 [1/1] (0.00ns)   --->   "%localC_133_read = read i32 @_ssdm_op_Read.ap_auto.i32, i32 %localC_133"   --->   Operation 149 'read' 'localC_133_read' <Predicate = true> <Delay = 0.00>
ST_1 : Operation 150 [1/1] (0.00ns)   --->   "%localC_134_read = read i32 @_ssdm_op_Read.ap_auto.i32, i32 %localC_134"   --->   Operation 150 'read' 'localC_134_read' <Predicate = true> <Delay = 0.00>
ST_1 : Operation 151 [1/1] (0.00ns)   --->   "%localC_135_read = read i32 @_ssdm_op_Read.ap_auto.i32, i32 %localC_135"   --->   Operation 151 'read' 'localC_135_read' <Predicate = true> <Delay = 0.00>
ST_1 : Operation 152 [1/1] (0.00ns)   --->   "%localC_136_read = read i32 @_ssdm_op_Read.ap_auto.i32, i32 %localC_136"   --->   Operation 152 'read' 'localC_136_read' <Predicate = true> <Delay = 0.00>
ST_1 : Operation 153 [1/1] (0.00ns)   --->   "%localC_137_read = read i32 @_ssdm_op_Read.ap_auto.i32, i32 %localC_137"   --->   Operation 153 'read' 'localC_137_read' <Predicate = true> <Delay = 0.00>
ST_1 : Operation 154 [1/1] (0.00ns)   --->   "%localC_138_read = read i32 @_ssdm_op_Read.ap_auto.i32, i32 %localC_138"   --->   Operation 154 'read' 'localC_138_read' <Predicate = true> <Delay = 0.00>
ST_1 : Operation 155 [1/1] (0.00ns)   --->   "%localC_139_read = read i32 @_ssdm_op_Read.ap_auto.i32, i32 %localC_139"   --->   Operation 155 'read' 'localC_139_read' <Predicate = true> <Delay = 0.00>
ST_1 : Operation 156 [1/1] (0.00ns)   --->   "%localC_140_read = read i32 @_ssdm_op_Read.ap_auto.i32, i32 %localC_140"   --->   Operation 156 'read' 'localC_140_read' <Predicate = true> <Delay = 0.00>
ST_1 : Operation 157 [1/1] (0.00ns)   --->   "%localC_141_read = read i32 @_ssdm_op_Read.ap_auto.i32, i32 %localC_141"   --->   Operation 157 'read' 'localC_141_read' <Predicate = true> <Delay = 0.00>
ST_1 : Operation 158 [1/1] (0.00ns)   --->   "%localC_142_read = read i32 @_ssdm_op_Read.ap_auto.i32, i32 %localC_142"   --->   Operation 158 'read' 'localC_142_read' <Predicate = true> <Delay = 0.00>
ST_1 : Operation 159 [1/1] (0.00ns)   --->   "%localC_143_read = read i32 @_ssdm_op_Read.ap_auto.i32, i32 %localC_143"   --->   Operation 159 'read' 'localC_143_read' <Predicate = true> <Delay = 0.00>
ST_1 : Operation 160 [1/1] (0.00ns)   --->   "%localC_144_read = read i32 @_ssdm_op_Read.ap_auto.i32, i32 %localC_144"   --->   Operation 160 'read' 'localC_144_read' <Predicate = true> <Delay = 0.00>
ST_1 : Operation 161 [1/1] (0.00ns)   --->   "%localC_145_read = read i32 @_ssdm_op_Read.ap_auto.i32, i32 %localC_145"   --->   Operation 161 'read' 'localC_145_read' <Predicate = true> <Delay = 0.00>
ST_1 : Operation 162 [1/1] (0.00ns)   --->   "%localC_146_read = read i32 @_ssdm_op_Read.ap_auto.i32, i32 %localC_146"   --->   Operation 162 'read' 'localC_146_read' <Predicate = true> <Delay = 0.00>
ST_1 : Operation 163 [1/1] (0.00ns)   --->   "%localC_147_read = read i32 @_ssdm_op_Read.ap_auto.i32, i32 %localC_147"   --->   Operation 163 'read' 'localC_147_read' <Predicate = true> <Delay = 0.00>
ST_1 : Operation 164 [1/1] (0.00ns)   --->   "%localC_148_read = read i32 @_ssdm_op_Read.ap_auto.i32, i32 %localC_148"   --->   Operation 164 'read' 'localC_148_read' <Predicate = true> <Delay = 0.00>
ST_1 : Operation 165 [1/1] (0.00ns)   --->   "%localC_149_read = read i32 @_ssdm_op_Read.ap_auto.i32, i32 %localC_149"   --->   Operation 165 'read' 'localC_149_read' <Predicate = true> <Delay = 0.00>
ST_1 : Operation 166 [1/1] (0.00ns)   --->   "%localC_150_read = read i32 @_ssdm_op_Read.ap_auto.i32, i32 %localC_150"   --->   Operation 166 'read' 'localC_150_read' <Predicate = true> <Delay = 0.00>
ST_1 : Operation 167 [1/1] (0.00ns)   --->   "%localC_151_read = read i32 @_ssdm_op_Read.ap_auto.i32, i32 %localC_151"   --->   Operation 167 'read' 'localC_151_read' <Predicate = true> <Delay = 0.00>
ST_1 : Operation 168 [1/1] (0.00ns)   --->   "%localC_152_read = read i32 @_ssdm_op_Read.ap_auto.i32, i32 %localC_152"   --->   Operation 168 'read' 'localC_152_read' <Predicate = true> <Delay = 0.00>
ST_1 : Operation 169 [1/1] (0.00ns)   --->   "%localC_153_read = read i32 @_ssdm_op_Read.ap_auto.i32, i32 %localC_153"   --->   Operation 169 'read' 'localC_153_read' <Predicate = true> <Delay = 0.00>
ST_1 : Operation 170 [1/1] (0.00ns)   --->   "%localC_154_read = read i32 @_ssdm_op_Read.ap_auto.i32, i32 %localC_154"   --->   Operation 170 'read' 'localC_154_read' <Predicate = true> <Delay = 0.00>
ST_1 : Operation 171 [1/1] (0.00ns)   --->   "%localC_155_read = read i32 @_ssdm_op_Read.ap_auto.i32, i32 %localC_155"   --->   Operation 171 'read' 'localC_155_read' <Predicate = true> <Delay = 0.00>
ST_1 : Operation 172 [1/1] (0.00ns)   --->   "%localC_156_read = read i32 @_ssdm_op_Read.ap_auto.i32, i32 %localC_156"   --->   Operation 172 'read' 'localC_156_read' <Predicate = true> <Delay = 0.00>
ST_1 : Operation 173 [1/1] (0.00ns)   --->   "%localC_157_read = read i32 @_ssdm_op_Read.ap_auto.i32, i32 %localC_157"   --->   Operation 173 'read' 'localC_157_read' <Predicate = true> <Delay = 0.00>
ST_1 : Operation 174 [1/1] (0.00ns)   --->   "%localC_158_read = read i32 @_ssdm_op_Read.ap_auto.i32, i32 %localC_158"   --->   Operation 174 'read' 'localC_158_read' <Predicate = true> <Delay = 0.00>
ST_1 : Operation 175 [1/1] (0.00ns)   --->   "%localC_159_read = read i32 @_ssdm_op_Read.ap_auto.i32, i32 %localC_159"   --->   Operation 175 'read' 'localC_159_read' <Predicate = true> <Delay = 0.00>
ST_1 : Operation 176 [1/1] (0.00ns)   --->   "%localC_160_read = read i32 @_ssdm_op_Read.ap_auto.i32, i32 %localC_160"   --->   Operation 176 'read' 'localC_160_read' <Predicate = true> <Delay = 0.00>
ST_1 : Operation 177 [1/1] (0.00ns)   --->   "%localC_161_read = read i32 @_ssdm_op_Read.ap_auto.i32, i32 %localC_161"   --->   Operation 177 'read' 'localC_161_read' <Predicate = true> <Delay = 0.00>
ST_1 : Operation 178 [1/1] (0.00ns)   --->   "%localC_162_read = read i32 @_ssdm_op_Read.ap_auto.i32, i32 %localC_162"   --->   Operation 178 'read' 'localC_162_read' <Predicate = true> <Delay = 0.00>
ST_1 : Operation 179 [1/1] (0.00ns)   --->   "%localC_163_read = read i32 @_ssdm_op_Read.ap_auto.i32, i32 %localC_163"   --->   Operation 179 'read' 'localC_163_read' <Predicate = true> <Delay = 0.00>
ST_1 : Operation 180 [1/1] (0.00ns)   --->   "%localC_164_read = read i32 @_ssdm_op_Read.ap_auto.i32, i32 %localC_164"   --->   Operation 180 'read' 'localC_164_read' <Predicate = true> <Delay = 0.00>
ST_1 : Operation 181 [1/1] (0.00ns)   --->   "%localC_165_read = read i32 @_ssdm_op_Read.ap_auto.i32, i32 %localC_165"   --->   Operation 181 'read' 'localC_165_read' <Predicate = true> <Delay = 0.00>
ST_1 : Operation 182 [1/1] (0.00ns)   --->   "%localC_166_read = read i32 @_ssdm_op_Read.ap_auto.i32, i32 %localC_166"   --->   Operation 182 'read' 'localC_166_read' <Predicate = true> <Delay = 0.00>
ST_1 : Operation 183 [1/1] (0.00ns)   --->   "%localC_167_read = read i32 @_ssdm_op_Read.ap_auto.i32, i32 %localC_167"   --->   Operation 183 'read' 'localC_167_read' <Predicate = true> <Delay = 0.00>
ST_1 : Operation 184 [1/1] (0.00ns)   --->   "%localC_168_read = read i32 @_ssdm_op_Read.ap_auto.i32, i32 %localC_168"   --->   Operation 184 'read' 'localC_168_read' <Predicate = true> <Delay = 0.00>
ST_1 : Operation 185 [1/1] (0.00ns)   --->   "%localC_169_read = read i32 @_ssdm_op_Read.ap_auto.i32, i32 %localC_169"   --->   Operation 185 'read' 'localC_169_read' <Predicate = true> <Delay = 0.00>
ST_1 : Operation 186 [1/1] (0.00ns)   --->   "%localC_170_read = read i32 @_ssdm_op_Read.ap_auto.i32, i32 %localC_170"   --->   Operation 186 'read' 'localC_170_read' <Predicate = true> <Delay = 0.00>
ST_1 : Operation 187 [1/1] (0.00ns)   --->   "%localC_171_read = read i32 @_ssdm_op_Read.ap_auto.i32, i32 %localC_171"   --->   Operation 187 'read' 'localC_171_read' <Predicate = true> <Delay = 0.00>
ST_1 : Operation 188 [1/1] (0.00ns)   --->   "%localC_172_read = read i32 @_ssdm_op_Read.ap_auto.i32, i32 %localC_172"   --->   Operation 188 'read' 'localC_172_read' <Predicate = true> <Delay = 0.00>
ST_1 : Operation 189 [1/1] (0.00ns)   --->   "%localC_173_read = read i32 @_ssdm_op_Read.ap_auto.i32, i32 %localC_173"   --->   Operation 189 'read' 'localC_173_read' <Predicate = true> <Delay = 0.00>
ST_1 : Operation 190 [1/1] (0.00ns)   --->   "%localC_174_read = read i32 @_ssdm_op_Read.ap_auto.i32, i32 %localC_174"   --->   Operation 190 'read' 'localC_174_read' <Predicate = true> <Delay = 0.00>
ST_1 : Operation 191 [1/1] (0.00ns)   --->   "%localC_175_read = read i32 @_ssdm_op_Read.ap_auto.i32, i32 %localC_175"   --->   Operation 191 'read' 'localC_175_read' <Predicate = true> <Delay = 0.00>
ST_1 : Operation 192 [1/1] (0.00ns)   --->   "%localC_176_read = read i32 @_ssdm_op_Read.ap_auto.i32, i32 %localC_176"   --->   Operation 192 'read' 'localC_176_read' <Predicate = true> <Delay = 0.00>
ST_1 : Operation 193 [1/1] (0.00ns)   --->   "%localC_177_read = read i32 @_ssdm_op_Read.ap_auto.i32, i32 %localC_177"   --->   Operation 193 'read' 'localC_177_read' <Predicate = true> <Delay = 0.00>
ST_1 : Operation 194 [1/1] (0.00ns)   --->   "%localC_178_read = read i32 @_ssdm_op_Read.ap_auto.i32, i32 %localC_178"   --->   Operation 194 'read' 'localC_178_read' <Predicate = true> <Delay = 0.00>
ST_1 : Operation 195 [1/1] (0.00ns)   --->   "%localC_179_read = read i32 @_ssdm_op_Read.ap_auto.i32, i32 %localC_179"   --->   Operation 195 'read' 'localC_179_read' <Predicate = true> <Delay = 0.00>
ST_1 : Operation 196 [1/1] (0.00ns)   --->   "%localC_180_read = read i32 @_ssdm_op_Read.ap_auto.i32, i32 %localC_180"   --->   Operation 196 'read' 'localC_180_read' <Predicate = true> <Delay = 0.00>
ST_1 : Operation 197 [1/1] (0.00ns)   --->   "%localC_181_read = read i32 @_ssdm_op_Read.ap_auto.i32, i32 %localC_181"   --->   Operation 197 'read' 'localC_181_read' <Predicate = true> <Delay = 0.00>
ST_1 : Operation 198 [1/1] (0.00ns)   --->   "%localC_182_read = read i32 @_ssdm_op_Read.ap_auto.i32, i32 %localC_182"   --->   Operation 198 'read' 'localC_182_read' <Predicate = true> <Delay = 0.00>
ST_1 : Operation 199 [1/1] (0.00ns)   --->   "%localC_183_read = read i32 @_ssdm_op_Read.ap_auto.i32, i32 %localC_183"   --->   Operation 199 'read' 'localC_183_read' <Predicate = true> <Delay = 0.00>
ST_1 : Operation 200 [1/1] (0.00ns)   --->   "%localC_184_read = read i32 @_ssdm_op_Read.ap_auto.i32, i32 %localC_184"   --->   Operation 200 'read' 'localC_184_read' <Predicate = true> <Delay = 0.00>
ST_1 : Operation 201 [1/1] (0.00ns)   --->   "%localC_185_read = read i32 @_ssdm_op_Read.ap_auto.i32, i32 %localC_185"   --->   Operation 201 'read' 'localC_185_read' <Predicate = true> <Delay = 0.00>
ST_1 : Operation 202 [1/1] (0.00ns)   --->   "%localC_186_read = read i32 @_ssdm_op_Read.ap_auto.i32, i32 %localC_186"   --->   Operation 202 'read' 'localC_186_read' <Predicate = true> <Delay = 0.00>
ST_1 : Operation 203 [1/1] (0.00ns)   --->   "%localC_187_read = read i32 @_ssdm_op_Read.ap_auto.i32, i32 %localC_187"   --->   Operation 203 'read' 'localC_187_read' <Predicate = true> <Delay = 0.00>
ST_1 : Operation 204 [1/1] (0.00ns)   --->   "%localC_188_read = read i32 @_ssdm_op_Read.ap_auto.i32, i32 %localC_188"   --->   Operation 204 'read' 'localC_188_read' <Predicate = true> <Delay = 0.00>
ST_1 : Operation 205 [1/1] (0.00ns)   --->   "%localC_189_read = read i32 @_ssdm_op_Read.ap_auto.i32, i32 %localC_189"   --->   Operation 205 'read' 'localC_189_read' <Predicate = true> <Delay = 0.00>
ST_1 : Operation 206 [1/1] (0.00ns)   --->   "%localC_190_read = read i32 @_ssdm_op_Read.ap_auto.i32, i32 %localC_190"   --->   Operation 206 'read' 'localC_190_read' <Predicate = true> <Delay = 0.00>
ST_1 : Operation 207 [1/1] (0.00ns)   --->   "%localC_191_read = read i32 @_ssdm_op_Read.ap_auto.i32, i32 %localC_191"   --->   Operation 207 'read' 'localC_191_read' <Predicate = true> <Delay = 0.00>
ST_1 : Operation 208 [1/1] (0.00ns)   --->   "%localC_192_read = read i32 @_ssdm_op_Read.ap_auto.i32, i32 %localC_192"   --->   Operation 208 'read' 'localC_192_read' <Predicate = true> <Delay = 0.00>
ST_1 : Operation 209 [1/1] (0.00ns)   --->   "%localC_193_read = read i32 @_ssdm_op_Read.ap_auto.i32, i32 %localC_193"   --->   Operation 209 'read' 'localC_193_read' <Predicate = true> <Delay = 0.00>
ST_1 : Operation 210 [1/1] (0.00ns)   --->   "%localC_194_read = read i32 @_ssdm_op_Read.ap_auto.i32, i32 %localC_194"   --->   Operation 210 'read' 'localC_194_read' <Predicate = true> <Delay = 0.00>
ST_1 : Operation 211 [1/1] (0.00ns)   --->   "%localC_195_read = read i32 @_ssdm_op_Read.ap_auto.i32, i32 %localC_195"   --->   Operation 211 'read' 'localC_195_read' <Predicate = true> <Delay = 0.00>
ST_1 : Operation 212 [1/1] (0.00ns)   --->   "%localC_196_read = read i32 @_ssdm_op_Read.ap_auto.i32, i32 %localC_196"   --->   Operation 212 'read' 'localC_196_read' <Predicate = true> <Delay = 0.00>
ST_1 : Operation 213 [1/1] (0.00ns)   --->   "%localC_197_read = read i32 @_ssdm_op_Read.ap_auto.i32, i32 %localC_197"   --->   Operation 213 'read' 'localC_197_read' <Predicate = true> <Delay = 0.00>
ST_1 : Operation 214 [1/1] (0.00ns)   --->   "%localC_198_read = read i32 @_ssdm_op_Read.ap_auto.i32, i32 %localC_198"   --->   Operation 214 'read' 'localC_198_read' <Predicate = true> <Delay = 0.00>
ST_1 : Operation 215 [1/1] (0.00ns)   --->   "%localC_199_read = read i32 @_ssdm_op_Read.ap_auto.i32, i32 %localC_199"   --->   Operation 215 'read' 'localC_199_read' <Predicate = true> <Delay = 0.00>
ST_1 : Operation 216 [1/1] (0.00ns)   --->   "%localC_200_read = read i32 @_ssdm_op_Read.ap_auto.i32, i32 %localC_200"   --->   Operation 216 'read' 'localC_200_read' <Predicate = true> <Delay = 0.00>
ST_1 : Operation 217 [1/1] (0.00ns)   --->   "%localC_201_read = read i32 @_ssdm_op_Read.ap_auto.i32, i32 %localC_201"   --->   Operation 217 'read' 'localC_201_read' <Predicate = true> <Delay = 0.00>
ST_1 : Operation 218 [1/1] (0.00ns)   --->   "%localC_202_read = read i32 @_ssdm_op_Read.ap_auto.i32, i32 %localC_202"   --->   Operation 218 'read' 'localC_202_read' <Predicate = true> <Delay = 0.00>
ST_1 : Operation 219 [1/1] (0.00ns)   --->   "%localC_203_read = read i32 @_ssdm_op_Read.ap_auto.i32, i32 %localC_203"   --->   Operation 219 'read' 'localC_203_read' <Predicate = true> <Delay = 0.00>
ST_1 : Operation 220 [1/1] (0.00ns)   --->   "%localC_204_read = read i32 @_ssdm_op_Read.ap_auto.i32, i32 %localC_204"   --->   Operation 220 'read' 'localC_204_read' <Predicate = true> <Delay = 0.00>
ST_1 : Operation 221 [1/1] (0.00ns)   --->   "%localC_205_read = read i32 @_ssdm_op_Read.ap_auto.i32, i32 %localC_205"   --->   Operation 221 'read' 'localC_205_read' <Predicate = true> <Delay = 0.00>
ST_1 : Operation 222 [1/1] (0.00ns)   --->   "%localC_206_read = read i32 @_ssdm_op_Read.ap_auto.i32, i32 %localC_206"   --->   Operation 222 'read' 'localC_206_read' <Predicate = true> <Delay = 0.00>
ST_1 : Operation 223 [1/1] (0.00ns)   --->   "%localC_207_read = read i32 @_ssdm_op_Read.ap_auto.i32, i32 %localC_207"   --->   Operation 223 'read' 'localC_207_read' <Predicate = true> <Delay = 0.00>
ST_1 : Operation 224 [1/1] (0.00ns)   --->   "%localC_208_read = read i32 @_ssdm_op_Read.ap_auto.i32, i32 %localC_208"   --->   Operation 224 'read' 'localC_208_read' <Predicate = true> <Delay = 0.00>
ST_1 : Operation 225 [1/1] (0.00ns)   --->   "%localC_209_read = read i32 @_ssdm_op_Read.ap_auto.i32, i32 %localC_209"   --->   Operation 225 'read' 'localC_209_read' <Predicate = true> <Delay = 0.00>
ST_1 : Operation 226 [1/1] (0.00ns)   --->   "%localC_210_read = read i32 @_ssdm_op_Read.ap_auto.i32, i32 %localC_210"   --->   Operation 226 'read' 'localC_210_read' <Predicate = true> <Delay = 0.00>
ST_1 : Operation 227 [1/1] (0.00ns)   --->   "%localC_211_read = read i32 @_ssdm_op_Read.ap_auto.i32, i32 %localC_211"   --->   Operation 227 'read' 'localC_211_read' <Predicate = true> <Delay = 0.00>
ST_1 : Operation 228 [1/1] (0.00ns)   --->   "%localC_212_read = read i32 @_ssdm_op_Read.ap_auto.i32, i32 %localC_212"   --->   Operation 228 'read' 'localC_212_read' <Predicate = true> <Delay = 0.00>
ST_1 : Operation 229 [1/1] (0.00ns)   --->   "%localC_213_read = read i32 @_ssdm_op_Read.ap_auto.i32, i32 %localC_213"   --->   Operation 229 'read' 'localC_213_read' <Predicate = true> <Delay = 0.00>
ST_1 : Operation 230 [1/1] (0.00ns)   --->   "%localC_214_read = read i32 @_ssdm_op_Read.ap_auto.i32, i32 %localC_214"   --->   Operation 230 'read' 'localC_214_read' <Predicate = true> <Delay = 0.00>
ST_1 : Operation 231 [1/1] (0.00ns)   --->   "%localC_215_read = read i32 @_ssdm_op_Read.ap_auto.i32, i32 %localC_215"   --->   Operation 231 'read' 'localC_215_read' <Predicate = true> <Delay = 0.00>
ST_1 : Operation 232 [1/1] (0.00ns)   --->   "%localC_216_read = read i32 @_ssdm_op_Read.ap_auto.i32, i32 %localC_216"   --->   Operation 232 'read' 'localC_216_read' <Predicate = true> <Delay = 0.00>
ST_1 : Operation 233 [1/1] (0.00ns)   --->   "%localC_217_read = read i32 @_ssdm_op_Read.ap_auto.i32, i32 %localC_217"   --->   Operation 233 'read' 'localC_217_read' <Predicate = true> <Delay = 0.00>
ST_1 : Operation 234 [1/1] (0.00ns)   --->   "%localC_218_read = read i32 @_ssdm_op_Read.ap_auto.i32, i32 %localC_218"   --->   Operation 234 'read' 'localC_218_read' <Predicate = true> <Delay = 0.00>
ST_1 : Operation 235 [1/1] (0.00ns)   --->   "%localC_219_read = read i32 @_ssdm_op_Read.ap_auto.i32, i32 %localC_219"   --->   Operation 235 'read' 'localC_219_read' <Predicate = true> <Delay = 0.00>
ST_1 : Operation 236 [1/1] (0.00ns)   --->   "%localC_220_read = read i32 @_ssdm_op_Read.ap_auto.i32, i32 %localC_220"   --->   Operation 236 'read' 'localC_220_read' <Predicate = true> <Delay = 0.00>
ST_1 : Operation 237 [1/1] (0.00ns)   --->   "%localC_221_read = read i32 @_ssdm_op_Read.ap_auto.i32, i32 %localC_221"   --->   Operation 237 'read' 'localC_221_read' <Predicate = true> <Delay = 0.00>
ST_1 : Operation 238 [1/1] (0.00ns)   --->   "%localC_222_read = read i32 @_ssdm_op_Read.ap_auto.i32, i32 %localC_222"   --->   Operation 238 'read' 'localC_222_read' <Predicate = true> <Delay = 0.00>
ST_1 : Operation 239 [1/1] (0.00ns)   --->   "%localC_223_read = read i32 @_ssdm_op_Read.ap_auto.i32, i32 %localC_223"   --->   Operation 239 'read' 'localC_223_read' <Predicate = true> <Delay = 0.00>
ST_1 : Operation 240 [1/1] (0.00ns)   --->   "%localC_224_read = read i32 @_ssdm_op_Read.ap_auto.i32, i32 %localC_224"   --->   Operation 240 'read' 'localC_224_read' <Predicate = true> <Delay = 0.00>
ST_1 : Operation 241 [1/1] (0.00ns)   --->   "%localC_225_read = read i32 @_ssdm_op_Read.ap_auto.i32, i32 %localC_225"   --->   Operation 241 'read' 'localC_225_read' <Predicate = true> <Delay = 0.00>
ST_1 : Operation 242 [1/1] (0.00ns)   --->   "%localC_226_read = read i32 @_ssdm_op_Read.ap_auto.i32, i32 %localC_226"   --->   Operation 242 'read' 'localC_226_read' <Predicate = true> <Delay = 0.00>
ST_1 : Operation 243 [1/1] (0.00ns)   --->   "%localC_227_read = read i32 @_ssdm_op_Read.ap_auto.i32, i32 %localC_227"   --->   Operation 243 'read' 'localC_227_read' <Predicate = true> <Delay = 0.00>
ST_1 : Operation 244 [1/1] (0.00ns)   --->   "%localC_228_read = read i32 @_ssdm_op_Read.ap_auto.i32, i32 %localC_228"   --->   Operation 244 'read' 'localC_228_read' <Predicate = true> <Delay = 0.00>
ST_1 : Operation 245 [1/1] (0.00ns)   --->   "%localC_229_read = read i32 @_ssdm_op_Read.ap_auto.i32, i32 %localC_229"   --->   Operation 245 'read' 'localC_229_read' <Predicate = true> <Delay = 0.00>
ST_1 : Operation 246 [1/1] (0.00ns)   --->   "%localC_230_read = read i32 @_ssdm_op_Read.ap_auto.i32, i32 %localC_230"   --->   Operation 246 'read' 'localC_230_read' <Predicate = true> <Delay = 0.00>
ST_1 : Operation 247 [1/1] (0.00ns)   --->   "%localC_231_read = read i32 @_ssdm_op_Read.ap_auto.i32, i32 %localC_231"   --->   Operation 247 'read' 'localC_231_read' <Predicate = true> <Delay = 0.00>
ST_1 : Operation 248 [1/1] (0.00ns)   --->   "%localC_232_read = read i32 @_ssdm_op_Read.ap_auto.i32, i32 %localC_232"   --->   Operation 248 'read' 'localC_232_read' <Predicate = true> <Delay = 0.00>
ST_1 : Operation 249 [1/1] (0.00ns)   --->   "%localC_233_read = read i32 @_ssdm_op_Read.ap_auto.i32, i32 %localC_233"   --->   Operation 249 'read' 'localC_233_read' <Predicate = true> <Delay = 0.00>
ST_1 : Operation 250 [1/1] (0.00ns)   --->   "%localC_234_read = read i32 @_ssdm_op_Read.ap_auto.i32, i32 %localC_234"   --->   Operation 250 'read' 'localC_234_read' <Predicate = true> <Delay = 0.00>
ST_1 : Operation 251 [1/1] (0.00ns)   --->   "%localC_235_read = read i32 @_ssdm_op_Read.ap_auto.i32, i32 %localC_235"   --->   Operation 251 'read' 'localC_235_read' <Predicate = true> <Delay = 0.00>
ST_1 : Operation 252 [1/1] (0.00ns)   --->   "%localC_236_read = read i32 @_ssdm_op_Read.ap_auto.i32, i32 %localC_236"   --->   Operation 252 'read' 'localC_236_read' <Predicate = true> <Delay = 0.00>
ST_1 : Operation 253 [1/1] (0.00ns)   --->   "%localC_237_read = read i32 @_ssdm_op_Read.ap_auto.i32, i32 %localC_237"   --->   Operation 253 'read' 'localC_237_read' <Predicate = true> <Delay = 0.00>
ST_1 : Operation 254 [1/1] (0.00ns)   --->   "%localC_238_read = read i32 @_ssdm_op_Read.ap_auto.i32, i32 %localC_238"   --->   Operation 254 'read' 'localC_238_read' <Predicate = true> <Delay = 0.00>
ST_1 : Operation 255 [1/1] (0.00ns)   --->   "%localC_239_read = read i32 @_ssdm_op_Read.ap_auto.i32, i32 %localC_239"   --->   Operation 255 'read' 'localC_239_read' <Predicate = true> <Delay = 0.00>
ST_1 : Operation 256 [1/1] (0.00ns)   --->   "%localC_240_read = read i32 @_ssdm_op_Read.ap_auto.i32, i32 %localC_240"   --->   Operation 256 'read' 'localC_240_read' <Predicate = true> <Delay = 0.00>
ST_1 : Operation 257 [1/1] (0.00ns)   --->   "%localC_241_read = read i32 @_ssdm_op_Read.ap_auto.i32, i32 %localC_241"   --->   Operation 257 'read' 'localC_241_read' <Predicate = true> <Delay = 0.00>
ST_1 : Operation 258 [1/1] (0.00ns)   --->   "%localC_242_read = read i32 @_ssdm_op_Read.ap_auto.i32, i32 %localC_242"   --->   Operation 258 'read' 'localC_242_read' <Predicate = true> <Delay = 0.00>
ST_1 : Operation 259 [1/1] (0.00ns)   --->   "%localC_243_read = read i32 @_ssdm_op_Read.ap_auto.i32, i32 %localC_243"   --->   Operation 259 'read' 'localC_243_read' <Predicate = true> <Delay = 0.00>
ST_1 : Operation 260 [1/1] (0.00ns)   --->   "%localC_244_read = read i32 @_ssdm_op_Read.ap_auto.i32, i32 %localC_244"   --->   Operation 260 'read' 'localC_244_read' <Predicate = true> <Delay = 0.00>
ST_1 : Operation 261 [1/1] (0.00ns)   --->   "%localC_245_read = read i32 @_ssdm_op_Read.ap_auto.i32, i32 %localC_245"   --->   Operation 261 'read' 'localC_245_read' <Predicate = true> <Delay = 0.00>
ST_1 : Operation 262 [1/1] (0.00ns)   --->   "%localC_246_read = read i32 @_ssdm_op_Read.ap_auto.i32, i32 %localC_246"   --->   Operation 262 'read' 'localC_246_read' <Predicate = true> <Delay = 0.00>
ST_1 : Operation 263 [1/1] (0.00ns)   --->   "%localC_247_read = read i32 @_ssdm_op_Read.ap_auto.i32, i32 %localC_247"   --->   Operation 263 'read' 'localC_247_read' <Predicate = true> <Delay = 0.00>
ST_1 : Operation 264 [1/1] (0.00ns)   --->   "%localC_248_read = read i32 @_ssdm_op_Read.ap_auto.i32, i32 %localC_248"   --->   Operation 264 'read' 'localC_248_read' <Predicate = true> <Delay = 0.00>
ST_1 : Operation 265 [1/1] (0.00ns)   --->   "%localC_249_read = read i32 @_ssdm_op_Read.ap_auto.i32, i32 %localC_249"   --->   Operation 265 'read' 'localC_249_read' <Predicate = true> <Delay = 0.00>
ST_1 : Operation 266 [1/1] (0.00ns)   --->   "%localC_250_read = read i32 @_ssdm_op_Read.ap_auto.i32, i32 %localC_250"   --->   Operation 266 'read' 'localC_250_read' <Predicate = true> <Delay = 0.00>
ST_1 : Operation 267 [1/1] (0.00ns)   --->   "%localC_251_read = read i32 @_ssdm_op_Read.ap_auto.i32, i32 %localC_251"   --->   Operation 267 'read' 'localC_251_read' <Predicate = true> <Delay = 0.00>
ST_1 : Operation 268 [1/1] (0.00ns)   --->   "%localC_252_read = read i32 @_ssdm_op_Read.ap_auto.i32, i32 %localC_252"   --->   Operation 268 'read' 'localC_252_read' <Predicate = true> <Delay = 0.00>
ST_1 : Operation 269 [1/1] (0.00ns)   --->   "%localC_253_read = read i32 @_ssdm_op_Read.ap_auto.i32, i32 %localC_253"   --->   Operation 269 'read' 'localC_253_read' <Predicate = true> <Delay = 0.00>
ST_1 : Operation 270 [1/1] (0.00ns)   --->   "%localC_254_read = read i32 @_ssdm_op_Read.ap_auto.i32, i32 %localC_254"   --->   Operation 270 'read' 'localC_254_read' <Predicate = true> <Delay = 0.00>
ST_1 : Operation 271 [1/1] (0.00ns)   --->   "%localC_255_read = read i32 @_ssdm_op_Read.ap_auto.i32, i32 %localC_255"   --->   Operation 271 'read' 'localC_255_read' <Predicate = true> <Delay = 0.00>
ST_1 : Operation 272 [1/1] (0.00ns)   --->   "%localC_256_read = read i32 @_ssdm_op_Read.ap_auto.i32, i32 %localC_256"   --->   Operation 272 'read' 'localC_256_read' <Predicate = true> <Delay = 0.00>
ST_1 : Operation 273 [1/1] (0.00ns)   --->   "%localC_257_read = read i32 @_ssdm_op_Read.ap_auto.i32, i32 %localC_257"   --->   Operation 273 'read' 'localC_257_read' <Predicate = true> <Delay = 0.00>
ST_1 : Operation 274 [1/1] (0.00ns)   --->   "%localC_258_read = read i32 @_ssdm_op_Read.ap_auto.i32, i32 %localC_258"   --->   Operation 274 'read' 'localC_258_read' <Predicate = true> <Delay = 0.00>
ST_1 : Operation 275 [1/1] (0.00ns)   --->   "%localC_259_read = read i32 @_ssdm_op_Read.ap_auto.i32, i32 %localC_259"   --->   Operation 275 'read' 'localC_259_read' <Predicate = true> <Delay = 0.00>
ST_1 : Operation 276 [1/1] (0.00ns)   --->   "%localC_260_read = read i32 @_ssdm_op_Read.ap_auto.i32, i32 %localC_260"   --->   Operation 276 'read' 'localC_260_read' <Predicate = true> <Delay = 0.00>
ST_1 : Operation 277 [1/1] (0.00ns)   --->   "%localC_261_read = read i32 @_ssdm_op_Read.ap_auto.i32, i32 %localC_261"   --->   Operation 277 'read' 'localC_261_read' <Predicate = true> <Delay = 0.00>
ST_1 : Operation 278 [1/1] (0.00ns)   --->   "%localC_262_read = read i32 @_ssdm_op_Read.ap_auto.i32, i32 %localC_262"   --->   Operation 278 'read' 'localC_262_read' <Predicate = true> <Delay = 0.00>
ST_1 : Operation 279 [1/1] (0.00ns)   --->   "%localC_263_read = read i32 @_ssdm_op_Read.ap_auto.i32, i32 %localC_263"   --->   Operation 279 'read' 'localC_263_read' <Predicate = true> <Delay = 0.00>
ST_1 : Operation 280 [1/1] (0.00ns)   --->   "%localC_264_read = read i32 @_ssdm_op_Read.ap_auto.i32, i32 %localC_264"   --->   Operation 280 'read' 'localC_264_read' <Predicate = true> <Delay = 0.00>
ST_1 : Operation 281 [1/1] (0.00ns)   --->   "%localC_265_read = read i32 @_ssdm_op_Read.ap_auto.i32, i32 %localC_265"   --->   Operation 281 'read' 'localC_265_read' <Predicate = true> <Delay = 0.00>
ST_1 : Operation 282 [1/1] (0.00ns)   --->   "%localC_266_read = read i32 @_ssdm_op_Read.ap_auto.i32, i32 %localC_266"   --->   Operation 282 'read' 'localC_266_read' <Predicate = true> <Delay = 0.00>
ST_1 : Operation 283 [1/1] (0.00ns)   --->   "%localC_267_read = read i32 @_ssdm_op_Read.ap_auto.i32, i32 %localC_267"   --->   Operation 283 'read' 'localC_267_read' <Predicate = true> <Delay = 0.00>
ST_1 : Operation 284 [1/1] (0.00ns)   --->   "%localC_268_read = read i32 @_ssdm_op_Read.ap_auto.i32, i32 %localC_268"   --->   Operation 284 'read' 'localC_268_read' <Predicate = true> <Delay = 0.00>
ST_1 : Operation 285 [1/1] (0.00ns)   --->   "%localC_269_read = read i32 @_ssdm_op_Read.ap_auto.i32, i32 %localC_269"   --->   Operation 285 'read' 'localC_269_read' <Predicate = true> <Delay = 0.00>
ST_1 : Operation 286 [1/1] (0.00ns)   --->   "%localC_270_read = read i32 @_ssdm_op_Read.ap_auto.i32, i32 %localC_270"   --->   Operation 286 'read' 'localC_270_read' <Predicate = true> <Delay = 0.00>
ST_1 : Operation 287 [1/1] (0.00ns)   --->   "%localC_271_read = read i32 @_ssdm_op_Read.ap_auto.i32, i32 %localC_271"   --->   Operation 287 'read' 'localC_271_read' <Predicate = true> <Delay = 0.00>
ST_1 : Operation 288 [1/1] (0.00ns)   --->   "%localC_272_read = read i32 @_ssdm_op_Read.ap_auto.i32, i32 %localC_272"   --->   Operation 288 'read' 'localC_272_read' <Predicate = true> <Delay = 0.00>
ST_1 : Operation 289 [1/1] (0.00ns)   --->   "%localC_273_read = read i32 @_ssdm_op_Read.ap_auto.i32, i32 %localC_273"   --->   Operation 289 'read' 'localC_273_read' <Predicate = true> <Delay = 0.00>
ST_1 : Operation 290 [1/1] (0.00ns)   --->   "%localC_274_read = read i32 @_ssdm_op_Read.ap_auto.i32, i32 %localC_274"   --->   Operation 290 'read' 'localC_274_read' <Predicate = true> <Delay = 0.00>
ST_1 : Operation 291 [1/1] (0.00ns)   --->   "%localC_275_read = read i32 @_ssdm_op_Read.ap_auto.i32, i32 %localC_275"   --->   Operation 291 'read' 'localC_275_read' <Predicate = true> <Delay = 0.00>
ST_1 : Operation 292 [1/1] (0.00ns)   --->   "%localC_276_read = read i32 @_ssdm_op_Read.ap_auto.i32, i32 %localC_276"   --->   Operation 292 'read' 'localC_276_read' <Predicate = true> <Delay = 0.00>
ST_1 : Operation 293 [1/1] (0.00ns)   --->   "%localC_277_read = read i32 @_ssdm_op_Read.ap_auto.i32, i32 %localC_277"   --->   Operation 293 'read' 'localC_277_read' <Predicate = true> <Delay = 0.00>
ST_1 : Operation 294 [1/1] (0.00ns)   --->   "%localC_278_read = read i32 @_ssdm_op_Read.ap_auto.i32, i32 %localC_278"   --->   Operation 294 'read' 'localC_278_read' <Predicate = true> <Delay = 0.00>
ST_1 : Operation 295 [1/1] (0.00ns)   --->   "%localC_279_read = read i32 @_ssdm_op_Read.ap_auto.i32, i32 %localC_279"   --->   Operation 295 'read' 'localC_279_read' <Predicate = true> <Delay = 0.00>
ST_1 : Operation 296 [1/1] (0.00ns)   --->   "%localC_280_read = read i32 @_ssdm_op_Read.ap_auto.i32, i32 %localC_280"   --->   Operation 296 'read' 'localC_280_read' <Predicate = true> <Delay = 0.00>
ST_1 : Operation 297 [1/1] (0.00ns)   --->   "%localC_281_read = read i32 @_ssdm_op_Read.ap_auto.i32, i32 %localC_281"   --->   Operation 297 'read' 'localC_281_read' <Predicate = true> <Delay = 0.00>
ST_1 : Operation 298 [1/1] (0.00ns)   --->   "%localC_282_read = read i32 @_ssdm_op_Read.ap_auto.i32, i32 %localC_282"   --->   Operation 298 'read' 'localC_282_read' <Predicate = true> <Delay = 0.00>
ST_1 : Operation 299 [1/1] (0.00ns)   --->   "%localC_283_read = read i32 @_ssdm_op_Read.ap_auto.i32, i32 %localC_283"   --->   Operation 299 'read' 'localC_283_read' <Predicate = true> <Delay = 0.00>
ST_1 : Operation 300 [1/1] (0.00ns)   --->   "%localC_284_read = read i32 @_ssdm_op_Read.ap_auto.i32, i32 %localC_284"   --->   Operation 300 'read' 'localC_284_read' <Predicate = true> <Delay = 0.00>
ST_1 : Operation 301 [1/1] (0.00ns)   --->   "%localC_285_read = read i32 @_ssdm_op_Read.ap_auto.i32, i32 %localC_285"   --->   Operation 301 'read' 'localC_285_read' <Predicate = true> <Delay = 0.00>
ST_1 : Operation 302 [1/1] (0.00ns)   --->   "%localC_286_read = read i32 @_ssdm_op_Read.ap_auto.i32, i32 %localC_286"   --->   Operation 302 'read' 'localC_286_read' <Predicate = true> <Delay = 0.00>
ST_1 : Operation 303 [1/1] (0.00ns)   --->   "%localC_287_read = read i32 @_ssdm_op_Read.ap_auto.i32, i32 %localC_287"   --->   Operation 303 'read' 'localC_287_read' <Predicate = true> <Delay = 0.00>
ST_1 : Operation 304 [1/1] (0.00ns)   --->   "%localC_288_read = read i32 @_ssdm_op_Read.ap_auto.i32, i32 %localC_288"   --->   Operation 304 'read' 'localC_288_read' <Predicate = true> <Delay = 0.00>
ST_1 : Operation 305 [1/1] (0.00ns)   --->   "%localC_289_read = read i32 @_ssdm_op_Read.ap_auto.i32, i32 %localC_289"   --->   Operation 305 'read' 'localC_289_read' <Predicate = true> <Delay = 0.00>
ST_1 : Operation 306 [1/1] (0.00ns)   --->   "%localC_290_read = read i32 @_ssdm_op_Read.ap_auto.i32, i32 %localC_290"   --->   Operation 306 'read' 'localC_290_read' <Predicate = true> <Delay = 0.00>
ST_1 : Operation 307 [1/1] (0.00ns)   --->   "%localC_291_read = read i32 @_ssdm_op_Read.ap_auto.i32, i32 %localC_291"   --->   Operation 307 'read' 'localC_291_read' <Predicate = true> <Delay = 0.00>
ST_1 : Operation 308 [1/1] (0.00ns)   --->   "%localC_292_read = read i32 @_ssdm_op_Read.ap_auto.i32, i32 %localC_292"   --->   Operation 308 'read' 'localC_292_read' <Predicate = true> <Delay = 0.00>
ST_1 : Operation 309 [1/1] (0.00ns)   --->   "%localC_293_read = read i32 @_ssdm_op_Read.ap_auto.i32, i32 %localC_293"   --->   Operation 309 'read' 'localC_293_read' <Predicate = true> <Delay = 0.00>
ST_1 : Operation 310 [1/1] (0.00ns)   --->   "%localC_294_read = read i32 @_ssdm_op_Read.ap_auto.i32, i32 %localC_294"   --->   Operation 310 'read' 'localC_294_read' <Predicate = true> <Delay = 0.00>
ST_1 : Operation 311 [1/1] (0.00ns)   --->   "%localC_295_read = read i32 @_ssdm_op_Read.ap_auto.i32, i32 %localC_295"   --->   Operation 311 'read' 'localC_295_read' <Predicate = true> <Delay = 0.00>
ST_1 : Operation 312 [1/1] (0.00ns)   --->   "%localC_296_read = read i32 @_ssdm_op_Read.ap_auto.i32, i32 %localC_296"   --->   Operation 312 'read' 'localC_296_read' <Predicate = true> <Delay = 0.00>
ST_1 : Operation 313 [1/1] (0.00ns)   --->   "%localC_297_read = read i32 @_ssdm_op_Read.ap_auto.i32, i32 %localC_297"   --->   Operation 313 'read' 'localC_297_read' <Predicate = true> <Delay = 0.00>
ST_1 : Operation 314 [1/1] (0.00ns)   --->   "%localC_298_read = read i32 @_ssdm_op_Read.ap_auto.i32, i32 %localC_298"   --->   Operation 314 'read' 'localC_298_read' <Predicate = true> <Delay = 0.00>
ST_1 : Operation 315 [1/1] (0.00ns)   --->   "%localC_299_read = read i32 @_ssdm_op_Read.ap_auto.i32, i32 %localC_299"   --->   Operation 315 'read' 'localC_299_read' <Predicate = true> <Delay = 0.00>
ST_1 : Operation 316 [1/1] (0.00ns)   --->   "%localC_300_read = read i32 @_ssdm_op_Read.ap_auto.i32, i32 %localC_300"   --->   Operation 316 'read' 'localC_300_read' <Predicate = true> <Delay = 0.00>
ST_1 : Operation 317 [1/1] (0.00ns)   --->   "%localC_301_read = read i32 @_ssdm_op_Read.ap_auto.i32, i32 %localC_301"   --->   Operation 317 'read' 'localC_301_read' <Predicate = true> <Delay = 0.00>
ST_1 : Operation 318 [1/1] (0.00ns)   --->   "%localC_302_read = read i32 @_ssdm_op_Read.ap_auto.i32, i32 %localC_302"   --->   Operation 318 'read' 'localC_302_read' <Predicate = true> <Delay = 0.00>
ST_1 : Operation 319 [1/1] (0.00ns)   --->   "%localC_303_read = read i32 @_ssdm_op_Read.ap_auto.i32, i32 %localC_303"   --->   Operation 319 'read' 'localC_303_read' <Predicate = true> <Delay = 0.00>
ST_1 : Operation 320 [1/1] (0.00ns)   --->   "%localC_304_read = read i32 @_ssdm_op_Read.ap_auto.i32, i32 %localC_304"   --->   Operation 320 'read' 'localC_304_read' <Predicate = true> <Delay = 0.00>
ST_1 : Operation 321 [1/1] (0.00ns)   --->   "%localC_305_read = read i32 @_ssdm_op_Read.ap_auto.i32, i32 %localC_305"   --->   Operation 321 'read' 'localC_305_read' <Predicate = true> <Delay = 0.00>
ST_1 : Operation 322 [1/1] (0.00ns)   --->   "%localC_306_read = read i32 @_ssdm_op_Read.ap_auto.i32, i32 %localC_306"   --->   Operation 322 'read' 'localC_306_read' <Predicate = true> <Delay = 0.00>
ST_1 : Operation 323 [1/1] (0.00ns)   --->   "%localC_307_read = read i32 @_ssdm_op_Read.ap_auto.i32, i32 %localC_307"   --->   Operation 323 'read' 'localC_307_read' <Predicate = true> <Delay = 0.00>
ST_1 : Operation 324 [1/1] (0.00ns)   --->   "%localC_308_read = read i32 @_ssdm_op_Read.ap_auto.i32, i32 %localC_308"   --->   Operation 324 'read' 'localC_308_read' <Predicate = true> <Delay = 0.00>
ST_1 : Operation 325 [1/1] (0.00ns)   --->   "%localC_309_read = read i32 @_ssdm_op_Read.ap_auto.i32, i32 %localC_309"   --->   Operation 325 'read' 'localC_309_read' <Predicate = true> <Delay = 0.00>
ST_1 : Operation 326 [1/1] (0.00ns)   --->   "%localC_310_read = read i32 @_ssdm_op_Read.ap_auto.i32, i32 %localC_310"   --->   Operation 326 'read' 'localC_310_read' <Predicate = true> <Delay = 0.00>
ST_1 : Operation 327 [1/1] (0.00ns)   --->   "%localC_311_read = read i32 @_ssdm_op_Read.ap_auto.i32, i32 %localC_311"   --->   Operation 327 'read' 'localC_311_read' <Predicate = true> <Delay = 0.00>
ST_1 : Operation 328 [1/1] (0.00ns)   --->   "%localC_312_read = read i32 @_ssdm_op_Read.ap_auto.i32, i32 %localC_312"   --->   Operation 328 'read' 'localC_312_read' <Predicate = true> <Delay = 0.00>
ST_1 : Operation 329 [1/1] (0.00ns)   --->   "%localC_313_read = read i32 @_ssdm_op_Read.ap_auto.i32, i32 %localC_313"   --->   Operation 329 'read' 'localC_313_read' <Predicate = true> <Delay = 0.00>
ST_1 : Operation 330 [1/1] (0.00ns)   --->   "%localC_314_read = read i32 @_ssdm_op_Read.ap_auto.i32, i32 %localC_314"   --->   Operation 330 'read' 'localC_314_read' <Predicate = true> <Delay = 0.00>
ST_1 : Operation 331 [1/1] (0.00ns)   --->   "%localC_315_read = read i32 @_ssdm_op_Read.ap_auto.i32, i32 %localC_315"   --->   Operation 331 'read' 'localC_315_read' <Predicate = true> <Delay = 0.00>
ST_1 : Operation 332 [1/1] (0.00ns)   --->   "%localC_316_read = read i32 @_ssdm_op_Read.ap_auto.i32, i32 %localC_316"   --->   Operation 332 'read' 'localC_316_read' <Predicate = true> <Delay = 0.00>
ST_1 : Operation 333 [1/1] (0.00ns)   --->   "%localC_317_read = read i32 @_ssdm_op_Read.ap_auto.i32, i32 %localC_317"   --->   Operation 333 'read' 'localC_317_read' <Predicate = true> <Delay = 0.00>
ST_1 : Operation 334 [1/1] (0.00ns)   --->   "%localC_318_read = read i32 @_ssdm_op_Read.ap_auto.i32, i32 %localC_318"   --->   Operation 334 'read' 'localC_318_read' <Predicate = true> <Delay = 0.00>
ST_1 : Operation 335 [1/1] (0.00ns)   --->   "%localC_319_read = read i32 @_ssdm_op_Read.ap_auto.i32, i32 %localC_319"   --->   Operation 335 'read' 'localC_319_read' <Predicate = true> <Delay = 0.00>
ST_1 : Operation 336 [1/1] (0.00ns)   --->   "%localC_320_read = read i32 @_ssdm_op_Read.ap_auto.i32, i32 %localC_320"   --->   Operation 336 'read' 'localC_320_read' <Predicate = true> <Delay = 0.00>
ST_1 : Operation 337 [1/1] (0.00ns)   --->   "%localC_321_read = read i32 @_ssdm_op_Read.ap_auto.i32, i32 %localC_321"   --->   Operation 337 'read' 'localC_321_read' <Predicate = true> <Delay = 0.00>
ST_1 : Operation 338 [1/1] (0.00ns)   --->   "%localC_322_read = read i32 @_ssdm_op_Read.ap_auto.i32, i32 %localC_322"   --->   Operation 338 'read' 'localC_322_read' <Predicate = true> <Delay = 0.00>
ST_1 : Operation 339 [1/1] (0.00ns)   --->   "%localC_323_read = read i32 @_ssdm_op_Read.ap_auto.i32, i32 %localC_323"   --->   Operation 339 'read' 'localC_323_read' <Predicate = true> <Delay = 0.00>
ST_1 : Operation 340 [1/1] (0.00ns)   --->   "%localC_324_read = read i32 @_ssdm_op_Read.ap_auto.i32, i32 %localC_324"   --->   Operation 340 'read' 'localC_324_read' <Predicate = true> <Delay = 0.00>
ST_1 : Operation 341 [1/1] (0.00ns)   --->   "%localC_325_read = read i32 @_ssdm_op_Read.ap_auto.i32, i32 %localC_325"   --->   Operation 341 'read' 'localC_325_read' <Predicate = true> <Delay = 0.00>
ST_1 : Operation 342 [1/1] (0.00ns)   --->   "%localC_326_read = read i32 @_ssdm_op_Read.ap_auto.i32, i32 %localC_326"   --->   Operation 342 'read' 'localC_326_read' <Predicate = true> <Delay = 0.00>
ST_1 : Operation 343 [1/1] (0.00ns)   --->   "%localC_327_read = read i32 @_ssdm_op_Read.ap_auto.i32, i32 %localC_327"   --->   Operation 343 'read' 'localC_327_read' <Predicate = true> <Delay = 0.00>
ST_1 : Operation 344 [1/1] (0.00ns)   --->   "%localC_328_read = read i32 @_ssdm_op_Read.ap_auto.i32, i32 %localC_328"   --->   Operation 344 'read' 'localC_328_read' <Predicate = true> <Delay = 0.00>
ST_1 : Operation 345 [1/1] (0.00ns)   --->   "%localC_329_read = read i32 @_ssdm_op_Read.ap_auto.i32, i32 %localC_329"   --->   Operation 345 'read' 'localC_329_read' <Predicate = true> <Delay = 0.00>
ST_1 : Operation 346 [1/1] (0.00ns)   --->   "%localC_330_read = read i32 @_ssdm_op_Read.ap_auto.i32, i32 %localC_330"   --->   Operation 346 'read' 'localC_330_read' <Predicate = true> <Delay = 0.00>
ST_1 : Operation 347 [1/1] (0.00ns)   --->   "%localC_331_read = read i32 @_ssdm_op_Read.ap_auto.i32, i32 %localC_331"   --->   Operation 347 'read' 'localC_331_read' <Predicate = true> <Delay = 0.00>
ST_1 : Operation 348 [1/1] (0.00ns)   --->   "%localC_332_read = read i32 @_ssdm_op_Read.ap_auto.i32, i32 %localC_332"   --->   Operation 348 'read' 'localC_332_read' <Predicate = true> <Delay = 0.00>
ST_1 : Operation 349 [1/1] (0.00ns)   --->   "%localC_333_read = read i32 @_ssdm_op_Read.ap_auto.i32, i32 %localC_333"   --->   Operation 349 'read' 'localC_333_read' <Predicate = true> <Delay = 0.00>
ST_1 : Operation 350 [1/1] (0.00ns)   --->   "%localC_334_read = read i32 @_ssdm_op_Read.ap_auto.i32, i32 %localC_334"   --->   Operation 350 'read' 'localC_334_read' <Predicate = true> <Delay = 0.00>
ST_1 : Operation 351 [1/1] (0.00ns)   --->   "%localC_335_read = read i32 @_ssdm_op_Read.ap_auto.i32, i32 %localC_335"   --->   Operation 351 'read' 'localC_335_read' <Predicate = true> <Delay = 0.00>
ST_1 : Operation 352 [1/1] (0.00ns)   --->   "%localC_336_read = read i32 @_ssdm_op_Read.ap_auto.i32, i32 %localC_336"   --->   Operation 352 'read' 'localC_336_read' <Predicate = true> <Delay = 0.00>
ST_1 : Operation 353 [1/1] (0.00ns)   --->   "%localC_337_read = read i32 @_ssdm_op_Read.ap_auto.i32, i32 %localC_337"   --->   Operation 353 'read' 'localC_337_read' <Predicate = true> <Delay = 0.00>
ST_1 : Operation 354 [1/1] (0.00ns)   --->   "%localC_338_read = read i32 @_ssdm_op_Read.ap_auto.i32, i32 %localC_338"   --->   Operation 354 'read' 'localC_338_read' <Predicate = true> <Delay = 0.00>
ST_1 : Operation 355 [1/1] (0.00ns)   --->   "%localC_339_read = read i32 @_ssdm_op_Read.ap_auto.i32, i32 %localC_339"   --->   Operation 355 'read' 'localC_339_read' <Predicate = true> <Delay = 0.00>
ST_1 : Operation 356 [1/1] (0.00ns)   --->   "%localC_340_read = read i32 @_ssdm_op_Read.ap_auto.i32, i32 %localC_340"   --->   Operation 356 'read' 'localC_340_read' <Predicate = true> <Delay = 0.00>
ST_1 : Operation 357 [1/1] (0.00ns)   --->   "%localC_341_read = read i32 @_ssdm_op_Read.ap_auto.i32, i32 %localC_341"   --->   Operation 357 'read' 'localC_341_read' <Predicate = true> <Delay = 0.00>
ST_1 : Operation 358 [1/1] (0.00ns)   --->   "%localC_342_read = read i32 @_ssdm_op_Read.ap_auto.i32, i32 %localC_342"   --->   Operation 358 'read' 'localC_342_read' <Predicate = true> <Delay = 0.00>
ST_1 : Operation 359 [1/1] (0.00ns)   --->   "%localC_343_read = read i32 @_ssdm_op_Read.ap_auto.i32, i32 %localC_343"   --->   Operation 359 'read' 'localC_343_read' <Predicate = true> <Delay = 0.00>
ST_1 : Operation 360 [1/1] (0.00ns)   --->   "%localC_344_read = read i32 @_ssdm_op_Read.ap_auto.i32, i32 %localC_344"   --->   Operation 360 'read' 'localC_344_read' <Predicate = true> <Delay = 0.00>
ST_1 : Operation 361 [1/1] (0.00ns)   --->   "%localC_345_read = read i32 @_ssdm_op_Read.ap_auto.i32, i32 %localC_345"   --->   Operation 361 'read' 'localC_345_read' <Predicate = true> <Delay = 0.00>
ST_1 : Operation 362 [1/1] (0.00ns)   --->   "%localC_346_read = read i32 @_ssdm_op_Read.ap_auto.i32, i32 %localC_346"   --->   Operation 362 'read' 'localC_346_read' <Predicate = true> <Delay = 0.00>
ST_1 : Operation 363 [1/1] (0.00ns)   --->   "%localC_347_read = read i32 @_ssdm_op_Read.ap_auto.i32, i32 %localC_347"   --->   Operation 363 'read' 'localC_347_read' <Predicate = true> <Delay = 0.00>
ST_1 : Operation 364 [1/1] (0.00ns)   --->   "%localC_348_read = read i32 @_ssdm_op_Read.ap_auto.i32, i32 %localC_348"   --->   Operation 364 'read' 'localC_348_read' <Predicate = true> <Delay = 0.00>
ST_1 : Operation 365 [1/1] (0.00ns)   --->   "%localC_349_read = read i32 @_ssdm_op_Read.ap_auto.i32, i32 %localC_349"   --->   Operation 365 'read' 'localC_349_read' <Predicate = true> <Delay = 0.00>
ST_1 : Operation 366 [1/1] (0.00ns)   --->   "%localC_350_read = read i32 @_ssdm_op_Read.ap_auto.i32, i32 %localC_350"   --->   Operation 366 'read' 'localC_350_read' <Predicate = true> <Delay = 0.00>
ST_1 : Operation 367 [1/1] (0.00ns)   --->   "%localC_351_read = read i32 @_ssdm_op_Read.ap_auto.i32, i32 %localC_351"   --->   Operation 367 'read' 'localC_351_read' <Predicate = true> <Delay = 0.00>
ST_1 : Operation 368 [1/1] (0.00ns)   --->   "%localC_352_read = read i32 @_ssdm_op_Read.ap_auto.i32, i32 %localC_352"   --->   Operation 368 'read' 'localC_352_read' <Predicate = true> <Delay = 0.00>
ST_1 : Operation 369 [1/1] (0.00ns)   --->   "%localC_353_read = read i32 @_ssdm_op_Read.ap_auto.i32, i32 %localC_353"   --->   Operation 369 'read' 'localC_353_read' <Predicate = true> <Delay = 0.00>
ST_1 : Operation 370 [1/1] (0.00ns)   --->   "%localC_354_read = read i32 @_ssdm_op_Read.ap_auto.i32, i32 %localC_354"   --->   Operation 370 'read' 'localC_354_read' <Predicate = true> <Delay = 0.00>
ST_1 : Operation 371 [1/1] (0.00ns)   --->   "%localC_355_read = read i32 @_ssdm_op_Read.ap_auto.i32, i32 %localC_355"   --->   Operation 371 'read' 'localC_355_read' <Predicate = true> <Delay = 0.00>
ST_1 : Operation 372 [1/1] (0.00ns)   --->   "%localC_356_read = read i32 @_ssdm_op_Read.ap_auto.i32, i32 %localC_356"   --->   Operation 372 'read' 'localC_356_read' <Predicate = true> <Delay = 0.00>
ST_1 : Operation 373 [1/1] (0.00ns)   --->   "%localC_357_read = read i32 @_ssdm_op_Read.ap_auto.i32, i32 %localC_357"   --->   Operation 373 'read' 'localC_357_read' <Predicate = true> <Delay = 0.00>
ST_1 : Operation 374 [1/1] (0.00ns)   --->   "%localC_358_read = read i32 @_ssdm_op_Read.ap_auto.i32, i32 %localC_358"   --->   Operation 374 'read' 'localC_358_read' <Predicate = true> <Delay = 0.00>
ST_1 : Operation 375 [1/1] (0.00ns)   --->   "%localC_359_read = read i32 @_ssdm_op_Read.ap_auto.i32, i32 %localC_359"   --->   Operation 375 'read' 'localC_359_read' <Predicate = true> <Delay = 0.00>
ST_1 : Operation 376 [1/1] (0.00ns)   --->   "%localC_360_read = read i32 @_ssdm_op_Read.ap_auto.i32, i32 %localC_360"   --->   Operation 376 'read' 'localC_360_read' <Predicate = true> <Delay = 0.00>
ST_1 : Operation 377 [1/1] (0.00ns)   --->   "%localC_361_read = read i32 @_ssdm_op_Read.ap_auto.i32, i32 %localC_361"   --->   Operation 377 'read' 'localC_361_read' <Predicate = true> <Delay = 0.00>
ST_1 : Operation 378 [1/1] (0.00ns)   --->   "%localC_362_read = read i32 @_ssdm_op_Read.ap_auto.i32, i32 %localC_362"   --->   Operation 378 'read' 'localC_362_read' <Predicate = true> <Delay = 0.00>
ST_1 : Operation 379 [1/1] (0.00ns)   --->   "%localC_363_read = read i32 @_ssdm_op_Read.ap_auto.i32, i32 %localC_363"   --->   Operation 379 'read' 'localC_363_read' <Predicate = true> <Delay = 0.00>
ST_1 : Operation 380 [1/1] (0.00ns)   --->   "%localC_364_read = read i32 @_ssdm_op_Read.ap_auto.i32, i32 %localC_364"   --->   Operation 380 'read' 'localC_364_read' <Predicate = true> <Delay = 0.00>
ST_1 : Operation 381 [1/1] (0.00ns)   --->   "%localC_365_read = read i32 @_ssdm_op_Read.ap_auto.i32, i32 %localC_365"   --->   Operation 381 'read' 'localC_365_read' <Predicate = true> <Delay = 0.00>
ST_1 : Operation 382 [1/1] (0.00ns)   --->   "%localC_366_read = read i32 @_ssdm_op_Read.ap_auto.i32, i32 %localC_366"   --->   Operation 382 'read' 'localC_366_read' <Predicate = true> <Delay = 0.00>
ST_1 : Operation 383 [1/1] (0.00ns)   --->   "%localC_367_read = read i32 @_ssdm_op_Read.ap_auto.i32, i32 %localC_367"   --->   Operation 383 'read' 'localC_367_read' <Predicate = true> <Delay = 0.00>
ST_1 : Operation 384 [1/1] (0.00ns)   --->   "%localC_368_read = read i32 @_ssdm_op_Read.ap_auto.i32, i32 %localC_368"   --->   Operation 384 'read' 'localC_368_read' <Predicate = true> <Delay = 0.00>
ST_1 : Operation 385 [1/1] (0.00ns)   --->   "%localC_369_read = read i32 @_ssdm_op_Read.ap_auto.i32, i32 %localC_369"   --->   Operation 385 'read' 'localC_369_read' <Predicate = true> <Delay = 0.00>
ST_1 : Operation 386 [1/1] (0.00ns)   --->   "%localC_370_read = read i32 @_ssdm_op_Read.ap_auto.i32, i32 %localC_370"   --->   Operation 386 'read' 'localC_370_read' <Predicate = true> <Delay = 0.00>
ST_1 : Operation 387 [1/1] (0.00ns)   --->   "%localC_371_read = read i32 @_ssdm_op_Read.ap_auto.i32, i32 %localC_371"   --->   Operation 387 'read' 'localC_371_read' <Predicate = true> <Delay = 0.00>
ST_1 : Operation 388 [1/1] (0.00ns)   --->   "%localC_372_read = read i32 @_ssdm_op_Read.ap_auto.i32, i32 %localC_372"   --->   Operation 388 'read' 'localC_372_read' <Predicate = true> <Delay = 0.00>
ST_1 : Operation 389 [1/1] (0.00ns)   --->   "%localC_373_read = read i32 @_ssdm_op_Read.ap_auto.i32, i32 %localC_373"   --->   Operation 389 'read' 'localC_373_read' <Predicate = true> <Delay = 0.00>
ST_1 : Operation 390 [1/1] (0.00ns)   --->   "%localC_374_read = read i32 @_ssdm_op_Read.ap_auto.i32, i32 %localC_374"   --->   Operation 390 'read' 'localC_374_read' <Predicate = true> <Delay = 0.00>
ST_1 : Operation 391 [1/1] (0.00ns)   --->   "%localC_375_read = read i32 @_ssdm_op_Read.ap_auto.i32, i32 %localC_375"   --->   Operation 391 'read' 'localC_375_read' <Predicate = true> <Delay = 0.00>
ST_1 : Operation 392 [1/1] (0.00ns)   --->   "%localC_376_read = read i32 @_ssdm_op_Read.ap_auto.i32, i32 %localC_376"   --->   Operation 392 'read' 'localC_376_read' <Predicate = true> <Delay = 0.00>
ST_1 : Operation 393 [1/1] (0.00ns)   --->   "%localC_377_read = read i32 @_ssdm_op_Read.ap_auto.i32, i32 %localC_377"   --->   Operation 393 'read' 'localC_377_read' <Predicate = true> <Delay = 0.00>
ST_1 : Operation 394 [1/1] (0.00ns)   --->   "%localC_378_read = read i32 @_ssdm_op_Read.ap_auto.i32, i32 %localC_378"   --->   Operation 394 'read' 'localC_378_read' <Predicate = true> <Delay = 0.00>
ST_1 : Operation 395 [1/1] (0.00ns)   --->   "%localC_379_read = read i32 @_ssdm_op_Read.ap_auto.i32, i32 %localC_379"   --->   Operation 395 'read' 'localC_379_read' <Predicate = true> <Delay = 0.00>
ST_1 : Operation 396 [1/1] (0.00ns)   --->   "%localC_380_read = read i32 @_ssdm_op_Read.ap_auto.i32, i32 %localC_380"   --->   Operation 396 'read' 'localC_380_read' <Predicate = true> <Delay = 0.00>
ST_1 : Operation 397 [1/1] (0.00ns)   --->   "%localC_381_read = read i32 @_ssdm_op_Read.ap_auto.i32, i32 %localC_381"   --->   Operation 397 'read' 'localC_381_read' <Predicate = true> <Delay = 0.00>
ST_1 : Operation 398 [1/1] (0.00ns)   --->   "%localC_382_read = read i32 @_ssdm_op_Read.ap_auto.i32, i32 %localC_382"   --->   Operation 398 'read' 'localC_382_read' <Predicate = true> <Delay = 0.00>
ST_1 : Operation 399 [1/1] (0.00ns)   --->   "%localC_383_read = read i32 @_ssdm_op_Read.ap_auto.i32, i32 %localC_383"   --->   Operation 399 'read' 'localC_383_read' <Predicate = true> <Delay = 0.00>
ST_1 : Operation 400 [1/1] (0.00ns)   --->   "%localC_384_read = read i32 @_ssdm_op_Read.ap_auto.i32, i32 %localC_384"   --->   Operation 400 'read' 'localC_384_read' <Predicate = true> <Delay = 0.00>
ST_1 : Operation 401 [1/1] (0.00ns)   --->   "%localC_385_read = read i32 @_ssdm_op_Read.ap_auto.i32, i32 %localC_385"   --->   Operation 401 'read' 'localC_385_read' <Predicate = true> <Delay = 0.00>
ST_1 : Operation 402 [1/1] (0.00ns)   --->   "%localC_386_read = read i32 @_ssdm_op_Read.ap_auto.i32, i32 %localC_386"   --->   Operation 402 'read' 'localC_386_read' <Predicate = true> <Delay = 0.00>
ST_1 : Operation 403 [1/1] (0.00ns)   --->   "%localC_387_read = read i32 @_ssdm_op_Read.ap_auto.i32, i32 %localC_387"   --->   Operation 403 'read' 'localC_387_read' <Predicate = true> <Delay = 0.00>
ST_1 : Operation 404 [1/1] (0.00ns)   --->   "%localC_388_read = read i32 @_ssdm_op_Read.ap_auto.i32, i32 %localC_388"   --->   Operation 404 'read' 'localC_388_read' <Predicate = true> <Delay = 0.00>
ST_1 : Operation 405 [1/1] (0.00ns)   --->   "%localC_389_read = read i32 @_ssdm_op_Read.ap_auto.i32, i32 %localC_389"   --->   Operation 405 'read' 'localC_389_read' <Predicate = true> <Delay = 0.00>
ST_1 : Operation 406 [1/1] (0.00ns)   --->   "%localC_390_read = read i32 @_ssdm_op_Read.ap_auto.i32, i32 %localC_390"   --->   Operation 406 'read' 'localC_390_read' <Predicate = true> <Delay = 0.00>
ST_1 : Operation 407 [1/1] (0.00ns)   --->   "%localC_391_read = read i32 @_ssdm_op_Read.ap_auto.i32, i32 %localC_391"   --->   Operation 407 'read' 'localC_391_read' <Predicate = true> <Delay = 0.00>
ST_1 : Operation 408 [1/1] (0.00ns)   --->   "%localC_392_read = read i32 @_ssdm_op_Read.ap_auto.i32, i32 %localC_392"   --->   Operation 408 'read' 'localC_392_read' <Predicate = true> <Delay = 0.00>
ST_1 : Operation 409 [1/1] (0.00ns)   --->   "%localC_393_read = read i32 @_ssdm_op_Read.ap_auto.i32, i32 %localC_393"   --->   Operation 409 'read' 'localC_393_read' <Predicate = true> <Delay = 0.00>
ST_1 : Operation 410 [1/1] (0.00ns)   --->   "%localC_394_read = read i32 @_ssdm_op_Read.ap_auto.i32, i32 %localC_394"   --->   Operation 410 'read' 'localC_394_read' <Predicate = true> <Delay = 0.00>
ST_1 : Operation 411 [1/1] (0.00ns)   --->   "%localC_395_read = read i32 @_ssdm_op_Read.ap_auto.i32, i32 %localC_395"   --->   Operation 411 'read' 'localC_395_read' <Predicate = true> <Delay = 0.00>
ST_1 : Operation 412 [1/1] (0.00ns)   --->   "%localC_396_read = read i32 @_ssdm_op_Read.ap_auto.i32, i32 %localC_396"   --->   Operation 412 'read' 'localC_396_read' <Predicate = true> <Delay = 0.00>
ST_1 : Operation 413 [1/1] (0.00ns)   --->   "%localC_397_read = read i32 @_ssdm_op_Read.ap_auto.i32, i32 %localC_397"   --->   Operation 413 'read' 'localC_397_read' <Predicate = true> <Delay = 0.00>
ST_1 : Operation 414 [1/1] (0.00ns)   --->   "%localC_398_read = read i32 @_ssdm_op_Read.ap_auto.i32, i32 %localC_398"   --->   Operation 414 'read' 'localC_398_read' <Predicate = true> <Delay = 0.00>
ST_1 : Operation 415 [1/1] (0.00ns)   --->   "%localC_399_read = read i32 @_ssdm_op_Read.ap_auto.i32, i32 %localC_399"   --->   Operation 415 'read' 'localC_399_read' <Predicate = true> <Delay = 0.00>
ST_1 : Operation 416 [1/1] (0.00ns)   --->   "%localC_400_read = read i32 @_ssdm_op_Read.ap_auto.i32, i32 %localC_400"   --->   Operation 416 'read' 'localC_400_read' <Predicate = true> <Delay = 0.00>
ST_1 : Operation 417 [1/1] (0.00ns)   --->   "%localC_401_read = read i32 @_ssdm_op_Read.ap_auto.i32, i32 %localC_401"   --->   Operation 417 'read' 'localC_401_read' <Predicate = true> <Delay = 0.00>
ST_1 : Operation 418 [1/1] (0.00ns)   --->   "%localC_402_read = read i32 @_ssdm_op_Read.ap_auto.i32, i32 %localC_402"   --->   Operation 418 'read' 'localC_402_read' <Predicate = true> <Delay = 0.00>
ST_1 : Operation 419 [1/1] (0.00ns)   --->   "%localC_403_read = read i32 @_ssdm_op_Read.ap_auto.i32, i32 %localC_403"   --->   Operation 419 'read' 'localC_403_read' <Predicate = true> <Delay = 0.00>
ST_1 : Operation 420 [1/1] (0.00ns)   --->   "%localC_404_read = read i32 @_ssdm_op_Read.ap_auto.i32, i32 %localC_404"   --->   Operation 420 'read' 'localC_404_read' <Predicate = true> <Delay = 0.00>
ST_1 : Operation 421 [1/1] (0.00ns)   --->   "%localC_405_read = read i32 @_ssdm_op_Read.ap_auto.i32, i32 %localC_405"   --->   Operation 421 'read' 'localC_405_read' <Predicate = true> <Delay = 0.00>
ST_1 : Operation 422 [1/1] (0.00ns)   --->   "%localC_406_read = read i32 @_ssdm_op_Read.ap_auto.i32, i32 %localC_406"   --->   Operation 422 'read' 'localC_406_read' <Predicate = true> <Delay = 0.00>
ST_1 : Operation 423 [1/1] (0.00ns)   --->   "%localC_407_read = read i32 @_ssdm_op_Read.ap_auto.i32, i32 %localC_407"   --->   Operation 423 'read' 'localC_407_read' <Predicate = true> <Delay = 0.00>
ST_1 : Operation 424 [1/1] (0.00ns)   --->   "%localC_408_read = read i32 @_ssdm_op_Read.ap_auto.i32, i32 %localC_408"   --->   Operation 424 'read' 'localC_408_read' <Predicate = true> <Delay = 0.00>
ST_1 : Operation 425 [1/1] (0.00ns)   --->   "%localC_409_read = read i32 @_ssdm_op_Read.ap_auto.i32, i32 %localC_409"   --->   Operation 425 'read' 'localC_409_read' <Predicate = true> <Delay = 0.00>
ST_1 : Operation 426 [1/1] (0.00ns)   --->   "%localC_410_read = read i32 @_ssdm_op_Read.ap_auto.i32, i32 %localC_410"   --->   Operation 426 'read' 'localC_410_read' <Predicate = true> <Delay = 0.00>
ST_1 : Operation 427 [1/1] (0.00ns)   --->   "%localC_411_read = read i32 @_ssdm_op_Read.ap_auto.i32, i32 %localC_411"   --->   Operation 427 'read' 'localC_411_read' <Predicate = true> <Delay = 0.00>
ST_1 : Operation 428 [1/1] (0.00ns)   --->   "%localC_412_read = read i32 @_ssdm_op_Read.ap_auto.i32, i32 %localC_412"   --->   Operation 428 'read' 'localC_412_read' <Predicate = true> <Delay = 0.00>
ST_1 : Operation 429 [1/1] (0.00ns)   --->   "%localC_413_read = read i32 @_ssdm_op_Read.ap_auto.i32, i32 %localC_413"   --->   Operation 429 'read' 'localC_413_read' <Predicate = true> <Delay = 0.00>
ST_1 : Operation 430 [1/1] (0.00ns)   --->   "%localC_414_read = read i32 @_ssdm_op_Read.ap_auto.i32, i32 %localC_414"   --->   Operation 430 'read' 'localC_414_read' <Predicate = true> <Delay = 0.00>
ST_1 : Operation 431 [1/1] (0.00ns)   --->   "%localC_415_read = read i32 @_ssdm_op_Read.ap_auto.i32, i32 %localC_415"   --->   Operation 431 'read' 'localC_415_read' <Predicate = true> <Delay = 0.00>
ST_1 : Operation 432 [1/1] (0.00ns)   --->   "%localC_416_read = read i32 @_ssdm_op_Read.ap_auto.i32, i32 %localC_416"   --->   Operation 432 'read' 'localC_416_read' <Predicate = true> <Delay = 0.00>
ST_1 : Operation 433 [1/1] (0.00ns)   --->   "%localC_417_read = read i32 @_ssdm_op_Read.ap_auto.i32, i32 %localC_417"   --->   Operation 433 'read' 'localC_417_read' <Predicate = true> <Delay = 0.00>
ST_1 : Operation 434 [1/1] (0.00ns)   --->   "%localC_418_read = read i32 @_ssdm_op_Read.ap_auto.i32, i32 %localC_418"   --->   Operation 434 'read' 'localC_418_read' <Predicate = true> <Delay = 0.00>
ST_1 : Operation 435 [1/1] (0.00ns)   --->   "%localC_419_read = read i32 @_ssdm_op_Read.ap_auto.i32, i32 %localC_419"   --->   Operation 435 'read' 'localC_419_read' <Predicate = true> <Delay = 0.00>
ST_1 : Operation 436 [1/1] (0.00ns)   --->   "%localC_420_read = read i32 @_ssdm_op_Read.ap_auto.i32, i32 %localC_420"   --->   Operation 436 'read' 'localC_420_read' <Predicate = true> <Delay = 0.00>
ST_1 : Operation 437 [1/1] (0.00ns)   --->   "%localC_421_read = read i32 @_ssdm_op_Read.ap_auto.i32, i32 %localC_421"   --->   Operation 437 'read' 'localC_421_read' <Predicate = true> <Delay = 0.00>
ST_1 : Operation 438 [1/1] (0.00ns)   --->   "%localC_422_read = read i32 @_ssdm_op_Read.ap_auto.i32, i32 %localC_422"   --->   Operation 438 'read' 'localC_422_read' <Predicate = true> <Delay = 0.00>
ST_1 : Operation 439 [1/1] (0.00ns)   --->   "%localC_423_read = read i32 @_ssdm_op_Read.ap_auto.i32, i32 %localC_423"   --->   Operation 439 'read' 'localC_423_read' <Predicate = true> <Delay = 0.00>
ST_1 : Operation 440 [1/1] (0.00ns)   --->   "%localC_424_read = read i32 @_ssdm_op_Read.ap_auto.i32, i32 %localC_424"   --->   Operation 440 'read' 'localC_424_read' <Predicate = true> <Delay = 0.00>
ST_1 : Operation 441 [1/1] (0.00ns)   --->   "%localC_425_read = read i32 @_ssdm_op_Read.ap_auto.i32, i32 %localC_425"   --->   Operation 441 'read' 'localC_425_read' <Predicate = true> <Delay = 0.00>
ST_1 : Operation 442 [1/1] (0.00ns)   --->   "%localC_426_read = read i32 @_ssdm_op_Read.ap_auto.i32, i32 %localC_426"   --->   Operation 442 'read' 'localC_426_read' <Predicate = true> <Delay = 0.00>
ST_1 : Operation 443 [1/1] (0.00ns)   --->   "%localC_427_read = read i32 @_ssdm_op_Read.ap_auto.i32, i32 %localC_427"   --->   Operation 443 'read' 'localC_427_read' <Predicate = true> <Delay = 0.00>
ST_1 : Operation 444 [1/1] (0.00ns)   --->   "%localC_428_read = read i32 @_ssdm_op_Read.ap_auto.i32, i32 %localC_428"   --->   Operation 444 'read' 'localC_428_read' <Predicate = true> <Delay = 0.00>
ST_1 : Operation 445 [1/1] (0.00ns)   --->   "%localC_429_read = read i32 @_ssdm_op_Read.ap_auto.i32, i32 %localC_429"   --->   Operation 445 'read' 'localC_429_read' <Predicate = true> <Delay = 0.00>
ST_1 : Operation 446 [1/1] (0.00ns)   --->   "%localC_430_read = read i32 @_ssdm_op_Read.ap_auto.i32, i32 %localC_430"   --->   Operation 446 'read' 'localC_430_read' <Predicate = true> <Delay = 0.00>
ST_1 : Operation 447 [1/1] (0.00ns)   --->   "%localC_431_read = read i32 @_ssdm_op_Read.ap_auto.i32, i32 %localC_431"   --->   Operation 447 'read' 'localC_431_read' <Predicate = true> <Delay = 0.00>
ST_1 : Operation 448 [1/1] (0.00ns)   --->   "%localC_432_read = read i32 @_ssdm_op_Read.ap_auto.i32, i32 %localC_432"   --->   Operation 448 'read' 'localC_432_read' <Predicate = true> <Delay = 0.00>
ST_1 : Operation 449 [1/1] (0.00ns)   --->   "%localC_433_read = read i32 @_ssdm_op_Read.ap_auto.i32, i32 %localC_433"   --->   Operation 449 'read' 'localC_433_read' <Predicate = true> <Delay = 0.00>
ST_1 : Operation 450 [1/1] (0.00ns)   --->   "%localC_434_read = read i32 @_ssdm_op_Read.ap_auto.i32, i32 %localC_434"   --->   Operation 450 'read' 'localC_434_read' <Predicate = true> <Delay = 0.00>
ST_1 : Operation 451 [1/1] (0.00ns)   --->   "%localC_435_read = read i32 @_ssdm_op_Read.ap_auto.i32, i32 %localC_435"   --->   Operation 451 'read' 'localC_435_read' <Predicate = true> <Delay = 0.00>
ST_1 : Operation 452 [1/1] (0.00ns)   --->   "%localC_436_read = read i32 @_ssdm_op_Read.ap_auto.i32, i32 %localC_436"   --->   Operation 452 'read' 'localC_436_read' <Predicate = true> <Delay = 0.00>
ST_1 : Operation 453 [1/1] (0.00ns)   --->   "%localC_437_read = read i32 @_ssdm_op_Read.ap_auto.i32, i32 %localC_437"   --->   Operation 453 'read' 'localC_437_read' <Predicate = true> <Delay = 0.00>
ST_1 : Operation 454 [1/1] (0.00ns)   --->   "%localC_438_read = read i32 @_ssdm_op_Read.ap_auto.i32, i32 %localC_438"   --->   Operation 454 'read' 'localC_438_read' <Predicate = true> <Delay = 0.00>
ST_1 : Operation 455 [1/1] (0.00ns)   --->   "%localC_439_read = read i32 @_ssdm_op_Read.ap_auto.i32, i32 %localC_439"   --->   Operation 455 'read' 'localC_439_read' <Predicate = true> <Delay = 0.00>
ST_1 : Operation 456 [1/1] (0.00ns)   --->   "%localC_440_read = read i32 @_ssdm_op_Read.ap_auto.i32, i32 %localC_440"   --->   Operation 456 'read' 'localC_440_read' <Predicate = true> <Delay = 0.00>
ST_1 : Operation 457 [1/1] (0.00ns)   --->   "%localC_441_read = read i32 @_ssdm_op_Read.ap_auto.i32, i32 %localC_441"   --->   Operation 457 'read' 'localC_441_read' <Predicate = true> <Delay = 0.00>
ST_1 : Operation 458 [1/1] (0.00ns)   --->   "%localC_442_read = read i32 @_ssdm_op_Read.ap_auto.i32, i32 %localC_442"   --->   Operation 458 'read' 'localC_442_read' <Predicate = true> <Delay = 0.00>
ST_1 : Operation 459 [1/1] (0.00ns)   --->   "%localC_443_read = read i32 @_ssdm_op_Read.ap_auto.i32, i32 %localC_443"   --->   Operation 459 'read' 'localC_443_read' <Predicate = true> <Delay = 0.00>
ST_1 : Operation 460 [1/1] (0.00ns)   --->   "%localC_444_read = read i32 @_ssdm_op_Read.ap_auto.i32, i32 %localC_444"   --->   Operation 460 'read' 'localC_444_read' <Predicate = true> <Delay = 0.00>
ST_1 : Operation 461 [1/1] (0.00ns)   --->   "%localC_445_read = read i32 @_ssdm_op_Read.ap_auto.i32, i32 %localC_445"   --->   Operation 461 'read' 'localC_445_read' <Predicate = true> <Delay = 0.00>
ST_1 : Operation 462 [1/1] (0.00ns)   --->   "%localC_446_read = read i32 @_ssdm_op_Read.ap_auto.i32, i32 %localC_446"   --->   Operation 462 'read' 'localC_446_read' <Predicate = true> <Delay = 0.00>
ST_1 : Operation 463 [1/1] (0.00ns)   --->   "%localC_447_read = read i32 @_ssdm_op_Read.ap_auto.i32, i32 %localC_447"   --->   Operation 463 'read' 'localC_447_read' <Predicate = true> <Delay = 0.00>
ST_1 : Operation 464 [1/1] (0.00ns)   --->   "%localC_448_read = read i32 @_ssdm_op_Read.ap_auto.i32, i32 %localC_448"   --->   Operation 464 'read' 'localC_448_read' <Predicate = true> <Delay = 0.00>
ST_1 : Operation 465 [1/1] (0.00ns)   --->   "%localC_449_read = read i32 @_ssdm_op_Read.ap_auto.i32, i32 %localC_449"   --->   Operation 465 'read' 'localC_449_read' <Predicate = true> <Delay = 0.00>
ST_1 : Operation 466 [1/1] (0.00ns)   --->   "%localC_450_read = read i32 @_ssdm_op_Read.ap_auto.i32, i32 %localC_450"   --->   Operation 466 'read' 'localC_450_read' <Predicate = true> <Delay = 0.00>
ST_1 : Operation 467 [1/1] (0.00ns)   --->   "%localC_451_read = read i32 @_ssdm_op_Read.ap_auto.i32, i32 %localC_451"   --->   Operation 467 'read' 'localC_451_read' <Predicate = true> <Delay = 0.00>
ST_1 : Operation 468 [1/1] (0.00ns)   --->   "%localC_452_read = read i32 @_ssdm_op_Read.ap_auto.i32, i32 %localC_452"   --->   Operation 468 'read' 'localC_452_read' <Predicate = true> <Delay = 0.00>
ST_1 : Operation 469 [1/1] (0.00ns)   --->   "%localC_453_read = read i32 @_ssdm_op_Read.ap_auto.i32, i32 %localC_453"   --->   Operation 469 'read' 'localC_453_read' <Predicate = true> <Delay = 0.00>
ST_1 : Operation 470 [1/1] (0.00ns)   --->   "%localC_454_read = read i32 @_ssdm_op_Read.ap_auto.i32, i32 %localC_454"   --->   Operation 470 'read' 'localC_454_read' <Predicate = true> <Delay = 0.00>
ST_1 : Operation 471 [1/1] (0.00ns)   --->   "%localC_455_read = read i32 @_ssdm_op_Read.ap_auto.i32, i32 %localC_455"   --->   Operation 471 'read' 'localC_455_read' <Predicate = true> <Delay = 0.00>
ST_1 : Operation 472 [1/1] (0.00ns)   --->   "%localC_456_read = read i32 @_ssdm_op_Read.ap_auto.i32, i32 %localC_456"   --->   Operation 472 'read' 'localC_456_read' <Predicate = true> <Delay = 0.00>
ST_1 : Operation 473 [1/1] (0.00ns)   --->   "%localC_457_read = read i32 @_ssdm_op_Read.ap_auto.i32, i32 %localC_457"   --->   Operation 473 'read' 'localC_457_read' <Predicate = true> <Delay = 0.00>
ST_1 : Operation 474 [1/1] (0.00ns)   --->   "%localC_458_read = read i32 @_ssdm_op_Read.ap_auto.i32, i32 %localC_458"   --->   Operation 474 'read' 'localC_458_read' <Predicate = true> <Delay = 0.00>
ST_1 : Operation 475 [1/1] (0.00ns)   --->   "%localC_459_read = read i32 @_ssdm_op_Read.ap_auto.i32, i32 %localC_459"   --->   Operation 475 'read' 'localC_459_read' <Predicate = true> <Delay = 0.00>
ST_1 : Operation 476 [1/1] (0.00ns)   --->   "%localC_460_read = read i32 @_ssdm_op_Read.ap_auto.i32, i32 %localC_460"   --->   Operation 476 'read' 'localC_460_read' <Predicate = true> <Delay = 0.00>
ST_1 : Operation 477 [1/1] (0.00ns)   --->   "%localC_461_read = read i32 @_ssdm_op_Read.ap_auto.i32, i32 %localC_461"   --->   Operation 477 'read' 'localC_461_read' <Predicate = true> <Delay = 0.00>
ST_1 : Operation 478 [1/1] (0.00ns)   --->   "%localC_462_read = read i32 @_ssdm_op_Read.ap_auto.i32, i32 %localC_462"   --->   Operation 478 'read' 'localC_462_read' <Predicate = true> <Delay = 0.00>
ST_1 : Operation 479 [1/1] (0.00ns)   --->   "%localC_463_read = read i32 @_ssdm_op_Read.ap_auto.i32, i32 %localC_463"   --->   Operation 479 'read' 'localC_463_read' <Predicate = true> <Delay = 0.00>
ST_1 : Operation 480 [1/1] (0.00ns)   --->   "%localC_464_read = read i32 @_ssdm_op_Read.ap_auto.i32, i32 %localC_464"   --->   Operation 480 'read' 'localC_464_read' <Predicate = true> <Delay = 0.00>
ST_1 : Operation 481 [1/1] (0.00ns)   --->   "%localC_465_read = read i32 @_ssdm_op_Read.ap_auto.i32, i32 %localC_465"   --->   Operation 481 'read' 'localC_465_read' <Predicate = true> <Delay = 0.00>
ST_1 : Operation 482 [1/1] (0.00ns)   --->   "%localC_466_read = read i32 @_ssdm_op_Read.ap_auto.i32, i32 %localC_466"   --->   Operation 482 'read' 'localC_466_read' <Predicate = true> <Delay = 0.00>
ST_1 : Operation 483 [1/1] (0.00ns)   --->   "%localC_467_read = read i32 @_ssdm_op_Read.ap_auto.i32, i32 %localC_467"   --->   Operation 483 'read' 'localC_467_read' <Predicate = true> <Delay = 0.00>
ST_1 : Operation 484 [1/1] (0.00ns)   --->   "%localC_468_read = read i32 @_ssdm_op_Read.ap_auto.i32, i32 %localC_468"   --->   Operation 484 'read' 'localC_468_read' <Predicate = true> <Delay = 0.00>
ST_1 : Operation 485 [1/1] (0.00ns)   --->   "%localC_469_read = read i32 @_ssdm_op_Read.ap_auto.i32, i32 %localC_469"   --->   Operation 485 'read' 'localC_469_read' <Predicate = true> <Delay = 0.00>
ST_1 : Operation 486 [1/1] (0.00ns)   --->   "%localC_470_read = read i32 @_ssdm_op_Read.ap_auto.i32, i32 %localC_470"   --->   Operation 486 'read' 'localC_470_read' <Predicate = true> <Delay = 0.00>
ST_1 : Operation 487 [1/1] (0.00ns)   --->   "%localC_471_read = read i32 @_ssdm_op_Read.ap_auto.i32, i32 %localC_471"   --->   Operation 487 'read' 'localC_471_read' <Predicate = true> <Delay = 0.00>
ST_1 : Operation 488 [1/1] (0.00ns)   --->   "%localC_472_read = read i32 @_ssdm_op_Read.ap_auto.i32, i32 %localC_472"   --->   Operation 488 'read' 'localC_472_read' <Predicate = true> <Delay = 0.00>
ST_1 : Operation 489 [1/1] (0.00ns)   --->   "%localC_473_read = read i32 @_ssdm_op_Read.ap_auto.i32, i32 %localC_473"   --->   Operation 489 'read' 'localC_473_read' <Predicate = true> <Delay = 0.00>
ST_1 : Operation 490 [1/1] (0.00ns)   --->   "%localC_474_read = read i32 @_ssdm_op_Read.ap_auto.i32, i32 %localC_474"   --->   Operation 490 'read' 'localC_474_read' <Predicate = true> <Delay = 0.00>
ST_1 : Operation 491 [1/1] (0.00ns)   --->   "%localC_475_read = read i32 @_ssdm_op_Read.ap_auto.i32, i32 %localC_475"   --->   Operation 491 'read' 'localC_475_read' <Predicate = true> <Delay = 0.00>
ST_1 : Operation 492 [1/1] (0.00ns)   --->   "%localC_476_read = read i32 @_ssdm_op_Read.ap_auto.i32, i32 %localC_476"   --->   Operation 492 'read' 'localC_476_read' <Predicate = true> <Delay = 0.00>
ST_1 : Operation 493 [1/1] (0.00ns)   --->   "%localC_477_read = read i32 @_ssdm_op_Read.ap_auto.i32, i32 %localC_477"   --->   Operation 493 'read' 'localC_477_read' <Predicate = true> <Delay = 0.00>
ST_1 : Operation 494 [1/1] (0.00ns)   --->   "%localC_478_read = read i32 @_ssdm_op_Read.ap_auto.i32, i32 %localC_478"   --->   Operation 494 'read' 'localC_478_read' <Predicate = true> <Delay = 0.00>
ST_1 : Operation 495 [1/1] (0.00ns)   --->   "%localC_479_read = read i32 @_ssdm_op_Read.ap_auto.i32, i32 %localC_479"   --->   Operation 495 'read' 'localC_479_read' <Predicate = true> <Delay = 0.00>
ST_1 : Operation 496 [1/1] (0.00ns)   --->   "%localC_480_read = read i32 @_ssdm_op_Read.ap_auto.i32, i32 %localC_480"   --->   Operation 496 'read' 'localC_480_read' <Predicate = true> <Delay = 0.00>
ST_1 : Operation 497 [1/1] (0.00ns)   --->   "%localC_481_read = read i32 @_ssdm_op_Read.ap_auto.i32, i32 %localC_481"   --->   Operation 497 'read' 'localC_481_read' <Predicate = true> <Delay = 0.00>
ST_1 : Operation 498 [1/1] (0.00ns)   --->   "%localC_482_read = read i32 @_ssdm_op_Read.ap_auto.i32, i32 %localC_482"   --->   Operation 498 'read' 'localC_482_read' <Predicate = true> <Delay = 0.00>
ST_1 : Operation 499 [1/1] (0.00ns)   --->   "%localC_483_read = read i32 @_ssdm_op_Read.ap_auto.i32, i32 %localC_483"   --->   Operation 499 'read' 'localC_483_read' <Predicate = true> <Delay = 0.00>
ST_1 : Operation 500 [1/1] (0.00ns)   --->   "%localC_484_read = read i32 @_ssdm_op_Read.ap_auto.i32, i32 %localC_484"   --->   Operation 500 'read' 'localC_484_read' <Predicate = true> <Delay = 0.00>
ST_1 : Operation 501 [1/1] (0.00ns)   --->   "%localC_485_read = read i32 @_ssdm_op_Read.ap_auto.i32, i32 %localC_485"   --->   Operation 501 'read' 'localC_485_read' <Predicate = true> <Delay = 0.00>
ST_1 : Operation 502 [1/1] (0.00ns)   --->   "%localC_486_read = read i32 @_ssdm_op_Read.ap_auto.i32, i32 %localC_486"   --->   Operation 502 'read' 'localC_486_read' <Predicate = true> <Delay = 0.00>
ST_1 : Operation 503 [1/1] (0.00ns)   --->   "%localC_487_read = read i32 @_ssdm_op_Read.ap_auto.i32, i32 %localC_487"   --->   Operation 503 'read' 'localC_487_read' <Predicate = true> <Delay = 0.00>
ST_1 : Operation 504 [1/1] (0.00ns)   --->   "%localC_488_read = read i32 @_ssdm_op_Read.ap_auto.i32, i32 %localC_488"   --->   Operation 504 'read' 'localC_488_read' <Predicate = true> <Delay = 0.00>
ST_1 : Operation 505 [1/1] (0.00ns)   --->   "%localC_489_read = read i32 @_ssdm_op_Read.ap_auto.i32, i32 %localC_489"   --->   Operation 505 'read' 'localC_489_read' <Predicate = true> <Delay = 0.00>
ST_1 : Operation 506 [1/1] (0.00ns)   --->   "%localC_490_read = read i32 @_ssdm_op_Read.ap_auto.i32, i32 %localC_490"   --->   Operation 506 'read' 'localC_490_read' <Predicate = true> <Delay = 0.00>
ST_1 : Operation 507 [1/1] (0.00ns)   --->   "%localC_491_read = read i32 @_ssdm_op_Read.ap_auto.i32, i32 %localC_491"   --->   Operation 507 'read' 'localC_491_read' <Predicate = true> <Delay = 0.00>
ST_1 : Operation 508 [1/1] (0.00ns)   --->   "%localC_492_read = read i32 @_ssdm_op_Read.ap_auto.i32, i32 %localC_492"   --->   Operation 508 'read' 'localC_492_read' <Predicate = true> <Delay = 0.00>
ST_1 : Operation 509 [1/1] (0.00ns)   --->   "%localC_493_read = read i32 @_ssdm_op_Read.ap_auto.i32, i32 %localC_493"   --->   Operation 509 'read' 'localC_493_read' <Predicate = true> <Delay = 0.00>
ST_1 : Operation 510 [1/1] (0.00ns)   --->   "%localC_494_read = read i32 @_ssdm_op_Read.ap_auto.i32, i32 %localC_494"   --->   Operation 510 'read' 'localC_494_read' <Predicate = true> <Delay = 0.00>
ST_1 : Operation 511 [1/1] (0.00ns)   --->   "%localC_495_read = read i32 @_ssdm_op_Read.ap_auto.i32, i32 %localC_495"   --->   Operation 511 'read' 'localC_495_read' <Predicate = true> <Delay = 0.00>
ST_1 : Operation 512 [1/1] (0.00ns)   --->   "%localC_496_read = read i32 @_ssdm_op_Read.ap_auto.i32, i32 %localC_496"   --->   Operation 512 'read' 'localC_496_read' <Predicate = true> <Delay = 0.00>
ST_1 : Operation 513 [1/1] (0.00ns)   --->   "%localC_497_read = read i32 @_ssdm_op_Read.ap_auto.i32, i32 %localC_497"   --->   Operation 513 'read' 'localC_497_read' <Predicate = true> <Delay = 0.00>
ST_1 : Operation 514 [1/1] (0.00ns)   --->   "%localC_498_read = read i32 @_ssdm_op_Read.ap_auto.i32, i32 %localC_498"   --->   Operation 514 'read' 'localC_498_read' <Predicate = true> <Delay = 0.00>
ST_1 : Operation 515 [1/1] (0.00ns)   --->   "%localC_499_read = read i32 @_ssdm_op_Read.ap_auto.i32, i32 %localC_499"   --->   Operation 515 'read' 'localC_499_read' <Predicate = true> <Delay = 0.00>
ST_1 : Operation 516 [1/1] (0.00ns)   --->   "%localC_500_read = read i32 @_ssdm_op_Read.ap_auto.i32, i32 %localC_500"   --->   Operation 516 'read' 'localC_500_read' <Predicate = true> <Delay = 0.00>
ST_1 : Operation 517 [1/1] (0.00ns)   --->   "%localC_501_read = read i32 @_ssdm_op_Read.ap_auto.i32, i32 %localC_501"   --->   Operation 517 'read' 'localC_501_read' <Predicate = true> <Delay = 0.00>
ST_1 : Operation 518 [1/1] (0.00ns)   --->   "%localC_502_read = read i32 @_ssdm_op_Read.ap_auto.i32, i32 %localC_502"   --->   Operation 518 'read' 'localC_502_read' <Predicate = true> <Delay = 0.00>
ST_1 : Operation 519 [1/1] (0.00ns)   --->   "%localC_503_read = read i32 @_ssdm_op_Read.ap_auto.i32, i32 %localC_503"   --->   Operation 519 'read' 'localC_503_read' <Predicate = true> <Delay = 0.00>
ST_1 : Operation 520 [1/1] (0.00ns)   --->   "%localC_504_read = read i32 @_ssdm_op_Read.ap_auto.i32, i32 %localC_504"   --->   Operation 520 'read' 'localC_504_read' <Predicate = true> <Delay = 0.00>
ST_1 : Operation 521 [1/1] (0.00ns)   --->   "%localC_505_read = read i32 @_ssdm_op_Read.ap_auto.i32, i32 %localC_505"   --->   Operation 521 'read' 'localC_505_read' <Predicate = true> <Delay = 0.00>
ST_1 : Operation 522 [1/1] (0.00ns)   --->   "%localC_506_read = read i32 @_ssdm_op_Read.ap_auto.i32, i32 %localC_506"   --->   Operation 522 'read' 'localC_506_read' <Predicate = true> <Delay = 0.00>
ST_1 : Operation 523 [1/1] (0.00ns)   --->   "%localC_507_read = read i32 @_ssdm_op_Read.ap_auto.i32, i32 %localC_507"   --->   Operation 523 'read' 'localC_507_read' <Predicate = true> <Delay = 0.00>
ST_1 : Operation 524 [1/1] (0.00ns)   --->   "%localC_508_read = read i32 @_ssdm_op_Read.ap_auto.i32, i32 %localC_508"   --->   Operation 524 'read' 'localC_508_read' <Predicate = true> <Delay = 0.00>
ST_1 : Operation 525 [1/1] (0.00ns)   --->   "%localC_509_read = read i32 @_ssdm_op_Read.ap_auto.i32, i32 %localC_509"   --->   Operation 525 'read' 'localC_509_read' <Predicate = true> <Delay = 0.00>
ST_1 : Operation 526 [1/1] (0.00ns)   --->   "%localC_510_read = read i32 @_ssdm_op_Read.ap_auto.i32, i32 %localC_510"   --->   Operation 526 'read' 'localC_510_read' <Predicate = true> <Delay = 0.00>
ST_1 : Operation 527 [1/1] (0.00ns)   --->   "%localC_511_read = read i32 @_ssdm_op_Read.ap_auto.i32, i32 %localC_511"   --->   Operation 527 'read' 'localC_511_read' <Predicate = true> <Delay = 0.00>
ST_1 : Operation 528 [1/1] (0.00ns)   --->   "%localC_512_read = read i32 @_ssdm_op_Read.ap_auto.i32, i32 %localC_512"   --->   Operation 528 'read' 'localC_512_read' <Predicate = true> <Delay = 0.00>
ST_1 : Operation 529 [1/1] (0.00ns)   --->   "%localC_513_read = read i32 @_ssdm_op_Read.ap_auto.i32, i32 %localC_513"   --->   Operation 529 'read' 'localC_513_read' <Predicate = true> <Delay = 0.00>
ST_1 : Operation 530 [1/1] (0.00ns)   --->   "%localC_514_read = read i32 @_ssdm_op_Read.ap_auto.i32, i32 %localC_514"   --->   Operation 530 'read' 'localC_514_read' <Predicate = true> <Delay = 0.00>
ST_1 : Operation 531 [1/1] (0.00ns)   --->   "%localC_515_read = read i32 @_ssdm_op_Read.ap_auto.i32, i32 %localC_515"   --->   Operation 531 'read' 'localC_515_read' <Predicate = true> <Delay = 0.00>
ST_1 : Operation 532 [1/1] (0.00ns)   --->   "%localC_516_read = read i32 @_ssdm_op_Read.ap_auto.i32, i32 %localC_516"   --->   Operation 532 'read' 'localC_516_read' <Predicate = true> <Delay = 0.00>
ST_1 : Operation 533 [1/1] (0.00ns)   --->   "%localC_517_read = read i32 @_ssdm_op_Read.ap_auto.i32, i32 %localC_517"   --->   Operation 533 'read' 'localC_517_read' <Predicate = true> <Delay = 0.00>
ST_1 : Operation 534 [1/1] (0.00ns)   --->   "%localC_518_read = read i32 @_ssdm_op_Read.ap_auto.i32, i32 %localC_518"   --->   Operation 534 'read' 'localC_518_read' <Predicate = true> <Delay = 0.00>
ST_1 : Operation 535 [1/1] (0.00ns)   --->   "%localC_519_read = read i32 @_ssdm_op_Read.ap_auto.i32, i32 %localC_519"   --->   Operation 535 'read' 'localC_519_read' <Predicate = true> <Delay = 0.00>
ST_1 : Operation 536 [1/1] (0.00ns)   --->   "%localC_520_read = read i32 @_ssdm_op_Read.ap_auto.i32, i32 %localC_520"   --->   Operation 536 'read' 'localC_520_read' <Predicate = true> <Delay = 0.00>
ST_1 : Operation 537 [1/1] (0.00ns)   --->   "%localC_521_read = read i32 @_ssdm_op_Read.ap_auto.i32, i32 %localC_521"   --->   Operation 537 'read' 'localC_521_read' <Predicate = true> <Delay = 0.00>
ST_1 : Operation 538 [1/1] (0.00ns)   --->   "%localC_522_read = read i32 @_ssdm_op_Read.ap_auto.i32, i32 %localC_522"   --->   Operation 538 'read' 'localC_522_read' <Predicate = true> <Delay = 0.00>
ST_1 : Operation 539 [1/1] (0.00ns)   --->   "%localC_523_read = read i32 @_ssdm_op_Read.ap_auto.i32, i32 %localC_523"   --->   Operation 539 'read' 'localC_523_read' <Predicate = true> <Delay = 0.00>
ST_1 : Operation 540 [1/1] (0.00ns)   --->   "%localC_524_read = read i32 @_ssdm_op_Read.ap_auto.i32, i32 %localC_524"   --->   Operation 540 'read' 'localC_524_read' <Predicate = true> <Delay = 0.00>
ST_1 : Operation 541 [1/1] (0.00ns)   --->   "%localC_525_read = read i32 @_ssdm_op_Read.ap_auto.i32, i32 %localC_525"   --->   Operation 541 'read' 'localC_525_read' <Predicate = true> <Delay = 0.00>
ST_1 : Operation 542 [1/1] (0.00ns)   --->   "%localC_526_read = read i32 @_ssdm_op_Read.ap_auto.i32, i32 %localC_526"   --->   Operation 542 'read' 'localC_526_read' <Predicate = true> <Delay = 0.00>
ST_1 : Operation 543 [1/1] (0.00ns)   --->   "%localC_527_read = read i32 @_ssdm_op_Read.ap_auto.i32, i32 %localC_527"   --->   Operation 543 'read' 'localC_527_read' <Predicate = true> <Delay = 0.00>
ST_1 : Operation 544 [1/1] (0.00ns)   --->   "%localC_528_read = read i32 @_ssdm_op_Read.ap_auto.i32, i32 %localC_528"   --->   Operation 544 'read' 'localC_528_read' <Predicate = true> <Delay = 0.00>
ST_1 : Operation 545 [1/1] (0.00ns)   --->   "%localC_529_read = read i32 @_ssdm_op_Read.ap_auto.i32, i32 %localC_529"   --->   Operation 545 'read' 'localC_529_read' <Predicate = true> <Delay = 0.00>
ST_1 : Operation 546 [1/1] (0.00ns)   --->   "%localC_530_read = read i32 @_ssdm_op_Read.ap_auto.i32, i32 %localC_530"   --->   Operation 546 'read' 'localC_530_read' <Predicate = true> <Delay = 0.00>
ST_1 : Operation 547 [1/1] (0.00ns)   --->   "%localC_531_read = read i32 @_ssdm_op_Read.ap_auto.i32, i32 %localC_531"   --->   Operation 547 'read' 'localC_531_read' <Predicate = true> <Delay = 0.00>
ST_1 : Operation 548 [1/1] (0.00ns)   --->   "%localC_532_read = read i32 @_ssdm_op_Read.ap_auto.i32, i32 %localC_532"   --->   Operation 548 'read' 'localC_532_read' <Predicate = true> <Delay = 0.00>
ST_1 : Operation 549 [1/1] (0.00ns)   --->   "%localC_533_read = read i32 @_ssdm_op_Read.ap_auto.i32, i32 %localC_533"   --->   Operation 549 'read' 'localC_533_read' <Predicate = true> <Delay = 0.00>
ST_1 : Operation 550 [1/1] (0.00ns)   --->   "%localC_534_read = read i32 @_ssdm_op_Read.ap_auto.i32, i32 %localC_534"   --->   Operation 550 'read' 'localC_534_read' <Predicate = true> <Delay = 0.00>
ST_1 : Operation 551 [1/1] (0.00ns)   --->   "%localC_535_read = read i32 @_ssdm_op_Read.ap_auto.i32, i32 %localC_535"   --->   Operation 551 'read' 'localC_535_read' <Predicate = true> <Delay = 0.00>
ST_1 : Operation 552 [1/1] (0.00ns)   --->   "%localC_536_read = read i32 @_ssdm_op_Read.ap_auto.i32, i32 %localC_536"   --->   Operation 552 'read' 'localC_536_read' <Predicate = true> <Delay = 0.00>
ST_1 : Operation 553 [1/1] (0.00ns)   --->   "%localC_537_read = read i32 @_ssdm_op_Read.ap_auto.i32, i32 %localC_537"   --->   Operation 553 'read' 'localC_537_read' <Predicate = true> <Delay = 0.00>
ST_1 : Operation 554 [1/1] (0.00ns)   --->   "%localC_538_read = read i32 @_ssdm_op_Read.ap_auto.i32, i32 %localC_538"   --->   Operation 554 'read' 'localC_538_read' <Predicate = true> <Delay = 0.00>
ST_1 : Operation 555 [1/1] (0.00ns)   --->   "%localC_539_read = read i32 @_ssdm_op_Read.ap_auto.i32, i32 %localC_539"   --->   Operation 555 'read' 'localC_539_read' <Predicate = true> <Delay = 0.00>
ST_1 : Operation 556 [1/1] (0.00ns)   --->   "%localC_540_read = read i32 @_ssdm_op_Read.ap_auto.i32, i32 %localC_540"   --->   Operation 556 'read' 'localC_540_read' <Predicate = true> <Delay = 0.00>
ST_1 : Operation 557 [1/1] (0.00ns)   --->   "%localC_541_read = read i32 @_ssdm_op_Read.ap_auto.i32, i32 %localC_541"   --->   Operation 557 'read' 'localC_541_read' <Predicate = true> <Delay = 0.00>
ST_1 : Operation 558 [1/1] (0.00ns)   --->   "%localC_542_read = read i32 @_ssdm_op_Read.ap_auto.i32, i32 %localC_542"   --->   Operation 558 'read' 'localC_542_read' <Predicate = true> <Delay = 0.00>
ST_1 : Operation 559 [1/1] (0.00ns)   --->   "%localC_543_read = read i32 @_ssdm_op_Read.ap_auto.i32, i32 %localC_543"   --->   Operation 559 'read' 'localC_543_read' <Predicate = true> <Delay = 0.00>
ST_1 : Operation 560 [1/1] (0.00ns)   --->   "%localC_544_read = read i32 @_ssdm_op_Read.ap_auto.i32, i32 %localC_544"   --->   Operation 560 'read' 'localC_544_read' <Predicate = true> <Delay = 0.00>
ST_1 : Operation 561 [1/1] (0.00ns)   --->   "%localC_545_read = read i32 @_ssdm_op_Read.ap_auto.i32, i32 %localC_545"   --->   Operation 561 'read' 'localC_545_read' <Predicate = true> <Delay = 0.00>
ST_1 : Operation 562 [1/1] (0.00ns)   --->   "%localC_546_read = read i32 @_ssdm_op_Read.ap_auto.i32, i32 %localC_546"   --->   Operation 562 'read' 'localC_546_read' <Predicate = true> <Delay = 0.00>
ST_1 : Operation 563 [1/1] (0.00ns)   --->   "%localC_547_read = read i32 @_ssdm_op_Read.ap_auto.i32, i32 %localC_547"   --->   Operation 563 'read' 'localC_547_read' <Predicate = true> <Delay = 0.00>
ST_1 : Operation 564 [1/1] (0.00ns)   --->   "%localC_548_read = read i32 @_ssdm_op_Read.ap_auto.i32, i32 %localC_548"   --->   Operation 564 'read' 'localC_548_read' <Predicate = true> <Delay = 0.00>
ST_1 : Operation 565 [1/1] (0.00ns)   --->   "%localC_549_read = read i32 @_ssdm_op_Read.ap_auto.i32, i32 %localC_549"   --->   Operation 565 'read' 'localC_549_read' <Predicate = true> <Delay = 0.00>
ST_1 : Operation 566 [1/1] (0.00ns)   --->   "%localC_550_read = read i32 @_ssdm_op_Read.ap_auto.i32, i32 %localC_550"   --->   Operation 566 'read' 'localC_550_read' <Predicate = true> <Delay = 0.00>
ST_1 : Operation 567 [1/1] (0.00ns)   --->   "%localC_551_read = read i32 @_ssdm_op_Read.ap_auto.i32, i32 %localC_551"   --->   Operation 567 'read' 'localC_551_read' <Predicate = true> <Delay = 0.00>
ST_1 : Operation 568 [1/1] (0.00ns)   --->   "%localC_552_read = read i32 @_ssdm_op_Read.ap_auto.i32, i32 %localC_552"   --->   Operation 568 'read' 'localC_552_read' <Predicate = true> <Delay = 0.00>
ST_1 : Operation 569 [1/1] (0.00ns)   --->   "%localC_553_read = read i32 @_ssdm_op_Read.ap_auto.i32, i32 %localC_553"   --->   Operation 569 'read' 'localC_553_read' <Predicate = true> <Delay = 0.00>
ST_1 : Operation 570 [1/1] (0.00ns)   --->   "%localC_554_read = read i32 @_ssdm_op_Read.ap_auto.i32, i32 %localC_554"   --->   Operation 570 'read' 'localC_554_read' <Predicate = true> <Delay = 0.00>
ST_1 : Operation 571 [1/1] (0.00ns)   --->   "%localC_555_read = read i32 @_ssdm_op_Read.ap_auto.i32, i32 %localC_555"   --->   Operation 571 'read' 'localC_555_read' <Predicate = true> <Delay = 0.00>
ST_1 : Operation 572 [1/1] (0.00ns)   --->   "%localC_556_read = read i32 @_ssdm_op_Read.ap_auto.i32, i32 %localC_556"   --->   Operation 572 'read' 'localC_556_read' <Predicate = true> <Delay = 0.00>
ST_1 : Operation 573 [1/1] (0.00ns)   --->   "%localC_557_read = read i32 @_ssdm_op_Read.ap_auto.i32, i32 %localC_557"   --->   Operation 573 'read' 'localC_557_read' <Predicate = true> <Delay = 0.00>
ST_1 : Operation 574 [1/1] (0.00ns)   --->   "%localC_558_read = read i32 @_ssdm_op_Read.ap_auto.i32, i32 %localC_558"   --->   Operation 574 'read' 'localC_558_read' <Predicate = true> <Delay = 0.00>
ST_1 : Operation 575 [1/1] (0.00ns)   --->   "%localC_559_read = read i32 @_ssdm_op_Read.ap_auto.i32, i32 %localC_559"   --->   Operation 575 'read' 'localC_559_read' <Predicate = true> <Delay = 0.00>
ST_1 : Operation 576 [1/1] (0.00ns)   --->   "%localC_560_read = read i32 @_ssdm_op_Read.ap_auto.i32, i32 %localC_560"   --->   Operation 576 'read' 'localC_560_read' <Predicate = true> <Delay = 0.00>
ST_1 : Operation 577 [1/1] (0.00ns)   --->   "%localC_561_read = read i32 @_ssdm_op_Read.ap_auto.i32, i32 %localC_561"   --->   Operation 577 'read' 'localC_561_read' <Predicate = true> <Delay = 0.00>
ST_1 : Operation 578 [1/1] (0.00ns)   --->   "%localC_562_read = read i32 @_ssdm_op_Read.ap_auto.i32, i32 %localC_562"   --->   Operation 578 'read' 'localC_562_read' <Predicate = true> <Delay = 0.00>
ST_1 : Operation 579 [1/1] (0.00ns)   --->   "%localC_563_read = read i32 @_ssdm_op_Read.ap_auto.i32, i32 %localC_563"   --->   Operation 579 'read' 'localC_563_read' <Predicate = true> <Delay = 0.00>
ST_1 : Operation 580 [1/1] (0.00ns)   --->   "%localC_564_read = read i32 @_ssdm_op_Read.ap_auto.i32, i32 %localC_564"   --->   Operation 580 'read' 'localC_564_read' <Predicate = true> <Delay = 0.00>
ST_1 : Operation 581 [1/1] (0.00ns)   --->   "%localC_565_read = read i32 @_ssdm_op_Read.ap_auto.i32, i32 %localC_565"   --->   Operation 581 'read' 'localC_565_read' <Predicate = true> <Delay = 0.00>
ST_1 : Operation 582 [1/1] (0.00ns)   --->   "%localC_566_read = read i32 @_ssdm_op_Read.ap_auto.i32, i32 %localC_566"   --->   Operation 582 'read' 'localC_566_read' <Predicate = true> <Delay = 0.00>
ST_1 : Operation 583 [1/1] (0.00ns)   --->   "%localC_567_read = read i32 @_ssdm_op_Read.ap_auto.i32, i32 %localC_567"   --->   Operation 583 'read' 'localC_567_read' <Predicate = true> <Delay = 0.00>
ST_1 : Operation 584 [1/1] (0.00ns)   --->   "%localC_568_read = read i32 @_ssdm_op_Read.ap_auto.i32, i32 %localC_568"   --->   Operation 584 'read' 'localC_568_read' <Predicate = true> <Delay = 0.00>
ST_1 : Operation 585 [1/1] (0.00ns)   --->   "%localC_569_read = read i32 @_ssdm_op_Read.ap_auto.i32, i32 %localC_569"   --->   Operation 585 'read' 'localC_569_read' <Predicate = true> <Delay = 0.00>
ST_1 : Operation 586 [1/1] (0.00ns)   --->   "%localC_570_read = read i32 @_ssdm_op_Read.ap_auto.i32, i32 %localC_570"   --->   Operation 586 'read' 'localC_570_read' <Predicate = true> <Delay = 0.00>
ST_1 : Operation 587 [1/1] (0.00ns)   --->   "%localC_571_read = read i32 @_ssdm_op_Read.ap_auto.i32, i32 %localC_571"   --->   Operation 587 'read' 'localC_571_read' <Predicate = true> <Delay = 0.00>
ST_1 : Operation 588 [1/1] (0.00ns)   --->   "%localC_572_read = read i32 @_ssdm_op_Read.ap_auto.i32, i32 %localC_572"   --->   Operation 588 'read' 'localC_572_read' <Predicate = true> <Delay = 0.00>
ST_1 : Operation 589 [1/1] (0.00ns)   --->   "%localC_573_read = read i32 @_ssdm_op_Read.ap_auto.i32, i32 %localC_573"   --->   Operation 589 'read' 'localC_573_read' <Predicate = true> <Delay = 0.00>
ST_1 : Operation 590 [1/1] (0.00ns)   --->   "%localC_574_read = read i32 @_ssdm_op_Read.ap_auto.i32, i32 %localC_574"   --->   Operation 590 'read' 'localC_574_read' <Predicate = true> <Delay = 0.00>
ST_1 : Operation 591 [1/1] (0.00ns)   --->   "%localC_575_read = read i32 @_ssdm_op_Read.ap_auto.i32, i32 %localC_575"   --->   Operation 591 'read' 'localC_575_read' <Predicate = true> <Delay = 0.00>
ST_1 : Operation 592 [1/1] (0.00ns)   --->   "%localC_576_read = read i32 @_ssdm_op_Read.ap_auto.i32, i32 %localC_576"   --->   Operation 592 'read' 'localC_576_read' <Predicate = true> <Delay = 0.00>
ST_1 : Operation 593 [1/1] (0.00ns)   --->   "%localC_577_read = read i32 @_ssdm_op_Read.ap_auto.i32, i32 %localC_577"   --->   Operation 593 'read' 'localC_577_read' <Predicate = true> <Delay = 0.00>
ST_1 : Operation 594 [1/1] (0.00ns)   --->   "%localC_578_read = read i32 @_ssdm_op_Read.ap_auto.i32, i32 %localC_578"   --->   Operation 594 'read' 'localC_578_read' <Predicate = true> <Delay = 0.00>
ST_1 : Operation 595 [1/1] (0.00ns)   --->   "%localC_579_read = read i32 @_ssdm_op_Read.ap_auto.i32, i32 %localC_579"   --->   Operation 595 'read' 'localC_579_read' <Predicate = true> <Delay = 0.00>
ST_1 : Operation 596 [1/1] (0.00ns)   --->   "%localC_580_read = read i32 @_ssdm_op_Read.ap_auto.i32, i32 %localC_580"   --->   Operation 596 'read' 'localC_580_read' <Predicate = true> <Delay = 0.00>
ST_1 : Operation 597 [1/1] (0.00ns)   --->   "%localC_581_read = read i32 @_ssdm_op_Read.ap_auto.i32, i32 %localC_581"   --->   Operation 597 'read' 'localC_581_read' <Predicate = true> <Delay = 0.00>
ST_1 : Operation 598 [1/1] (0.00ns)   --->   "%localC_582_read = read i32 @_ssdm_op_Read.ap_auto.i32, i32 %localC_582"   --->   Operation 598 'read' 'localC_582_read' <Predicate = true> <Delay = 0.00>
ST_1 : Operation 599 [1/1] (0.00ns)   --->   "%localC_583_read = read i32 @_ssdm_op_Read.ap_auto.i32, i32 %localC_583"   --->   Operation 599 'read' 'localC_583_read' <Predicate = true> <Delay = 0.00>
ST_1 : Operation 600 [1/1] (0.00ns)   --->   "%localC_584_read = read i32 @_ssdm_op_Read.ap_auto.i32, i32 %localC_584"   --->   Operation 600 'read' 'localC_584_read' <Predicate = true> <Delay = 0.00>
ST_1 : Operation 601 [1/1] (0.00ns)   --->   "%localC_585_read = read i32 @_ssdm_op_Read.ap_auto.i32, i32 %localC_585"   --->   Operation 601 'read' 'localC_585_read' <Predicate = true> <Delay = 0.00>
ST_1 : Operation 602 [1/1] (0.00ns)   --->   "%localC_586_read = read i32 @_ssdm_op_Read.ap_auto.i32, i32 %localC_586"   --->   Operation 602 'read' 'localC_586_read' <Predicate = true> <Delay = 0.00>
ST_1 : Operation 603 [1/1] (0.00ns)   --->   "%localC_587_read = read i32 @_ssdm_op_Read.ap_auto.i32, i32 %localC_587"   --->   Operation 603 'read' 'localC_587_read' <Predicate = true> <Delay = 0.00>
ST_1 : Operation 604 [1/1] (0.00ns)   --->   "%localC_588_read = read i32 @_ssdm_op_Read.ap_auto.i32, i32 %localC_588"   --->   Operation 604 'read' 'localC_588_read' <Predicate = true> <Delay = 0.00>
ST_1 : Operation 605 [1/1] (0.00ns)   --->   "%localC_589_read = read i32 @_ssdm_op_Read.ap_auto.i32, i32 %localC_589"   --->   Operation 605 'read' 'localC_589_read' <Predicate = true> <Delay = 0.00>
ST_1 : Operation 606 [1/1] (0.00ns)   --->   "%localC_590_read = read i32 @_ssdm_op_Read.ap_auto.i32, i32 %localC_590"   --->   Operation 606 'read' 'localC_590_read' <Predicate = true> <Delay = 0.00>
ST_1 : Operation 607 [1/1] (0.00ns)   --->   "%localC_591_read = read i32 @_ssdm_op_Read.ap_auto.i32, i32 %localC_591"   --->   Operation 607 'read' 'localC_591_read' <Predicate = true> <Delay = 0.00>
ST_1 : Operation 608 [1/1] (0.00ns)   --->   "%localC_592_read = read i32 @_ssdm_op_Read.ap_auto.i32, i32 %localC_592"   --->   Operation 608 'read' 'localC_592_read' <Predicate = true> <Delay = 0.00>
ST_1 : Operation 609 [1/1] (0.00ns)   --->   "%localC_593_read = read i32 @_ssdm_op_Read.ap_auto.i32, i32 %localC_593"   --->   Operation 609 'read' 'localC_593_read' <Predicate = true> <Delay = 0.00>
ST_1 : Operation 610 [1/1] (0.00ns)   --->   "%localC_594_read = read i32 @_ssdm_op_Read.ap_auto.i32, i32 %localC_594"   --->   Operation 610 'read' 'localC_594_read' <Predicate = true> <Delay = 0.00>
ST_1 : Operation 611 [1/1] (0.00ns)   --->   "%localC_595_read = read i32 @_ssdm_op_Read.ap_auto.i32, i32 %localC_595"   --->   Operation 611 'read' 'localC_595_read' <Predicate = true> <Delay = 0.00>
ST_1 : Operation 612 [1/1] (0.00ns)   --->   "%localC_596_read = read i32 @_ssdm_op_Read.ap_auto.i32, i32 %localC_596"   --->   Operation 612 'read' 'localC_596_read' <Predicate = true> <Delay = 0.00>
ST_1 : Operation 613 [1/1] (0.00ns)   --->   "%localC_597_read = read i32 @_ssdm_op_Read.ap_auto.i32, i32 %localC_597"   --->   Operation 613 'read' 'localC_597_read' <Predicate = true> <Delay = 0.00>
ST_1 : Operation 614 [1/1] (0.00ns)   --->   "%localC_598_read = read i32 @_ssdm_op_Read.ap_auto.i32, i32 %localC_598"   --->   Operation 614 'read' 'localC_598_read' <Predicate = true> <Delay = 0.00>
ST_1 : Operation 615 [1/1] (0.00ns)   --->   "%localC_599_read = read i32 @_ssdm_op_Read.ap_auto.i32, i32 %localC_599"   --->   Operation 615 'read' 'localC_599_read' <Predicate = true> <Delay = 0.00>
ST_1 : Operation 616 [1/1] (0.00ns)   --->   "%localC_600_read = read i32 @_ssdm_op_Read.ap_auto.i32, i32 %localC_600"   --->   Operation 616 'read' 'localC_600_read' <Predicate = true> <Delay = 0.00>
ST_1 : Operation 617 [1/1] (0.00ns)   --->   "%localC_601_read = read i32 @_ssdm_op_Read.ap_auto.i32, i32 %localC_601"   --->   Operation 617 'read' 'localC_601_read' <Predicate = true> <Delay = 0.00>
ST_1 : Operation 618 [1/1] (0.00ns)   --->   "%localC_602_read = read i32 @_ssdm_op_Read.ap_auto.i32, i32 %localC_602"   --->   Operation 618 'read' 'localC_602_read' <Predicate = true> <Delay = 0.00>
ST_1 : Operation 619 [1/1] (0.00ns)   --->   "%localC_603_read = read i32 @_ssdm_op_Read.ap_auto.i32, i32 %localC_603"   --->   Operation 619 'read' 'localC_603_read' <Predicate = true> <Delay = 0.00>
ST_1 : Operation 620 [1/1] (0.00ns)   --->   "%localC_604_read = read i32 @_ssdm_op_Read.ap_auto.i32, i32 %localC_604"   --->   Operation 620 'read' 'localC_604_read' <Predicate = true> <Delay = 0.00>
ST_1 : Operation 621 [1/1] (0.00ns)   --->   "%localC_605_read = read i32 @_ssdm_op_Read.ap_auto.i32, i32 %localC_605"   --->   Operation 621 'read' 'localC_605_read' <Predicate = true> <Delay = 0.00>
ST_1 : Operation 622 [1/1] (0.00ns)   --->   "%localC_606_read = read i32 @_ssdm_op_Read.ap_auto.i32, i32 %localC_606"   --->   Operation 622 'read' 'localC_606_read' <Predicate = true> <Delay = 0.00>
ST_1 : Operation 623 [1/1] (0.00ns)   --->   "%localC_607_read = read i32 @_ssdm_op_Read.ap_auto.i32, i32 %localC_607"   --->   Operation 623 'read' 'localC_607_read' <Predicate = true> <Delay = 0.00>
ST_1 : Operation 624 [1/1] (0.00ns)   --->   "%localC_608_read = read i32 @_ssdm_op_Read.ap_auto.i32, i32 %localC_608"   --->   Operation 624 'read' 'localC_608_read' <Predicate = true> <Delay = 0.00>
ST_1 : Operation 625 [1/1] (0.00ns)   --->   "%localC_609_read = read i32 @_ssdm_op_Read.ap_auto.i32, i32 %localC_609"   --->   Operation 625 'read' 'localC_609_read' <Predicate = true> <Delay = 0.00>
ST_1 : Operation 626 [1/1] (0.00ns)   --->   "%localC_610_read = read i32 @_ssdm_op_Read.ap_auto.i32, i32 %localC_610"   --->   Operation 626 'read' 'localC_610_read' <Predicate = true> <Delay = 0.00>
ST_1 : Operation 627 [1/1] (0.00ns)   --->   "%localC_611_read = read i32 @_ssdm_op_Read.ap_auto.i32, i32 %localC_611"   --->   Operation 627 'read' 'localC_611_read' <Predicate = true> <Delay = 0.00>
ST_1 : Operation 628 [1/1] (0.00ns)   --->   "%localC_612_read = read i32 @_ssdm_op_Read.ap_auto.i32, i32 %localC_612"   --->   Operation 628 'read' 'localC_612_read' <Predicate = true> <Delay = 0.00>
ST_1 : Operation 629 [1/1] (0.00ns)   --->   "%localC_613_read = read i32 @_ssdm_op_Read.ap_auto.i32, i32 %localC_613"   --->   Operation 629 'read' 'localC_613_read' <Predicate = true> <Delay = 0.00>
ST_1 : Operation 630 [1/1] (0.00ns)   --->   "%localC_614_read = read i32 @_ssdm_op_Read.ap_auto.i32, i32 %localC_614"   --->   Operation 630 'read' 'localC_614_read' <Predicate = true> <Delay = 0.00>
ST_1 : Operation 631 [1/1] (0.00ns)   --->   "%localC_615_read = read i32 @_ssdm_op_Read.ap_auto.i32, i32 %localC_615"   --->   Operation 631 'read' 'localC_615_read' <Predicate = true> <Delay = 0.00>
ST_1 : Operation 632 [1/1] (0.00ns)   --->   "%localC_616_read = read i32 @_ssdm_op_Read.ap_auto.i32, i32 %localC_616"   --->   Operation 632 'read' 'localC_616_read' <Predicate = true> <Delay = 0.00>
ST_1 : Operation 633 [1/1] (0.00ns)   --->   "%localC_617_read = read i32 @_ssdm_op_Read.ap_auto.i32, i32 %localC_617"   --->   Operation 633 'read' 'localC_617_read' <Predicate = true> <Delay = 0.00>
ST_1 : Operation 634 [1/1] (0.00ns)   --->   "%localC_618_read = read i32 @_ssdm_op_Read.ap_auto.i32, i32 %localC_618"   --->   Operation 634 'read' 'localC_618_read' <Predicate = true> <Delay = 0.00>
ST_1 : Operation 635 [1/1] (0.00ns)   --->   "%localC_619_read = read i32 @_ssdm_op_Read.ap_auto.i32, i32 %localC_619"   --->   Operation 635 'read' 'localC_619_read' <Predicate = true> <Delay = 0.00>
ST_1 : Operation 636 [1/1] (0.00ns)   --->   "%localC_620_read = read i32 @_ssdm_op_Read.ap_auto.i32, i32 %localC_620"   --->   Operation 636 'read' 'localC_620_read' <Predicate = true> <Delay = 0.00>
ST_1 : Operation 637 [1/1] (0.00ns)   --->   "%localC_621_read = read i32 @_ssdm_op_Read.ap_auto.i32, i32 %localC_621"   --->   Operation 637 'read' 'localC_621_read' <Predicate = true> <Delay = 0.00>
ST_1 : Operation 638 [1/1] (0.00ns)   --->   "%localC_622_read = read i32 @_ssdm_op_Read.ap_auto.i32, i32 %localC_622"   --->   Operation 638 'read' 'localC_622_read' <Predicate = true> <Delay = 0.00>
ST_1 : Operation 639 [1/1] (0.00ns)   --->   "%localC_623_read = read i32 @_ssdm_op_Read.ap_auto.i32, i32 %localC_623"   --->   Operation 639 'read' 'localC_623_read' <Predicate = true> <Delay = 0.00>
ST_1 : Operation 640 [1/1] (0.00ns)   --->   "%localC_624_read = read i32 @_ssdm_op_Read.ap_auto.i32, i32 %localC_624"   --->   Operation 640 'read' 'localC_624_read' <Predicate = true> <Delay = 0.00>
ST_1 : Operation 641 [1/1] (0.00ns)   --->   "%localC_625_read = read i32 @_ssdm_op_Read.ap_auto.i32, i32 %localC_625"   --->   Operation 641 'read' 'localC_625_read' <Predicate = true> <Delay = 0.00>
ST_1 : Operation 642 [1/1] (0.00ns)   --->   "%localC_626_read = read i32 @_ssdm_op_Read.ap_auto.i32, i32 %localC_626"   --->   Operation 642 'read' 'localC_626_read' <Predicate = true> <Delay = 0.00>
ST_1 : Operation 643 [1/1] (0.00ns)   --->   "%localC_627_read = read i32 @_ssdm_op_Read.ap_auto.i32, i32 %localC_627"   --->   Operation 643 'read' 'localC_627_read' <Predicate = true> <Delay = 0.00>
ST_1 : Operation 644 [1/1] (0.00ns)   --->   "%localC_628_read = read i32 @_ssdm_op_Read.ap_auto.i32, i32 %localC_628"   --->   Operation 644 'read' 'localC_628_read' <Predicate = true> <Delay = 0.00>
ST_1 : Operation 645 [1/1] (0.00ns)   --->   "%localC_629_read = read i32 @_ssdm_op_Read.ap_auto.i32, i32 %localC_629"   --->   Operation 645 'read' 'localC_629_read' <Predicate = true> <Delay = 0.00>
ST_1 : Operation 646 [1/1] (0.00ns)   --->   "%localC_630_read = read i32 @_ssdm_op_Read.ap_auto.i32, i32 %localC_630"   --->   Operation 646 'read' 'localC_630_read' <Predicate = true> <Delay = 0.00>
ST_1 : Operation 647 [1/1] (0.00ns)   --->   "%localC_631_read = read i32 @_ssdm_op_Read.ap_auto.i32, i32 %localC_631"   --->   Operation 647 'read' 'localC_631_read' <Predicate = true> <Delay = 0.00>
ST_1 : Operation 648 [1/1] (0.00ns)   --->   "%localC_632_read = read i32 @_ssdm_op_Read.ap_auto.i32, i32 %localC_632"   --->   Operation 648 'read' 'localC_632_read' <Predicate = true> <Delay = 0.00>
ST_1 : Operation 649 [1/1] (0.00ns)   --->   "%localC_633_read = read i32 @_ssdm_op_Read.ap_auto.i32, i32 %localC_633"   --->   Operation 649 'read' 'localC_633_read' <Predicate = true> <Delay = 0.00>
ST_1 : Operation 650 [1/1] (0.00ns)   --->   "%localC_634_read = read i32 @_ssdm_op_Read.ap_auto.i32, i32 %localC_634"   --->   Operation 650 'read' 'localC_634_read' <Predicate = true> <Delay = 0.00>
ST_1 : Operation 651 [1/1] (0.00ns)   --->   "%localC_635_read = read i32 @_ssdm_op_Read.ap_auto.i32, i32 %localC_635"   --->   Operation 651 'read' 'localC_635_read' <Predicate = true> <Delay = 0.00>
ST_1 : Operation 652 [1/1] (0.00ns)   --->   "%localC_636_read = read i32 @_ssdm_op_Read.ap_auto.i32, i32 %localC_636"   --->   Operation 652 'read' 'localC_636_read' <Predicate = true> <Delay = 0.00>
ST_1 : Operation 653 [1/1] (0.00ns)   --->   "%localC_637_read = read i32 @_ssdm_op_Read.ap_auto.i32, i32 %localC_637"   --->   Operation 653 'read' 'localC_637_read' <Predicate = true> <Delay = 0.00>
ST_1 : Operation 654 [1/1] (0.00ns)   --->   "%localC_638_read = read i32 @_ssdm_op_Read.ap_auto.i32, i32 %localC_638"   --->   Operation 654 'read' 'localC_638_read' <Predicate = true> <Delay = 0.00>
ST_1 : Operation 655 [1/1] (0.00ns)   --->   "%localC_639_read = read i32 @_ssdm_op_Read.ap_auto.i32, i32 %localC_639"   --->   Operation 655 'read' 'localC_639_read' <Predicate = true> <Delay = 0.00>
ST_1 : Operation 656 [1/1] (0.00ns)   --->   "%localC_640_read = read i32 @_ssdm_op_Read.ap_auto.i32, i32 %localC_640"   --->   Operation 656 'read' 'localC_640_read' <Predicate = true> <Delay = 0.00>
ST_1 : Operation 657 [1/1] (0.00ns)   --->   "%localC_641_read = read i32 @_ssdm_op_Read.ap_auto.i32, i32 %localC_641"   --->   Operation 657 'read' 'localC_641_read' <Predicate = true> <Delay = 0.00>
ST_1 : Operation 658 [1/1] (0.00ns)   --->   "%localC_642_read = read i32 @_ssdm_op_Read.ap_auto.i32, i32 %localC_642"   --->   Operation 658 'read' 'localC_642_read' <Predicate = true> <Delay = 0.00>
ST_1 : Operation 659 [1/1] (0.00ns)   --->   "%localC_643_read = read i32 @_ssdm_op_Read.ap_auto.i32, i32 %localC_643"   --->   Operation 659 'read' 'localC_643_read' <Predicate = true> <Delay = 0.00>
ST_1 : Operation 660 [1/1] (0.00ns)   --->   "%localC_644_read = read i32 @_ssdm_op_Read.ap_auto.i32, i32 %localC_644"   --->   Operation 660 'read' 'localC_644_read' <Predicate = true> <Delay = 0.00>
ST_1 : Operation 661 [1/1] (0.00ns)   --->   "%localC_645_read = read i32 @_ssdm_op_Read.ap_auto.i32, i32 %localC_645"   --->   Operation 661 'read' 'localC_645_read' <Predicate = true> <Delay = 0.00>
ST_1 : Operation 662 [1/1] (0.00ns)   --->   "%localC_646_read = read i32 @_ssdm_op_Read.ap_auto.i32, i32 %localC_646"   --->   Operation 662 'read' 'localC_646_read' <Predicate = true> <Delay = 0.00>
ST_1 : Operation 663 [1/1] (0.00ns)   --->   "%localC_647_read = read i32 @_ssdm_op_Read.ap_auto.i32, i32 %localC_647"   --->   Operation 663 'read' 'localC_647_read' <Predicate = true> <Delay = 0.00>
ST_1 : Operation 664 [1/1] (0.00ns)   --->   "%localC_648_read = read i32 @_ssdm_op_Read.ap_auto.i32, i32 %localC_648"   --->   Operation 664 'read' 'localC_648_read' <Predicate = true> <Delay = 0.00>
ST_1 : Operation 665 [1/1] (0.00ns)   --->   "%localC_649_read = read i32 @_ssdm_op_Read.ap_auto.i32, i32 %localC_649"   --->   Operation 665 'read' 'localC_649_read' <Predicate = true> <Delay = 0.00>
ST_1 : Operation 666 [1/1] (0.00ns)   --->   "%localC_650_read = read i32 @_ssdm_op_Read.ap_auto.i32, i32 %localC_650"   --->   Operation 666 'read' 'localC_650_read' <Predicate = true> <Delay = 0.00>
ST_1 : Operation 667 [1/1] (0.00ns)   --->   "%localC_651_read = read i32 @_ssdm_op_Read.ap_auto.i32, i32 %localC_651"   --->   Operation 667 'read' 'localC_651_read' <Predicate = true> <Delay = 0.00>
ST_1 : Operation 668 [1/1] (0.00ns)   --->   "%localC_652_read = read i32 @_ssdm_op_Read.ap_auto.i32, i32 %localC_652"   --->   Operation 668 'read' 'localC_652_read' <Predicate = true> <Delay = 0.00>
ST_1 : Operation 669 [1/1] (0.00ns)   --->   "%localC_653_read = read i32 @_ssdm_op_Read.ap_auto.i32, i32 %localC_653"   --->   Operation 669 'read' 'localC_653_read' <Predicate = true> <Delay = 0.00>
ST_1 : Operation 670 [1/1] (0.00ns)   --->   "%localC_654_read = read i32 @_ssdm_op_Read.ap_auto.i32, i32 %localC_654"   --->   Operation 670 'read' 'localC_654_read' <Predicate = true> <Delay = 0.00>
ST_1 : Operation 671 [1/1] (0.00ns)   --->   "%localC_655_read = read i32 @_ssdm_op_Read.ap_auto.i32, i32 %localC_655"   --->   Operation 671 'read' 'localC_655_read' <Predicate = true> <Delay = 0.00>
ST_1 : Operation 672 [1/1] (0.00ns)   --->   "%localC_656_read = read i32 @_ssdm_op_Read.ap_auto.i32, i32 %localC_656"   --->   Operation 672 'read' 'localC_656_read' <Predicate = true> <Delay = 0.00>
ST_1 : Operation 673 [1/1] (0.00ns)   --->   "%localC_657_read = read i32 @_ssdm_op_Read.ap_auto.i32, i32 %localC_657"   --->   Operation 673 'read' 'localC_657_read' <Predicate = true> <Delay = 0.00>
ST_1 : Operation 674 [1/1] (0.00ns)   --->   "%localC_658_read = read i32 @_ssdm_op_Read.ap_auto.i32, i32 %localC_658"   --->   Operation 674 'read' 'localC_658_read' <Predicate = true> <Delay = 0.00>
ST_1 : Operation 675 [1/1] (0.00ns)   --->   "%localC_659_read = read i32 @_ssdm_op_Read.ap_auto.i32, i32 %localC_659"   --->   Operation 675 'read' 'localC_659_read' <Predicate = true> <Delay = 0.00>
ST_1 : Operation 676 [1/1] (0.00ns)   --->   "%localC_660_read = read i32 @_ssdm_op_Read.ap_auto.i32, i32 %localC_660"   --->   Operation 676 'read' 'localC_660_read' <Predicate = true> <Delay = 0.00>
ST_1 : Operation 677 [1/1] (0.00ns)   --->   "%localC_661_read = read i32 @_ssdm_op_Read.ap_auto.i32, i32 %localC_661"   --->   Operation 677 'read' 'localC_661_read' <Predicate = true> <Delay = 0.00>
ST_1 : Operation 678 [1/1] (0.00ns)   --->   "%localC_662_read = read i32 @_ssdm_op_Read.ap_auto.i32, i32 %localC_662"   --->   Operation 678 'read' 'localC_662_read' <Predicate = true> <Delay = 0.00>
ST_1 : Operation 679 [1/1] (0.00ns)   --->   "%localC_663_read = read i32 @_ssdm_op_Read.ap_auto.i32, i32 %localC_663"   --->   Operation 679 'read' 'localC_663_read' <Predicate = true> <Delay = 0.00>
ST_1 : Operation 680 [1/1] (0.00ns)   --->   "%localC_664_read = read i32 @_ssdm_op_Read.ap_auto.i32, i32 %localC_664"   --->   Operation 680 'read' 'localC_664_read' <Predicate = true> <Delay = 0.00>
ST_1 : Operation 681 [1/1] (0.00ns)   --->   "%localC_665_read = read i32 @_ssdm_op_Read.ap_auto.i32, i32 %localC_665"   --->   Operation 681 'read' 'localC_665_read' <Predicate = true> <Delay = 0.00>
ST_1 : Operation 682 [1/1] (0.00ns)   --->   "%localC_666_read = read i32 @_ssdm_op_Read.ap_auto.i32, i32 %localC_666"   --->   Operation 682 'read' 'localC_666_read' <Predicate = true> <Delay = 0.00>
ST_1 : Operation 683 [1/1] (0.00ns)   --->   "%localC_667_read = read i32 @_ssdm_op_Read.ap_auto.i32, i32 %localC_667"   --->   Operation 683 'read' 'localC_667_read' <Predicate = true> <Delay = 0.00>
ST_1 : Operation 684 [1/1] (0.00ns)   --->   "%localC_668_read = read i32 @_ssdm_op_Read.ap_auto.i32, i32 %localC_668"   --->   Operation 684 'read' 'localC_668_read' <Predicate = true> <Delay = 0.00>
ST_1 : Operation 685 [1/1] (0.00ns)   --->   "%localC_669_read = read i32 @_ssdm_op_Read.ap_auto.i32, i32 %localC_669"   --->   Operation 685 'read' 'localC_669_read' <Predicate = true> <Delay = 0.00>
ST_1 : Operation 686 [1/1] (0.00ns)   --->   "%localC_670_read = read i32 @_ssdm_op_Read.ap_auto.i32, i32 %localC_670"   --->   Operation 686 'read' 'localC_670_read' <Predicate = true> <Delay = 0.00>
ST_1 : Operation 687 [1/1] (0.00ns)   --->   "%localC_671_read = read i32 @_ssdm_op_Read.ap_auto.i32, i32 %localC_671"   --->   Operation 687 'read' 'localC_671_read' <Predicate = true> <Delay = 0.00>
ST_1 : Operation 688 [1/1] (0.00ns)   --->   "%localC_672_read = read i32 @_ssdm_op_Read.ap_auto.i32, i32 %localC_672"   --->   Operation 688 'read' 'localC_672_read' <Predicate = true> <Delay = 0.00>
ST_1 : Operation 689 [1/1] (0.00ns)   --->   "%localC_673_read = read i32 @_ssdm_op_Read.ap_auto.i32, i32 %localC_673"   --->   Operation 689 'read' 'localC_673_read' <Predicate = true> <Delay = 0.00>
ST_1 : Operation 690 [1/1] (0.00ns)   --->   "%localC_674_read = read i32 @_ssdm_op_Read.ap_auto.i32, i32 %localC_674"   --->   Operation 690 'read' 'localC_674_read' <Predicate = true> <Delay = 0.00>
ST_1 : Operation 691 [1/1] (0.00ns)   --->   "%localC_675_read = read i32 @_ssdm_op_Read.ap_auto.i32, i32 %localC_675"   --->   Operation 691 'read' 'localC_675_read' <Predicate = true> <Delay = 0.00>
ST_1 : Operation 692 [1/1] (0.00ns)   --->   "%localC_676_read = read i32 @_ssdm_op_Read.ap_auto.i32, i32 %localC_676"   --->   Operation 692 'read' 'localC_676_read' <Predicate = true> <Delay = 0.00>
ST_1 : Operation 693 [1/1] (0.00ns)   --->   "%localC_677_read = read i32 @_ssdm_op_Read.ap_auto.i32, i32 %localC_677"   --->   Operation 693 'read' 'localC_677_read' <Predicate = true> <Delay = 0.00>
ST_1 : Operation 694 [1/1] (0.00ns)   --->   "%localC_678_read = read i32 @_ssdm_op_Read.ap_auto.i32, i32 %localC_678"   --->   Operation 694 'read' 'localC_678_read' <Predicate = true> <Delay = 0.00>
ST_1 : Operation 695 [1/1] (0.00ns)   --->   "%localC_679_read = read i32 @_ssdm_op_Read.ap_auto.i32, i32 %localC_679"   --->   Operation 695 'read' 'localC_679_read' <Predicate = true> <Delay = 0.00>
ST_1 : Operation 696 [1/1] (0.00ns)   --->   "%localC_680_read = read i32 @_ssdm_op_Read.ap_auto.i32, i32 %localC_680"   --->   Operation 696 'read' 'localC_680_read' <Predicate = true> <Delay = 0.00>
ST_1 : Operation 697 [1/1] (0.00ns)   --->   "%localC_681_read = read i32 @_ssdm_op_Read.ap_auto.i32, i32 %localC_681"   --->   Operation 697 'read' 'localC_681_read' <Predicate = true> <Delay = 0.00>
ST_1 : Operation 698 [1/1] (0.00ns)   --->   "%localC_682_read = read i32 @_ssdm_op_Read.ap_auto.i32, i32 %localC_682"   --->   Operation 698 'read' 'localC_682_read' <Predicate = true> <Delay = 0.00>
ST_1 : Operation 699 [1/1] (0.00ns)   --->   "%localC_683_read = read i32 @_ssdm_op_Read.ap_auto.i32, i32 %localC_683"   --->   Operation 699 'read' 'localC_683_read' <Predicate = true> <Delay = 0.00>
ST_1 : Operation 700 [1/1] (0.00ns)   --->   "%localC_684_read = read i32 @_ssdm_op_Read.ap_auto.i32, i32 %localC_684"   --->   Operation 700 'read' 'localC_684_read' <Predicate = true> <Delay = 0.00>
ST_1 : Operation 701 [1/1] (0.00ns)   --->   "%localC_685_read = read i32 @_ssdm_op_Read.ap_auto.i32, i32 %localC_685"   --->   Operation 701 'read' 'localC_685_read' <Predicate = true> <Delay = 0.00>
ST_1 : Operation 702 [1/1] (0.00ns)   --->   "%localC_686_read = read i32 @_ssdm_op_Read.ap_auto.i32, i32 %localC_686"   --->   Operation 702 'read' 'localC_686_read' <Predicate = true> <Delay = 0.00>
ST_1 : Operation 703 [1/1] (0.00ns)   --->   "%localC_687_read = read i32 @_ssdm_op_Read.ap_auto.i32, i32 %localC_687"   --->   Operation 703 'read' 'localC_687_read' <Predicate = true> <Delay = 0.00>
ST_1 : Operation 704 [1/1] (0.00ns)   --->   "%localC_688_read = read i32 @_ssdm_op_Read.ap_auto.i32, i32 %localC_688"   --->   Operation 704 'read' 'localC_688_read' <Predicate = true> <Delay = 0.00>
ST_1 : Operation 705 [1/1] (0.00ns)   --->   "%localC_689_read = read i32 @_ssdm_op_Read.ap_auto.i32, i32 %localC_689"   --->   Operation 705 'read' 'localC_689_read' <Predicate = true> <Delay = 0.00>
ST_1 : Operation 706 [1/1] (0.00ns)   --->   "%localC_690_read = read i32 @_ssdm_op_Read.ap_auto.i32, i32 %localC_690"   --->   Operation 706 'read' 'localC_690_read' <Predicate = true> <Delay = 0.00>
ST_1 : Operation 707 [1/1] (0.00ns)   --->   "%localC_691_read = read i32 @_ssdm_op_Read.ap_auto.i32, i32 %localC_691"   --->   Operation 707 'read' 'localC_691_read' <Predicate = true> <Delay = 0.00>
ST_1 : Operation 708 [1/1] (0.00ns)   --->   "%localC_692_read = read i32 @_ssdm_op_Read.ap_auto.i32, i32 %localC_692"   --->   Operation 708 'read' 'localC_692_read' <Predicate = true> <Delay = 0.00>
ST_1 : Operation 709 [1/1] (0.00ns)   --->   "%localC_693_read = read i32 @_ssdm_op_Read.ap_auto.i32, i32 %localC_693"   --->   Operation 709 'read' 'localC_693_read' <Predicate = true> <Delay = 0.00>
ST_1 : Operation 710 [1/1] (0.00ns)   --->   "%localC_694_read = read i32 @_ssdm_op_Read.ap_auto.i32, i32 %localC_694"   --->   Operation 710 'read' 'localC_694_read' <Predicate = true> <Delay = 0.00>
ST_1 : Operation 711 [1/1] (0.00ns)   --->   "%localC_695_read = read i32 @_ssdm_op_Read.ap_auto.i32, i32 %localC_695"   --->   Operation 711 'read' 'localC_695_read' <Predicate = true> <Delay = 0.00>
ST_1 : Operation 712 [1/1] (0.00ns)   --->   "%localC_696_read = read i32 @_ssdm_op_Read.ap_auto.i32, i32 %localC_696"   --->   Operation 712 'read' 'localC_696_read' <Predicate = true> <Delay = 0.00>
ST_1 : Operation 713 [1/1] (0.00ns)   --->   "%localC_697_read = read i32 @_ssdm_op_Read.ap_auto.i32, i32 %localC_697"   --->   Operation 713 'read' 'localC_697_read' <Predicate = true> <Delay = 0.00>
ST_1 : Operation 714 [1/1] (0.00ns)   --->   "%localC_698_read = read i32 @_ssdm_op_Read.ap_auto.i32, i32 %localC_698"   --->   Operation 714 'read' 'localC_698_read' <Predicate = true> <Delay = 0.00>
ST_1 : Operation 715 [1/1] (0.00ns)   --->   "%localC_699_read = read i32 @_ssdm_op_Read.ap_auto.i32, i32 %localC_699"   --->   Operation 715 'read' 'localC_699_read' <Predicate = true> <Delay = 0.00>
ST_1 : Operation 716 [1/1] (0.00ns)   --->   "%localC_700_read = read i32 @_ssdm_op_Read.ap_auto.i32, i32 %localC_700"   --->   Operation 716 'read' 'localC_700_read' <Predicate = true> <Delay = 0.00>
ST_1 : Operation 717 [1/1] (0.00ns)   --->   "%localC_701_read = read i32 @_ssdm_op_Read.ap_auto.i32, i32 %localC_701"   --->   Operation 717 'read' 'localC_701_read' <Predicate = true> <Delay = 0.00>
ST_1 : Operation 718 [1/1] (0.00ns)   --->   "%localC_702_read = read i32 @_ssdm_op_Read.ap_auto.i32, i32 %localC_702"   --->   Operation 718 'read' 'localC_702_read' <Predicate = true> <Delay = 0.00>
ST_1 : Operation 719 [1/1] (0.00ns)   --->   "%localC_703_read = read i32 @_ssdm_op_Read.ap_auto.i32, i32 %localC_703"   --->   Operation 719 'read' 'localC_703_read' <Predicate = true> <Delay = 0.00>
ST_1 : Operation 720 [1/1] (0.00ns)   --->   "%localC_704_read = read i32 @_ssdm_op_Read.ap_auto.i32, i32 %localC_704"   --->   Operation 720 'read' 'localC_704_read' <Predicate = true> <Delay = 0.00>
ST_1 : Operation 721 [1/1] (0.00ns)   --->   "%localC_705_read = read i32 @_ssdm_op_Read.ap_auto.i32, i32 %localC_705"   --->   Operation 721 'read' 'localC_705_read' <Predicate = true> <Delay = 0.00>
ST_1 : Operation 722 [1/1] (0.00ns)   --->   "%localC_706_read = read i32 @_ssdm_op_Read.ap_auto.i32, i32 %localC_706"   --->   Operation 722 'read' 'localC_706_read' <Predicate = true> <Delay = 0.00>
ST_1 : Operation 723 [1/1] (0.00ns)   --->   "%localC_707_read = read i32 @_ssdm_op_Read.ap_auto.i32, i32 %localC_707"   --->   Operation 723 'read' 'localC_707_read' <Predicate = true> <Delay = 0.00>
ST_1 : Operation 724 [1/1] (0.00ns)   --->   "%localC_708_read = read i32 @_ssdm_op_Read.ap_auto.i32, i32 %localC_708"   --->   Operation 724 'read' 'localC_708_read' <Predicate = true> <Delay = 0.00>
ST_1 : Operation 725 [1/1] (0.00ns)   --->   "%localC_709_read = read i32 @_ssdm_op_Read.ap_auto.i32, i32 %localC_709"   --->   Operation 725 'read' 'localC_709_read' <Predicate = true> <Delay = 0.00>
ST_1 : Operation 726 [1/1] (0.00ns)   --->   "%localC_710_read = read i32 @_ssdm_op_Read.ap_auto.i32, i32 %localC_710"   --->   Operation 726 'read' 'localC_710_read' <Predicate = true> <Delay = 0.00>
ST_1 : Operation 727 [1/1] (0.00ns)   --->   "%localC_711_read = read i32 @_ssdm_op_Read.ap_auto.i32, i32 %localC_711"   --->   Operation 727 'read' 'localC_711_read' <Predicate = true> <Delay = 0.00>
ST_1 : Operation 728 [1/1] (0.00ns)   --->   "%localC_712_read = read i32 @_ssdm_op_Read.ap_auto.i32, i32 %localC_712"   --->   Operation 728 'read' 'localC_712_read' <Predicate = true> <Delay = 0.00>
ST_1 : Operation 729 [1/1] (0.00ns)   --->   "%localC_713_read = read i32 @_ssdm_op_Read.ap_auto.i32, i32 %localC_713"   --->   Operation 729 'read' 'localC_713_read' <Predicate = true> <Delay = 0.00>
ST_1 : Operation 730 [1/1] (0.00ns)   --->   "%localC_714_read = read i32 @_ssdm_op_Read.ap_auto.i32, i32 %localC_714"   --->   Operation 730 'read' 'localC_714_read' <Predicate = true> <Delay = 0.00>
ST_1 : Operation 731 [1/1] (0.00ns)   --->   "%localC_715_read = read i32 @_ssdm_op_Read.ap_auto.i32, i32 %localC_715"   --->   Operation 731 'read' 'localC_715_read' <Predicate = true> <Delay = 0.00>
ST_1 : Operation 732 [1/1] (0.00ns)   --->   "%localC_716_read = read i32 @_ssdm_op_Read.ap_auto.i32, i32 %localC_716"   --->   Operation 732 'read' 'localC_716_read' <Predicate = true> <Delay = 0.00>
ST_1 : Operation 733 [1/1] (0.00ns)   --->   "%localC_717_read = read i32 @_ssdm_op_Read.ap_auto.i32, i32 %localC_717"   --->   Operation 733 'read' 'localC_717_read' <Predicate = true> <Delay = 0.00>
ST_1 : Operation 734 [1/1] (0.00ns)   --->   "%localC_718_read = read i32 @_ssdm_op_Read.ap_auto.i32, i32 %localC_718"   --->   Operation 734 'read' 'localC_718_read' <Predicate = true> <Delay = 0.00>
ST_1 : Operation 735 [1/1] (0.00ns)   --->   "%localC_719_read = read i32 @_ssdm_op_Read.ap_auto.i32, i32 %localC_719"   --->   Operation 735 'read' 'localC_719_read' <Predicate = true> <Delay = 0.00>
ST_1 : Operation 736 [1/1] (0.00ns)   --->   "%localC_720_read = read i32 @_ssdm_op_Read.ap_auto.i32, i32 %localC_720"   --->   Operation 736 'read' 'localC_720_read' <Predicate = true> <Delay = 0.00>
ST_1 : Operation 737 [1/1] (0.00ns)   --->   "%localC_721_read = read i32 @_ssdm_op_Read.ap_auto.i32, i32 %localC_721"   --->   Operation 737 'read' 'localC_721_read' <Predicate = true> <Delay = 0.00>
ST_1 : Operation 738 [1/1] (0.00ns)   --->   "%localC_722_read = read i32 @_ssdm_op_Read.ap_auto.i32, i32 %localC_722"   --->   Operation 738 'read' 'localC_722_read' <Predicate = true> <Delay = 0.00>
ST_1 : Operation 739 [1/1] (0.00ns)   --->   "%localC_723_read = read i32 @_ssdm_op_Read.ap_auto.i32, i32 %localC_723"   --->   Operation 739 'read' 'localC_723_read' <Predicate = true> <Delay = 0.00>
ST_1 : Operation 740 [1/1] (0.00ns)   --->   "%localC_724_read = read i32 @_ssdm_op_Read.ap_auto.i32, i32 %localC_724"   --->   Operation 740 'read' 'localC_724_read' <Predicate = true> <Delay = 0.00>
ST_1 : Operation 741 [1/1] (0.00ns)   --->   "%localC_725_read = read i32 @_ssdm_op_Read.ap_auto.i32, i32 %localC_725"   --->   Operation 741 'read' 'localC_725_read' <Predicate = true> <Delay = 0.00>
ST_1 : Operation 742 [1/1] (0.00ns)   --->   "%localC_726_read = read i32 @_ssdm_op_Read.ap_auto.i32, i32 %localC_726"   --->   Operation 742 'read' 'localC_726_read' <Predicate = true> <Delay = 0.00>
ST_1 : Operation 743 [1/1] (0.00ns)   --->   "%localC_727_read = read i32 @_ssdm_op_Read.ap_auto.i32, i32 %localC_727"   --->   Operation 743 'read' 'localC_727_read' <Predicate = true> <Delay = 0.00>
ST_1 : Operation 744 [1/1] (0.00ns)   --->   "%localC_728_read = read i32 @_ssdm_op_Read.ap_auto.i32, i32 %localC_728"   --->   Operation 744 'read' 'localC_728_read' <Predicate = true> <Delay = 0.00>
ST_1 : Operation 745 [1/1] (0.00ns)   --->   "%localC_729_read = read i32 @_ssdm_op_Read.ap_auto.i32, i32 %localC_729"   --->   Operation 745 'read' 'localC_729_read' <Predicate = true> <Delay = 0.00>
ST_1 : Operation 746 [1/1] (0.00ns)   --->   "%localC_730_read = read i32 @_ssdm_op_Read.ap_auto.i32, i32 %localC_730"   --->   Operation 746 'read' 'localC_730_read' <Predicate = true> <Delay = 0.00>
ST_1 : Operation 747 [1/1] (0.00ns)   --->   "%localC_731_read = read i32 @_ssdm_op_Read.ap_auto.i32, i32 %localC_731"   --->   Operation 747 'read' 'localC_731_read' <Predicate = true> <Delay = 0.00>
ST_1 : Operation 748 [1/1] (0.00ns)   --->   "%localC_732_read = read i32 @_ssdm_op_Read.ap_auto.i32, i32 %localC_732"   --->   Operation 748 'read' 'localC_732_read' <Predicate = true> <Delay = 0.00>
ST_1 : Operation 749 [1/1] (0.00ns)   --->   "%localC_733_read = read i32 @_ssdm_op_Read.ap_auto.i32, i32 %localC_733"   --->   Operation 749 'read' 'localC_733_read' <Predicate = true> <Delay = 0.00>
ST_1 : Operation 750 [1/1] (0.00ns)   --->   "%localC_734_read = read i32 @_ssdm_op_Read.ap_auto.i32, i32 %localC_734"   --->   Operation 750 'read' 'localC_734_read' <Predicate = true> <Delay = 0.00>
ST_1 : Operation 751 [1/1] (0.00ns)   --->   "%localC_735_read = read i32 @_ssdm_op_Read.ap_auto.i32, i32 %localC_735"   --->   Operation 751 'read' 'localC_735_read' <Predicate = true> <Delay = 0.00>
ST_1 : Operation 752 [1/1] (0.00ns)   --->   "%localC_736_read = read i32 @_ssdm_op_Read.ap_auto.i32, i32 %localC_736"   --->   Operation 752 'read' 'localC_736_read' <Predicate = true> <Delay = 0.00>
ST_1 : Operation 753 [1/1] (0.00ns)   --->   "%localC_737_read = read i32 @_ssdm_op_Read.ap_auto.i32, i32 %localC_737"   --->   Operation 753 'read' 'localC_737_read' <Predicate = true> <Delay = 0.00>
ST_1 : Operation 754 [1/1] (0.00ns)   --->   "%localC_738_read = read i32 @_ssdm_op_Read.ap_auto.i32, i32 %localC_738"   --->   Operation 754 'read' 'localC_738_read' <Predicate = true> <Delay = 0.00>
ST_1 : Operation 755 [1/1] (0.00ns)   --->   "%localC_739_read = read i32 @_ssdm_op_Read.ap_auto.i32, i32 %localC_739"   --->   Operation 755 'read' 'localC_739_read' <Predicate = true> <Delay = 0.00>
ST_1 : Operation 756 [1/1] (0.00ns)   --->   "%localC_740_read = read i32 @_ssdm_op_Read.ap_auto.i32, i32 %localC_740"   --->   Operation 756 'read' 'localC_740_read' <Predicate = true> <Delay = 0.00>
ST_1 : Operation 757 [1/1] (0.00ns)   --->   "%localC_741_read = read i32 @_ssdm_op_Read.ap_auto.i32, i32 %localC_741"   --->   Operation 757 'read' 'localC_741_read' <Predicate = true> <Delay = 0.00>
ST_1 : Operation 758 [1/1] (0.00ns)   --->   "%localC_742_read = read i32 @_ssdm_op_Read.ap_auto.i32, i32 %localC_742"   --->   Operation 758 'read' 'localC_742_read' <Predicate = true> <Delay = 0.00>
ST_1 : Operation 759 [1/1] (0.00ns)   --->   "%localC_743_read = read i32 @_ssdm_op_Read.ap_auto.i32, i32 %localC_743"   --->   Operation 759 'read' 'localC_743_read' <Predicate = true> <Delay = 0.00>
ST_1 : Operation 760 [1/1] (0.00ns)   --->   "%localC_744_read = read i32 @_ssdm_op_Read.ap_auto.i32, i32 %localC_744"   --->   Operation 760 'read' 'localC_744_read' <Predicate = true> <Delay = 0.00>
ST_1 : Operation 761 [1/1] (0.00ns)   --->   "%localC_745_read = read i32 @_ssdm_op_Read.ap_auto.i32, i32 %localC_745"   --->   Operation 761 'read' 'localC_745_read' <Predicate = true> <Delay = 0.00>
ST_1 : Operation 762 [1/1] (0.00ns)   --->   "%localC_746_read = read i32 @_ssdm_op_Read.ap_auto.i32, i32 %localC_746"   --->   Operation 762 'read' 'localC_746_read' <Predicate = true> <Delay = 0.00>
ST_1 : Operation 763 [1/1] (0.00ns)   --->   "%localC_747_read = read i32 @_ssdm_op_Read.ap_auto.i32, i32 %localC_747"   --->   Operation 763 'read' 'localC_747_read' <Predicate = true> <Delay = 0.00>
ST_1 : Operation 764 [1/1] (0.00ns)   --->   "%localC_748_read = read i32 @_ssdm_op_Read.ap_auto.i32, i32 %localC_748"   --->   Operation 764 'read' 'localC_748_read' <Predicate = true> <Delay = 0.00>
ST_1 : Operation 765 [1/1] (0.00ns)   --->   "%localC_749_read = read i32 @_ssdm_op_Read.ap_auto.i32, i32 %localC_749"   --->   Operation 765 'read' 'localC_749_read' <Predicate = true> <Delay = 0.00>
ST_1 : Operation 766 [1/1] (0.00ns)   --->   "%localC_750_read = read i32 @_ssdm_op_Read.ap_auto.i32, i32 %localC_750"   --->   Operation 766 'read' 'localC_750_read' <Predicate = true> <Delay = 0.00>
ST_1 : Operation 767 [1/1] (0.00ns)   --->   "%localC_751_read = read i32 @_ssdm_op_Read.ap_auto.i32, i32 %localC_751"   --->   Operation 767 'read' 'localC_751_read' <Predicate = true> <Delay = 0.00>
ST_1 : Operation 768 [1/1] (0.00ns)   --->   "%localC_752_read = read i32 @_ssdm_op_Read.ap_auto.i32, i32 %localC_752"   --->   Operation 768 'read' 'localC_752_read' <Predicate = true> <Delay = 0.00>
ST_1 : Operation 769 [1/1] (0.00ns)   --->   "%localC_753_read = read i32 @_ssdm_op_Read.ap_auto.i32, i32 %localC_753"   --->   Operation 769 'read' 'localC_753_read' <Predicate = true> <Delay = 0.00>
ST_1 : Operation 770 [1/1] (0.00ns)   --->   "%localC_754_read = read i32 @_ssdm_op_Read.ap_auto.i32, i32 %localC_754"   --->   Operation 770 'read' 'localC_754_read' <Predicate = true> <Delay = 0.00>
ST_1 : Operation 771 [1/1] (0.00ns)   --->   "%localC_755_read = read i32 @_ssdm_op_Read.ap_auto.i32, i32 %localC_755"   --->   Operation 771 'read' 'localC_755_read' <Predicate = true> <Delay = 0.00>
ST_1 : Operation 772 [1/1] (0.00ns)   --->   "%localC_756_read = read i32 @_ssdm_op_Read.ap_auto.i32, i32 %localC_756"   --->   Operation 772 'read' 'localC_756_read' <Predicate = true> <Delay = 0.00>
ST_1 : Operation 773 [1/1] (0.00ns)   --->   "%localC_757_read = read i32 @_ssdm_op_Read.ap_auto.i32, i32 %localC_757"   --->   Operation 773 'read' 'localC_757_read' <Predicate = true> <Delay = 0.00>
ST_1 : Operation 774 [1/1] (0.00ns)   --->   "%localC_758_read = read i32 @_ssdm_op_Read.ap_auto.i32, i32 %localC_758"   --->   Operation 774 'read' 'localC_758_read' <Predicate = true> <Delay = 0.00>
ST_1 : Operation 775 [1/1] (0.00ns)   --->   "%localC_759_read = read i32 @_ssdm_op_Read.ap_auto.i32, i32 %localC_759"   --->   Operation 775 'read' 'localC_759_read' <Predicate = true> <Delay = 0.00>
ST_1 : Operation 776 [1/1] (0.00ns)   --->   "%localC_760_read = read i32 @_ssdm_op_Read.ap_auto.i32, i32 %localC_760"   --->   Operation 776 'read' 'localC_760_read' <Predicate = true> <Delay = 0.00>
ST_1 : Operation 777 [1/1] (0.00ns)   --->   "%localC_761_read = read i32 @_ssdm_op_Read.ap_auto.i32, i32 %localC_761"   --->   Operation 777 'read' 'localC_761_read' <Predicate = true> <Delay = 0.00>
ST_1 : Operation 778 [1/1] (0.00ns)   --->   "%localC_762_read = read i32 @_ssdm_op_Read.ap_auto.i32, i32 %localC_762"   --->   Operation 778 'read' 'localC_762_read' <Predicate = true> <Delay = 0.00>
ST_1 : Operation 779 [1/1] (0.00ns)   --->   "%localC_763_read = read i32 @_ssdm_op_Read.ap_auto.i32, i32 %localC_763"   --->   Operation 779 'read' 'localC_763_read' <Predicate = true> <Delay = 0.00>
ST_1 : Operation 780 [1/1] (0.00ns)   --->   "%localC_764_read = read i32 @_ssdm_op_Read.ap_auto.i32, i32 %localC_764"   --->   Operation 780 'read' 'localC_764_read' <Predicate = true> <Delay = 0.00>
ST_1 : Operation 781 [1/1] (0.00ns)   --->   "%localC_765_read = read i32 @_ssdm_op_Read.ap_auto.i32, i32 %localC_765"   --->   Operation 781 'read' 'localC_765_read' <Predicate = true> <Delay = 0.00>
ST_1 : Operation 782 [1/1] (0.00ns)   --->   "%localC_766_read = read i32 @_ssdm_op_Read.ap_auto.i32, i32 %localC_766"   --->   Operation 782 'read' 'localC_766_read' <Predicate = true> <Delay = 0.00>
ST_1 : Operation 783 [1/1] (0.00ns)   --->   "%localC_767_read = read i32 @_ssdm_op_Read.ap_auto.i32, i32 %localC_767"   --->   Operation 783 'read' 'localC_767_read' <Predicate = true> <Delay = 0.00>
ST_1 : Operation 784 [1/1] (0.00ns)   --->   "%localC_768_read = read i32 @_ssdm_op_Read.ap_auto.i32, i32 %localC_768"   --->   Operation 784 'read' 'localC_768_read' <Predicate = true> <Delay = 0.00>
ST_1 : Operation 785 [1/1] (0.00ns)   --->   "%localC_769_read = read i32 @_ssdm_op_Read.ap_auto.i32, i32 %localC_769"   --->   Operation 785 'read' 'localC_769_read' <Predicate = true> <Delay = 0.00>
ST_1 : Operation 786 [1/1] (0.00ns)   --->   "%localC_770_read = read i32 @_ssdm_op_Read.ap_auto.i32, i32 %localC_770"   --->   Operation 786 'read' 'localC_770_read' <Predicate = true> <Delay = 0.00>
ST_1 : Operation 787 [1/1] (0.00ns)   --->   "%localC_771_read = read i32 @_ssdm_op_Read.ap_auto.i32, i32 %localC_771"   --->   Operation 787 'read' 'localC_771_read' <Predicate = true> <Delay = 0.00>
ST_1 : Operation 788 [1/1] (0.00ns)   --->   "%localC_772_read = read i32 @_ssdm_op_Read.ap_auto.i32, i32 %localC_772"   --->   Operation 788 'read' 'localC_772_read' <Predicate = true> <Delay = 0.00>
ST_1 : Operation 789 [1/1] (0.00ns)   --->   "%localC_773_read = read i32 @_ssdm_op_Read.ap_auto.i32, i32 %localC_773"   --->   Operation 789 'read' 'localC_773_read' <Predicate = true> <Delay = 0.00>
ST_1 : Operation 790 [1/1] (0.00ns)   --->   "%localC_774_read = read i32 @_ssdm_op_Read.ap_auto.i32, i32 %localC_774"   --->   Operation 790 'read' 'localC_774_read' <Predicate = true> <Delay = 0.00>
ST_1 : Operation 791 [1/1] (0.00ns)   --->   "%localC_775_read = read i32 @_ssdm_op_Read.ap_auto.i32, i32 %localC_775"   --->   Operation 791 'read' 'localC_775_read' <Predicate = true> <Delay = 0.00>
ST_1 : Operation 792 [1/1] (0.00ns)   --->   "%localC_776_read = read i32 @_ssdm_op_Read.ap_auto.i32, i32 %localC_776"   --->   Operation 792 'read' 'localC_776_read' <Predicate = true> <Delay = 0.00>
ST_1 : Operation 793 [1/1] (0.00ns)   --->   "%localC_777_read = read i32 @_ssdm_op_Read.ap_auto.i32, i32 %localC_777"   --->   Operation 793 'read' 'localC_777_read' <Predicate = true> <Delay = 0.00>
ST_1 : Operation 794 [1/1] (0.00ns)   --->   "%localC_778_read = read i32 @_ssdm_op_Read.ap_auto.i32, i32 %localC_778"   --->   Operation 794 'read' 'localC_778_read' <Predicate = true> <Delay = 0.00>
ST_1 : Operation 795 [1/1] (0.00ns)   --->   "%localC_779_read = read i32 @_ssdm_op_Read.ap_auto.i32, i32 %localC_779"   --->   Operation 795 'read' 'localC_779_read' <Predicate = true> <Delay = 0.00>
ST_1 : Operation 796 [1/1] (0.00ns)   --->   "%localC_780_read = read i32 @_ssdm_op_Read.ap_auto.i32, i32 %localC_780"   --->   Operation 796 'read' 'localC_780_read' <Predicate = true> <Delay = 0.00>
ST_1 : Operation 797 [1/1] (0.00ns)   --->   "%localC_781_read = read i32 @_ssdm_op_Read.ap_auto.i32, i32 %localC_781"   --->   Operation 797 'read' 'localC_781_read' <Predicate = true> <Delay = 0.00>
ST_1 : Operation 798 [1/1] (0.00ns)   --->   "%localC_782_read = read i32 @_ssdm_op_Read.ap_auto.i32, i32 %localC_782"   --->   Operation 798 'read' 'localC_782_read' <Predicate = true> <Delay = 0.00>
ST_1 : Operation 799 [1/1] (0.00ns)   --->   "%localC_783_read = read i32 @_ssdm_op_Read.ap_auto.i32, i32 %localC_783"   --->   Operation 799 'read' 'localC_783_read' <Predicate = true> <Delay = 0.00>
ST_1 : Operation 800 [1/1] (0.00ns)   --->   "%localC_784_read = read i32 @_ssdm_op_Read.ap_auto.i32, i32 %localC_784"   --->   Operation 800 'read' 'localC_784_read' <Predicate = true> <Delay = 0.00>
ST_1 : Operation 801 [1/1] (0.00ns)   --->   "%localC_785_read = read i32 @_ssdm_op_Read.ap_auto.i32, i32 %localC_785"   --->   Operation 801 'read' 'localC_785_read' <Predicate = true> <Delay = 0.00>
ST_1 : Operation 802 [1/1] (0.00ns)   --->   "%localC_786_read = read i32 @_ssdm_op_Read.ap_auto.i32, i32 %localC_786"   --->   Operation 802 'read' 'localC_786_read' <Predicate = true> <Delay = 0.00>
ST_1 : Operation 803 [1/1] (0.00ns)   --->   "%localC_787_read = read i32 @_ssdm_op_Read.ap_auto.i32, i32 %localC_787"   --->   Operation 803 'read' 'localC_787_read' <Predicate = true> <Delay = 0.00>
ST_1 : Operation 804 [1/1] (0.00ns)   --->   "%localC_788_read = read i32 @_ssdm_op_Read.ap_auto.i32, i32 %localC_788"   --->   Operation 804 'read' 'localC_788_read' <Predicate = true> <Delay = 0.00>
ST_1 : Operation 805 [1/1] (0.00ns)   --->   "%localC_789_read = read i32 @_ssdm_op_Read.ap_auto.i32, i32 %localC_789"   --->   Operation 805 'read' 'localC_789_read' <Predicate = true> <Delay = 0.00>
ST_1 : Operation 806 [1/1] (0.00ns)   --->   "%localC_790_read = read i32 @_ssdm_op_Read.ap_auto.i32, i32 %localC_790"   --->   Operation 806 'read' 'localC_790_read' <Predicate = true> <Delay = 0.00>
ST_1 : Operation 807 [1/1] (0.00ns)   --->   "%localC_791_read = read i32 @_ssdm_op_Read.ap_auto.i32, i32 %localC_791"   --->   Operation 807 'read' 'localC_791_read' <Predicate = true> <Delay = 0.00>
ST_1 : Operation 808 [1/1] (0.00ns)   --->   "%localC_792_read = read i32 @_ssdm_op_Read.ap_auto.i32, i32 %localC_792"   --->   Operation 808 'read' 'localC_792_read' <Predicate = true> <Delay = 0.00>
ST_1 : Operation 809 [1/1] (0.00ns)   --->   "%localC_793_read = read i32 @_ssdm_op_Read.ap_auto.i32, i32 %localC_793"   --->   Operation 809 'read' 'localC_793_read' <Predicate = true> <Delay = 0.00>
ST_1 : Operation 810 [1/1] (0.00ns)   --->   "%localC_794_read = read i32 @_ssdm_op_Read.ap_auto.i32, i32 %localC_794"   --->   Operation 810 'read' 'localC_794_read' <Predicate = true> <Delay = 0.00>
ST_1 : Operation 811 [1/1] (0.00ns)   --->   "%localC_795_read = read i32 @_ssdm_op_Read.ap_auto.i32, i32 %localC_795"   --->   Operation 811 'read' 'localC_795_read' <Predicate = true> <Delay = 0.00>
ST_1 : Operation 812 [1/1] (0.00ns)   --->   "%localC_796_read = read i32 @_ssdm_op_Read.ap_auto.i32, i32 %localC_796"   --->   Operation 812 'read' 'localC_796_read' <Predicate = true> <Delay = 0.00>
ST_1 : Operation 813 [1/1] (0.00ns)   --->   "%localC_797_read = read i32 @_ssdm_op_Read.ap_auto.i32, i32 %localC_797"   --->   Operation 813 'read' 'localC_797_read' <Predicate = true> <Delay = 0.00>
ST_1 : Operation 814 [1/1] (0.00ns)   --->   "%localC_798_read = read i32 @_ssdm_op_Read.ap_auto.i32, i32 %localC_798"   --->   Operation 814 'read' 'localC_798_read' <Predicate = true> <Delay = 0.00>
ST_1 : Operation 815 [1/1] (0.00ns)   --->   "%localC_799_read = read i32 @_ssdm_op_Read.ap_auto.i32, i32 %localC_799"   --->   Operation 815 'read' 'localC_799_read' <Predicate = true> <Delay = 0.00>
ST_1 : Operation 816 [1/1] (0.00ns)   --->   "%localC_800_read = read i32 @_ssdm_op_Read.ap_auto.i32, i32 %localC_800"   --->   Operation 816 'read' 'localC_800_read' <Predicate = true> <Delay = 0.00>
ST_1 : Operation 817 [1/1] (0.00ns)   --->   "%localC_801_read = read i32 @_ssdm_op_Read.ap_auto.i32, i32 %localC_801"   --->   Operation 817 'read' 'localC_801_read' <Predicate = true> <Delay = 0.00>
ST_1 : Operation 818 [1/1] (0.00ns)   --->   "%localC_802_read = read i32 @_ssdm_op_Read.ap_auto.i32, i32 %localC_802"   --->   Operation 818 'read' 'localC_802_read' <Predicate = true> <Delay = 0.00>
ST_1 : Operation 819 [1/1] (0.00ns)   --->   "%localC_803_read = read i32 @_ssdm_op_Read.ap_auto.i32, i32 %localC_803"   --->   Operation 819 'read' 'localC_803_read' <Predicate = true> <Delay = 0.00>
ST_1 : Operation 820 [1/1] (0.00ns)   --->   "%localC_804_read = read i32 @_ssdm_op_Read.ap_auto.i32, i32 %localC_804"   --->   Operation 820 'read' 'localC_804_read' <Predicate = true> <Delay = 0.00>
ST_1 : Operation 821 [1/1] (0.00ns)   --->   "%localC_805_read = read i32 @_ssdm_op_Read.ap_auto.i32, i32 %localC_805"   --->   Operation 821 'read' 'localC_805_read' <Predicate = true> <Delay = 0.00>
ST_1 : Operation 822 [1/1] (0.00ns)   --->   "%localC_806_read = read i32 @_ssdm_op_Read.ap_auto.i32, i32 %localC_806"   --->   Operation 822 'read' 'localC_806_read' <Predicate = true> <Delay = 0.00>
ST_1 : Operation 823 [1/1] (0.00ns)   --->   "%localC_807_read = read i32 @_ssdm_op_Read.ap_auto.i32, i32 %localC_807"   --->   Operation 823 'read' 'localC_807_read' <Predicate = true> <Delay = 0.00>
ST_1 : Operation 824 [1/1] (0.00ns)   --->   "%localC_808_read = read i32 @_ssdm_op_Read.ap_auto.i32, i32 %localC_808"   --->   Operation 824 'read' 'localC_808_read' <Predicate = true> <Delay = 0.00>
ST_1 : Operation 825 [1/1] (0.00ns)   --->   "%localC_809_read = read i32 @_ssdm_op_Read.ap_auto.i32, i32 %localC_809"   --->   Operation 825 'read' 'localC_809_read' <Predicate = true> <Delay = 0.00>
ST_1 : Operation 826 [1/1] (0.00ns)   --->   "%localC_810_read = read i32 @_ssdm_op_Read.ap_auto.i32, i32 %localC_810"   --->   Operation 826 'read' 'localC_810_read' <Predicate = true> <Delay = 0.00>
ST_1 : Operation 827 [1/1] (0.00ns)   --->   "%localC_811_read = read i32 @_ssdm_op_Read.ap_auto.i32, i32 %localC_811"   --->   Operation 827 'read' 'localC_811_read' <Predicate = true> <Delay = 0.00>
ST_1 : Operation 828 [1/1] (0.00ns)   --->   "%localC_812_read = read i32 @_ssdm_op_Read.ap_auto.i32, i32 %localC_812"   --->   Operation 828 'read' 'localC_812_read' <Predicate = true> <Delay = 0.00>
ST_1 : Operation 829 [1/1] (0.00ns)   --->   "%localC_813_read = read i32 @_ssdm_op_Read.ap_auto.i32, i32 %localC_813"   --->   Operation 829 'read' 'localC_813_read' <Predicate = true> <Delay = 0.00>
ST_1 : Operation 830 [1/1] (0.00ns)   --->   "%localC_814_read = read i32 @_ssdm_op_Read.ap_auto.i32, i32 %localC_814"   --->   Operation 830 'read' 'localC_814_read' <Predicate = true> <Delay = 0.00>
ST_1 : Operation 831 [1/1] (0.00ns)   --->   "%localC_815_read = read i32 @_ssdm_op_Read.ap_auto.i32, i32 %localC_815"   --->   Operation 831 'read' 'localC_815_read' <Predicate = true> <Delay = 0.00>
ST_1 : Operation 832 [1/1] (0.00ns)   --->   "%localC_816_read = read i32 @_ssdm_op_Read.ap_auto.i32, i32 %localC_816"   --->   Operation 832 'read' 'localC_816_read' <Predicate = true> <Delay = 0.00>
ST_1 : Operation 833 [1/1] (0.00ns)   --->   "%localC_817_read = read i32 @_ssdm_op_Read.ap_auto.i32, i32 %localC_817"   --->   Operation 833 'read' 'localC_817_read' <Predicate = true> <Delay = 0.00>
ST_1 : Operation 834 [1/1] (0.00ns)   --->   "%localC_818_read = read i32 @_ssdm_op_Read.ap_auto.i32, i32 %localC_818"   --->   Operation 834 'read' 'localC_818_read' <Predicate = true> <Delay = 0.00>
ST_1 : Operation 835 [1/1] (0.00ns)   --->   "%localC_819_read = read i32 @_ssdm_op_Read.ap_auto.i32, i32 %localC_819"   --->   Operation 835 'read' 'localC_819_read' <Predicate = true> <Delay = 0.00>
ST_1 : Operation 836 [1/1] (0.00ns)   --->   "%localC_820_read = read i32 @_ssdm_op_Read.ap_auto.i32, i32 %localC_820"   --->   Operation 836 'read' 'localC_820_read' <Predicate = true> <Delay = 0.00>
ST_1 : Operation 837 [1/1] (0.00ns)   --->   "%localC_821_read = read i32 @_ssdm_op_Read.ap_auto.i32, i32 %localC_821"   --->   Operation 837 'read' 'localC_821_read' <Predicate = true> <Delay = 0.00>
ST_1 : Operation 838 [1/1] (0.00ns)   --->   "%localC_822_read = read i32 @_ssdm_op_Read.ap_auto.i32, i32 %localC_822"   --->   Operation 838 'read' 'localC_822_read' <Predicate = true> <Delay = 0.00>
ST_1 : Operation 839 [1/1] (0.00ns)   --->   "%localC_823_read = read i32 @_ssdm_op_Read.ap_auto.i32, i32 %localC_823"   --->   Operation 839 'read' 'localC_823_read' <Predicate = true> <Delay = 0.00>
ST_1 : Operation 840 [1/1] (0.00ns)   --->   "%localC_824_read = read i32 @_ssdm_op_Read.ap_auto.i32, i32 %localC_824"   --->   Operation 840 'read' 'localC_824_read' <Predicate = true> <Delay = 0.00>
ST_1 : Operation 841 [1/1] (0.00ns)   --->   "%localC_825_read = read i32 @_ssdm_op_Read.ap_auto.i32, i32 %localC_825"   --->   Operation 841 'read' 'localC_825_read' <Predicate = true> <Delay = 0.00>
ST_1 : Operation 842 [1/1] (0.00ns)   --->   "%localC_826_read = read i32 @_ssdm_op_Read.ap_auto.i32, i32 %localC_826"   --->   Operation 842 'read' 'localC_826_read' <Predicate = true> <Delay = 0.00>
ST_1 : Operation 843 [1/1] (0.00ns)   --->   "%localC_827_read = read i32 @_ssdm_op_Read.ap_auto.i32, i32 %localC_827"   --->   Operation 843 'read' 'localC_827_read' <Predicate = true> <Delay = 0.00>
ST_1 : Operation 844 [1/1] (0.00ns)   --->   "%localC_828_read = read i32 @_ssdm_op_Read.ap_auto.i32, i32 %localC_828"   --->   Operation 844 'read' 'localC_828_read' <Predicate = true> <Delay = 0.00>
ST_1 : Operation 845 [1/1] (0.00ns)   --->   "%localC_829_read = read i32 @_ssdm_op_Read.ap_auto.i32, i32 %localC_829"   --->   Operation 845 'read' 'localC_829_read' <Predicate = true> <Delay = 0.00>
ST_1 : Operation 846 [1/1] (0.00ns)   --->   "%localC_830_read = read i32 @_ssdm_op_Read.ap_auto.i32, i32 %localC_830"   --->   Operation 846 'read' 'localC_830_read' <Predicate = true> <Delay = 0.00>
ST_1 : Operation 847 [1/1] (0.00ns)   --->   "%localC_831_read = read i32 @_ssdm_op_Read.ap_auto.i32, i32 %localC_831"   --->   Operation 847 'read' 'localC_831_read' <Predicate = true> <Delay = 0.00>
ST_1 : Operation 848 [1/1] (0.00ns)   --->   "%localC_832_read = read i32 @_ssdm_op_Read.ap_auto.i32, i32 %localC_832"   --->   Operation 848 'read' 'localC_832_read' <Predicate = true> <Delay = 0.00>
ST_1 : Operation 849 [1/1] (0.00ns)   --->   "%localC_833_read = read i32 @_ssdm_op_Read.ap_auto.i32, i32 %localC_833"   --->   Operation 849 'read' 'localC_833_read' <Predicate = true> <Delay = 0.00>
ST_1 : Operation 850 [1/1] (0.00ns)   --->   "%localC_834_read = read i32 @_ssdm_op_Read.ap_auto.i32, i32 %localC_834"   --->   Operation 850 'read' 'localC_834_read' <Predicate = true> <Delay = 0.00>
ST_1 : Operation 851 [1/1] (0.00ns)   --->   "%localC_835_read = read i32 @_ssdm_op_Read.ap_auto.i32, i32 %localC_835"   --->   Operation 851 'read' 'localC_835_read' <Predicate = true> <Delay = 0.00>
ST_1 : Operation 852 [1/1] (0.00ns)   --->   "%localC_836_read = read i32 @_ssdm_op_Read.ap_auto.i32, i32 %localC_836"   --->   Operation 852 'read' 'localC_836_read' <Predicate = true> <Delay = 0.00>
ST_1 : Operation 853 [1/1] (0.00ns)   --->   "%localC_837_read = read i32 @_ssdm_op_Read.ap_auto.i32, i32 %localC_837"   --->   Operation 853 'read' 'localC_837_read' <Predicate = true> <Delay = 0.00>
ST_1 : Operation 854 [1/1] (0.00ns)   --->   "%localC_838_read = read i32 @_ssdm_op_Read.ap_auto.i32, i32 %localC_838"   --->   Operation 854 'read' 'localC_838_read' <Predicate = true> <Delay = 0.00>
ST_1 : Operation 855 [1/1] (0.00ns)   --->   "%localC_839_read = read i32 @_ssdm_op_Read.ap_auto.i32, i32 %localC_839"   --->   Operation 855 'read' 'localC_839_read' <Predicate = true> <Delay = 0.00>
ST_1 : Operation 856 [1/1] (0.00ns)   --->   "%localC_840_read = read i32 @_ssdm_op_Read.ap_auto.i32, i32 %localC_840"   --->   Operation 856 'read' 'localC_840_read' <Predicate = true> <Delay = 0.00>
ST_1 : Operation 857 [1/1] (0.00ns)   --->   "%localC_841_read = read i32 @_ssdm_op_Read.ap_auto.i32, i32 %localC_841"   --->   Operation 857 'read' 'localC_841_read' <Predicate = true> <Delay = 0.00>
ST_1 : Operation 858 [1/1] (0.00ns)   --->   "%localC_842_read = read i32 @_ssdm_op_Read.ap_auto.i32, i32 %localC_842"   --->   Operation 858 'read' 'localC_842_read' <Predicate = true> <Delay = 0.00>
ST_1 : Operation 859 [1/1] (0.00ns)   --->   "%localC_843_read = read i32 @_ssdm_op_Read.ap_auto.i32, i32 %localC_843"   --->   Operation 859 'read' 'localC_843_read' <Predicate = true> <Delay = 0.00>
ST_1 : Operation 860 [1/1] (0.00ns)   --->   "%localC_844_read = read i32 @_ssdm_op_Read.ap_auto.i32, i32 %localC_844"   --->   Operation 860 'read' 'localC_844_read' <Predicate = true> <Delay = 0.00>
ST_1 : Operation 861 [1/1] (0.00ns)   --->   "%localC_845_read = read i32 @_ssdm_op_Read.ap_auto.i32, i32 %localC_845"   --->   Operation 861 'read' 'localC_845_read' <Predicate = true> <Delay = 0.00>
ST_1 : Operation 862 [1/1] (0.00ns)   --->   "%localC_846_read = read i32 @_ssdm_op_Read.ap_auto.i32, i32 %localC_846"   --->   Operation 862 'read' 'localC_846_read' <Predicate = true> <Delay = 0.00>
ST_1 : Operation 863 [1/1] (0.00ns)   --->   "%localC_847_read = read i32 @_ssdm_op_Read.ap_auto.i32, i32 %localC_847"   --->   Operation 863 'read' 'localC_847_read' <Predicate = true> <Delay = 0.00>
ST_1 : Operation 864 [1/1] (0.00ns)   --->   "%localC_848_read = read i32 @_ssdm_op_Read.ap_auto.i32, i32 %localC_848"   --->   Operation 864 'read' 'localC_848_read' <Predicate = true> <Delay = 0.00>
ST_1 : Operation 865 [1/1] (0.00ns)   --->   "%localC_849_read = read i32 @_ssdm_op_Read.ap_auto.i32, i32 %localC_849"   --->   Operation 865 'read' 'localC_849_read' <Predicate = true> <Delay = 0.00>
ST_1 : Operation 866 [1/1] (0.00ns)   --->   "%localC_850_read = read i32 @_ssdm_op_Read.ap_auto.i32, i32 %localC_850"   --->   Operation 866 'read' 'localC_850_read' <Predicate = true> <Delay = 0.00>
ST_1 : Operation 867 [1/1] (0.00ns)   --->   "%localC_851_read = read i32 @_ssdm_op_Read.ap_auto.i32, i32 %localC_851"   --->   Operation 867 'read' 'localC_851_read' <Predicate = true> <Delay = 0.00>
ST_1 : Operation 868 [1/1] (0.00ns)   --->   "%localC_852_read = read i32 @_ssdm_op_Read.ap_auto.i32, i32 %localC_852"   --->   Operation 868 'read' 'localC_852_read' <Predicate = true> <Delay = 0.00>
ST_1 : Operation 869 [1/1] (0.00ns)   --->   "%localC_853_read = read i32 @_ssdm_op_Read.ap_auto.i32, i32 %localC_853"   --->   Operation 869 'read' 'localC_853_read' <Predicate = true> <Delay = 0.00>
ST_1 : Operation 870 [1/1] (0.00ns)   --->   "%localC_854_read = read i32 @_ssdm_op_Read.ap_auto.i32, i32 %localC_854"   --->   Operation 870 'read' 'localC_854_read' <Predicate = true> <Delay = 0.00>
ST_1 : Operation 871 [1/1] (0.00ns)   --->   "%localC_855_read = read i32 @_ssdm_op_Read.ap_auto.i32, i32 %localC_855"   --->   Operation 871 'read' 'localC_855_read' <Predicate = true> <Delay = 0.00>
ST_1 : Operation 872 [1/1] (0.00ns)   --->   "%localC_856_read = read i32 @_ssdm_op_Read.ap_auto.i32, i32 %localC_856"   --->   Operation 872 'read' 'localC_856_read' <Predicate = true> <Delay = 0.00>
ST_1 : Operation 873 [1/1] (0.00ns)   --->   "%localC_857_read = read i32 @_ssdm_op_Read.ap_auto.i32, i32 %localC_857"   --->   Operation 873 'read' 'localC_857_read' <Predicate = true> <Delay = 0.00>
ST_1 : Operation 874 [1/1] (0.00ns)   --->   "%localC_858_read = read i32 @_ssdm_op_Read.ap_auto.i32, i32 %localC_858"   --->   Operation 874 'read' 'localC_858_read' <Predicate = true> <Delay = 0.00>
ST_1 : Operation 875 [1/1] (0.00ns)   --->   "%localC_859_read = read i32 @_ssdm_op_Read.ap_auto.i32, i32 %localC_859"   --->   Operation 875 'read' 'localC_859_read' <Predicate = true> <Delay = 0.00>
ST_1 : Operation 876 [1/1] (0.00ns)   --->   "%localC_860_read = read i32 @_ssdm_op_Read.ap_auto.i32, i32 %localC_860"   --->   Operation 876 'read' 'localC_860_read' <Predicate = true> <Delay = 0.00>
ST_1 : Operation 877 [1/1] (0.00ns)   --->   "%localC_861_read = read i32 @_ssdm_op_Read.ap_auto.i32, i32 %localC_861"   --->   Operation 877 'read' 'localC_861_read' <Predicate = true> <Delay = 0.00>
ST_1 : Operation 878 [1/1] (0.00ns)   --->   "%localC_862_read = read i32 @_ssdm_op_Read.ap_auto.i32, i32 %localC_862"   --->   Operation 878 'read' 'localC_862_read' <Predicate = true> <Delay = 0.00>
ST_1 : Operation 879 [1/1] (0.00ns)   --->   "%localC_863_read = read i32 @_ssdm_op_Read.ap_auto.i32, i32 %localC_863"   --->   Operation 879 'read' 'localC_863_read' <Predicate = true> <Delay = 0.00>
ST_1 : Operation 880 [1/1] (0.00ns)   --->   "%localC_864_read = read i32 @_ssdm_op_Read.ap_auto.i32, i32 %localC_864"   --->   Operation 880 'read' 'localC_864_read' <Predicate = true> <Delay = 0.00>
ST_1 : Operation 881 [1/1] (0.00ns)   --->   "%localC_865_read = read i32 @_ssdm_op_Read.ap_auto.i32, i32 %localC_865"   --->   Operation 881 'read' 'localC_865_read' <Predicate = true> <Delay = 0.00>
ST_1 : Operation 882 [1/1] (0.00ns)   --->   "%localC_866_read = read i32 @_ssdm_op_Read.ap_auto.i32, i32 %localC_866"   --->   Operation 882 'read' 'localC_866_read' <Predicate = true> <Delay = 0.00>
ST_1 : Operation 883 [1/1] (0.00ns)   --->   "%localC_867_read = read i32 @_ssdm_op_Read.ap_auto.i32, i32 %localC_867"   --->   Operation 883 'read' 'localC_867_read' <Predicate = true> <Delay = 0.00>
ST_1 : Operation 884 [1/1] (0.00ns)   --->   "%localC_868_read = read i32 @_ssdm_op_Read.ap_auto.i32, i32 %localC_868"   --->   Operation 884 'read' 'localC_868_read' <Predicate = true> <Delay = 0.00>
ST_1 : Operation 885 [1/1] (0.00ns)   --->   "%localC_869_read = read i32 @_ssdm_op_Read.ap_auto.i32, i32 %localC_869"   --->   Operation 885 'read' 'localC_869_read' <Predicate = true> <Delay = 0.00>
ST_1 : Operation 886 [1/1] (0.00ns)   --->   "%localC_870_read = read i32 @_ssdm_op_Read.ap_auto.i32, i32 %localC_870"   --->   Operation 886 'read' 'localC_870_read' <Predicate = true> <Delay = 0.00>
ST_1 : Operation 887 [1/1] (0.00ns)   --->   "%localC_871_read = read i32 @_ssdm_op_Read.ap_auto.i32, i32 %localC_871"   --->   Operation 887 'read' 'localC_871_read' <Predicate = true> <Delay = 0.00>
ST_1 : Operation 888 [1/1] (0.00ns)   --->   "%localC_872_read = read i32 @_ssdm_op_Read.ap_auto.i32, i32 %localC_872"   --->   Operation 888 'read' 'localC_872_read' <Predicate = true> <Delay = 0.00>
ST_1 : Operation 889 [1/1] (0.00ns)   --->   "%localC_873_read = read i32 @_ssdm_op_Read.ap_auto.i32, i32 %localC_873"   --->   Operation 889 'read' 'localC_873_read' <Predicate = true> <Delay = 0.00>
ST_1 : Operation 890 [1/1] (0.00ns)   --->   "%localC_874_read = read i32 @_ssdm_op_Read.ap_auto.i32, i32 %localC_874"   --->   Operation 890 'read' 'localC_874_read' <Predicate = true> <Delay = 0.00>
ST_1 : Operation 891 [1/1] (0.00ns)   --->   "%localC_875_read = read i32 @_ssdm_op_Read.ap_auto.i32, i32 %localC_875"   --->   Operation 891 'read' 'localC_875_read' <Predicate = true> <Delay = 0.00>
ST_1 : Operation 892 [1/1] (0.00ns)   --->   "%localC_876_read = read i32 @_ssdm_op_Read.ap_auto.i32, i32 %localC_876"   --->   Operation 892 'read' 'localC_876_read' <Predicate = true> <Delay = 0.00>
ST_1 : Operation 893 [1/1] (0.00ns)   --->   "%localC_877_read = read i32 @_ssdm_op_Read.ap_auto.i32, i32 %localC_877"   --->   Operation 893 'read' 'localC_877_read' <Predicate = true> <Delay = 0.00>
ST_1 : Operation 894 [1/1] (0.00ns)   --->   "%localC_878_read = read i32 @_ssdm_op_Read.ap_auto.i32, i32 %localC_878"   --->   Operation 894 'read' 'localC_878_read' <Predicate = true> <Delay = 0.00>
ST_1 : Operation 895 [1/1] (0.00ns)   --->   "%localC_879_read = read i32 @_ssdm_op_Read.ap_auto.i32, i32 %localC_879"   --->   Operation 895 'read' 'localC_879_read' <Predicate = true> <Delay = 0.00>
ST_1 : Operation 896 [1/1] (0.00ns)   --->   "%localC_880_read = read i32 @_ssdm_op_Read.ap_auto.i32, i32 %localC_880"   --->   Operation 896 'read' 'localC_880_read' <Predicate = true> <Delay = 0.00>
ST_1 : Operation 897 [1/1] (0.00ns)   --->   "%localC_881_read = read i32 @_ssdm_op_Read.ap_auto.i32, i32 %localC_881"   --->   Operation 897 'read' 'localC_881_read' <Predicate = true> <Delay = 0.00>
ST_1 : Operation 898 [1/1] (0.00ns)   --->   "%localC_882_read = read i32 @_ssdm_op_Read.ap_auto.i32, i32 %localC_882"   --->   Operation 898 'read' 'localC_882_read' <Predicate = true> <Delay = 0.00>
ST_1 : Operation 899 [1/1] (0.00ns)   --->   "%localC_883_read = read i32 @_ssdm_op_Read.ap_auto.i32, i32 %localC_883"   --->   Operation 899 'read' 'localC_883_read' <Predicate = true> <Delay = 0.00>
ST_1 : Operation 900 [1/1] (0.00ns)   --->   "%localC_884_read = read i32 @_ssdm_op_Read.ap_auto.i32, i32 %localC_884"   --->   Operation 900 'read' 'localC_884_read' <Predicate = true> <Delay = 0.00>
ST_1 : Operation 901 [1/1] (0.00ns)   --->   "%localC_885_read = read i32 @_ssdm_op_Read.ap_auto.i32, i32 %localC_885"   --->   Operation 901 'read' 'localC_885_read' <Predicate = true> <Delay = 0.00>
ST_1 : Operation 902 [1/1] (0.00ns)   --->   "%localC_886_read = read i32 @_ssdm_op_Read.ap_auto.i32, i32 %localC_886"   --->   Operation 902 'read' 'localC_886_read' <Predicate = true> <Delay = 0.00>
ST_1 : Operation 903 [1/1] (0.00ns)   --->   "%localC_887_read = read i32 @_ssdm_op_Read.ap_auto.i32, i32 %localC_887"   --->   Operation 903 'read' 'localC_887_read' <Predicate = true> <Delay = 0.00>
ST_1 : Operation 904 [1/1] (0.00ns)   --->   "%localC_888_read = read i32 @_ssdm_op_Read.ap_auto.i32, i32 %localC_888"   --->   Operation 904 'read' 'localC_888_read' <Predicate = true> <Delay = 0.00>
ST_1 : Operation 905 [1/1] (0.00ns)   --->   "%localC_889_read = read i32 @_ssdm_op_Read.ap_auto.i32, i32 %localC_889"   --->   Operation 905 'read' 'localC_889_read' <Predicate = true> <Delay = 0.00>
ST_1 : Operation 906 [1/1] (0.00ns)   --->   "%localC_890_read = read i32 @_ssdm_op_Read.ap_auto.i32, i32 %localC_890"   --->   Operation 906 'read' 'localC_890_read' <Predicate = true> <Delay = 0.00>
ST_1 : Operation 907 [1/1] (0.00ns)   --->   "%localC_891_read = read i32 @_ssdm_op_Read.ap_auto.i32, i32 %localC_891"   --->   Operation 907 'read' 'localC_891_read' <Predicate = true> <Delay = 0.00>
ST_1 : Operation 908 [1/1] (0.00ns)   --->   "%localC_892_read = read i32 @_ssdm_op_Read.ap_auto.i32, i32 %localC_892"   --->   Operation 908 'read' 'localC_892_read' <Predicate = true> <Delay = 0.00>
ST_1 : Operation 909 [1/1] (0.00ns)   --->   "%localC_893_read = read i32 @_ssdm_op_Read.ap_auto.i32, i32 %localC_893"   --->   Operation 909 'read' 'localC_893_read' <Predicate = true> <Delay = 0.00>
ST_1 : Operation 910 [1/1] (0.00ns)   --->   "%localC_894_read = read i32 @_ssdm_op_Read.ap_auto.i32, i32 %localC_894"   --->   Operation 910 'read' 'localC_894_read' <Predicate = true> <Delay = 0.00>
ST_1 : Operation 911 [1/1] (0.00ns)   --->   "%localC_895_read = read i32 @_ssdm_op_Read.ap_auto.i32, i32 %localC_895"   --->   Operation 911 'read' 'localC_895_read' <Predicate = true> <Delay = 0.00>
ST_1 : Operation 912 [1/1] (0.00ns)   --->   "%localC_896_read = read i32 @_ssdm_op_Read.ap_auto.i32, i32 %localC_896"   --->   Operation 912 'read' 'localC_896_read' <Predicate = true> <Delay = 0.00>
ST_1 : Operation 913 [1/1] (0.00ns)   --->   "%localC_897_read = read i32 @_ssdm_op_Read.ap_auto.i32, i32 %localC_897"   --->   Operation 913 'read' 'localC_897_read' <Predicate = true> <Delay = 0.00>
ST_1 : Operation 914 [1/1] (0.00ns)   --->   "%localC_898_read = read i32 @_ssdm_op_Read.ap_auto.i32, i32 %localC_898"   --->   Operation 914 'read' 'localC_898_read' <Predicate = true> <Delay = 0.00>
ST_1 : Operation 915 [1/1] (0.00ns)   --->   "%localC_899_read = read i32 @_ssdm_op_Read.ap_auto.i32, i32 %localC_899"   --->   Operation 915 'read' 'localC_899_read' <Predicate = true> <Delay = 0.00>
ST_1 : Operation 916 [1/1] (0.00ns)   --->   "%localC_900_read = read i32 @_ssdm_op_Read.ap_auto.i32, i32 %localC_900"   --->   Operation 916 'read' 'localC_900_read' <Predicate = true> <Delay = 0.00>
ST_1 : Operation 917 [1/1] (0.00ns)   --->   "%localC_901_read = read i32 @_ssdm_op_Read.ap_auto.i32, i32 %localC_901"   --->   Operation 917 'read' 'localC_901_read' <Predicate = true> <Delay = 0.00>
ST_1 : Operation 918 [1/1] (0.00ns)   --->   "%localC_902_read = read i32 @_ssdm_op_Read.ap_auto.i32, i32 %localC_902"   --->   Operation 918 'read' 'localC_902_read' <Predicate = true> <Delay = 0.00>
ST_1 : Operation 919 [1/1] (0.00ns)   --->   "%localC_903_read = read i32 @_ssdm_op_Read.ap_auto.i32, i32 %localC_903"   --->   Operation 919 'read' 'localC_903_read' <Predicate = true> <Delay = 0.00>
ST_1 : Operation 920 [1/1] (0.00ns)   --->   "%localC_904_read = read i32 @_ssdm_op_Read.ap_auto.i32, i32 %localC_904"   --->   Operation 920 'read' 'localC_904_read' <Predicate = true> <Delay = 0.00>
ST_1 : Operation 921 [1/1] (0.00ns)   --->   "%localC_905_read = read i32 @_ssdm_op_Read.ap_auto.i32, i32 %localC_905"   --->   Operation 921 'read' 'localC_905_read' <Predicate = true> <Delay = 0.00>
ST_1 : Operation 922 [1/1] (0.00ns)   --->   "%localC_906_read = read i32 @_ssdm_op_Read.ap_auto.i32, i32 %localC_906"   --->   Operation 922 'read' 'localC_906_read' <Predicate = true> <Delay = 0.00>
ST_1 : Operation 923 [1/1] (0.00ns)   --->   "%localC_907_read = read i32 @_ssdm_op_Read.ap_auto.i32, i32 %localC_907"   --->   Operation 923 'read' 'localC_907_read' <Predicate = true> <Delay = 0.00>
ST_1 : Operation 924 [1/1] (0.00ns)   --->   "%localC_908_read = read i32 @_ssdm_op_Read.ap_auto.i32, i32 %localC_908"   --->   Operation 924 'read' 'localC_908_read' <Predicate = true> <Delay = 0.00>
ST_1 : Operation 925 [1/1] (0.00ns)   --->   "%localC_909_read = read i32 @_ssdm_op_Read.ap_auto.i32, i32 %localC_909"   --->   Operation 925 'read' 'localC_909_read' <Predicate = true> <Delay = 0.00>
ST_1 : Operation 926 [1/1] (0.00ns)   --->   "%localC_910_read = read i32 @_ssdm_op_Read.ap_auto.i32, i32 %localC_910"   --->   Operation 926 'read' 'localC_910_read' <Predicate = true> <Delay = 0.00>
ST_1 : Operation 927 [1/1] (0.00ns)   --->   "%localC_911_read = read i32 @_ssdm_op_Read.ap_auto.i32, i32 %localC_911"   --->   Operation 927 'read' 'localC_911_read' <Predicate = true> <Delay = 0.00>
ST_1 : Operation 928 [1/1] (0.00ns)   --->   "%localC_912_read = read i32 @_ssdm_op_Read.ap_auto.i32, i32 %localC_912"   --->   Operation 928 'read' 'localC_912_read' <Predicate = true> <Delay = 0.00>
ST_1 : Operation 929 [1/1] (0.00ns)   --->   "%localC_913_read = read i32 @_ssdm_op_Read.ap_auto.i32, i32 %localC_913"   --->   Operation 929 'read' 'localC_913_read' <Predicate = true> <Delay = 0.00>
ST_1 : Operation 930 [1/1] (0.00ns)   --->   "%localC_914_read = read i32 @_ssdm_op_Read.ap_auto.i32, i32 %localC_914"   --->   Operation 930 'read' 'localC_914_read' <Predicate = true> <Delay = 0.00>
ST_1 : Operation 931 [1/1] (0.00ns)   --->   "%localC_915_read = read i32 @_ssdm_op_Read.ap_auto.i32, i32 %localC_915"   --->   Operation 931 'read' 'localC_915_read' <Predicate = true> <Delay = 0.00>
ST_1 : Operation 932 [1/1] (0.00ns)   --->   "%localC_916_read = read i32 @_ssdm_op_Read.ap_auto.i32, i32 %localC_916"   --->   Operation 932 'read' 'localC_916_read' <Predicate = true> <Delay = 0.00>
ST_1 : Operation 933 [1/1] (0.00ns)   --->   "%localC_917_read = read i32 @_ssdm_op_Read.ap_auto.i32, i32 %localC_917"   --->   Operation 933 'read' 'localC_917_read' <Predicate = true> <Delay = 0.00>
ST_1 : Operation 934 [1/1] (0.00ns)   --->   "%localC_918_read = read i32 @_ssdm_op_Read.ap_auto.i32, i32 %localC_918"   --->   Operation 934 'read' 'localC_918_read' <Predicate = true> <Delay = 0.00>
ST_1 : Operation 935 [1/1] (0.00ns)   --->   "%localC_919_read = read i32 @_ssdm_op_Read.ap_auto.i32, i32 %localC_919"   --->   Operation 935 'read' 'localC_919_read' <Predicate = true> <Delay = 0.00>
ST_1 : Operation 936 [1/1] (0.00ns)   --->   "%localC_920_read = read i32 @_ssdm_op_Read.ap_auto.i32, i32 %localC_920"   --->   Operation 936 'read' 'localC_920_read' <Predicate = true> <Delay = 0.00>
ST_1 : Operation 937 [1/1] (0.00ns)   --->   "%localC_921_read = read i32 @_ssdm_op_Read.ap_auto.i32, i32 %localC_921"   --->   Operation 937 'read' 'localC_921_read' <Predicate = true> <Delay = 0.00>
ST_1 : Operation 938 [1/1] (0.00ns)   --->   "%localC_922_read = read i32 @_ssdm_op_Read.ap_auto.i32, i32 %localC_922"   --->   Operation 938 'read' 'localC_922_read' <Predicate = true> <Delay = 0.00>
ST_1 : Operation 939 [1/1] (0.00ns)   --->   "%localC_923_read = read i32 @_ssdm_op_Read.ap_auto.i32, i32 %localC_923"   --->   Operation 939 'read' 'localC_923_read' <Predicate = true> <Delay = 0.00>
ST_1 : Operation 940 [1/1] (0.00ns)   --->   "%localC_924_read = read i32 @_ssdm_op_Read.ap_auto.i32, i32 %localC_924"   --->   Operation 940 'read' 'localC_924_read' <Predicate = true> <Delay = 0.00>
ST_1 : Operation 941 [1/1] (0.00ns)   --->   "%localC_925_read = read i32 @_ssdm_op_Read.ap_auto.i32, i32 %localC_925"   --->   Operation 941 'read' 'localC_925_read' <Predicate = true> <Delay = 0.00>
ST_1 : Operation 942 [1/1] (0.00ns)   --->   "%localC_926_read = read i32 @_ssdm_op_Read.ap_auto.i32, i32 %localC_926"   --->   Operation 942 'read' 'localC_926_read' <Predicate = true> <Delay = 0.00>
ST_1 : Operation 943 [1/1] (0.00ns)   --->   "%localC_927_read = read i32 @_ssdm_op_Read.ap_auto.i32, i32 %localC_927"   --->   Operation 943 'read' 'localC_927_read' <Predicate = true> <Delay = 0.00>
ST_1 : Operation 944 [1/1] (0.00ns)   --->   "%localC_928_read = read i32 @_ssdm_op_Read.ap_auto.i32, i32 %localC_928"   --->   Operation 944 'read' 'localC_928_read' <Predicate = true> <Delay = 0.00>
ST_1 : Operation 945 [1/1] (0.00ns)   --->   "%localC_929_read = read i32 @_ssdm_op_Read.ap_auto.i32, i32 %localC_929"   --->   Operation 945 'read' 'localC_929_read' <Predicate = true> <Delay = 0.00>
ST_1 : Operation 946 [1/1] (0.00ns)   --->   "%localC_930_read = read i32 @_ssdm_op_Read.ap_auto.i32, i32 %localC_930"   --->   Operation 946 'read' 'localC_930_read' <Predicate = true> <Delay = 0.00>
ST_1 : Operation 947 [1/1] (0.00ns)   --->   "%localC_931_read = read i32 @_ssdm_op_Read.ap_auto.i32, i32 %localC_931"   --->   Operation 947 'read' 'localC_931_read' <Predicate = true> <Delay = 0.00>
ST_1 : Operation 948 [1/1] (0.00ns)   --->   "%localC_932_read = read i32 @_ssdm_op_Read.ap_auto.i32, i32 %localC_932"   --->   Operation 948 'read' 'localC_932_read' <Predicate = true> <Delay = 0.00>
ST_1 : Operation 949 [1/1] (0.00ns)   --->   "%localC_933_read = read i32 @_ssdm_op_Read.ap_auto.i32, i32 %localC_933"   --->   Operation 949 'read' 'localC_933_read' <Predicate = true> <Delay = 0.00>
ST_1 : Operation 950 [1/1] (0.00ns)   --->   "%localC_934_read = read i32 @_ssdm_op_Read.ap_auto.i32, i32 %localC_934"   --->   Operation 950 'read' 'localC_934_read' <Predicate = true> <Delay = 0.00>
ST_1 : Operation 951 [1/1] (0.00ns)   --->   "%localC_935_read = read i32 @_ssdm_op_Read.ap_auto.i32, i32 %localC_935"   --->   Operation 951 'read' 'localC_935_read' <Predicate = true> <Delay = 0.00>
ST_1 : Operation 952 [1/1] (0.00ns)   --->   "%localC_936_read = read i32 @_ssdm_op_Read.ap_auto.i32, i32 %localC_936"   --->   Operation 952 'read' 'localC_936_read' <Predicate = true> <Delay = 0.00>
ST_1 : Operation 953 [1/1] (0.00ns)   --->   "%localC_937_read = read i32 @_ssdm_op_Read.ap_auto.i32, i32 %localC_937"   --->   Operation 953 'read' 'localC_937_read' <Predicate = true> <Delay = 0.00>
ST_1 : Operation 954 [1/1] (0.00ns)   --->   "%localC_938_read = read i32 @_ssdm_op_Read.ap_auto.i32, i32 %localC_938"   --->   Operation 954 'read' 'localC_938_read' <Predicate = true> <Delay = 0.00>
ST_1 : Operation 955 [1/1] (0.00ns)   --->   "%localC_939_read = read i32 @_ssdm_op_Read.ap_auto.i32, i32 %localC_939"   --->   Operation 955 'read' 'localC_939_read' <Predicate = true> <Delay = 0.00>
ST_1 : Operation 956 [1/1] (0.00ns)   --->   "%localC_940_read = read i32 @_ssdm_op_Read.ap_auto.i32, i32 %localC_940"   --->   Operation 956 'read' 'localC_940_read' <Predicate = true> <Delay = 0.00>
ST_1 : Operation 957 [1/1] (0.00ns)   --->   "%localC_941_read = read i32 @_ssdm_op_Read.ap_auto.i32, i32 %localC_941"   --->   Operation 957 'read' 'localC_941_read' <Predicate = true> <Delay = 0.00>
ST_1 : Operation 958 [1/1] (0.00ns)   --->   "%localC_942_read = read i32 @_ssdm_op_Read.ap_auto.i32, i32 %localC_942"   --->   Operation 958 'read' 'localC_942_read' <Predicate = true> <Delay = 0.00>
ST_1 : Operation 959 [1/1] (0.00ns)   --->   "%localC_943_read = read i32 @_ssdm_op_Read.ap_auto.i32, i32 %localC_943"   --->   Operation 959 'read' 'localC_943_read' <Predicate = true> <Delay = 0.00>
ST_1 : Operation 960 [1/1] (0.00ns)   --->   "%localC_944_read = read i32 @_ssdm_op_Read.ap_auto.i32, i32 %localC_944"   --->   Operation 960 'read' 'localC_944_read' <Predicate = true> <Delay = 0.00>
ST_1 : Operation 961 [1/1] (0.00ns)   --->   "%localC_945_read = read i32 @_ssdm_op_Read.ap_auto.i32, i32 %localC_945"   --->   Operation 961 'read' 'localC_945_read' <Predicate = true> <Delay = 0.00>
ST_1 : Operation 962 [1/1] (0.00ns)   --->   "%localC_946_read = read i32 @_ssdm_op_Read.ap_auto.i32, i32 %localC_946"   --->   Operation 962 'read' 'localC_946_read' <Predicate = true> <Delay = 0.00>
ST_1 : Operation 963 [1/1] (0.00ns)   --->   "%localC_947_read = read i32 @_ssdm_op_Read.ap_auto.i32, i32 %localC_947"   --->   Operation 963 'read' 'localC_947_read' <Predicate = true> <Delay = 0.00>
ST_1 : Operation 964 [1/1] (0.00ns)   --->   "%localC_948_read = read i32 @_ssdm_op_Read.ap_auto.i32, i32 %localC_948"   --->   Operation 964 'read' 'localC_948_read' <Predicate = true> <Delay = 0.00>
ST_1 : Operation 965 [1/1] (0.00ns)   --->   "%localC_949_read = read i32 @_ssdm_op_Read.ap_auto.i32, i32 %localC_949"   --->   Operation 965 'read' 'localC_949_read' <Predicate = true> <Delay = 0.00>
ST_1 : Operation 966 [1/1] (0.00ns)   --->   "%localC_950_read = read i32 @_ssdm_op_Read.ap_auto.i32, i32 %localC_950"   --->   Operation 966 'read' 'localC_950_read' <Predicate = true> <Delay = 0.00>
ST_1 : Operation 967 [1/1] (0.00ns)   --->   "%localC_951_read = read i32 @_ssdm_op_Read.ap_auto.i32, i32 %localC_951"   --->   Operation 967 'read' 'localC_951_read' <Predicate = true> <Delay = 0.00>
ST_1 : Operation 968 [1/1] (0.00ns)   --->   "%localC_952_read = read i32 @_ssdm_op_Read.ap_auto.i32, i32 %localC_952"   --->   Operation 968 'read' 'localC_952_read' <Predicate = true> <Delay = 0.00>
ST_1 : Operation 969 [1/1] (0.00ns)   --->   "%localC_953_read = read i32 @_ssdm_op_Read.ap_auto.i32, i32 %localC_953"   --->   Operation 969 'read' 'localC_953_read' <Predicate = true> <Delay = 0.00>
ST_1 : Operation 970 [1/1] (0.00ns)   --->   "%localC_954_read = read i32 @_ssdm_op_Read.ap_auto.i32, i32 %localC_954"   --->   Operation 970 'read' 'localC_954_read' <Predicate = true> <Delay = 0.00>
ST_1 : Operation 971 [1/1] (0.00ns)   --->   "%localC_955_read = read i32 @_ssdm_op_Read.ap_auto.i32, i32 %localC_955"   --->   Operation 971 'read' 'localC_955_read' <Predicate = true> <Delay = 0.00>
ST_1 : Operation 972 [1/1] (0.00ns)   --->   "%localC_956_read = read i32 @_ssdm_op_Read.ap_auto.i32, i32 %localC_956"   --->   Operation 972 'read' 'localC_956_read' <Predicate = true> <Delay = 0.00>
ST_1 : Operation 973 [1/1] (0.00ns)   --->   "%localC_957_read = read i32 @_ssdm_op_Read.ap_auto.i32, i32 %localC_957"   --->   Operation 973 'read' 'localC_957_read' <Predicate = true> <Delay = 0.00>
ST_1 : Operation 974 [1/1] (0.00ns)   --->   "%localC_958_read = read i32 @_ssdm_op_Read.ap_auto.i32, i32 %localC_958"   --->   Operation 974 'read' 'localC_958_read' <Predicate = true> <Delay = 0.00>
ST_1 : Operation 975 [1/1] (0.00ns)   --->   "%localC_959_read = read i32 @_ssdm_op_Read.ap_auto.i32, i32 %localC_959"   --->   Operation 975 'read' 'localC_959_read' <Predicate = true> <Delay = 0.00>
ST_1 : Operation 976 [1/1] (0.00ns)   --->   "%localC_960_read = read i32 @_ssdm_op_Read.ap_auto.i32, i32 %localC_960"   --->   Operation 976 'read' 'localC_960_read' <Predicate = true> <Delay = 0.00>
ST_1 : Operation 977 [1/1] (0.00ns)   --->   "%localC_961_read = read i32 @_ssdm_op_Read.ap_auto.i32, i32 %localC_961"   --->   Operation 977 'read' 'localC_961_read' <Predicate = true> <Delay = 0.00>
ST_1 : Operation 978 [1/1] (0.00ns)   --->   "%localC_962_read = read i32 @_ssdm_op_Read.ap_auto.i32, i32 %localC_962"   --->   Operation 978 'read' 'localC_962_read' <Predicate = true> <Delay = 0.00>
ST_1 : Operation 979 [1/1] (0.00ns)   --->   "%localC_963_read = read i32 @_ssdm_op_Read.ap_auto.i32, i32 %localC_963"   --->   Operation 979 'read' 'localC_963_read' <Predicate = true> <Delay = 0.00>
ST_1 : Operation 980 [1/1] (0.00ns)   --->   "%localC_964_read = read i32 @_ssdm_op_Read.ap_auto.i32, i32 %localC_964"   --->   Operation 980 'read' 'localC_964_read' <Predicate = true> <Delay = 0.00>
ST_1 : Operation 981 [1/1] (0.00ns)   --->   "%localC_965_read = read i32 @_ssdm_op_Read.ap_auto.i32, i32 %localC_965"   --->   Operation 981 'read' 'localC_965_read' <Predicate = true> <Delay = 0.00>
ST_1 : Operation 982 [1/1] (0.00ns)   --->   "%localC_966_read = read i32 @_ssdm_op_Read.ap_auto.i32, i32 %localC_966"   --->   Operation 982 'read' 'localC_966_read' <Predicate = true> <Delay = 0.00>
ST_1 : Operation 983 [1/1] (0.00ns)   --->   "%localC_967_read = read i32 @_ssdm_op_Read.ap_auto.i32, i32 %localC_967"   --->   Operation 983 'read' 'localC_967_read' <Predicate = true> <Delay = 0.00>
ST_1 : Operation 984 [1/1] (0.00ns)   --->   "%localC_968_read = read i32 @_ssdm_op_Read.ap_auto.i32, i32 %localC_968"   --->   Operation 984 'read' 'localC_968_read' <Predicate = true> <Delay = 0.00>
ST_1 : Operation 985 [1/1] (0.00ns)   --->   "%localC_969_read = read i32 @_ssdm_op_Read.ap_auto.i32, i32 %localC_969"   --->   Operation 985 'read' 'localC_969_read' <Predicate = true> <Delay = 0.00>
ST_1 : Operation 986 [1/1] (0.00ns)   --->   "%localC_970_read = read i32 @_ssdm_op_Read.ap_auto.i32, i32 %localC_970"   --->   Operation 986 'read' 'localC_970_read' <Predicate = true> <Delay = 0.00>
ST_1 : Operation 987 [1/1] (0.00ns)   --->   "%localC_971_read = read i32 @_ssdm_op_Read.ap_auto.i32, i32 %localC_971"   --->   Operation 987 'read' 'localC_971_read' <Predicate = true> <Delay = 0.00>
ST_1 : Operation 988 [1/1] (0.00ns)   --->   "%localC_972_read = read i32 @_ssdm_op_Read.ap_auto.i32, i32 %localC_972"   --->   Operation 988 'read' 'localC_972_read' <Predicate = true> <Delay = 0.00>
ST_1 : Operation 989 [1/1] (0.00ns)   --->   "%localC_973_read = read i32 @_ssdm_op_Read.ap_auto.i32, i32 %localC_973"   --->   Operation 989 'read' 'localC_973_read' <Predicate = true> <Delay = 0.00>
ST_1 : Operation 990 [1/1] (0.00ns)   --->   "%localC_974_read = read i32 @_ssdm_op_Read.ap_auto.i32, i32 %localC_974"   --->   Operation 990 'read' 'localC_974_read' <Predicate = true> <Delay = 0.00>
ST_1 : Operation 991 [1/1] (0.00ns)   --->   "%localC_975_read = read i32 @_ssdm_op_Read.ap_auto.i32, i32 %localC_975"   --->   Operation 991 'read' 'localC_975_read' <Predicate = true> <Delay = 0.00>
ST_1 : Operation 992 [1/1] (0.00ns)   --->   "%localC_976_read = read i32 @_ssdm_op_Read.ap_auto.i32, i32 %localC_976"   --->   Operation 992 'read' 'localC_976_read' <Predicate = true> <Delay = 0.00>
ST_1 : Operation 993 [1/1] (0.00ns)   --->   "%localC_977_read = read i32 @_ssdm_op_Read.ap_auto.i32, i32 %localC_977"   --->   Operation 993 'read' 'localC_977_read' <Predicate = true> <Delay = 0.00>
ST_1 : Operation 994 [1/1] (0.00ns)   --->   "%localC_978_read = read i32 @_ssdm_op_Read.ap_auto.i32, i32 %localC_978"   --->   Operation 994 'read' 'localC_978_read' <Predicate = true> <Delay = 0.00>
ST_1 : Operation 995 [1/1] (0.00ns)   --->   "%localC_979_read = read i32 @_ssdm_op_Read.ap_auto.i32, i32 %localC_979"   --->   Operation 995 'read' 'localC_979_read' <Predicate = true> <Delay = 0.00>
ST_1 : Operation 996 [1/1] (0.00ns)   --->   "%localC_980_read = read i32 @_ssdm_op_Read.ap_auto.i32, i32 %localC_980"   --->   Operation 996 'read' 'localC_980_read' <Predicate = true> <Delay = 0.00>
ST_1 : Operation 997 [1/1] (0.00ns)   --->   "%localC_981_read = read i32 @_ssdm_op_Read.ap_auto.i32, i32 %localC_981"   --->   Operation 997 'read' 'localC_981_read' <Predicate = true> <Delay = 0.00>
ST_1 : Operation 998 [1/1] (0.00ns)   --->   "%localC_982_read = read i32 @_ssdm_op_Read.ap_auto.i32, i32 %localC_982"   --->   Operation 998 'read' 'localC_982_read' <Predicate = true> <Delay = 0.00>
ST_1 : Operation 999 [1/1] (0.00ns)   --->   "%localC_983_read = read i32 @_ssdm_op_Read.ap_auto.i32, i32 %localC_983"   --->   Operation 999 'read' 'localC_983_read' <Predicate = true> <Delay = 0.00>
ST_1 : Operation 1000 [1/1] (0.00ns)   --->   "%localC_984_read = read i32 @_ssdm_op_Read.ap_auto.i32, i32 %localC_984"   --->   Operation 1000 'read' 'localC_984_read' <Predicate = true> <Delay = 0.00>
ST_1 : Operation 1001 [1/1] (0.00ns)   --->   "%localC_985_read = read i32 @_ssdm_op_Read.ap_auto.i32, i32 %localC_985"   --->   Operation 1001 'read' 'localC_985_read' <Predicate = true> <Delay = 0.00>
ST_1 : Operation 1002 [1/1] (0.00ns)   --->   "%localC_986_read = read i32 @_ssdm_op_Read.ap_auto.i32, i32 %localC_986"   --->   Operation 1002 'read' 'localC_986_read' <Predicate = true> <Delay = 0.00>
ST_1 : Operation 1003 [1/1] (0.00ns)   --->   "%localC_987_read = read i32 @_ssdm_op_Read.ap_auto.i32, i32 %localC_987"   --->   Operation 1003 'read' 'localC_987_read' <Predicate = true> <Delay = 0.00>
ST_1 : Operation 1004 [1/1] (0.00ns)   --->   "%localC_988_read = read i32 @_ssdm_op_Read.ap_auto.i32, i32 %localC_988"   --->   Operation 1004 'read' 'localC_988_read' <Predicate = true> <Delay = 0.00>
ST_1 : Operation 1005 [1/1] (0.00ns)   --->   "%localC_989_read = read i32 @_ssdm_op_Read.ap_auto.i32, i32 %localC_989"   --->   Operation 1005 'read' 'localC_989_read' <Predicate = true> <Delay = 0.00>
ST_1 : Operation 1006 [1/1] (0.00ns)   --->   "%localC_990_read = read i32 @_ssdm_op_Read.ap_auto.i32, i32 %localC_990"   --->   Operation 1006 'read' 'localC_990_read' <Predicate = true> <Delay = 0.00>
ST_1 : Operation 1007 [1/1] (0.00ns)   --->   "%localC_991_read = read i32 @_ssdm_op_Read.ap_auto.i32, i32 %localC_991"   --->   Operation 1007 'read' 'localC_991_read' <Predicate = true> <Delay = 0.00>
ST_1 : Operation 1008 [1/1] (0.00ns)   --->   "%localC_992_read = read i32 @_ssdm_op_Read.ap_auto.i32, i32 %localC_992"   --->   Operation 1008 'read' 'localC_992_read' <Predicate = true> <Delay = 0.00>
ST_1 : Operation 1009 [1/1] (0.00ns)   --->   "%localC_993_read = read i32 @_ssdm_op_Read.ap_auto.i32, i32 %localC_993"   --->   Operation 1009 'read' 'localC_993_read' <Predicate = true> <Delay = 0.00>
ST_1 : Operation 1010 [1/1] (0.00ns)   --->   "%localC_994_read = read i32 @_ssdm_op_Read.ap_auto.i32, i32 %localC_994"   --->   Operation 1010 'read' 'localC_994_read' <Predicate = true> <Delay = 0.00>
ST_1 : Operation 1011 [1/1] (0.00ns)   --->   "%localC_995_read = read i32 @_ssdm_op_Read.ap_auto.i32, i32 %localC_995"   --->   Operation 1011 'read' 'localC_995_read' <Predicate = true> <Delay = 0.00>
ST_1 : Operation 1012 [1/1] (0.00ns)   --->   "%localC_996_read = read i32 @_ssdm_op_Read.ap_auto.i32, i32 %localC_996"   --->   Operation 1012 'read' 'localC_996_read' <Predicate = true> <Delay = 0.00>
ST_1 : Operation 1013 [1/1] (0.00ns)   --->   "%localC_997_read = read i32 @_ssdm_op_Read.ap_auto.i32, i32 %localC_997"   --->   Operation 1013 'read' 'localC_997_read' <Predicate = true> <Delay = 0.00>
ST_1 : Operation 1014 [1/1] (0.00ns)   --->   "%localC_998_read = read i32 @_ssdm_op_Read.ap_auto.i32, i32 %localC_998"   --->   Operation 1014 'read' 'localC_998_read' <Predicate = true> <Delay = 0.00>
ST_1 : Operation 1015 [1/1] (0.00ns)   --->   "%localC_999_read = read i32 @_ssdm_op_Read.ap_auto.i32, i32 %localC_999"   --->   Operation 1015 'read' 'localC_999_read' <Predicate = true> <Delay = 0.00>
ST_1 : Operation 1016 [1/1] (0.00ns)   --->   "%localC_1000_read = read i32 @_ssdm_op_Read.ap_auto.i32, i32 %localC_1000"   --->   Operation 1016 'read' 'localC_1000_read' <Predicate = true> <Delay = 0.00>
ST_1 : Operation 1017 [1/1] (0.00ns)   --->   "%localC_1001_read = read i32 @_ssdm_op_Read.ap_auto.i32, i32 %localC_1001"   --->   Operation 1017 'read' 'localC_1001_read' <Predicate = true> <Delay = 0.00>
ST_1 : Operation 1018 [1/1] (0.00ns)   --->   "%localC_1002_read = read i32 @_ssdm_op_Read.ap_auto.i32, i32 %localC_1002"   --->   Operation 1018 'read' 'localC_1002_read' <Predicate = true> <Delay = 0.00>
ST_1 : Operation 1019 [1/1] (0.00ns)   --->   "%localC_1003_read = read i32 @_ssdm_op_Read.ap_auto.i32, i32 %localC_1003"   --->   Operation 1019 'read' 'localC_1003_read' <Predicate = true> <Delay = 0.00>
ST_1 : Operation 1020 [1/1] (0.00ns)   --->   "%localC_1004_read = read i32 @_ssdm_op_Read.ap_auto.i32, i32 %localC_1004"   --->   Operation 1020 'read' 'localC_1004_read' <Predicate = true> <Delay = 0.00>
ST_1 : Operation 1021 [1/1] (0.00ns)   --->   "%localC_1005_read = read i32 @_ssdm_op_Read.ap_auto.i32, i32 %localC_1005"   --->   Operation 1021 'read' 'localC_1005_read' <Predicate = true> <Delay = 0.00>
ST_1 : Operation 1022 [1/1] (0.00ns)   --->   "%localC_1006_read = read i32 @_ssdm_op_Read.ap_auto.i32, i32 %localC_1006"   --->   Operation 1022 'read' 'localC_1006_read' <Predicate = true> <Delay = 0.00>
ST_1 : Operation 1023 [1/1] (0.00ns)   --->   "%localC_1007_read = read i32 @_ssdm_op_Read.ap_auto.i32, i32 %localC_1007"   --->   Operation 1023 'read' 'localC_1007_read' <Predicate = true> <Delay = 0.00>
ST_1 : Operation 1024 [1/1] (0.00ns)   --->   "%localC_1008_read = read i32 @_ssdm_op_Read.ap_auto.i32, i32 %localC_1008"   --->   Operation 1024 'read' 'localC_1008_read' <Predicate = true> <Delay = 0.00>
ST_1 : Operation 1025 [1/1] (0.00ns)   --->   "%localC_1009_read = read i32 @_ssdm_op_Read.ap_auto.i32, i32 %localC_1009"   --->   Operation 1025 'read' 'localC_1009_read' <Predicate = true> <Delay = 0.00>
ST_1 : Operation 1026 [1/1] (0.00ns)   --->   "%localC_1010_read = read i32 @_ssdm_op_Read.ap_auto.i32, i32 %localC_1010"   --->   Operation 1026 'read' 'localC_1010_read' <Predicate = true> <Delay = 0.00>
ST_1 : Operation 1027 [1/1] (0.00ns)   --->   "%localC_1011_read = read i32 @_ssdm_op_Read.ap_auto.i32, i32 %localC_1011"   --->   Operation 1027 'read' 'localC_1011_read' <Predicate = true> <Delay = 0.00>
ST_1 : Operation 1028 [1/1] (0.00ns)   --->   "%localC_1012_read = read i32 @_ssdm_op_Read.ap_auto.i32, i32 %localC_1012"   --->   Operation 1028 'read' 'localC_1012_read' <Predicate = true> <Delay = 0.00>
ST_1 : Operation 1029 [1/1] (0.00ns)   --->   "%localC_1013_read = read i32 @_ssdm_op_Read.ap_auto.i32, i32 %localC_1013"   --->   Operation 1029 'read' 'localC_1013_read' <Predicate = true> <Delay = 0.00>
ST_1 : Operation 1030 [1/1] (0.00ns)   --->   "%localC_1014_read = read i32 @_ssdm_op_Read.ap_auto.i32, i32 %localC_1014"   --->   Operation 1030 'read' 'localC_1014_read' <Predicate = true> <Delay = 0.00>
ST_1 : Operation 1031 [1/1] (0.00ns)   --->   "%localC_1015_read = read i32 @_ssdm_op_Read.ap_auto.i32, i32 %localC_1015"   --->   Operation 1031 'read' 'localC_1015_read' <Predicate = true> <Delay = 0.00>
ST_1 : Operation 1032 [1/1] (0.00ns)   --->   "%localC_1016_read = read i32 @_ssdm_op_Read.ap_auto.i32, i32 %localC_1016"   --->   Operation 1032 'read' 'localC_1016_read' <Predicate = true> <Delay = 0.00>
ST_1 : Operation 1033 [1/1] (0.00ns)   --->   "%localC_1017_read = read i32 @_ssdm_op_Read.ap_auto.i32, i32 %localC_1017"   --->   Operation 1033 'read' 'localC_1017_read' <Predicate = true> <Delay = 0.00>
ST_1 : Operation 1034 [1/1] (0.00ns)   --->   "%localC_1018_read = read i32 @_ssdm_op_Read.ap_auto.i32, i32 %localC_1018"   --->   Operation 1034 'read' 'localC_1018_read' <Predicate = true> <Delay = 0.00>
ST_1 : Operation 1035 [1/1] (0.00ns)   --->   "%localC_1019_read = read i32 @_ssdm_op_Read.ap_auto.i32, i32 %localC_1019"   --->   Operation 1035 'read' 'localC_1019_read' <Predicate = true> <Delay = 0.00>
ST_1 : Operation 1036 [1/1] (0.00ns)   --->   "%localC_1020_read = read i32 @_ssdm_op_Read.ap_auto.i32, i32 %localC_1020"   --->   Operation 1036 'read' 'localC_1020_read' <Predicate = true> <Delay = 0.00>
ST_1 : Operation 1037 [1/1] (0.00ns)   --->   "%localC_1021_read = read i32 @_ssdm_op_Read.ap_auto.i32, i32 %localC_1021"   --->   Operation 1037 'read' 'localC_1021_read' <Predicate = true> <Delay = 0.00>
ST_1 : Operation 1038 [1/1] (0.00ns)   --->   "%localC_1022_read = read i32 @_ssdm_op_Read.ap_auto.i32, i32 %localC_1022"   --->   Operation 1038 'read' 'localC_1022_read' <Predicate = true> <Delay = 0.00>
ST_1 : Operation 1039 [1/1] (0.00ns)   --->   "%localC_1023_read = read i32 @_ssdm_op_Read.ap_auto.i32, i32 %localC_1023"   --->   Operation 1039 'read' 'localC_1023_read' <Predicate = true> <Delay = 0.00>
ST_1 : Operation 1040 [1/1] (0.00ns)   --->   "%sext_ln119_read = read i32 @_ssdm_op_Read.ap_auto.i32, i32 %sext_ln119"   --->   Operation 1040 'read' 'sext_ln119_read' <Predicate = true> <Delay = 0.00>
ST_1 : Operation 1041 [1/1] (0.00ns)   --->   "%select_ln132_1_read = read i64 @_ssdm_op_Read.ap_auto.i64, i64 %select_ln132_1"   --->   Operation 1041 'read' 'select_ln132_1_read' <Predicate = true> <Delay = 0.00>
ST_1 : Operation 1042 [1/1] (0.00ns)   --->   "%trunc_ln2_read = read i62 @_ssdm_op_Read.ap_auto.i62, i62 %trunc_ln2"   --->   Operation 1042 'read' 'trunc_ln2_read' <Predicate = true> <Delay = 0.00>
ST_1 : Operation 1043 [1/1] (0.00ns)   --->   "%trunc_ln_read = read i62 @_ssdm_op_Read.ap_auto.i62, i62 %trunc_ln"   --->   Operation 1043 'read' 'trunc_ln_read' <Predicate = true> <Delay = 0.00>
ST_1 : Operation 1044 [1/1] (0.00ns)   --->   "%sext_ln110_3_read = read i32 @_ssdm_op_Read.ap_auto.i32, i32 %sext_ln110_3"   --->   Operation 1044 'read' 'sext_ln110_3_read' <Predicate = true> <Delay = 0.00>
ST_1 : Operation 1045 [1/1] (0.00ns)   --->   "%p_mid_read = read i62 @_ssdm_op_Read.ap_auto.i62, i62 %p_mid"   --->   Operation 1045 'read' 'p_mid_read' <Predicate = true> <Delay = 0.00>
ST_1 : Operation 1046 [1/1] (0.00ns)   --->   "%sext_ln110_2_read = read i32 @_ssdm_op_Read.ap_auto.i32, i32 %sext_ln110_2"   --->   Operation 1046 'read' 'sext_ln110_2_read' <Predicate = true> <Delay = 0.00>
ST_1 : Operation 1047 [1/1] (0.00ns)   --->   "%select_ln132_2_read = read i64 @_ssdm_op_Read.ap_auto.i64, i64 %select_ln132_2"   --->   Operation 1047 'read' 'select_ln132_2_read' <Predicate = true> <Delay = 0.00>
ST_1 : Operation 1048 [1/1] (0.00ns)   --->   "%sext_ln119_cast = sext i32 %sext_ln119_read"   --->   Operation 1048 'sext' 'sext_ln119_cast' <Predicate = true> <Delay = 0.00>
ST_1 : Operation 1049 [1/1] (0.00ns)   --->   "%sext_ln110_3_cast = sext i32 %sext_ln110_3_read"   --->   Operation 1049 'sext' 'sext_ln110_3_cast' <Predicate = true> <Delay = 0.00>
ST_1 : Operation 1050 [1/1] (0.00ns)   --->   "%sext_ln110_2_cast = sext i32 %sext_ln110_2_read"   --->   Operation 1050 'sext' 'sext_ln110_2_cast' <Predicate = true> <Delay = 0.00>
ST_1 : Operation 1051 [1/1] (0.00ns)   --->   "%specinterface_ln0 = specinterface void @_ssdm_op_SpecInterface, i32 %gmemC, void @empty_16, i32 0, i32 0, void @empty_17, i32 0, i32 49152, void @empty_21, void @empty_19, void @empty_17, i32 16, i32 16, i32 16, i32 16, void @empty_17, void @empty_17, i32 4294967295, i32 0"   --->   Operation 1051 'specinterface' 'specinterface_ln0' <Predicate = true> <Delay = 0.00>
ST_1 : Operation 1052 [1/1] (0.42ns)   --->   "%store_ln0 = store i11 0, i11 %indvar_flatten53"   --->   Operation 1052 'store' 'store_ln0' <Predicate = true> <Delay = 0.42>
ST_1 : Operation 1053 [1/1] (0.42ns)   --->   "%store_ln0 = store i6 0, i6 %ii"   --->   Operation 1053 'store' 'store_ln0' <Predicate = true> <Delay = 0.42>
ST_1 : Operation 1054 [1/1] (0.42ns)   --->   "%store_ln0 = store i6 0, i6 %jj"   --->   Operation 1054 'store' 'store_ln0' <Predicate = true> <Delay = 0.42>
ST_1 : Operation 1055 [1/1] (0.00ns)   --->   "%br_ln0 = br void %for.body193"   --->   Operation 1055 'br' 'br_ln0' <Predicate = true> <Delay = 0.00>
ST_1 : Operation 1056 [1/1] (0.00ns)   --->   "%ii_1 = load i6 %ii" [mmult_accel.cpp:219]   --->   Operation 1056 'load' 'ii_1' <Predicate = true> <Delay = 0.00>
ST_1 : Operation 1057 [1/1] (0.00ns)   --->   "%indvar_flatten53_load = load i11 %indvar_flatten53" [mmult_accel.cpp:219]   --->   Operation 1057 'load' 'indvar_flatten53_load' <Predicate = true> <Delay = 0.00>
ST_1 : Operation 1058 [1/1] (0.00ns)   --->   "%specbitsmap_ln0 = specbitsmap void @_ssdm_op_SpecBitsMap, i32 %gmemC"   --->   Operation 1058 'specbitsmap' 'specbitsmap_ln0' <Predicate = true> <Delay = 0.00>
ST_1 : Operation 1059 [1/1] (0.00ns)   --->   "%zext_ln219 = zext i6 %ii_1" [mmult_accel.cpp:219]   --->   Operation 1059 'zext' 'zext_ln219' <Predicate = true> <Delay = 0.00>
ST_1 : Operation 1060 [1/1] (1.08ns)   --->   "%empty = add i64 %zext_ln219, i64 %select_ln132_2_read" [mmult_accel.cpp:219]   --->   Operation 1060 'add' 'empty' <Predicate = true> <Delay = 1.08> <CoreInst = "Adder">   --->   Core 1 'Adder' <Latency = 0> <II = 1> <Delay = 1.08> <FuncUnit> <Opcode : 'add' 'sub'> <InPorts = 2> <OutPorts = 1>
ST_1 : Operation 1061 [1/1] (1.13ns)   --->   "%cmp198 = icmp_slt  i64 %empty, i64 %sext_ln110_2_cast" [mmult_accel.cpp:219]   --->   Operation 1061 'icmp' 'cmp198' <Predicate = true> <Delay = 1.13> <CoreInst = "Cmp">   --->   Core 9 'Cmp' <Latency = 0> <II = 1> <Delay = 1.13> <FuncUnit> <Opcode : 'icmp'> <InPorts = 2> <OutPorts = 1>
ST_1 : Operation 1062 [1/1] (0.94ns)   --->   "%icmp_ln219 = icmp_eq  i11 %indvar_flatten53_load, i11 1024" [mmult_accel.cpp:219]   --->   Operation 1062 'icmp' 'icmp_ln219' <Predicate = true> <Delay = 0.94> <CoreInst = "Cmp">   --->   Core 9 'Cmp' <Latency = 0> <II = 1> <Delay = 0.94> <FuncUnit> <Opcode : 'icmp'> <InPorts = 2> <OutPorts = 1>
ST_1 : Operation 1063 [1/1] (0.79ns)   --->   "%add_ln219_4 = add i11 %indvar_flatten53_load, i11 1" [mmult_accel.cpp:219]   --->   Operation 1063 'add' 'add_ln219_4' <Predicate = true> <Delay = 0.79> <CoreInst = "Adder">   --->   Core 1 'Adder' <Latency = 0> <II = 1> <Delay = 0.79> <FuncUnit> <Opcode : 'add' 'sub'> <InPorts = 2> <OutPorts = 1>
ST_1 : Operation 1064 [1/1] (0.00ns)   --->   "%br_ln219 = br i1 %icmp_ln219, void %for.inc215, void %for.inc218.exitStub" [mmult_accel.cpp:219]   --->   Operation 1064 'br' 'br_ln219' <Predicate = true> <Delay = 0.00>
ST_1 : Operation 1065 [1/1] (0.00ns)   --->   "%jj_load = load i6 %jj" [mmult_accel.cpp:220]   --->   Operation 1065 'load' 'jj_load' <Predicate = (!icmp_ln219)> <Delay = 0.00>
ST_1 : Operation 1066 [1/1] (0.78ns)   --->   "%add_ln219 = add i6 %ii_1, i6 1" [mmult_accel.cpp:219]   --->   Operation 1066 'add' 'add_ln219' <Predicate = (!icmp_ln219)> <Delay = 0.78> <CoreInst = "Adder">   --->   Core 1 'Adder' <Latency = 0> <II = 1> <Delay = 0.78> <FuncUnit> <Opcode : 'add' 'sub'> <InPorts = 2> <OutPorts = 1>
ST_1 : Operation 1067 [1/1] (0.78ns)   --->   "%icmp_ln220 = icmp_eq  i6 %jj_load, i6 32" [mmult_accel.cpp:220]   --->   Operation 1067 'icmp' 'icmp_ln220' <Predicate = (!icmp_ln219)> <Delay = 0.78> <CoreInst = "Cmp">   --->   Core 9 'Cmp' <Latency = 0> <II = 1> <Delay = 0.78> <FuncUnit> <Opcode : 'icmp'> <InPorts = 2> <OutPorts = 1>
ST_1 : Operation 1068 [1/1] (0.38ns)   --->   "%select_ln219 = select i1 %icmp_ln220, i6 0, i6 %jj_load" [mmult_accel.cpp:219]   --->   Operation 1068 'select' 'select_ln219' <Predicate = (!icmp_ln219)> <Delay = 0.38> <CoreInst = "Sel">   --->   Core 73 'Sel' <Latency = 0> <II = 1> <Delay = 0.38> <FuncUnit> <Opcode : 'select'> <InPorts = 3> <OutPorts = 1>
ST_1 : Operation 1069 [1/1] (0.00ns)   --->   "%zext_ln219_1 = zext i6 %add_ln219" [mmult_accel.cpp:219]   --->   Operation 1069 'zext' 'zext_ln219_1' <Predicate = (!icmp_ln219)> <Delay = 0.00>
ST_1 : Operation 1070 [1/1] (1.08ns)   --->   "%p_mid149 = add i64 %zext_ln219_1, i64 %select_ln132_2_read" [mmult_accel.cpp:219]   --->   Operation 1070 'add' 'p_mid149' <Predicate = (!icmp_ln219)> <Delay = 1.08> <CoreInst = "Adder">   --->   Core 1 'Adder' <Latency = 0> <II = 1> <Delay = 1.08> <FuncUnit> <Opcode : 'add' 'sub'> <InPorts = 2> <OutPorts = 1>
ST_1 : Operation 1071 [1/1] (1.13ns)   --->   "%cmp198_mid1 = icmp_slt  i64 %p_mid149, i64 %sext_ln110_2_cast" [mmult_accel.cpp:219]   --->   Operation 1071 'icmp' 'cmp198_mid1' <Predicate = (!icmp_ln219)> <Delay = 1.13> <CoreInst = "Cmp">   --->   Core 9 'Cmp' <Latency = 0> <II = 1> <Delay = 1.13> <FuncUnit> <Opcode : 'icmp'> <InPorts = 2> <OutPorts = 1>
ST_1 : Operation 1072 [1/1] (0.00ns) (grouped into LUT with out node and_ln224)   --->   "%select_ln219_1 = select i1 %icmp_ln220, i1 %cmp198_mid1, i1 %cmp198" [mmult_accel.cpp:219]   --->   Operation 1072 'select' 'select_ln219_1' <Predicate = (!icmp_ln219)> <Delay = 0.00> <CoreInst = "Sel">   --->   Core 73 'Sel' <Latency = 0> <II = 1> <Delay = 0.17> <FuncUnit> <Opcode : 'select'> <InPorts = 3> <OutPorts = 1>
ST_1 : Operation 1073 [1/1] (0.38ns)   --->   "%select_ln219_2 = select i1 %icmp_ln220, i6 %add_ln219, i6 %ii_1" [mmult_accel.cpp:219]   --->   Operation 1073 'select' 'select_ln219_2' <Predicate = (!icmp_ln219)> <Delay = 0.38> <CoreInst = "Sel">   --->   Core 73 'Sel' <Latency = 0> <II = 1> <Delay = 0.38> <FuncUnit> <Opcode : 'select'> <InPorts = 3> <OutPorts = 1>
ST_1 : Operation 1074 [1/1] (0.00ns)   --->   "%trunc_ln219 = trunc i6 %select_ln219_2" [mmult_accel.cpp:219]   --->   Operation 1074 'trunc' 'trunc_ln219' <Predicate = (!icmp_ln219)> <Delay = 0.00>
ST_1 : Operation 1075 [1/1] (0.00ns)   --->   "%zext_ln219_2 = zext i6 %select_ln219_2" [mmult_accel.cpp:219]   --->   Operation 1075 'zext' 'zext_ln219_2' <Predicate = (!icmp_ln219)> <Delay = 0.00>
ST_1 : Operation 1076 [1/1] (1.08ns)   --->   "%add_ln219_1 = add i62 %zext_ln219_2, i62 %p_mid_read" [mmult_accel.cpp:219]   --->   Operation 1076 'add' 'add_ln219_1' <Predicate = (!icmp_ln219)> <Delay = 1.08> <CoreInst = "Adder">   --->   Core 1 'Adder' <Latency = 0> <II = 1> <Delay = 1.08> <FuncUnit> <Opcode : 'add' 'sub'> <InPorts = 2> <OutPorts = 1>
ST_1 : Operation 1077 [1/1] (4.26ns)   --->   "%mul_ln219 = mul i62 %add_ln219_1, i62 %sext_ln110_3_cast" [mmult_accel.cpp:219]   --->   Operation 1077 'mul' 'mul_ln219' <Predicate = (!icmp_ln219)> <Delay = 4.26> <CoreInst = "Multiplier">   --->   Core 3 'Multiplier' <Latency = 0> <II = 1> <Delay = 4.26> <FuncUnit> <Opcode : 'mul'> <InPorts = 2> <OutPorts = 1>
ST_1 : Operation 1078 [1/1] (0.00ns)   --->   "%zext_ln220 = zext i6 %select_ln219" [mmult_accel.cpp:220]   --->   Operation 1078 'zext' 'zext_ln220' <Predicate = (!icmp_ln219)> <Delay = 0.00>
ST_1 : Operation 1079 [1/1] (0.00ns)   --->   "%trunc_ln223 = trunc i6 %select_ln219" [mmult_accel.cpp:223]   --->   Operation 1079 'trunc' 'trunc_ln223' <Predicate = (!icmp_ln219)> <Delay = 0.00>
ST_1 : Operation 1080 [1/1] (1.08ns)   --->   "%add_ln223 = add i64 %zext_ln220, i64 %select_ln132_1_read" [mmult_accel.cpp:223]   --->   Operation 1080 'add' 'add_ln223' <Predicate = (!icmp_ln219)> <Delay = 1.08> <CoreInst = "Adder">   --->   Core 1 'Adder' <Latency = 0> <II = 1> <Delay = 1.08> <FuncUnit> <Opcode : 'add' 'sub'> <InPorts = 2> <OutPorts = 1>
ST_1 : Operation 1081 [1/1] (1.13ns)   --->   "%icmp_ln224 = icmp_slt  i64 %add_ln223, i64 %sext_ln119_cast" [mmult_accel.cpp:224]   --->   Operation 1081 'icmp' 'icmp_ln224' <Predicate = (!icmp_ln219)> <Delay = 1.13> <CoreInst = "Cmp">   --->   Core 9 'Cmp' <Latency = 0> <II = 1> <Delay = 1.13> <FuncUnit> <Opcode : 'icmp'> <InPorts = 2> <OutPorts = 1>
ST_1 : Operation 1082 [1/1] (0.28ns) (out node of the LUT)   --->   "%and_ln224 = and i1 %select_ln219_1, i1 %icmp_ln224" [mmult_accel.cpp:224]   --->   Operation 1082 'and' 'and_ln224' <Predicate = (!icmp_ln219)> <Delay = 0.28> <CoreInst = "LogicGate">   --->   Core 74 'LogicGate' <Latency = 0> <II = 1> <Delay = 0.28> <FuncUnit> <Opcode : 'and' 'or' 'xor'> <InPorts = 2> <OutPorts = 1>
ST_1 : Operation 1083 [1/1] (0.00ns)   --->   "%br_ln224 = br i1 %and_ln224, void %for.inc212, void %if.then201" [mmult_accel.cpp:224]   --->   Operation 1083 'br' 'br_ln224' <Predicate = (!icmp_ln219)> <Delay = 0.00>
ST_1 : Operation 1084 [1/1] (0.78ns)   --->   "%tmp = mux i32 @_ssdm_op_Mux.ap_auto.32i32.i5, i32 %localC_1023_read, i32 %localC_1022_read, i32 %localC_1021_read, i32 %localC_1020_read, i32 %localC_1019_read, i32 %localC_1018_read, i32 %localC_1017_read, i32 %localC_1016_read, i32 %localC_1015_read, i32 %localC_1014_read, i32 %localC_1013_read, i32 %localC_1012_read, i32 %localC_1011_read, i32 %localC_1010_read, i32 %localC_1009_read, i32 %localC_1008_read, i32 %localC_1007_read, i32 %localC_1006_read, i32 %localC_1005_read, i32 %localC_1004_read, i32 %localC_1003_read, i32 %localC_1002_read, i32 %localC_1001_read, i32 %localC_1000_read, i32 %localC_999_read, i32 %localC_998_read, i32 %localC_997_read, i32 %localC_996_read, i32 %localC_995_read, i32 %localC_994_read, i32 %localC_993_read, i32 %localC_992_read, i5 %trunc_ln223" [mmult_accel.cpp:225]   --->   Operation 1084 'mux' 'tmp' <Predicate = (!icmp_ln219 & and_ln224)> <Delay = 0.78> <CoreInst = "Multiplexer">   --->   Core 76 'Multiplexer' <Latency = 0> <II = 1> <Delay = 0.78> <FuncUnit> <Opcode : 'mux'> <InPorts = 2> <OutPorts = 1>
ST_1 : Operation 1085 [1/1] (0.78ns)   --->   "%tmp_1 = mux i32 @_ssdm_op_Mux.ap_auto.32i32.i5, i32 %localC_991_read, i32 %localC_990_read, i32 %localC_989_read, i32 %localC_988_read, i32 %localC_987_read, i32 %localC_986_read, i32 %localC_985_read, i32 %localC_984_read, i32 %localC_983_read, i32 %localC_982_read, i32 %localC_981_read, i32 %localC_980_read, i32 %localC_979_read, i32 %localC_978_read, i32 %localC_977_read, i32 %localC_976_read, i32 %localC_975_read, i32 %localC_974_read, i32 %localC_973_read, i32 %localC_972_read, i32 %localC_971_read, i32 %localC_970_read, i32 %localC_969_read, i32 %localC_968_read, i32 %localC_967_read, i32 %localC_966_read, i32 %localC_965_read, i32 %localC_964_read, i32 %localC_963_read, i32 %localC_962_read, i32 %localC_961_read, i32 %localC_960_read, i5 %trunc_ln223" [mmult_accel.cpp:225]   --->   Operation 1085 'mux' 'tmp_1' <Predicate = (!icmp_ln219 & and_ln224)> <Delay = 0.78> <CoreInst = "Multiplexer">   --->   Core 76 'Multiplexer' <Latency = 0> <II = 1> <Delay = 0.78> <FuncUnit> <Opcode : 'mux'> <InPorts = 2> <OutPorts = 1>
ST_1 : Operation 1086 [1/1] (0.78ns)   --->   "%tmp_2 = mux i32 @_ssdm_op_Mux.ap_auto.32i32.i5, i32 %localC_959_read, i32 %localC_958_read, i32 %localC_957_read, i32 %localC_956_read, i32 %localC_955_read, i32 %localC_954_read, i32 %localC_953_read, i32 %localC_952_read, i32 %localC_951_read, i32 %localC_950_read, i32 %localC_949_read, i32 %localC_948_read, i32 %localC_947_read, i32 %localC_946_read, i32 %localC_945_read, i32 %localC_944_read, i32 %localC_943_read, i32 %localC_942_read, i32 %localC_941_read, i32 %localC_940_read, i32 %localC_939_read, i32 %localC_938_read, i32 %localC_937_read, i32 %localC_936_read, i32 %localC_935_read, i32 %localC_934_read, i32 %localC_933_read, i32 %localC_932_read, i32 %localC_931_read, i32 %localC_930_read, i32 %localC_929_read, i32 %localC_928_read, i5 %trunc_ln223" [mmult_accel.cpp:225]   --->   Operation 1086 'mux' 'tmp_2' <Predicate = (!icmp_ln219 & and_ln224)> <Delay = 0.78> <CoreInst = "Multiplexer">   --->   Core 76 'Multiplexer' <Latency = 0> <II = 1> <Delay = 0.78> <FuncUnit> <Opcode : 'mux'> <InPorts = 2> <OutPorts = 1>
ST_1 : Operation 1087 [1/1] (0.78ns)   --->   "%tmp_3 = mux i32 @_ssdm_op_Mux.ap_auto.32i32.i5, i32 %localC_927_read, i32 %localC_926_read, i32 %localC_925_read, i32 %localC_924_read, i32 %localC_923_read, i32 %localC_922_read, i32 %localC_921_read, i32 %localC_920_read, i32 %localC_919_read, i32 %localC_918_read, i32 %localC_917_read, i32 %localC_916_read, i32 %localC_915_read, i32 %localC_914_read, i32 %localC_913_read, i32 %localC_912_read, i32 %localC_911_read, i32 %localC_910_read, i32 %localC_909_read, i32 %localC_908_read, i32 %localC_907_read, i32 %localC_906_read, i32 %localC_905_read, i32 %localC_904_read, i32 %localC_903_read, i32 %localC_902_read, i32 %localC_901_read, i32 %localC_900_read, i32 %localC_899_read, i32 %localC_898_read, i32 %localC_897_read, i32 %localC_896_read, i5 %trunc_ln223" [mmult_accel.cpp:225]   --->   Operation 1087 'mux' 'tmp_3' <Predicate = (!icmp_ln219 & and_ln224)> <Delay = 0.78> <CoreInst = "Multiplexer">   --->   Core 76 'Multiplexer' <Latency = 0> <II = 1> <Delay = 0.78> <FuncUnit> <Opcode : 'mux'> <InPorts = 2> <OutPorts = 1>
ST_1 : Operation 1088 [1/1] (0.78ns)   --->   "%tmp_4 = mux i32 @_ssdm_op_Mux.ap_auto.32i32.i5, i32 %localC_895_read, i32 %localC_894_read, i32 %localC_893_read, i32 %localC_892_read, i32 %localC_891_read, i32 %localC_890_read, i32 %localC_889_read, i32 %localC_888_read, i32 %localC_887_read, i32 %localC_886_read, i32 %localC_885_read, i32 %localC_884_read, i32 %localC_883_read, i32 %localC_882_read, i32 %localC_881_read, i32 %localC_880_read, i32 %localC_879_read, i32 %localC_878_read, i32 %localC_877_read, i32 %localC_876_read, i32 %localC_875_read, i32 %localC_874_read, i32 %localC_873_read, i32 %localC_872_read, i32 %localC_871_read, i32 %localC_870_read, i32 %localC_869_read, i32 %localC_868_read, i32 %localC_867_read, i32 %localC_866_read, i32 %localC_865_read, i32 %localC_864_read, i5 %trunc_ln223" [mmult_accel.cpp:225]   --->   Operation 1088 'mux' 'tmp_4' <Predicate = (!icmp_ln219 & and_ln224)> <Delay = 0.78> <CoreInst = "Multiplexer">   --->   Core 76 'Multiplexer' <Latency = 0> <II = 1> <Delay = 0.78> <FuncUnit> <Opcode : 'mux'> <InPorts = 2> <OutPorts = 1>
ST_1 : Operation 1089 [1/1] (0.78ns)   --->   "%tmp_5 = mux i32 @_ssdm_op_Mux.ap_auto.32i32.i5, i32 %localC_863_read, i32 %localC_862_read, i32 %localC_861_read, i32 %localC_860_read, i32 %localC_859_read, i32 %localC_858_read, i32 %localC_857_read, i32 %localC_856_read, i32 %localC_855_read, i32 %localC_854_read, i32 %localC_853_read, i32 %localC_852_read, i32 %localC_851_read, i32 %localC_850_read, i32 %localC_849_read, i32 %localC_848_read, i32 %localC_847_read, i32 %localC_846_read, i32 %localC_845_read, i32 %localC_844_read, i32 %localC_843_read, i32 %localC_842_read, i32 %localC_841_read, i32 %localC_840_read, i32 %localC_839_read, i32 %localC_838_read, i32 %localC_837_read, i32 %localC_836_read, i32 %localC_835_read, i32 %localC_834_read, i32 %localC_833_read, i32 %localC_832_read, i5 %trunc_ln223" [mmult_accel.cpp:225]   --->   Operation 1089 'mux' 'tmp_5' <Predicate = (!icmp_ln219 & and_ln224)> <Delay = 0.78> <CoreInst = "Multiplexer">   --->   Core 76 'Multiplexer' <Latency = 0> <II = 1> <Delay = 0.78> <FuncUnit> <Opcode : 'mux'> <InPorts = 2> <OutPorts = 1>
ST_1 : Operation 1090 [1/1] (0.78ns)   --->   "%tmp_6 = mux i32 @_ssdm_op_Mux.ap_auto.32i32.i5, i32 %localC_831_read, i32 %localC_830_read, i32 %localC_829_read, i32 %localC_828_read, i32 %localC_827_read, i32 %localC_826_read, i32 %localC_825_read, i32 %localC_824_read, i32 %localC_823_read, i32 %localC_822_read, i32 %localC_821_read, i32 %localC_820_read, i32 %localC_819_read, i32 %localC_818_read, i32 %localC_817_read, i32 %localC_816_read, i32 %localC_815_read, i32 %localC_814_read, i32 %localC_813_read, i32 %localC_812_read, i32 %localC_811_read, i32 %localC_810_read, i32 %localC_809_read, i32 %localC_808_read, i32 %localC_807_read, i32 %localC_806_read, i32 %localC_805_read, i32 %localC_804_read, i32 %localC_803_read, i32 %localC_802_read, i32 %localC_801_read, i32 %localC_800_read, i5 %trunc_ln223" [mmult_accel.cpp:225]   --->   Operation 1090 'mux' 'tmp_6' <Predicate = (!icmp_ln219 & and_ln224)> <Delay = 0.78> <CoreInst = "Multiplexer">   --->   Core 76 'Multiplexer' <Latency = 0> <II = 1> <Delay = 0.78> <FuncUnit> <Opcode : 'mux'> <InPorts = 2> <OutPorts = 1>
ST_1 : Operation 1091 [1/1] (0.78ns)   --->   "%tmp_7 = mux i32 @_ssdm_op_Mux.ap_auto.32i32.i5, i32 %localC_799_read, i32 %localC_798_read, i32 %localC_797_read, i32 %localC_796_read, i32 %localC_795_read, i32 %localC_794_read, i32 %localC_793_read, i32 %localC_792_read, i32 %localC_791_read, i32 %localC_790_read, i32 %localC_789_read, i32 %localC_788_read, i32 %localC_787_read, i32 %localC_786_read, i32 %localC_785_read, i32 %localC_784_read, i32 %localC_783_read, i32 %localC_782_read, i32 %localC_781_read, i32 %localC_780_read, i32 %localC_779_read, i32 %localC_778_read, i32 %localC_777_read, i32 %localC_776_read, i32 %localC_775_read, i32 %localC_774_read, i32 %localC_773_read, i32 %localC_772_read, i32 %localC_771_read, i32 %localC_770_read, i32 %localC_769_read, i32 %localC_768_read, i5 %trunc_ln223" [mmult_accel.cpp:225]   --->   Operation 1091 'mux' 'tmp_7' <Predicate = (!icmp_ln219 & and_ln224)> <Delay = 0.78> <CoreInst = "Multiplexer">   --->   Core 76 'Multiplexer' <Latency = 0> <II = 1> <Delay = 0.78> <FuncUnit> <Opcode : 'mux'> <InPorts = 2> <OutPorts = 1>
ST_1 : Operation 1092 [1/1] (0.78ns)   --->   "%tmp_8 = mux i32 @_ssdm_op_Mux.ap_auto.32i32.i5, i32 %localC_767_read, i32 %localC_766_read, i32 %localC_765_read, i32 %localC_764_read, i32 %localC_763_read, i32 %localC_762_read, i32 %localC_761_read, i32 %localC_760_read, i32 %localC_759_read, i32 %localC_758_read, i32 %localC_757_read, i32 %localC_756_read, i32 %localC_755_read, i32 %localC_754_read, i32 %localC_753_read, i32 %localC_752_read, i32 %localC_751_read, i32 %localC_750_read, i32 %localC_749_read, i32 %localC_748_read, i32 %localC_747_read, i32 %localC_746_read, i32 %localC_745_read, i32 %localC_744_read, i32 %localC_743_read, i32 %localC_742_read, i32 %localC_741_read, i32 %localC_740_read, i32 %localC_739_read, i32 %localC_738_read, i32 %localC_737_read, i32 %localC_736_read, i5 %trunc_ln223" [mmult_accel.cpp:225]   --->   Operation 1092 'mux' 'tmp_8' <Predicate = (!icmp_ln219 & and_ln224)> <Delay = 0.78> <CoreInst = "Multiplexer">   --->   Core 76 'Multiplexer' <Latency = 0> <II = 1> <Delay = 0.78> <FuncUnit> <Opcode : 'mux'> <InPorts = 2> <OutPorts = 1>
ST_1 : Operation 1093 [1/1] (0.78ns)   --->   "%tmp_9 = mux i32 @_ssdm_op_Mux.ap_auto.32i32.i5, i32 %localC_735_read, i32 %localC_734_read, i32 %localC_733_read, i32 %localC_732_read, i32 %localC_731_read, i32 %localC_730_read, i32 %localC_729_read, i32 %localC_728_read, i32 %localC_727_read, i32 %localC_726_read, i32 %localC_725_read, i32 %localC_724_read, i32 %localC_723_read, i32 %localC_722_read, i32 %localC_721_read, i32 %localC_720_read, i32 %localC_719_read, i32 %localC_718_read, i32 %localC_717_read, i32 %localC_716_read, i32 %localC_715_read, i32 %localC_714_read, i32 %localC_713_read, i32 %localC_712_read, i32 %localC_711_read, i32 %localC_710_read, i32 %localC_709_read, i32 %localC_708_read, i32 %localC_707_read, i32 %localC_706_read, i32 %localC_705_read, i32 %localC_704_read, i5 %trunc_ln223" [mmult_accel.cpp:225]   --->   Operation 1093 'mux' 'tmp_9' <Predicate = (!icmp_ln219 & and_ln224)> <Delay = 0.78> <CoreInst = "Multiplexer">   --->   Core 76 'Multiplexer' <Latency = 0> <II = 1> <Delay = 0.78> <FuncUnit> <Opcode : 'mux'> <InPorts = 2> <OutPorts = 1>
ST_1 : Operation 1094 [1/1] (0.78ns)   --->   "%tmp_s = mux i32 @_ssdm_op_Mux.ap_auto.32i32.i5, i32 %localC_703_read, i32 %localC_702_read, i32 %localC_701_read, i32 %localC_700_read, i32 %localC_699_read, i32 %localC_698_read, i32 %localC_697_read, i32 %localC_696_read, i32 %localC_695_read, i32 %localC_694_read, i32 %localC_693_read, i32 %localC_692_read, i32 %localC_691_read, i32 %localC_690_read, i32 %localC_689_read, i32 %localC_688_read, i32 %localC_687_read, i32 %localC_686_read, i32 %localC_685_read, i32 %localC_684_read, i32 %localC_683_read, i32 %localC_682_read, i32 %localC_681_read, i32 %localC_680_read, i32 %localC_679_read, i32 %localC_678_read, i32 %localC_677_read, i32 %localC_676_read, i32 %localC_675_read, i32 %localC_674_read, i32 %localC_673_read, i32 %localC_672_read, i5 %trunc_ln223" [mmult_accel.cpp:225]   --->   Operation 1094 'mux' 'tmp_s' <Predicate = (!icmp_ln219 & and_ln224)> <Delay = 0.78> <CoreInst = "Multiplexer">   --->   Core 76 'Multiplexer' <Latency = 0> <II = 1> <Delay = 0.78> <FuncUnit> <Opcode : 'mux'> <InPorts = 2> <OutPorts = 1>
ST_1 : Operation 1095 [1/1] (0.78ns)   --->   "%tmp_10 = mux i32 @_ssdm_op_Mux.ap_auto.32i32.i5, i32 %localC_671_read, i32 %localC_670_read, i32 %localC_669_read, i32 %localC_668_read, i32 %localC_667_read, i32 %localC_666_read, i32 %localC_665_read, i32 %localC_664_read, i32 %localC_663_read, i32 %localC_662_read, i32 %localC_661_read, i32 %localC_660_read, i32 %localC_659_read, i32 %localC_658_read, i32 %localC_657_read, i32 %localC_656_read, i32 %localC_655_read, i32 %localC_654_read, i32 %localC_653_read, i32 %localC_652_read, i32 %localC_651_read, i32 %localC_650_read, i32 %localC_649_read, i32 %localC_648_read, i32 %localC_647_read, i32 %localC_646_read, i32 %localC_645_read, i32 %localC_644_read, i32 %localC_643_read, i32 %localC_642_read, i32 %localC_641_read, i32 %localC_640_read, i5 %trunc_ln223" [mmult_accel.cpp:225]   --->   Operation 1095 'mux' 'tmp_10' <Predicate = (!icmp_ln219 & and_ln224)> <Delay = 0.78> <CoreInst = "Multiplexer">   --->   Core 76 'Multiplexer' <Latency = 0> <II = 1> <Delay = 0.78> <FuncUnit> <Opcode : 'mux'> <InPorts = 2> <OutPorts = 1>
ST_1 : Operation 1096 [1/1] (0.78ns)   --->   "%tmp_11 = mux i32 @_ssdm_op_Mux.ap_auto.32i32.i5, i32 %localC_639_read, i32 %localC_638_read, i32 %localC_637_read, i32 %localC_636_read, i32 %localC_635_read, i32 %localC_634_read, i32 %localC_633_read, i32 %localC_632_read, i32 %localC_631_read, i32 %localC_630_read, i32 %localC_629_read, i32 %localC_628_read, i32 %localC_627_read, i32 %localC_626_read, i32 %localC_625_read, i32 %localC_624_read, i32 %localC_623_read, i32 %localC_622_read, i32 %localC_621_read, i32 %localC_620_read, i32 %localC_619_read, i32 %localC_618_read, i32 %localC_617_read, i32 %localC_616_read, i32 %localC_615_read, i32 %localC_614_read, i32 %localC_613_read, i32 %localC_612_read, i32 %localC_611_read, i32 %localC_610_read, i32 %localC_609_read, i32 %localC_608_read, i5 %trunc_ln223" [mmult_accel.cpp:225]   --->   Operation 1096 'mux' 'tmp_11' <Predicate = (!icmp_ln219 & and_ln224)> <Delay = 0.78> <CoreInst = "Multiplexer">   --->   Core 76 'Multiplexer' <Latency = 0> <II = 1> <Delay = 0.78> <FuncUnit> <Opcode : 'mux'> <InPorts = 2> <OutPorts = 1>
ST_1 : Operation 1097 [1/1] (0.78ns)   --->   "%tmp_12 = mux i32 @_ssdm_op_Mux.ap_auto.32i32.i5, i32 %localC_607_read, i32 %localC_606_read, i32 %localC_605_read, i32 %localC_604_read, i32 %localC_603_read, i32 %localC_602_read, i32 %localC_601_read, i32 %localC_600_read, i32 %localC_599_read, i32 %localC_598_read, i32 %localC_597_read, i32 %localC_596_read, i32 %localC_595_read, i32 %localC_594_read, i32 %localC_593_read, i32 %localC_592_read, i32 %localC_591_read, i32 %localC_590_read, i32 %localC_589_read, i32 %localC_588_read, i32 %localC_587_read, i32 %localC_586_read, i32 %localC_585_read, i32 %localC_584_read, i32 %localC_583_read, i32 %localC_582_read, i32 %localC_581_read, i32 %localC_580_read, i32 %localC_579_read, i32 %localC_578_read, i32 %localC_577_read, i32 %localC_576_read, i5 %trunc_ln223" [mmult_accel.cpp:225]   --->   Operation 1097 'mux' 'tmp_12' <Predicate = (!icmp_ln219 & and_ln224)> <Delay = 0.78> <CoreInst = "Multiplexer">   --->   Core 76 'Multiplexer' <Latency = 0> <II = 1> <Delay = 0.78> <FuncUnit> <Opcode : 'mux'> <InPorts = 2> <OutPorts = 1>
ST_1 : Operation 1098 [1/1] (0.78ns)   --->   "%tmp_13 = mux i32 @_ssdm_op_Mux.ap_auto.32i32.i5, i32 %localC_575_read, i32 %localC_574_read, i32 %localC_573_read, i32 %localC_572_read, i32 %localC_571_read, i32 %localC_570_read, i32 %localC_569_read, i32 %localC_568_read, i32 %localC_567_read, i32 %localC_566_read, i32 %localC_565_read, i32 %localC_564_read, i32 %localC_563_read, i32 %localC_562_read, i32 %localC_561_read, i32 %localC_560_read, i32 %localC_559_read, i32 %localC_558_read, i32 %localC_557_read, i32 %localC_556_read, i32 %localC_555_read, i32 %localC_554_read, i32 %localC_553_read, i32 %localC_552_read, i32 %localC_551_read, i32 %localC_550_read, i32 %localC_549_read, i32 %localC_548_read, i32 %localC_547_read, i32 %localC_546_read, i32 %localC_545_read, i32 %localC_544_read, i5 %trunc_ln223" [mmult_accel.cpp:225]   --->   Operation 1098 'mux' 'tmp_13' <Predicate = (!icmp_ln219 & and_ln224)> <Delay = 0.78> <CoreInst = "Multiplexer">   --->   Core 76 'Multiplexer' <Latency = 0> <II = 1> <Delay = 0.78> <FuncUnit> <Opcode : 'mux'> <InPorts = 2> <OutPorts = 1>
ST_1 : Operation 1099 [1/1] (0.78ns)   --->   "%tmp_14 = mux i32 @_ssdm_op_Mux.ap_auto.32i32.i5, i32 %localC_543_read, i32 %localC_542_read, i32 %localC_541_read, i32 %localC_540_read, i32 %localC_539_read, i32 %localC_538_read, i32 %localC_537_read, i32 %localC_536_read, i32 %localC_535_read, i32 %localC_534_read, i32 %localC_533_read, i32 %localC_532_read, i32 %localC_531_read, i32 %localC_530_read, i32 %localC_529_read, i32 %localC_528_read, i32 %localC_527_read, i32 %localC_526_read, i32 %localC_525_read, i32 %localC_524_read, i32 %localC_523_read, i32 %localC_522_read, i32 %localC_521_read, i32 %localC_520_read, i32 %localC_519_read, i32 %localC_518_read, i32 %localC_517_read, i32 %localC_516_read, i32 %localC_515_read, i32 %localC_514_read, i32 %localC_513_read, i32 %localC_512_read, i5 %trunc_ln223" [mmult_accel.cpp:225]   --->   Operation 1099 'mux' 'tmp_14' <Predicate = (!icmp_ln219 & and_ln224)> <Delay = 0.78> <CoreInst = "Multiplexer">   --->   Core 76 'Multiplexer' <Latency = 0> <II = 1> <Delay = 0.78> <FuncUnit> <Opcode : 'mux'> <InPorts = 2> <OutPorts = 1>
ST_1 : Operation 1100 [1/1] (0.78ns)   --->   "%tmp_15 = mux i32 @_ssdm_op_Mux.ap_auto.32i32.i5, i32 %localC_511_read, i32 %localC_510_read, i32 %localC_509_read, i32 %localC_508_read, i32 %localC_507_read, i32 %localC_506_read, i32 %localC_505_read, i32 %localC_504_read, i32 %localC_503_read, i32 %localC_502_read, i32 %localC_501_read, i32 %localC_500_read, i32 %localC_499_read, i32 %localC_498_read, i32 %localC_497_read, i32 %localC_496_read, i32 %localC_495_read, i32 %localC_494_read, i32 %localC_493_read, i32 %localC_492_read, i32 %localC_491_read, i32 %localC_490_read, i32 %localC_489_read, i32 %localC_488_read, i32 %localC_487_read, i32 %localC_486_read, i32 %localC_485_read, i32 %localC_484_read, i32 %localC_483_read, i32 %localC_482_read, i32 %localC_481_read, i32 %localC_480_read, i5 %trunc_ln223" [mmult_accel.cpp:225]   --->   Operation 1100 'mux' 'tmp_15' <Predicate = (!icmp_ln219 & and_ln224)> <Delay = 0.78> <CoreInst = "Multiplexer">   --->   Core 76 'Multiplexer' <Latency = 0> <II = 1> <Delay = 0.78> <FuncUnit> <Opcode : 'mux'> <InPorts = 2> <OutPorts = 1>
ST_1 : Operation 1101 [1/1] (0.78ns)   --->   "%tmp_16 = mux i32 @_ssdm_op_Mux.ap_auto.32i32.i5, i32 %localC_479_read, i32 %localC_478_read, i32 %localC_477_read, i32 %localC_476_read, i32 %localC_475_read, i32 %localC_474_read, i32 %localC_473_read, i32 %localC_472_read, i32 %localC_471_read, i32 %localC_470_read, i32 %localC_469_read, i32 %localC_468_read, i32 %localC_467_read, i32 %localC_466_read, i32 %localC_465_read, i32 %localC_464_read, i32 %localC_463_read, i32 %localC_462_read, i32 %localC_461_read, i32 %localC_460_read, i32 %localC_459_read, i32 %localC_458_read, i32 %localC_457_read, i32 %localC_456_read, i32 %localC_455_read, i32 %localC_454_read, i32 %localC_453_read, i32 %localC_452_read, i32 %localC_451_read, i32 %localC_450_read, i32 %localC_449_read, i32 %localC_448_read, i5 %trunc_ln223" [mmult_accel.cpp:225]   --->   Operation 1101 'mux' 'tmp_16' <Predicate = (!icmp_ln219 & and_ln224)> <Delay = 0.78> <CoreInst = "Multiplexer">   --->   Core 76 'Multiplexer' <Latency = 0> <II = 1> <Delay = 0.78> <FuncUnit> <Opcode : 'mux'> <InPorts = 2> <OutPorts = 1>
ST_1 : Operation 1102 [1/1] (0.78ns)   --->   "%tmp_17 = mux i32 @_ssdm_op_Mux.ap_auto.32i32.i5, i32 %localC_447_read, i32 %localC_446_read, i32 %localC_445_read, i32 %localC_444_read, i32 %localC_443_read, i32 %localC_442_read, i32 %localC_441_read, i32 %localC_440_read, i32 %localC_439_read, i32 %localC_438_read, i32 %localC_437_read, i32 %localC_436_read, i32 %localC_435_read, i32 %localC_434_read, i32 %localC_433_read, i32 %localC_432_read, i32 %localC_431_read, i32 %localC_430_read, i32 %localC_429_read, i32 %localC_428_read, i32 %localC_427_read, i32 %localC_426_read, i32 %localC_425_read, i32 %localC_424_read, i32 %localC_423_read, i32 %localC_422_read, i32 %localC_421_read, i32 %localC_420_read, i32 %localC_419_read, i32 %localC_418_read, i32 %localC_417_read, i32 %localC_416_read, i5 %trunc_ln223" [mmult_accel.cpp:225]   --->   Operation 1102 'mux' 'tmp_17' <Predicate = (!icmp_ln219 & and_ln224)> <Delay = 0.78> <CoreInst = "Multiplexer">   --->   Core 76 'Multiplexer' <Latency = 0> <II = 1> <Delay = 0.78> <FuncUnit> <Opcode : 'mux'> <InPorts = 2> <OutPorts = 1>
ST_1 : Operation 1103 [1/1] (0.78ns)   --->   "%tmp_18 = mux i32 @_ssdm_op_Mux.ap_auto.32i32.i5, i32 %localC_415_read, i32 %localC_414_read, i32 %localC_413_read, i32 %localC_412_read, i32 %localC_411_read, i32 %localC_410_read, i32 %localC_409_read, i32 %localC_408_read, i32 %localC_407_read, i32 %localC_406_read, i32 %localC_405_read, i32 %localC_404_read, i32 %localC_403_read, i32 %localC_402_read, i32 %localC_401_read, i32 %localC_400_read, i32 %localC_399_read, i32 %localC_398_read, i32 %localC_397_read, i32 %localC_396_read, i32 %localC_395_read, i32 %localC_394_read, i32 %localC_393_read, i32 %localC_392_read, i32 %localC_391_read, i32 %localC_390_read, i32 %localC_389_read, i32 %localC_388_read, i32 %localC_387_read, i32 %localC_386_read, i32 %localC_385_read, i32 %localC_384_read, i5 %trunc_ln223" [mmult_accel.cpp:225]   --->   Operation 1103 'mux' 'tmp_18' <Predicate = (!icmp_ln219 & and_ln224)> <Delay = 0.78> <CoreInst = "Multiplexer">   --->   Core 76 'Multiplexer' <Latency = 0> <II = 1> <Delay = 0.78> <FuncUnit> <Opcode : 'mux'> <InPorts = 2> <OutPorts = 1>
ST_1 : Operation 1104 [1/1] (0.78ns)   --->   "%tmp_19 = mux i32 @_ssdm_op_Mux.ap_auto.32i32.i5, i32 %localC_383_read, i32 %localC_382_read, i32 %localC_381_read, i32 %localC_380_read, i32 %localC_379_read, i32 %localC_378_read, i32 %localC_377_read, i32 %localC_376_read, i32 %localC_375_read, i32 %localC_374_read, i32 %localC_373_read, i32 %localC_372_read, i32 %localC_371_read, i32 %localC_370_read, i32 %localC_369_read, i32 %localC_368_read, i32 %localC_367_read, i32 %localC_366_read, i32 %localC_365_read, i32 %localC_364_read, i32 %localC_363_read, i32 %localC_362_read, i32 %localC_361_read, i32 %localC_360_read, i32 %localC_359_read, i32 %localC_358_read, i32 %localC_357_read, i32 %localC_356_read, i32 %localC_355_read, i32 %localC_354_read, i32 %localC_353_read, i32 %localC_352_read, i5 %trunc_ln223" [mmult_accel.cpp:225]   --->   Operation 1104 'mux' 'tmp_19' <Predicate = (!icmp_ln219 & and_ln224)> <Delay = 0.78> <CoreInst = "Multiplexer">   --->   Core 76 'Multiplexer' <Latency = 0> <II = 1> <Delay = 0.78> <FuncUnit> <Opcode : 'mux'> <InPorts = 2> <OutPorts = 1>
ST_1 : Operation 1105 [1/1] (0.78ns)   --->   "%tmp_20 = mux i32 @_ssdm_op_Mux.ap_auto.32i32.i5, i32 %localC_351_read, i32 %localC_350_read, i32 %localC_349_read, i32 %localC_348_read, i32 %localC_347_read, i32 %localC_346_read, i32 %localC_345_read, i32 %localC_344_read, i32 %localC_343_read, i32 %localC_342_read, i32 %localC_341_read, i32 %localC_340_read, i32 %localC_339_read, i32 %localC_338_read, i32 %localC_337_read, i32 %localC_336_read, i32 %localC_335_read, i32 %localC_334_read, i32 %localC_333_read, i32 %localC_332_read, i32 %localC_331_read, i32 %localC_330_read, i32 %localC_329_read, i32 %localC_328_read, i32 %localC_327_read, i32 %localC_326_read, i32 %localC_325_read, i32 %localC_324_read, i32 %localC_323_read, i32 %localC_322_read, i32 %localC_321_read, i32 %localC_320_read, i5 %trunc_ln223" [mmult_accel.cpp:225]   --->   Operation 1105 'mux' 'tmp_20' <Predicate = (!icmp_ln219 & and_ln224)> <Delay = 0.78> <CoreInst = "Multiplexer">   --->   Core 76 'Multiplexer' <Latency = 0> <II = 1> <Delay = 0.78> <FuncUnit> <Opcode : 'mux'> <InPorts = 2> <OutPorts = 1>
ST_1 : Operation 1106 [1/1] (0.78ns)   --->   "%tmp_21 = mux i32 @_ssdm_op_Mux.ap_auto.32i32.i5, i32 %localC_319_read, i32 %localC_318_read, i32 %localC_317_read, i32 %localC_316_read, i32 %localC_315_read, i32 %localC_314_read, i32 %localC_313_read, i32 %localC_312_read, i32 %localC_311_read, i32 %localC_310_read, i32 %localC_309_read, i32 %localC_308_read, i32 %localC_307_read, i32 %localC_306_read, i32 %localC_305_read, i32 %localC_304_read, i32 %localC_303_read, i32 %localC_302_read, i32 %localC_301_read, i32 %localC_300_read, i32 %localC_299_read, i32 %localC_298_read, i32 %localC_297_read, i32 %localC_296_read, i32 %localC_295_read, i32 %localC_294_read, i32 %localC_293_read, i32 %localC_292_read, i32 %localC_291_read, i32 %localC_290_read, i32 %localC_289_read, i32 %localC_288_read, i5 %trunc_ln223" [mmult_accel.cpp:225]   --->   Operation 1106 'mux' 'tmp_21' <Predicate = (!icmp_ln219 & and_ln224)> <Delay = 0.78> <CoreInst = "Multiplexer">   --->   Core 76 'Multiplexer' <Latency = 0> <II = 1> <Delay = 0.78> <FuncUnit> <Opcode : 'mux'> <InPorts = 2> <OutPorts = 1>
ST_1 : Operation 1107 [1/1] (0.78ns)   --->   "%tmp_22 = mux i32 @_ssdm_op_Mux.ap_auto.32i32.i5, i32 %localC_287_read, i32 %localC_286_read, i32 %localC_285_read, i32 %localC_284_read, i32 %localC_283_read, i32 %localC_282_read, i32 %localC_281_read, i32 %localC_280_read, i32 %localC_279_read, i32 %localC_278_read, i32 %localC_277_read, i32 %localC_276_read, i32 %localC_275_read, i32 %localC_274_read, i32 %localC_273_read, i32 %localC_272_read, i32 %localC_271_read, i32 %localC_270_read, i32 %localC_269_read, i32 %localC_268_read, i32 %localC_267_read, i32 %localC_266_read, i32 %localC_265_read, i32 %localC_264_read, i32 %localC_263_read, i32 %localC_262_read, i32 %localC_261_read, i32 %localC_260_read, i32 %localC_259_read, i32 %localC_258_read, i32 %localC_257_read, i32 %localC_256_read, i5 %trunc_ln223" [mmult_accel.cpp:225]   --->   Operation 1107 'mux' 'tmp_22' <Predicate = (!icmp_ln219 & and_ln224)> <Delay = 0.78> <CoreInst = "Multiplexer">   --->   Core 76 'Multiplexer' <Latency = 0> <II = 1> <Delay = 0.78> <FuncUnit> <Opcode : 'mux'> <InPorts = 2> <OutPorts = 1>
ST_1 : Operation 1108 [1/1] (0.78ns)   --->   "%tmp_23 = mux i32 @_ssdm_op_Mux.ap_auto.32i32.i5, i32 %localC_255_read, i32 %localC_254_read, i32 %localC_253_read, i32 %localC_252_read, i32 %localC_251_read, i32 %localC_250_read, i32 %localC_249_read, i32 %localC_248_read, i32 %localC_247_read, i32 %localC_246_read, i32 %localC_245_read, i32 %localC_244_read, i32 %localC_243_read, i32 %localC_242_read, i32 %localC_241_read, i32 %localC_240_read, i32 %localC_239_read, i32 %localC_238_read, i32 %localC_237_read, i32 %localC_236_read, i32 %localC_235_read, i32 %localC_234_read, i32 %localC_233_read, i32 %localC_232_read, i32 %localC_231_read, i32 %localC_230_read, i32 %localC_229_read, i32 %localC_228_read, i32 %localC_227_read, i32 %localC_226_read, i32 %localC_225_read, i32 %localC_224_read, i5 %trunc_ln223" [mmult_accel.cpp:225]   --->   Operation 1108 'mux' 'tmp_23' <Predicate = (!icmp_ln219 & and_ln224)> <Delay = 0.78> <CoreInst = "Multiplexer">   --->   Core 76 'Multiplexer' <Latency = 0> <II = 1> <Delay = 0.78> <FuncUnit> <Opcode : 'mux'> <InPorts = 2> <OutPorts = 1>
ST_1 : Operation 1109 [1/1] (0.78ns)   --->   "%tmp_24 = mux i32 @_ssdm_op_Mux.ap_auto.32i32.i5, i32 %localC_223_read, i32 %localC_222_read, i32 %localC_221_read, i32 %localC_220_read, i32 %localC_219_read, i32 %localC_218_read, i32 %localC_217_read, i32 %localC_216_read, i32 %localC_215_read, i32 %localC_214_read, i32 %localC_213_read, i32 %localC_212_read, i32 %localC_211_read, i32 %localC_210_read, i32 %localC_209_read, i32 %localC_208_read, i32 %localC_207_read, i32 %localC_206_read, i32 %localC_205_read, i32 %localC_204_read, i32 %localC_203_read, i32 %localC_202_read, i32 %localC_201_read, i32 %localC_200_read, i32 %localC_199_read, i32 %localC_198_read, i32 %localC_197_read, i32 %localC_196_read, i32 %localC_195_read, i32 %localC_194_read, i32 %localC_193_read, i32 %localC_192_read, i5 %trunc_ln223" [mmult_accel.cpp:225]   --->   Operation 1109 'mux' 'tmp_24' <Predicate = (!icmp_ln219 & and_ln224)> <Delay = 0.78> <CoreInst = "Multiplexer">   --->   Core 76 'Multiplexer' <Latency = 0> <II = 1> <Delay = 0.78> <FuncUnit> <Opcode : 'mux'> <InPorts = 2> <OutPorts = 1>
ST_1 : Operation 1110 [1/1] (0.78ns)   --->   "%tmp_25 = mux i32 @_ssdm_op_Mux.ap_auto.32i32.i5, i32 %localC_191_read, i32 %localC_190_read, i32 %localC_189_read, i32 %localC_188_read, i32 %localC_187_read, i32 %localC_186_read, i32 %localC_185_read, i32 %localC_184_read, i32 %localC_183_read, i32 %localC_182_read, i32 %localC_181_read, i32 %localC_180_read, i32 %localC_179_read, i32 %localC_178_read, i32 %localC_177_read, i32 %localC_176_read, i32 %localC_175_read, i32 %localC_174_read, i32 %localC_173_read, i32 %localC_172_read, i32 %localC_171_read, i32 %localC_170_read, i32 %localC_169_read, i32 %localC_168_read, i32 %localC_167_read, i32 %localC_166_read, i32 %localC_165_read, i32 %localC_164_read, i32 %localC_163_read, i32 %localC_162_read, i32 %localC_161_read, i32 %localC_160_read, i5 %trunc_ln223" [mmult_accel.cpp:225]   --->   Operation 1110 'mux' 'tmp_25' <Predicate = (!icmp_ln219 & and_ln224)> <Delay = 0.78> <CoreInst = "Multiplexer">   --->   Core 76 'Multiplexer' <Latency = 0> <II = 1> <Delay = 0.78> <FuncUnit> <Opcode : 'mux'> <InPorts = 2> <OutPorts = 1>
ST_1 : Operation 1111 [1/1] (0.78ns)   --->   "%tmp_26 = mux i32 @_ssdm_op_Mux.ap_auto.32i32.i5, i32 %localC_159_read, i32 %localC_158_read, i32 %localC_157_read, i32 %localC_156_read, i32 %localC_155_read, i32 %localC_154_read, i32 %localC_153_read, i32 %localC_152_read, i32 %localC_151_read, i32 %localC_150_read, i32 %localC_149_read, i32 %localC_148_read, i32 %localC_147_read, i32 %localC_146_read, i32 %localC_145_read, i32 %localC_144_read, i32 %localC_143_read, i32 %localC_142_read, i32 %localC_141_read, i32 %localC_140_read, i32 %localC_139_read, i32 %localC_138_read, i32 %localC_137_read, i32 %localC_136_read, i32 %localC_135_read, i32 %localC_134_read, i32 %localC_133_read, i32 %localC_132_read, i32 %localC_131_read, i32 %localC_130_read, i32 %localC_129_read, i32 %localC_128_read, i5 %trunc_ln223" [mmult_accel.cpp:225]   --->   Operation 1111 'mux' 'tmp_26' <Predicate = (!icmp_ln219 & and_ln224)> <Delay = 0.78> <CoreInst = "Multiplexer">   --->   Core 76 'Multiplexer' <Latency = 0> <II = 1> <Delay = 0.78> <FuncUnit> <Opcode : 'mux'> <InPorts = 2> <OutPorts = 1>
ST_1 : Operation 1112 [1/1] (0.78ns)   --->   "%tmp_27 = mux i32 @_ssdm_op_Mux.ap_auto.32i32.i5, i32 %localC_127_read, i32 %localC_126_read, i32 %localC_125_read, i32 %localC_124_read, i32 %localC_123_read, i32 %localC_122_read, i32 %localC_121_read, i32 %localC_120_read, i32 %localC_119_read, i32 %localC_118_read, i32 %localC_117_read, i32 %localC_116_read, i32 %localC_115_read, i32 %localC_114_read, i32 %localC_113_read, i32 %localC_112_read, i32 %localC_111_read, i32 %localC_110_read, i32 %localC_109_read, i32 %localC_108_read, i32 %localC_107_read, i32 %localC_106_read, i32 %localC_105_read, i32 %localC_104_read, i32 %localC_103_read, i32 %localC_102_read, i32 %localC_101_read, i32 %localC_100_read, i32 %localC_99_read, i32 %localC_98_read, i32 %localC_97_read, i32 %localC_96_read, i5 %trunc_ln223" [mmult_accel.cpp:225]   --->   Operation 1112 'mux' 'tmp_27' <Predicate = (!icmp_ln219 & and_ln224)> <Delay = 0.78> <CoreInst = "Multiplexer">   --->   Core 76 'Multiplexer' <Latency = 0> <II = 1> <Delay = 0.78> <FuncUnit> <Opcode : 'mux'> <InPorts = 2> <OutPorts = 1>
ST_1 : Operation 1113 [1/1] (0.78ns)   --->   "%tmp_28 = mux i32 @_ssdm_op_Mux.ap_auto.32i32.i5, i32 %localC_95_read, i32 %localC_94_read, i32 %localC_93_read, i32 %localC_92_read, i32 %localC_91_read, i32 %localC_90_read, i32 %localC_89_read, i32 %localC_88_read, i32 %localC_87_read, i32 %localC_86_read, i32 %localC_85_read, i32 %localC_84_read, i32 %localC_83_read, i32 %localC_82_read, i32 %localC_81_read, i32 %localC_80_read, i32 %localC_79_read, i32 %localC_78_read, i32 %localC_77_read, i32 %localC_76_read, i32 %localC_75_read, i32 %localC_74_read, i32 %localC_73_read, i32 %localC_72_read, i32 %localC_71_read, i32 %localC_70_read, i32 %localC_69_read, i32 %localC_68_read, i32 %localC_67_read, i32 %localC_66_read, i32 %localC_65_read, i32 %localC_64_read, i5 %trunc_ln223" [mmult_accel.cpp:225]   --->   Operation 1113 'mux' 'tmp_28' <Predicate = (!icmp_ln219 & and_ln224)> <Delay = 0.78> <CoreInst = "Multiplexer">   --->   Core 76 'Multiplexer' <Latency = 0> <II = 1> <Delay = 0.78> <FuncUnit> <Opcode : 'mux'> <InPorts = 2> <OutPorts = 1>
ST_1 : Operation 1114 [1/1] (0.78ns)   --->   "%tmp_29 = mux i32 @_ssdm_op_Mux.ap_auto.32i32.i5, i32 %localC_63_read, i32 %localC_62_read, i32 %localC_61_read, i32 %localC_60_read, i32 %localC_59_read, i32 %localC_58_read, i32 %localC_57_read, i32 %localC_56_read, i32 %localC_55_read, i32 %localC_54_read, i32 %localC_53_read, i32 %localC_52_read, i32 %localC_51_read, i32 %localC_50_read, i32 %localC_49_read, i32 %localC_48_read, i32 %localC_47_read, i32 %localC_46_read, i32 %localC_45_read, i32 %localC_44_read, i32 %localC_43_read, i32 %localC_42_read, i32 %localC_41_read, i32 %localC_40_read, i32 %localC_39_read, i32 %localC_38_read, i32 %localC_37_read, i32 %localC_36_read, i32 %localC_35_read, i32 %localC_34_read, i32 %localC_33_read, i32 %localC_32_read, i5 %trunc_ln223" [mmult_accel.cpp:225]   --->   Operation 1114 'mux' 'tmp_29' <Predicate = (!icmp_ln219 & and_ln224)> <Delay = 0.78> <CoreInst = "Multiplexer">   --->   Core 76 'Multiplexer' <Latency = 0> <II = 1> <Delay = 0.78> <FuncUnit> <Opcode : 'mux'> <InPorts = 2> <OutPorts = 1>
ST_1 : Operation 1115 [1/1] (0.78ns)   --->   "%tmp_30 = mux i32 @_ssdm_op_Mux.ap_auto.32i32.i5, i32 %localC_31_read, i32 %localC_30_read, i32 %localC_29_read, i32 %localC_28_read, i32 %localC_27_read, i32 %localC_26_read, i32 %localC_25_read, i32 %localC_24_read, i32 %localC_23_read, i32 %localC_22_read, i32 %localC_21_read, i32 %localC_20_read, i32 %localC_19_read, i32 %localC_18_read, i32 %localC_17_read, i32 %localC_16_read, i32 %localC_15_read, i32 %localC_14_read, i32 %localC_13_read, i32 %localC_12_read, i32 %localC_11_read, i32 %localC_10_read, i32 %localC_9_read, i32 %localC_8_read, i32 %localC_7_read, i32 %localC_6_read, i32 %localC_5_read, i32 %localC_4_read, i32 %localC_3_read, i32 %localC_2_read, i32 %localC_1_read, i32 %localC_read, i5 %trunc_ln223" [mmult_accel.cpp:225]   --->   Operation 1115 'mux' 'tmp_30' <Predicate = (!icmp_ln219 & and_ln224)> <Delay = 0.78> <CoreInst = "Multiplexer">   --->   Core 76 'Multiplexer' <Latency = 0> <II = 1> <Delay = 0.78> <FuncUnit> <Opcode : 'mux'> <InPorts = 2> <OutPorts = 1>
ST_1 : Operation 1116 [1/1] (0.78ns)   --->   "%tmp_31 = mux i32 @_ssdm_op_Mux.ap_auto.32i32.i5, i32 %tmp, i32 %tmp_1, i32 %tmp_2, i32 %tmp_3, i32 %tmp_4, i32 %tmp_5, i32 %tmp_6, i32 %tmp_7, i32 %tmp_8, i32 %tmp_9, i32 %tmp_s, i32 %tmp_10, i32 %tmp_11, i32 %tmp_12, i32 %tmp_13, i32 %tmp_14, i32 %tmp_15, i32 %tmp_16, i32 %tmp_17, i32 %tmp_18, i32 %tmp_19, i32 %tmp_20, i32 %tmp_21, i32 %tmp_22, i32 %tmp_23, i32 %tmp_24, i32 %tmp_25, i32 %tmp_26, i32 %tmp_27, i32 %tmp_28, i32 %tmp_29, i32 %tmp_30, i5 %trunc_ln219" [mmult_accel.cpp:225]   --->   Operation 1116 'mux' 'tmp_31' <Predicate = (!icmp_ln219 & and_ln224)> <Delay = 0.78> <CoreInst = "Multiplexer">   --->   Core 76 'Multiplexer' <Latency = 0> <II = 1> <Delay = 0.78> <FuncUnit> <Opcode : 'mux'> <InPorts = 2> <OutPorts = 1>
ST_1 : Operation 1117 [1/1] (0.78ns)   --->   "%add_ln220 = add i6 %select_ln219, i6 1" [mmult_accel.cpp:220]   --->   Operation 1117 'add' 'add_ln220' <Predicate = (!icmp_ln219)> <Delay = 0.78> <CoreInst = "Adder">   --->   Core 1 'Adder' <Latency = 0> <II = 1> <Delay = 0.78> <FuncUnit> <Opcode : 'add' 'sub'> <InPorts = 2> <OutPorts = 1>
ST_1 : Operation 1118 [1/1] (0.42ns)   --->   "%store_ln220 = store i11 %add_ln219_4, i11 %indvar_flatten53" [mmult_accel.cpp:220]   --->   Operation 1118 'store' 'store_ln220' <Predicate = (!icmp_ln219)> <Delay = 0.42>
ST_1 : Operation 1119 [1/1] (0.42ns)   --->   "%store_ln220 = store i6 %select_ln219_2, i6 %ii" [mmult_accel.cpp:220]   --->   Operation 1119 'store' 'store_ln220' <Predicate = (!icmp_ln219)> <Delay = 0.42>
ST_1 : Operation 1120 [1/1] (0.42ns)   --->   "%store_ln220 = store i6 %add_ln220, i6 %jj" [mmult_accel.cpp:220]   --->   Operation 1120 'store' 'store_ln220' <Predicate = (!icmp_ln219)> <Delay = 0.42>
ST_1 : Operation 1121 [1/1] (0.00ns)   --->   "%br_ln220 = br void %for.body193" [mmult_accel.cpp:220]   --->   Operation 1121 'br' 'br_ln220' <Predicate = (!icmp_ln219)> <Delay = 0.00>

State 2 <SV = 1> <Delay = 2.98>
ST_2 : Operation 1122 [1/1] (0.00ns)   --->   "%specloopname_ln0 = specloopname void @_ssdm_op_SpecLoopName, void @writeC_VITIS_LOOP_220_8_str"   --->   Operation 1122 'specloopname' 'specloopname_ln0' <Predicate = true> <Delay = 0.00>
ST_2 : Operation 1123 [1/1] (0.00ns)   --->   "%empty_33 = speclooptripcount i32 @_ssdm_op_SpecLoopTripCount, i64 1024, i64 1024, i64 1024"   --->   Operation 1123 'speclooptripcount' 'empty_33' <Predicate = true> <Delay = 0.00>
ST_2 : Operation 1124 [1/1] (0.00ns) (grouped into TernaryAdder)   --->   "%add_ln219_2 = add i62 %mul_ln219, i62 %trunc_ln_read" [mmult_accel.cpp:219]   --->   Operation 1124 'add' 'add_ln219_2' <Predicate = true> <Delay = 0.00> <CoreInst = "TAddSub">   --->   Core 10 'TAddSub' <Latency = 0> <II = 1> <Delay = 0.40> <IPBlock> <Opcode : 'add' 'sub'> <InPorts = 3> <OutPorts = 1> <Sync> <CReg>
ST_2 : Operation 1125 [1/1] (0.81ns) (root node of TernaryAdder)   --->   "%add_ln219_3 = add i62 %trunc_ln2_read, i62 %add_ln219_2" [mmult_accel.cpp:219]   --->   Operation 1125 'add' 'add_ln219_3' <Predicate = true> <Delay = 0.81> <CoreInst = "TAddSub">   --->   Core 10 'TAddSub' <Latency = 0> <II = 1> <Delay = 0.40> <IPBlock> <Opcode : 'add' 'sub'> <InPorts = 3> <OutPorts = 1> <Sync> <CReg>
ST_2 : Operation 1126 [1/1] (0.00ns)   --->   "%specpipeline_ln221 = specpipeline void @_ssdm_op_SpecPipeline, i32 1, i32 0, i32 0, i32 0, void @empty_17" [mmult_accel.cpp:221]   --->   Operation 1126 'specpipeline' 'specpipeline_ln221' <Predicate = true> <Delay = 0.00>
ST_2 : Operation 1127 [1/1] (0.00ns)   --->   "%specloopname_ln220 = specloopname void @_ssdm_op_SpecLoopName, void @empty_12" [mmult_accel.cpp:220]   --->   Operation 1127 'specloopname' 'specloopname_ln220' <Predicate = true> <Delay = 0.00>
ST_2 : Operation 1128 [1/1] (0.00ns)   --->   "%zext_ln223 = zext i5 %trunc_ln223" [mmult_accel.cpp:223]   --->   Operation 1128 'zext' 'zext_ln223' <Predicate = true> <Delay = 0.00>
ST_2 : Operation 1129 [1/1] (1.08ns)   --->   "%add_ln225 = add i62 %add_ln219_3, i62 %zext_ln223" [mmult_accel.cpp:225]   --->   Operation 1129 'add' 'add_ln225' <Predicate = (and_ln224)> <Delay = 1.08> <CoreInst = "Adder">   --->   Core 1 'Adder' <Latency = 0> <II = 1> <Delay = 1.08> <FuncUnit> <Opcode : 'add' 'sub'> <InPorts = 2> <OutPorts = 1>
ST_2 : Operation 1130 [1/1] (0.00ns)   --->   "%shl_ln = bitconcatenate i64 @_ssdm_op_BitConcatenate.i64.i62.i2, i62 %add_ln225, i2 0" [mmult_accel.cpp:225]   --->   Operation 1130 'bitconcatenate' 'shl_ln' <Predicate = (and_ln224)> <Delay = 0.00>
ST_2 : Operation 1131 [1/1] (1.08ns)   --->   "%add_ln225_1 = add i64 %shl_ln, i64 %C_read" [mmult_accel.cpp:225]   --->   Operation 1131 'add' 'add_ln225_1' <Predicate = (and_ln224)> <Delay = 1.08> <CoreInst = "Adder">   --->   Core 1 'Adder' <Latency = 0> <II = 1> <Delay = 1.08> <FuncUnit> <Opcode : 'add' 'sub'> <InPorts = 2> <OutPorts = 1>
ST_2 : Operation 1132 [1/1] (0.00ns)   --->   "%trunc_ln225_1 = partselect i62 @_ssdm_op_PartSelect.i62.i64.i32.i32, i64 %add_ln225_1, i32 2, i32 63" [mmult_accel.cpp:225]   --->   Operation 1132 'partselect' 'trunc_ln225_1' <Predicate = (and_ln224)> <Delay = 0.00>
ST_2 : Operation 1133 [1/1] (0.00ns)   --->   "%sext_ln225 = sext i62 %trunc_ln225_1" [mmult_accel.cpp:225]   --->   Operation 1133 'sext' 'sext_ln225' <Predicate = (and_ln224)> <Delay = 0.00>
ST_2 : Operation 1134 [1/1] (0.00ns)   --->   "%gmemC_addr = getelementptr i32 %gmemC, i64 %sext_ln225" [mmult_accel.cpp:225]   --->   Operation 1134 'getelementptr' 'gmemC_addr' <Predicate = (and_ln224)> <Delay = 0.00>

State 3 <SV = 2> <Delay = 7.30>
ST_3 : Operation 1135 [1/1] (7.30ns)   --->   "%gmemC_addr_req = writereq i1 @_ssdm_op_WriteReq.m_axi.i32P1A, i32 %gmemC_addr, i32 1" [mmult_accel.cpp:225]   --->   Operation 1135 'writereq' 'gmemC_addr_req' <Predicate = (and_ln224)> <Delay = 7.30> <CoreInst = "m_axi">   --->   Core 121 'm_axi' <Latency = 0> <II = 1> <Delay = 1.00> <Adapter> <Opcode : 'read' 'write' 'readreq' 'writereq' 'writeresp'>

State 4 <SV = 3> <Delay = 7.30>
ST_4 : Operation 1136 [1/1] (7.30ns)   --->   "%write_ln225 = write void @_ssdm_op_Write.m_axi.i32P1A, i32 %gmemC_addr, i32 %tmp_31, i4 15" [mmult_accel.cpp:225]   --->   Operation 1136 'write' 'write_ln225' <Predicate = (and_ln224)> <Delay = 7.30> <CoreInst = "m_axi">   --->   Core 121 'm_axi' <Latency = 0> <II = 1> <Delay = 1.00> <Adapter> <Opcode : 'read' 'write' 'readreq' 'writereq' 'writeresp'>

State 5 <SV = 4> <Delay = 7.30>
ST_5 : Operation 1137 [5/5] (7.30ns)   --->   "%gmemC_addr_resp = writeresp i1 @_ssdm_op_WriteResp.m_axi.i32P1A, i32 %gmemC_addr" [mmult_accel.cpp:225]   --->   Operation 1137 'writeresp' 'gmemC_addr_resp' <Predicate = (and_ln224)> <Delay = 7.30> <CoreInst = "m_axi">   --->   Core 121 'm_axi' <Latency = 0> <II = 1> <Delay = 1.00> <Adapter> <Opcode : 'read' 'write' 'readreq' 'writereq' 'writeresp'>

State 6 <SV = 5> <Delay = 7.30>
ST_6 : Operation 1138 [4/5] (7.30ns)   --->   "%gmemC_addr_resp = writeresp i1 @_ssdm_op_WriteResp.m_axi.i32P1A, i32 %gmemC_addr" [mmult_accel.cpp:225]   --->   Operation 1138 'writeresp' 'gmemC_addr_resp' <Predicate = (and_ln224)> <Delay = 7.30> <CoreInst = "m_axi">   --->   Core 121 'm_axi' <Latency = 0> <II = 1> <Delay = 1.00> <Adapter> <Opcode : 'read' 'write' 'readreq' 'writereq' 'writeresp'>

State 7 <SV = 6> <Delay = 7.30>
ST_7 : Operation 1139 [3/5] (7.30ns)   --->   "%gmemC_addr_resp = writeresp i1 @_ssdm_op_WriteResp.m_axi.i32P1A, i32 %gmemC_addr" [mmult_accel.cpp:225]   --->   Operation 1139 'writeresp' 'gmemC_addr_resp' <Predicate = (and_ln224)> <Delay = 7.30> <CoreInst = "m_axi">   --->   Core 121 'm_axi' <Latency = 0> <II = 1> <Delay = 1.00> <Adapter> <Opcode : 'read' 'write' 'readreq' 'writereq' 'writeresp'>

State 8 <SV = 7> <Delay = 7.30>
ST_8 : Operation 1140 [2/5] (7.30ns)   --->   "%gmemC_addr_resp = writeresp i1 @_ssdm_op_WriteResp.m_axi.i32P1A, i32 %gmemC_addr" [mmult_accel.cpp:225]   --->   Operation 1140 'writeresp' 'gmemC_addr_resp' <Predicate = (and_ln224)> <Delay = 7.30> <CoreInst = "m_axi">   --->   Core 121 'm_axi' <Latency = 0> <II = 1> <Delay = 1.00> <Adapter> <Opcode : 'read' 'write' 'readreq' 'writereq' 'writeresp'>
ST_8 : Operation 1143 [1/1] (0.00ns)   --->   "%ret_ln0 = ret"   --->   Operation 1143 'ret' 'ret_ln0' <Predicate = (icmp_ln219)> <Delay = 0.00>

State 9 <SV = 8> <Delay = 7.30>
ST_9 : Operation 1141 [1/5] (7.30ns)   --->   "%gmemC_addr_resp = writeresp i1 @_ssdm_op_WriteResp.m_axi.i32P1A, i32 %gmemC_addr" [mmult_accel.cpp:225]   --->   Operation 1141 'writeresp' 'gmemC_addr_resp' <Predicate = (and_ln224)> <Delay = 7.30> <CoreInst = "m_axi">   --->   Core 121 'm_axi' <Latency = 0> <II = 1> <Delay = 1.00> <Adapter> <Opcode : 'read' 'write' 'readreq' 'writereq' 'writeresp'>
ST_9 : Operation 1142 [1/1] (0.00ns)   --->   "%br_ln225 = br void %for.inc212" [mmult_accel.cpp:225]   --->   Operation 1142 'br' 'br_ln225' <Predicate = (and_ln224)> <Delay = 0.00>


============================================================
+ Verbose Summary: Timing violations
============================================================
Target clock period: 10ns, clock uncertainty: 2.7ns.

 <State 1>: 6.52ns
The critical path consists of the following:
	'alloca' operation ('jj') [1035]  (0 ns)
	'load' operation ('jj_load', mmult_accel.cpp:220) on local variable 'jj' [2090]  (0 ns)
	'icmp' operation ('icmp_ln220', mmult_accel.cpp:220) [2094]  (0.785 ns)
	'select' operation ('select_ln219_2', mmult_accel.cpp:219) [2100]  (0.384 ns)
	'add' operation ('add_ln219_1', mmult_accel.cpp:219) [2103]  (1.09 ns)
	'mul' operation ('mul_ln219', mmult_accel.cpp:219) [2104]  (4.26 ns)

 <State 2>: 2.99ns
The critical path consists of the following:
	'add' operation ('add_ln219_2', mmult_accel.cpp:219) [2105]  (0 ns)
	'add' operation ('add_ln219_3', mmult_accel.cpp:219) [2106]  (0.813 ns)
	'add' operation ('add_ln225', mmult_accel.cpp:225) [2150]  (1.09 ns)
	'add' operation ('add_ln225_1', mmult_accel.cpp:225) [2152]  (1.08 ns)

 <State 3>: 7.3ns
The critical path consists of the following:
	bus request operation ('gmemC_addr_req', mmult_accel.cpp:225) on port 'gmemC' (mmult_accel.cpp:225) [2156]  (7.3 ns)

 <State 4>: 7.3ns
The critical path consists of the following:
	bus write operation ('write_ln225', mmult_accel.cpp:225) on port 'gmemC' (mmult_accel.cpp:225) [2157]  (7.3 ns)

 <State 5>: 7.3ns
The critical path consists of the following:
	bus response operation ('gmemC_addr_resp', mmult_accel.cpp:225) on port 'gmemC' (mmult_accel.cpp:225) [2158]  (7.3 ns)

 <State 6>: 7.3ns
The critical path consists of the following:
	bus response operation ('gmemC_addr_resp', mmult_accel.cpp:225) on port 'gmemC' (mmult_accel.cpp:225) [2158]  (7.3 ns)

 <State 7>: 7.3ns
The critical path consists of the following:
	bus response operation ('gmemC_addr_resp', mmult_accel.cpp:225) on port 'gmemC' (mmult_accel.cpp:225) [2158]  (7.3 ns)

 <State 8>: 7.3ns
The critical path consists of the following:
	bus response operation ('gmemC_addr_resp', mmult_accel.cpp:225) on port 'gmemC' (mmult_accel.cpp:225) [2158]  (7.3 ns)

 <State 9>: 7.3ns
The critical path consists of the following:
	bus response operation ('gmemC_addr_resp', mmult_accel.cpp:225) on port 'gmemC' (mmult_accel.cpp:225) [2158]  (7.3 ns)


============================================================
+ Verbose Summary: Binding
============================================================
N/A
* FSMD analyzer results:
  - Output states:
 - Input state : 
  - Chain level:
	State 1
	State 2
	State 3
	State 4
	State 5
	State 6
	State 7
	State 8
	State 9


============================================================
+ Verbose Summary: Datapath Resource usage 
============================================================
N/A
